iso_0,iso_1,iso_2,iso_3,iso_4,iso_5,iso_6,iso_7,iso_8,iso_9,iso_10,iso_11,iso_12,iso_13,iso_14,iso_15,iso_16,iso_17,iso_18,iso_19,iso_20,iso_21,iso_22,iso_23,iso_24,iso_25,iso_26,iso_27,iso_28,iso_29,iso_30,iso_31,iso_32,iso_33,iso_34,iso_35,iso_36,iso_37,iso_38,iso_39,iso_40,iso_41,iso_42,iso_43,iso_44,iso_45,iso_46,iso_47,iso_48,iso_49,iso_50,iso_51,iso_52,iso_53,iso_54,iso_55,iso_56,iso_57,iso_58,iso_59,iso_60,iso_61,iso_62,iso_63
-53.671695595577695,31.974529700259424,-24.269206630543994,19.209847423145508,14.13624531060667,1.0071756701287047,-7.544980531764794,6.892983523864832,24.187482285777055,-19.671825840558373,-51.30612838738128,-37.3772938150379,-12.704771299804776,3.1791606633329503,-21.456370240028225,10.898973893310329,4.914937484229852,-13.043013383036064,-19.82856689166397,-23.539608143042717,3.552857597908832,9.630718131826665,-9.273606964202303,-2.1243981161208825,1.6597181500418412,19.05312302952211,-11.620241724210269,-4.864082980683866,-34.30393820120119,-12.233521863748782,41.2785917846194,16.903639651788676,20.376447444297973,-18.56304576910813,3.7400269958970678,-20.801207490984556,7.084784517131387,30.17835764045509,37.54098803863829,14.601977843800551,35.110953607499845,-14.009265583175734,13.527331655916667,7.269726323214965,6.451302422271649,-7.093555255323689,-5.250663997797106,-20.82690571756711,-30.910547728443895,-8.697423206112868,2.685511173247739,0.07266555321954336,16.74621248261441,-15.449748429019296,17.529770472728064,-0.48886124730697883,6.515017094797075,-10.71121689013974,1.1074189021985916,-9.427081045977866,5.073199351843787,-7.7318908432365365,-26.74210496060156,0.39237152655774465
155.37602379704623,-154.43626227330506,209.2305391924946,-128.86614551158135,79.64321045319441,-100.94008997685539,-43.29386655357366,126.22968468134991,-23.77366699556462,38.72691774425257,-114.0035317373472,26.185146295875338,-49.628290562076835,-10.338212642191856,65.88513148577823,27.314774435851486,-11.843921644464821,-16.84821113441312,33.815947790415855,50.47847698747864,-17.862064955616948,25.9386243867782,26.619786059963026,1.9791091008270683,15.770018224732352,28.001310983418357,14.705792099338401,-47.61912748849269,-29.98236025846057,18.768655017023097,-28.1953792877543,-21.33641426904316,14.30387407783765,-1.2308177637484035,-2.0501615572215734,-42.08089216110291,23.62863038664825,-0.44385232118365503,-19.883130703666186,28.946385346499596,-7.557500876705928,-16.681114681381565,-9.345140142342856,-8.363651855741029,43.58517142744865,-4.464398185395703,3.143888303408294,-4.970487367314569,-18.121417365933276,8.40181732596281,-2.599739072001629,-6.281495088790396,-0.4068134274778867,-10.323436165190056,22.316247065220107,-2.8857827336598674,2.7724881396285794,-18.48925114168432,26.095577213532074,-12.193787228067423,-31.733542155439437,42.55963675773448,-9.4962465287508,-21.52533661084656
-59.51566190511071,-18.81725237167495,-19.873934723553223,-1.1574708812746184,-19.438160220929745,-21.022315270782144,-8.600299822682643,11.717635957862315,-1.6178167148895914,2.7512298857188964,-0.756644780182254,3.065591326745422,-0.9234944125226041,-11.970693027882836,5.280390799215361,-3.69482753836791,-3.270449703394545,13.924966393936582,2.5041637662369483,-11.941956204888156,13.335127306618839,-0.3617739017460924,1.5032546157924447,2.8319824758334526,15.163393848825853,-5.4772646286904605,5.637725991263774,-8.016173123428405,-4.820172616468016,-8.738919014202512,-17.874718812220348,6.370206042802004,-17.904472628425157,-13.198905908426726,-5.144627517015364,7.971201310164186,-1.0577486381590848,14.225068892023895,-14.19428607134708,4.072550029673429,-9.433922176783181,-17.344919880172544,19.368442535052182,-4.956941805041884,-12.737011206934227,-1.9866610205664088,4.736947356801814,-8.806958234527892,9.816451996798323,-20.42012996500273,32.00361890556225,-2.085660724131429,5.7880859785190975,-9.28899667754816,0.722158060175952,3.8132035558738986,-2.862422203526314,3.731664514883393,-11.728245251348206,-18.2386998127811,2.7361925237840623,16.122945716084075,4.476443584025255,19.42115277510816
-64.29412365443609,-13.180573558653485,-22.01508128223597,9.014396873110314,-7.363875814251899,-12.05644973100003,3.932676147259767,13.974476567110544,15.21298152259716,-6.355807727294507,-17.170003704955654,-8.49439092439456,5.828004107864901,16.745110069344626,-20.550952393347742,54.362413553672496,18.547587960275585,16.57657101793142,12.820983535961739,-7.0500186930607,-5.210667277921681,0.19959871367174284,27.79601374516197,20.823044095881357,3.525348890214916,-12.410724462054171,-10.885955821745693,10.664176490386696,-13.684872184393775,-7.983357619058456,26.73976673229666,9.185558389173456,-4.678313176788157,-30.27101543135476,14.780810129649794,-0.0951543839103311,11.376866169871144,22.302818173767466,17.810224925828614,19.47336257777853,-2.522764535810898,-14.684001837095641,11.201804459226683,-10.62617719507849,-9.47842738731266,4.275229586827904,-25.104688409298447,-19.02537026879596,4.035404464323183,-18.427901186390155,9.38331549058351,12.322013147254195,-1.1746374504770967,-9.09959436433492,-2.2205240871414413,-3.0171165693240427,-3.630959011382264,-7.079158144890625,9.429807310504136,6.15156517221758,15.753597391554607,1.7698524809427687,-4.660338467015272,-24.71403757724323
-67.77628722740721,3.5921685765099007,19.605789711845265,-17.13142801830301,-3.879462990782548,-15.73409634844012,-20.958251291951125,-42.933639507413766,3.3925840961064218,-56.604511488124125,32.05474583065958,28.230778258302173,-17.004796713474175,-6.012816277082315,24.89597697728061,10.782385796970418,-0.7318983775437331,-11.41376444797334,11.686420219968957,19.870923296147172,-5.062301488802424,-15.929315023128703,7.786947796612704,9.774440568022355,-19.754454293318794,6.038043899881315,12.954101451236665,-3.5797943124436453,-2.473546220781856,-14.265237698461474,-9.094017606429102,8.44149160991616,8.494042233759075,14.453707354813542,10.57532187810118,-17.481202507048106,-7.1626004713615465,-11.812908214581324,2.003977457314971,5.812986980674805,-5.098501611664093,37.817576627592445,-11.088134475660729,1.8835173194872188,-3.374418428194186,20.402767875759242,-6.442106958579287,-17.6544531540325,-12.532068196955576,4.196471785032808,-13.699983424660884,-4.368265397491164,-13.871708438782163,-10.377224868779896,21.853848614231023,-17.96791985774955,4.9634046097152975,9.698106970138296,-22.023397309083727,-21.083510204904588,9.9657701060001,-11.4962005736996,6.9738162636005185,24.165410886345004
-52.99392784269374,-12.588651215234112,-30.4887397687309,20.87156152986174,-11.501696705320185,-38.24643836755045,-20.299660328976522,2.072668306791431,13.113122371640133,-3.3167907388082396,19.826405577841292,-3.1214702415957434,-32.90742559058156,29.24162429961482,-16.76010440879425,-41.07661454128618,-33.81372342276669,10.63053842037822,-9.135871172085892,17.446139690296175,-16.82895299732667,-1.8611351537128857,-0.9844206944640104,74.22044937268272,5.102490865885422,9.821337670847168,2.3898355078930176,3.393785324587707,-10.021040843743961,15.323190173411271,-23.83121326870692,13.387455802972886,-14.089540586402244,-6.825731090976392,-15.306252635122673,2.4402949898054658,38.98841536888775,-29.14048868948448,-9.221545966428554,46.68966147631431,-2.4224967633627092,-5.489990486496716,-19.04130691572421,-13.26817030264928,14.93876405849449,11.937251964662552,4.659164811514602,12.048500948014052,4.46887827481405,-0.9377765571401546,-10.785691564529017,-3.3816623771379968,3.2253047164005455,3.1423740085213736,12.213039822599102,14.266064699726739,-31.643400379243822,8.666994064231798,4.482485888004905,12.969997075827168,-5.580568736665504,-17.696965881329938,-43.20811222823408,-9.817572029939901
-30.162008926970344,6.303352855936959,-33.74409364067636,17.102868371344265,-5.9227362056685084,-28.413692198399133,22.25056913668482,-22.423318514920147,4.5590203715039195,15.504567689306496,8.548348946776454,-9.52091599292635,9.977540705019656,36.07332397047228,-3.5866284471194723,-1.3426955426587162,-24.67489596430634,31.622187478492922,69.82828415788343,4.01801896111969,-7.258076667040708,-9.659562456984975,-16.34973354610308,-57.54048694377336,11.54970229726891,60.38607447435818,-23.959785839771072,6.465121916715263,3.7412270610258926,-13.520856722094146,-6.0834664140076224,-36.30439255376771,27.604885414768663,-47.78733261685603,-35.71805159758258,16.41945985968011,-16.947720210835516,22.87517637181023,-16.65271813733594,13.960777343594092,9.38783848076805,-2.1532625106038257,-8.923780473446412,-11.89452989660112,21.3559530441355,15.234007451356222,-1.861158653723387,21.50541105313861,24.321169454829956,39.76339307318234,-3.221454512884711,8.462921118889843,-9.25228089797542,-12.470229553577767,-0.9451520028885357,3.373002395814253,-10.888849482042403,12.892320951685091,-6.443018218801866,-4.126499678453318,-10.080164340715282,-8.142818528904593,-11.09630358680147,24.56731135984086
-57.07379389969066,-8.498996339668341,4.500043260292035,12.90272492215362,-45.494962236836756,35.81066607232603,-57.945746758913224,-1.8987590102280423,-31.128574045641923,-3.4552872397890386,26.624880162198004,1.8988739053476302,-21.42220177260293,-0.805733962446411,-2.012928166803939,32.128353791744686,23.89154846981686,-2.1206348416967438,-2.7698676457534734,-0.05773214221166954,26.25769481222553,-5.514478108113396,3.4286360434547736,2.776752457912123,-6.556250504823531,8.119509483258582,-27.447235053840487,-20.23626623572398,8.333300050058163,-19.55647554026838,-5.940046838615604,-10.402038046515857,-4.596893958957069,-30.491575697138362,-28.958346146184024,9.241756661755304,11.574625839828208,-20.027339542487802,12.305486811794518,7.126262716506373,-20.458775704635652,-11.634826897487644,-35.715885998305644,9.78950372040369,19.53165434428324,-8.038748760039157,-23.134868668191846,8.108168649362524,-21.60356349747439,21.011091113214814,-1.2298163502993402,-23.6452537579813,4.045690193731064,13.294103381276086,-7.142940356162159,5.4983343798064634,-9.054666738023913,-14.307720066009905,1.3274219928195523,-1.125845668750674,1.9657013445100626,-11.122199341869315,-0.9433217542224958,-14.559213118683717
-77.67586558098192,-53.38241194425766,70.15236291553225,171.63883022989535,-82.56929576364348,86.36628090741792,113.90113941470075,3.3178488550481595,-113.36029532246936,-33.45646738557566,-21.833028224346798,93.33405843400107,41.23409697213468,35.57243683908667,17.896658759027094,-64.53854589316086,-90.69795990683636,-0.4512544000319002,-25.127840842940426,-6.520696531280027,-56.908319524202824,18.415997519680833,-41.840341684845576,-56.28944098700212,11.891255699574751,22.255817353168716,11.003692461883476,26.498559222946984,-6.877888984828137,-22.068779639282734,-6.606189307396838,-12.225927062495009,-30.019350304379596,-7.329727255634142,-28.150586010026633,-25.572098664208138,-36.84012308395786,23.265253357356286,-12.150039794126416,24.74400590587081,-4.78452151262835,-44.578860862724454,13.88867777206301,-21.86208724791198,0.8378700519162585,-66.49806285110019,-38.93776616205443,17.6772411325134,25.52721614261508,-17.327593621881935,-0.7167171584840236,-23.65135322070442,-26.939510244886154,-4.530942496924282,22.719214585524117,-18.94990479570865,-25.53752426378013,6.763888908102151,-25.30092494862007,24.131054223251205,15.546130143105279,32.29378848161699,-12.900266031846165,10.227869291672247
-66.81953769528606,-18.394000894419968,-18.53532784887693,1.93758415483993,-1.110767525359829,-19.31914602942762,-15.019252851806556,-1.8434181704121015,-3.333925646413716,-6.603211739508858,11.115329848549486,2.910482257323513,6.753117498759059,-9.748215805612446,-5.879592976049603,-0.06230876038742241,6.146865941516431,-0.3698937981618983,11.599029485289144,-1.1785255096541403,1.9964583821261568,-6.551174947477168,-13.383751021339448,-0.5039689546582579,6.896164866358988,-6.928018009044528,-3.5529717116070465,1.5006281476120247,0.5435880088034978,7.5801360628703955,-9.48048014162361,5.353530051505728,4.948421380995866,7.63314894784002,9.396126088265014,-3.268629242448555,5.30268168659237,5.00715665673107,11.940085188398887,-16.663773345164685,11.847160031233841,15.010562156035864,-17.87022203248242,-2.0331304477268444,4.564472947561008,-4.902115306956,5.030923236710415,4.695553658022695,12.232436610721535,-8.735229006283697,23.045244217160157,4.0326190039056,7.301725857617327,8.626883442356165,-13.09137074417355,-12.440719067870432,-21.108903465647114,12.868249636787764,-0.32681606480439673,-5.214822020890569,-2.5650967521101444,-7.22033430305733,4.114631508897501,4.2829972740327475
-61.89344144198254,-23.467723434433214,-22.0290732882845,10.708113145661658,-11.060765581388118,-18.83515718000826,4.280317364408043,22.545247188092866,-10.855614099931566,-11.432028218188131,11.473481696926406,-7.163395712560736,-10.672946173959259,-9.278699742806184,3.768691949349503,-2.243821414858631,8.982175034755363,-19.79410523020921,18.084362417255495,-4.6448685911119725,8.534111026101593,-7.6670467126500474,-15.466032357204327,-2.676260476318427,12.018259463409837,-7.720062459156773,8.657217323948572,-1.3128179656197776,-2.675389967661878,-2.523561442621813,-0.6070530220334829,6.304160743840951,-1.1454765121324342,7.139716240359371,-4.792947722256281,-2.2753886724717387,7.772199104119067,1.9309471786637624,15.550755144393957,-14.060753434462605,4.88717231454179,13.565247079247692,-5.714607156406681,-4.445460425471111,-7.421554960388468,-7.6433549481636724,-3.3667973849301376,-2.676763366802305,-2.9690075662310935,5.279215859182715,-0.9099747306194835,0.8829834368248359,-0.6149243466546426,15.529470868990696,-4.650782668297132,3.4872184800147092,-13.54302472902471,-11.900614910876222,-2.6285195243016775,5.127639275739655,-11.685391873722308,-0.28524595744918896,-3.5323046607513198,-7.434662804614599
-65.9923694867537,-16.50976813055513,-12.069799331747008,-3.940006692539621,13.662967456809275,-16.324497580737038,-13.130928644279857,-8.219425371316477,0.5133875145736017,-10.97492205466618,17.625576213646486,-3.387363377863376,12.466058019019723,-26.117018682944156,-7.114793856220061,-6.212860598473801,4.3705391922935455,-5.6604838980713,14.379002028886193,-15.453956323804961,-41.84264570653157,-23.409409332068016,12.196227512370282,3.2265147338226954,-15.838873851372687,-3.93790052061564,0.6775994231799428,-25.591401293691035,-1.6453614158977083,8.742813710768166,13.127981790262252,-15.67579300688124,-21.565230765210565,-15.300179006964335,-2.65896007295813,14.120497238236831,-7.931536328170973,1.582551114767013,-24.64323205979409,-23.4020548663461,10.452935061775948,-3.9858037540631632,-5.985235549710568,14.183471046205101,-5.950461043831964,15.11258162815023,-5.439970002165416,2.6077079693679663,0.9102706513711648,-18.64218060745564,-1.3851931171004495,1.5071414181201315,9.831965158189302,8.658231106685992,0.15845680712146407,-15.706727531426434,0.5788342602132404,-14.487664870789274,-21.151258397340655,4.556854392344721,3.74759238797174,-12.186051291135934,-5.326663715042432,-7.602599489231069
-54.58884960121045,-15.551346602282402,-19.561586169530454,-14.620367360576354,-7.280894714936939,-15.345367680152858,-1.1085916162449438,8.83327875702814,-0.43976548771483004,0.3899219820076792,-4.761615249784476,5.414516184308681,8.566826771080349,-1.8302481816515366,-5.418406307308235,-0.6480653466095924,2.7846644632833217,29.328645400498868,-22.7927335181426,-25.91347399861711,4.908610029985618,-32.31857106254335,1.864388361102399,-5.563499198748171,-11.798284159525362,-8.770803132064666,20.5145354495642,-13.977908000307542,-4.014474690120757,-9.661444654596584,4.365312783828458,-36.71905315875018,7.425533419184089,26.240563831624833,-23.214537643095106,-13.541711520677788,-3.7423609087728904,9.24901741405659,-13.627235280689233,-0.45534610953199955,7.043424137534127,6.53656135600327,-0.7912108885455451,14.546178229052598,-21.74867410966835,4.817497188201526,-14.651046242386766,39.84740987349936,-4.031408950875346,32.42838336288374,26.468547543589036,18.555243246827096,8.429094273751828,-21.976377347931518,18.70244919372648,18.505279451744954,11.188292117278829,-6.106143417180531,7.387265830084747,-26.389443184866014,9.788319040407137,0.4778601268403992,-9.176247306965328,11.225537956113257
-55.46149993560114,-27.51660777098629,-23.859873342139398,8.117917274674147,-11.034539524710041,-15.662090243219914,-10.407767775484245,-4.91891863803916,14.540431387546464,-3.4105155698205585,8.585365212078427,-9.592049475674916,10.84893360636049,-2.9527571666827006,-9.841698036705969,-8.06987512875479,9.091178808296169,-7.306255653059212,8.43695317722517,-13.677150762356916,0.9093022485980732,15.354433677970157,-2.2428449478428485,-12.892436238647305,-15.12832800899417,-14.58413839526429,-3.1838102399232326,-26.44343079779177,6.140842310268359,-18.011446612639464,2.365171424256021,20.750536817599485,-3.9224238636072233,-11.17080430359955,2.6271330389501806,-11.63232157333037,7.653324082621338,-23.282515247022253,-0.6488599495001333,-11.02011023462967,-7.812779650027896,-3.3349970112927014,-1.8143967845935047,1.7339067750949828,18.25294165939152,2.2500145648109244,14.513161075701879,6.073183411827743,13.125686467511036,1.677940307714315,7.009886217603442,-12.861486577950306,-23.925729706993245,-19.434627520828446,1.4686397962275515,-3.8608445130006683,-2.583285140353857,-6.892382235325736,3.3366694947190045,0.9951212146201328,8.88752800751361,0.7522165143410228,8.588384025877804,1.2809763537985421
26.980229274292522,282.7545726717657,60.52320110454271,120.69954051123298,109.07309071112036,55.01830469101084,97.96517842052509,1.94704910341022,30.456083955307363,65.49944545227531,-48.65999617031189,-176.46043880483802,-79.86577901557554,-33.988160932524174,29.002445702700715,45.03962621762996,-0.1501388074090521,4.275491715886476,-110.5689512571871,61.16950976381944,-10.63141060213195,84.02133920691712,-0.9076455501691091,31.527261959143782,26.65606100809252,-32.60943692727269,29.12238471816005,-31.764973025790404,-38.863863081412816,-10.843018944620965,24.188572392837937,-39.445841867370994,26.830517818285998,28.005321887384902,33.631413662836486,5.637637409988781,45.949516992695315,18.627414796965578,-17.350349790535788,-22.952800300287958,-34.11814989161732,-26.122743818696605,-14.006258410858,-27.731213278147536,40.41959076791394,77.20837299143695,-39.535333981785975,-18.280252082918018,-62.22286533021455,-26.05378636161812,6.469839514965586,47.49948610592343,-2.1667839676449128,28.14858024617865,17.299407803969476,-18.81628919166335,-18.063413170061693,-24.790598258969062,19.99434259946289,4.67808345847142,-34.136001946609895,-12.529869004390184,12.986817543783841,-0.19484513003088863
-2.2136995909633446,-61.1099751659255,23.10709658208441,29.48382763632692,-10.59844687084058,25.638794955087747,2.9254079077395447,-38.43630632540824,18.442590567746553,12.649558693392772,-20.086124195222357,-30.006000244869284,19.955395550207417,-2.509489057366194,8.226309821184797,-0.8973947644390318,17.709106830018296,3.315133185913329,-3.8278671380870515,26.650975950056992,10.533950500538124,-19.3487783219401,0.37652375485919876,-19.838831572487994,7.305384085773216,3.9570037979513883,21.458986447987787,-1.5514689876824683,-28.442824327612826,35.5964650430357,-12.222651207822484,23.679366267226047,-17.484954812936643,30.479088562078143,-17.569584092240472,-23.04405354937539,-11.267891255433526,-3.193281516449703,-6.860937536009385,-4.40274792767476,9.698687968751345,-5.469511233938776,11.719395010155543,-17.121758189973093,0.397943204880128,15.092649387531392,-12.486750468220485,-1.494610261871307,-6.982844043614892,-10.613759242680999,-22.20459088846483,32.84610076070782,17.44055273942369,23.285222572677785,20.30742354058489,-3.314654047730827,6.916772684537766,21.84502394406669,20.753457210317528,5.385718157849226,11.819929761092599,-2.1211947575516885,-5.180501504990976,-11.548405143315529
-52.80095678516026,-23.006446685659593,1.7890352281312236,-11.0733318409764,-0.41289246555123,4.301275733820092,33.38798771798882,7.758197106737129,12.051542605326194,46.08398502092986,18.111389375848887,-8.704701200330609,-27.563412052170055,-6.097622310544635,14.149812156038996,-22.36327616551717,31.298011962591413,-9.176830167779379,5.85319109463314,-56.14665033079007,-25.443572445672846,5.24885241152984,39.87473710165217,12.770403042998476,-0.8306793741398192,-4.999860429518494,12.274393355490142,-12.789925796851207,-2.790732796738937,-0.36564794702068665,-8.893257644304525,2.8949837913934156,22.248219246419772,-32.071575911172985,8.609745895105608,-38.60241192348206,-1.5561272594982345,-6.003203832055176,-11.940525331891937,-23.44144913874698,17.128221851554176,9.093126480782438,38.600705259337346,38.14670131749258,-18.581647718494388,-3.4945470868652775,40.448633104370636,42.101065031241646,-5.536863740485166,7.712782894194063,8.007254762270968,-3.699166650597504,6.357987948308838,-0.4722271869943329,5.907982894480274,26.029850893349938,7.376271201889037,19.121588420152015,-12.261429223131966,-2.1641138690646238,-14.239454323756055,4.64790723293118,-18.149250212282052,-16.368832526897847
-55.15916440436999,3.9497005256845212,-9.650250408699856,2.7792840117608866,-37.68867000815224,1.8170377365504855,-11.589256676481583,-0.2693792375942345,11.706854914262104,18.36026852745899,-6.129388792912769,-13.975212816876903,10.130490909313071,-0.6315708300135366,2.367281835859907,-7.913633176331022,52.381555003036596,-12.18891621800511,-2.602713183917718,-15.217803509631501,3.4060809491027264,-9.888666980005993,-35.76170605836538,16.10988080386622,46.682588975764006,-9.420532261691,-30.90534097640488,-32.056174540670355,38.9242688691277,34.22145130068378,7.792797135138818,-9.821770884983186,33.881184205565646,-23.791550890305242,6.332123831176006,15.71365234435485,-26.586968791573003,-30.572638161063207,5.189092429595359,2.043009570217651,-48.851342411788394,5.950006055561127,-17.314278430519273,-13.49240304270563,6.510701638142095,-15.689256494198185,-42.01921368402878,-4.557313563636561,5.27727907181322,1.8175912598481678,13.427960177717365,5.229137826776179,2.5981739603102567,4.753777346130124,19.029142842495975,8.525670452420668,0.3886004820254791,-15.942056206127418,9.118280652892896,1.7448319915316846,-10.297335275506986,-12.763435242729162,-17.939630160531586,20.883005606565014
57.95409613626366,124.95559558820287,25.722770680861277,44.06255491289291,-0.5025920716007536,68.6406447924335,-82.23928957216104,35.634527342466626,26.173124758789612,10.192979025790144,-82.4849896370583,-52.3892141214425,87.83173602991997,-24.14398734170797,45.22681131703879,-37.13059537695952,66.06490217574292,-14.965638821564086,83.55377467595012,60.28965150030761,-75.24375168888184,1.6571659594753292,31.442078233480082,14.302911867282603,-2.1571646609159307,-39.385890937740896,25.443128282919254,13.83731585363334,-20.064913880357704,-43.343913959182636,-58.49190628293704,-58.11084286269084,-36.595789230194015,48.26295791546589,17.30688366320439,6.819411661533291,21.860801464919106,-7.361917303980556,36.377509120551416,-15.820773994275223,-16.423891985689025,-16.26267594840525,13.416789600190274,-17.987746956623614,11.058111691546316,5.86026790410395,9.831078311706118,15.535526252826797,50.21201282581072,3.1458469774933184,-26.026005288021416,33.454140899105056,-37.86950299696336,-4.425195306698659,-15.72062401517867,33.113282773283366,-19.74372357284676,9.137598517822388,-11.737668106872732,33.205306288529954,-3.9177813883488595,-30.85912342780787,22.63871787709959,17.824647757357358
-37.13985461355022,-18.171205487754374,-47.34642952439481,-22.04971093748389,-4.634596624871483,21.150580441528863,21.23979780855083,-12.237956666871586,-10.673031548745003,15.303628113789216,6.342860308453448,-9.670036809824508,18.465249575580884,-0.2949664605332663,31.22197968283959,34.93062785929233,-18.52900466297801,5.671370438262613,-15.899748483517705,-17.119131937644358,-9.12751967537934,-31.277949971001075,0.5361783453941144,-9.224479124080194,24.66310501300623,25.725241425860894,37.671078871622306,-11.249835774036196,32.76622102152317,10.233277863839142,-59.34059493362952,4.553631055445768,15.774303042770299,17.16057498720002,-26.1073586202324,11.007454431090025,-6.311932234965361,13.646614694589802,13.06884905658894,48.27969463784484,22.02932372498235,-14.166458168239274,-4.926574959243297,10.653533739087797,0.6305815279963579,13.320904963883311,10.445374828758686,-24.13997264253188,-9.430989597054792,19.989977935554638,17.075912931476957,-5.656241764863348,-34.93059841514979,2.793052908578558,-16.80182329879942,22.363752077277244,9.671151721843533,-8.292855920678551,-19.319607491937102,-19.624556457073954,0.4132078992987219,-6.282310043199294,20.16948174564226,-10.259073299306374
-3.808834793214635,240.96643926583528,1.7809341840058468,64.20031636183411,49.20896802159737,69.82202410869326,-8.252244569483162,29.85073602812008,71.43470143970535,-33.75436317626739,-80.73237798600925,-46.43948058854999,-14.44684483773608,36.06083658099401,-40.50908912145435,36.3558082036615,13.531930352128185,-16.994739016156643,-31.194087396598945,-2.3534116036196906,11.278744365659755,17.3991807211096,-9.315927843528646,8.041266268218536,20.13264733074653,37.85380858290143,-31.057573438961203,-38.41695071069879,-22.211267678748413,1.3836975422688023,24.376055824815552,11.443981468090216,21.184807407057527,6.463843452986746,34.18209630233455,-14.802437036603155,20.08066474176038,28.399084879450847,37.93994413079548,33.9648908542065,36.365678338264146,-29.547577655525142,-14.035000576953564,39.125079208831856,-53.327159240346596,8.062240897895354,5.88144629541506,11.554684135280459,-50.353364872659526,2.2826362562323412,-11.322065685598906,0.40496197075494467,13.365469611508777,6.439310744200824,0.07857163626457711,-5.187705277728976,10.208779651172222,21.371906408424287,-14.651532703712766,12.369803207977634,13.359116099220923,17.28251367890574,-1.2515923411592471,-13.707849699439453
159.98527058395092,-26.26540069629458,51.565142514202414,21.520644739414195,-65.95411456891051,107.31668746135304,-91.44567673654959,18.442309931417988,-95.32109905103422,31.903043548259564,22.315190118411923,-18.891912421874117,-11.122091799994346,-46.122697072374834,-11.684779304842317,17.308539954205617,19.25695346954291,26.759098822213687,27.05231204791283,49.083812682722176,-11.767814079938859,14.91031157456096,35.6174359622122,7.092727215205158,13.051404725412162,-23.015572858510506,10.057805611713098,41.770751796676024,-16.31442789323524,-18.01168873618073,-26.809925968741425,16.339387161091093,-21.592485570840857,-6.402933002855845,20.661621520495075,-2.8116870472844253,-32.21094087462404,-14.473448844558801,0.03634748372121185,-12.635260717356598,-6.4963515885922964,-15.924019462329062,29.08653095298976,-5.3552266355425635,4.357534874308331,10.299528849839218,0.84024013362737,11.694778666893553,-25.2826480307022,3.9341564657885213,6.283636894148856,-1.0429804909476743,11.512228815189085,-3.961508910389873,-7.279688550996876,-12.88104608611166,35.96589729614428,-23.375436426339192,17.39099727697939,-23.11300535086936,-26.904609723883997,-23.781110859181407,-30.80619912111514,6.021247840842264
-115.85823388536787,-8.516565032587524,-53.08995255771806,48.053954057147074,-20.646567946265368,-76.4412521301989,-27.789565285511515,-10.918278409486476,11.711174054098102,-16.251761635402552,73.18865100839128,-90.0738032221265,-54.50146081357381,67.60249414028358,36.67508469631345,-47.25112581320161,-19.134088234285517,41.14364487328119,-130.87904754499965,112.86121220975463,-59.54066927921338,47.283602938104735,124.69510568323568,13.051960086822767,39.57155323697315,-38.285129932110486,-33.203016124262454,-2.9175210082730496,19.411037828188675,-2.70201562670606,-11.165270441957842,-8.80199940023309,25.557535120059256,17.50486986736727,-1.0942034739256283,11.61974308159995,-3.26889492431768,-30.401683779331698,-15.531198193642222,-6.563153772421603,1.688819893821973,12.057724249324256,17.21981745651751,-1.1218811447453256,3.744512359236624,14.82859819939672,-9.073898061353693,-7.006173560290996,-12.67697999809941,3.565693982380357,14.428203322218316,-16.04633138708383,3.9495909188161145,8.725176056875162,-13.06109055741571,15.83190073676293,-29.754310078416417,16.91163478168,-8.9718729718898,-5.300079090660496,-6.7678471541620535,-10.284174244253066,8.293684788195945,-12.445856525005976
-63.07767313051336,-25.16943394106059,-16.84405735084553,1.8654489302656976,-14.345495675573655,-17.856505363324345,11.608539462086823,18.48346647140738,11.025119995735961,-8.32875890344848,-12.818677962505015,8.658581055409517,6.177201002409829,19.3546246181477,-15.35993032880094,54.89579971265756,18.37595962185979,35.19939149607417,26.664594651224355,0.24379938710127652,-11.463363634685269,-10.386046352696864,25.876425663277956,22.3465974418792,-2.8737577008065838,-13.303015107169735,-13.183131782431156,12.271553244960279,4.29472373958986,-2.592523160404079,20.252384444983054,0.5574753283466068,-14.50813088482926,-25.426520423607553,17.041840922675377,7.78364537869852,14.277632791682674,0.9080919951294881,-2.9664158392225275,10.899520489331916,-11.110125391158837,-9.945573462883308,4.234225848746939,-10.722939630726898,-7.808066379348863,-3.8443214064330067,-23.45706112047413,-10.92844260155516,9.612712723237829,-11.548311237680418,2.745481816258209,3.955297840837399,-25.862883767376516,-6.408408119731982,-12.685230811177982,-6.898257923516275,-1.358037024305012,1.8601279197362774,-8.933463708969455,-7.0572464808324415,4.930185348712381,7.814035591237889,10.380017790972168,-22.90887310112134
-63.10104195121162,-24.222980621347556,-2.5193785755712033,45.62585365950056,-26.771293700607277,14.143497574645282,19.96626596297671,-5.394635222977578,-29.046878064027148,3.033479816960689,-29.50914457223075,40.99064195259789,30.50302380559011,-9.382787192814094,3.2537990940603114,-23.238196779792627,-22.51568570480327,9.758093477446954,-16.883663144162423,6.824604603826105,-36.732140633756195,8.631075949529095,-20.829942979697055,-10.321679580033338,-6.531491474690096,-7.964628442954679,-11.567294359374419,5.693689985689187,-0.6182456800844816,6.516908033756873,11.066426988765821,11.292435217131784,0.8588722587976386,0.9836407541182748,18.88192007212012,-10.146320493913214,1.4688595700146512,-1.0887903567358466,-7.632720008410163,19.360181956351017,9.60045146113059,2.971193521111393,-0.9319161768019462,-1.4689638681668766,11.463669705359244,-12.700090709152635,-13.415313100741384,-0.8057971785238734,-1.9772320577807065,-6.616202264781722,3.3141584346599537,3.1918044677025588,0.02742787861299022,-14.803308705868066,-14.369222277820748,-9.537105791765878,12.62834938286428,16.982475129614794,0.42165281815441746,-10.637087250395126,-10.225168936128101,-5.992967842813914,-2.0846512058640965,-13.784956253638956
-60.43848792578622,-30.59192843077527,-10.79657307929384,1.877423556618948,-9.71265353956925,-24.96279282085531,24.901804908240667,41.52109508769033,-2.3511593415056926,-15.40624602649531,3.674947219965865,0.905185837630658,1.6409856855931935,21.870106870085024,-7.704294502463282,55.01516241845218,24.70843177419478,-4.513928943281131,30.011047172050212,3.639045776626325,-5.9397543825304595,-4.36803829114819,2.7431955419265037,17.12452306597555,6.39569947677544,-22.182228237080974,1.7069392714475615,11.07690154709478,-20.904083110649363,-14.207389497867785,18.377410866441966,2.0671186011056086,-5.815876990887446,-9.615780053128717,12.31438853547178,-1.9049123681519342,5.183624270705537,6.683317433836173,-5.176963407198578,8.178028954933657,-11.410736729190642,3.825843182433961,3.609895641975974,-14.33081242870957,-1.179807872723756,-6.250097514696742,-31.660048610959223,-3.990797184110786,6.7558357738609125,0.8039761761913253,-7.262514713733016,-4.503279452454132,-38.41389658246582,19.416086456533804,-22.471059637512532,-1.593361217989725,-1.5375289406643564,15.2165004878161,-11.455279906006679,-9.429242859534526,-7.345350361750923,22.129391827904637,-11.66948158816787,-25.698751971845123
-65.92316405751019,-20.347812591237044,-21.68113511595114,17.412388451803036,-18.697525474500058,15.6055622510617,7.977148841163344,-9.07339651166108,-4.19066457425196,1.070351422930705,-4.310673756445886,39.168566173312605,7.5474962957766625,-11.266342623984373,16.845811868227027,-9.246214560287827,-18.657924404621657,-17.074564241105104,-10.540689372668915,13.769703944721314,-28.2632109242071,8.357421910771684,-8.930702928551172,-14.825142549566452,2.309012435252312,-9.908652802871215,-6.201409821772744,34.24033431517187,6.36570574876453,-7.619893731062349,0.19589374954456268,0.26352867012526565,-30.87967853036618,-13.182144297297507,6.84677152046849,-3.7156345600108667,11.885363495799016,-14.87417013321376,5.127652399394341,6.957794420176624,-8.83248882885354,-5.090268853450807,-8.421921515312205,33.36208267440898,-10.436296745581174,-48.24509638077424,-3.2750376326449135,10.981946463729418,-12.123293871980845,7.899089821758509,-10.860167298345536,-17.180599691563184,-10.690743111569699,24.191901274711515,28.353278822266756,-5.84964917287999,-5.8740654556532705,-22.821311537171432,-4.70508539416037,-7.749211889497911,6.1007271047856255,3.162709619885614,1.2936283477630182,26.667029469948705
-64.16441786028473,-12.123238678954706,-22.51883301746521,13.619018459413924,-6.745110128405446,-7.749545000353942,1.4725864271144133,-1.1125161468826963,5.7073535014949694,-9.168857512263052,-26.725700376926692,-25.103940095035586,4.39549310655842,-10.73404101130141,-25.507243199899,-0.844938295493973,6.101849873853243,-25.645482864825183,2.187551866672619,-2.462328867273043,39.75717630461381,-15.384538764078082,22.374867537337124,2.316181519763959,15.8033205144094,10.141027048572361,2.1772329848723477,7.258527933617041,13.977132559563456,14.981902727005414,-18.272542345705308,9.948604606719165,-0.6178394238791237,-11.968057247572867,1.4089014545275529,-3.7081002163574746,-20.77987378959868,-7.38666210047718,-11.715143412797525,1.9987139405501906,5.224132868711589,18.939692582377077,4.808638107083593,-11.082495908270925,3.080832758515119,0.3561068419768821,20.101098649781594,7.054274510891413,18.25848977740636,11.041669971901218,-29.796094498698046,-23.552198514216308,4.477686379343658,3.8629322502760735,-6.2469542097646835,-10.385234281570108,1.7321681057610772,-7.103549131094576,-6.0221754267666405,7.764659067595973,-9.61344286686718,-1.4196601423016975,11.174604474688135,10.844894490438948
-60.68676953351426,-13.797435777290016,-6.916945810851574,1.9816852116140438,-38.464413765767844,-7.772815653103067,6.142574513304775,-7.12500688879121,-10.464185072664103,-44.43292928964901,6.739063064335405,15.430328662613364,-12.06440014214735,-14.23012355931184,7.242744826415247,-15.44780997848179,-4.175780132586495,-38.27702785422352,0.9225017554602722,18.635162149114578,48.06038035857356,-6.091325053645232,40.50137545323342,-16.58168775898014,0.9585188261881733,38.2791912424681,1.3989201896148722,3.427338294302438,-5.0972830127546445,0.49065805372926774,-42.98650100160383,-7.079911169239294,-13.548135545639633,-34.41418174944171,-16.03227208853361,32.945534032493,23.15575273198144,-21.486406968391222,10.969814957852083,-30.14733580299695,-1.6740157680758578,-3.9228487639639416,16.136851569162822,1.9030031963323948,-34.547959980690166,-22.33836654865175,-0.4503282502708408,-13.883231637089269,-6.857356921960365,-19.872743036034052,26.823635067443217,23.44204374356123,-6.746574293127489,3.659422017816334,6.672277874614384,6.4553648801737165,-16.413185480743508,-24.89278494816875,-10.076872640959039,24.583334781989322,6.388667558059567,26.15556821101463,9.803898714634654,-1.6594734740760972
-116.91482916118721,-7.434384350396957,-57.29011175171851,48.99386230562309,-28.97120846693411,-83.18938756605195,-28.541040064063615,-3.9649197050876075,0.9149222340585036,-17.59113544451503,76.47455872521677,-100.32972317629944,-58.049239700160875,71.38103217649112,46.73214495261103,-48.05946851139389,-8.388513244664143,39.928859985259415,-100.95475970733062,143.60265358812845,-38.51761794973028,6.9535390776010795,94.20945355932494,-15.734018098201014,59.17445335688655,-38.2720018565727,-0.9275144652096443,47.59700228446031,34.5380089620151,-17.77228433397327,23.522530269070206,-29.58949289495598,42.01220798174727,16.788060187161154,38.39997990044065,36.150231580674756,24.424059643278948,-17.44684929087647,-25.312374903543038,54.86124139819575,6.293121131261257,11.114361850281583,9.849445035322391,31.62238428424422,31.565185657534215,28.317453983669555,7.099819139319807,14.487822807762585,-21.337419934177213,-0.6955002776892935,-2.405915358885386,17.010620201085533,30.850977519544294,31.662579235461653,-2.7312061473666374,-23.74872638438879,-13.903631644801619,1.7682897917270692,-2.211391068462524,23.605993808095448,-0.904180755484005,26.15020767744506,-11.758703314159467,-8.674086105202216
-30.03153376659734,-28.579785054436535,-20.549081586537383,9.367811240099728,-6.3035375154665605,-21.398783335696756,-6.117377660279054,10.185775458589772,7.177967908922004,-18.35734085414224,17.323391135442748,-13.155556147175885,-9.233460222200808,-4.122914327585366,0.23133625539703534,-27.170926542725383,-15.161170951427344,-15.07328007278607,35.81514944619686,4.9310451811274945,9.772274711586679,-17.240927075633433,-29.06558349303411,17.140586209261013,9.255029214973433,19.955471507797906,-11.981191327862451,9.943774103837297,17.2663348979865,-56.050934493463984,-1.7833240541107407,-16.5658840011316,-9.156102339669523,-7.95679017857361,-9.774534662803125,36.636348047734586,3.6685935081478305,23.613332458381215,0.5220641395463705,20.411109019041795,-21.883143867553816,20.498586318205398,16.981910753029908,37.04803680583371,-14.338510316950398,13.346955567007049,-32.25199197246393,1.7925569712269636,-25.261613858460827,-39.03738407489745,17.251516730083033,-16.38910766585357,23.84902715528208,-22.577799391847314,38.85931717077461,-6.944895505288822,-20.1326979303647,23.42880305868555,4.3507452787337035,3.6380501268107204,21.79360740587804,-2.745224783909462,14.417611974149715,-9.564353925830208
-66.85740548889281,-41.3214324605214,63.16608414920225,154.65501412004755,-74.20795357134261,102.45712163785643,80.05626824890392,23.134876029086637,-103.47522900183463,-11.497264675073263,-68.04462397522045,88.18926631183815,84.33916150374999,-27.802510235895266,7.78373135526086,-52.2229998061853,-34.567384019626076,6.49560391309028,-49.90121303002929,13.80903175761837,-38.260216054812275,20.38899225574287,-21.12401399310931,-6.213507300165168,-8.399749609608952,4.214698957516866,-9.654976570574878,-7.888042623537576,19.753340164070533,3.591621102434931,-2.4825040002427263,13.076807135161046,19.037705769623127,-23.45667292254563,2.5226995917078963,-3.4741816902806972,27.740427203897042,1.2253573101112383,4.412726925254399,27.22990407578147,-25.190134813983434,-2.9661398995863912,4.782674313339207,9.007218625649154,3.1805904291394884,-10.22357753971442,-17.7176601553765,-11.1638742608711,-4.246033232145015,0.5535537194257938,3.4618360285066756,-6.195720732180684,0.9340315911314957,-26.53470941798777,-15.359154735263173,-8.256353491861661,-18.333287608212405,9.305425055610065,6.5851770147270825,22.7682207605286,-2.714571480451681,-2.3568966870525125,-3.169654917712748,-21.854054651438748
76.4474918624013,-110.68691271017966,-49.194683037468586,41.43480134684898,25.528641113224932,47.98101144597323,-33.380903174183715,28.205336949550066,192.65758576201506,-5.669458123666527,46.934759981928,86.09986559272929,-21.087400269786965,-76.6200245166885,-29.68227389281048,26.25879134351759,-23.513206612233784,13.89627293941374,-13.426789238678976,45.904862542774325,-0.7820882304465245,7.631416504405751,-5.648419379978506,-14.675864666144376,39.76092785178419,16.745485897555984,22.70805858005348,11.08662827387358,15.839654506148877,13.119500143699517,22.964113853052524,-48.084345313072255,-7.94703453367498,12.732230638095071,-42.067860499124286,-0.3481721509238509,-26.202853420685443,12.914217844606547,44.52162953403957,18.26346119523482,-3.517030242453746,-22.357338484519996,8.84042961236846,34.48976028306721,8.637768446851108,-31.13422311248824,57.546874303476855,-35.78260704333319,17.04170635414041,-3.8180312206677955,15.225877959064697,-18.493021801966915,-18.596652862823113,9.055458020474465,19.554004731702634,-27.82039308220451,7.8801604810893435,3.6351509410021077,16.688783164351236,21.116044140758916,-25.8389953185306,-32.128531549301755,-13.215787031520005,-29.746991165943392
-43.76875618805589,-26.63693835272628,-17.194636763843654,6.483570955117566,-4.279895670480965,-15.684065132956674,-11.056913587961054,-4.847414984207356,19.97494808323567,-5.963890106567847,18.964319242741137,-2.53134556959491,23.101562805213344,6.794544236652677,2.1941015214405795,-15.202081170216202,9.843106532651044,-13.185594579881935,-1.8845573301602927,-9.66206075084364,16.45415642043789,-3.899612878537285,1.3595694123715647,1.864230045613498,-35.43785892865257,-22.668089891913485,1.9565271467822827,6.528060497596034,25.40606495370272,-9.035030026544273,-4.680818200726568,8.147534275955827,-5.992452254122692,8.150214306323218,-4.7903665011308,-18.83731281667149,-5.178186932618285,4.298797129516489,-11.330907119161504,-1.6961949494788189,-26.407443051483238,-4.587561509792475,0.5294711342025549,26.513587712165915,-1.0332722545455224,6.762049280129433,-2.917802761137825,17.43791539304806,7.822172173229792,-29.346929966301932,-18.370907608985366,32.37265024694806,-9.92971072926674,-11.089750408931469,-17.97242399836553,-23.98222692725186,-8.361180422486651,-12.791624970942767,2.63154466879299,-4.1317393117593335,-20.10227041385181,8.10779283547104,17.012971078193626,-22.922892139549358
-62.20717728873541,-19.187556365037942,-39.33203798842893,8.40173045297024,2.3742814135907455,9.326823563836617,-1.8754259955091286,19.979900427922537,32.7361368565126,11.255267454623386,20.06027507393962,35.52160022388921,-22.860700356807506,-30.293856069230646,1.0248532668530723,8.49339062039688,-2.9027103888864496,-24.34600250063059,3.3810928886632046,7.433544914052838,7.51000292146697,5.035468319971944,-8.297785037674377,-13.470996826809092,16.616931936264095,-8.01778890833745,1.5646098619523072,2.021521254236443,-2.3336852922580364,4.267155120880417,-8.08262278724076,-4.883311751739576,4.001361989224486,0.876772728175866,2.8770326631212617,-5.270186565720901,17.837007361415825,-3.454504200780604,13.411291682654113,-23.383567710603415,5.626669353391485,19.71688311631843,-8.811899891813578,-12.004325132207047,-10.311913822978477,9.233826457832674,-1.9415650517525944,-5.4413453093177955,-12.34757264877643,-5.80678629608441,-8.99961895391292,-8.255092396134996,0.04320331515999792,23.401715557628968,-24.26514951917379,42.39681542200378,-5.222544147094492,-20.576293807575855,-11.460040643380646,-27.898731665399996,-1.9193190545235208,17.049060653101716,-1.257514391574045,14.639110477076601
-69.9030206987844,-3.3316702830181883,8.156490526441678,-5.790618920033676,-0.3732206668012427,-20.565290338477446,-23.21338760220774,-34.38516918398799,-0.2644717799563722,-47.52851657794707,37.86453898147125,10.150765393325322,-16.99372533215203,5.2991275955920125,25.8380128946213,-2.077295853463235,-3.2917985080390517,-1.9637042273685315,-18.238442924289938,45.45996620045273,-11.4823716799263,-7.162305054204674,42.53884685934752,8.43377284469904,-7.515109537350457,10.45468476515493,5.743934397571992,4.281119258969627,4.3162448704326195,-27.021484787912552,-6.721968089740668,-10.496961722759227,5.90409507675642,14.176941420811907,7.3970305713612845,-11.238913426504299,-3.486196919478141,-28.396867863182116,-1.5020664255542548,1.1584668688990254,-2.328596521203049,40.58755753870666,-7.6599612789082565,0.7102642446648302,-6.556924305484638,11.437687009617173,-16.226533376818075,-15.814354398647982,-8.401615154557167,-2.252528509588293,-8.311901402619293,-8.547665499128279,-9.41964763373781,2.68701442639695,1.2083592949054072,-29.978452415571862,-13.897410961933486,15.031706881102227,-13.13892956871829,-21.028103742483207,6.690434455324392,-13.793498850583388,1.84148522999572,13.172209281742042
-64.18506857088963,-20.999264824700813,-26.373093931992717,7.375833335619965,-13.341225783409687,-17.748684988976436,-11.663061727271927,-0.6625301263663904,2.870922609977908,-0.2314093489264131,1.7083953050881768,-3.051526078702872,3.98206634400862,-3.964439234900646,-3.22547876969574,0.2944324186500338,5.389604273641617,-0.8611743309458368,7.400528132019094,-1.9494244388417787,2.3774441917829243,-3.223774526714896,-9.763046692469478,-3.4139792980196226,-3.4727764317130125,-5.914136630844792,0.32425169358150896,-7.471859852506844,-1.478008351939037,3.113819141139895,4.447182060190553,9.635126205017146,-7.729322883583518,-0.7816338081513147,-4.304100208841931,-1.3512467743076768,3.3132840282333524,-1.6918189555548135,6.738111373271694,-4.024144803670333,-5.478591263877544,-1.7269160622464759,0.3254012553839145,3.8819049776510615,2.3729584677272086,7.368964356412564,4.020067003861717,1.8823796705452762,4.050126008755945,0.01658075077000233,-6.2980215192859195,-6.09974173254406,-1.4942284215493473,-4.463517865506835,-0.73661952159434,-1.2052239627809687,-0.13184766829838926,-2.4920999126524954,-9.304635972014868,-7.73880006579158,-1.6152640560356404,-0.8950982446686275,-0.0030103766441148395,0.4856590357533925
-53.86267218608206,35.75469421044251,-16.201937752523186,20.209144903060626,17.024788143208642,-1.6400993985962082,-5.574016529435953,10.313884283890847,28.307385869056546,-21.065612719497004,-46.02662690336192,-38.31230999713593,0.5328542318930765,7.514227012463113,-17.245723560337616,27.026341862091545,-3.9367272288269755,-17.086695734334896,-4.450006480744022,-19.914355117340662,-1.9422656077527294,8.349885618749182,7.539980736512305,0.6831568403363942,11.816018239513902,4.042702166032409,-13.864599353227948,-2.6595716255932276,-32.35431533615805,-14.662771616191634,35.763505999161715,25.77719294265772,13.00194301839145,-24.97346771600808,-2.6650162906615926,-15.209955816949824,5.114618394065906,32.80861869943371,36.02383961966634,29.368051060981323,21.59215747768845,-9.383692781615279,9.158103610524462,10.551481011137477,3.1929766940600373,0.9078037700091638,-1.9679000463071676,-13.061944375396969,-31.7641827147297,-33.626314174545996,8.94314424469658,-8.203225726563886,12.6115865684341,-11.421045036987842,5.574455923245415,0.47234981666110504,-9.149644167654968,-3.527446228028001,17.241340349990104,-2.6426487047931766,14.63953303805418,-12.093630100662617,-9.069701181615319,-10.043638239830441
-64.86822170452604,-20.551403526631542,-25.76387673621467,8.136459012632422,-14.163775580414724,-17.172708860654307,-7.671966272647055,4.057294033849505,-0.4712202398867358,-6.2411230517468494,-1.4170986528292047,-2.08356618225666,3.374079678116003,-7.93247202410131,-3.3462748250695973,-5.60979795277847,2.2398891203025753,-10.504353099206599,7.162234265696104,-1.400754157292024,11.151044426033875,-9.172530892124193,0.17668053212361906,-8.62830305559929,-0.6327755912151232,1.1381408366454016,-2.887486321238365,-3.8113898517706635,3.978067305541468,12.289575693989946,-8.01429246344656,4.270701587110354,-0.9343783583311353,-7.41705654157463,-2.818421959830918,11.836554070992094,11.324224693061975,-4.460729908374367,19.553610528967145,-15.73375718862954,2.503781234310733,15.317816851089978,-8.721397800784475,2.613139539010214,-10.148228581641131,-0.34416884995775227,8.415216764267782,-11.589519406736168,-0.6955334879558671,-0.4417257169567822,4.208798455705046,9.81489797437813,-0.7958005837822015,-3.6622236623355167,-6.5951798053418225,7.047134721800497,-3.3229074302579287,-16.091253817333047,2.162217866754282,5.783717666842636,-5.348865681029919,-1.8328969431981086,-4.569848322814173,-13.11963626587961
33.56548812094073,-17.738265357290096,-35.20145041504961,-13.009394641574456,-37.00185897963959,-23.813015534619346,28.27337417498659,-24.74800463207459,25.843048742550344,-28.203466939819222,24.69704328520402,-2.193839753898203,37.82257698934487,-28.8275126317649,-17.798205408772805,-8.440645721821435,-47.15112676675477,33.742935863250516,-15.187496152470972,-16.70473707510979,29.985031394131177,3.6138345730664847,16.68500173833981,6.2580552908699625,-23.256210459187198,-41.01328597584771,-8.24290578897489,-52.36189012464416,22.228032582217114,-95.11142707985839,-14.630832064010864,2.8175892895269774,25.872499513913684,-17.2235919118334,1.0959802075437477,-14.776051556196196,6.5553265283528,-27.10805996371093,-15.478404611422041,-0.0652917506538219,19.54629198888875,-7.322704659253877,-52.245101278185274,-12.808900032112241,3.2358089205585774,-2.176154772387659,-7.813396219427165,10.483575658963842,14.436636776406488,9.22298041000688,-7.45317502170527,10.01156360823255,-10.87553916603243,2.9686637796187956,-31.465561516222905,-15.48203274817869,-1.751207296111022,-2.0070339487905233,10.635329407406147,8.044815444056477,-1.27240781786776,-10.25469388917875,-13.550461332369599,-0.4506000235361858
-36.63123875129871,47.798553052001694,-16.2825694836962,12.569969310841763,13.703435256215302,-23.97140234095296,-5.519516219329731,23.764127600163548,15.496980766409106,19.105210196152264,-18.721934511676142,4.727917268213682,9.948312503882937,10.411850523137478,74.8672458679623,-7.000215140574072,51.97058385230012,23.942908533228888,-2.4999272807721122,-24.62114929485853,21.136242567822464,29.39736913980746,-9.987570636505184,21.91999750613585,-21.6863686637884,-4.232188094032702,24.361269459699617,29.20893525038638,26.526006161529878,6.927865575320723,9.991064045531123,40.079738753634004,21.57467911681169,-47.55971984033528,-33.07585538315917,-17.55931273417881,-14.57847569581991,-3.082301622968453,-21.79910477605883,19.374793664346278,8.971807001282391,-11.889612626258094,-20.002378556573966,21.53136861151855,-11.357712956761317,4.728349250285251,9.877066079575611,-16.66533499330106,-25.66702312508608,0.17086190468601423,17.41100681188987,4.848589114515846,12.995929937560078,3.4541610065258452,5.9720757987725355,13.093870895733854,-26.86477466232364,-26.69817099968524,-0.771617346835012,-12.0319081119788,-1.4457120206827572,-22.080327195444468,-19.07167417304458,3.85417473417042
165.99574284902718,269.3077903118928,22.866975101714115,76.24422240061496,-6.995186670452588,-0.17941430747799605,-1.8909307267423925,-28.04293316248204,98.69629620076208,-6.635735649137956,58.54498205045417,-41.12956117065031,-52.959762918580516,139.64359625660015,-22.050733726965934,-71.31994825810517,-55.20315403175678,67.69476030071922,148.35213079570116,-31.968190999296095,-65.82022389751955,-29.665617609912832,-80.58577906657128,-72.47522992695697,27.977846167670737,74.72578452508516,14.172969309487291,28.447571522984983,-7.628576150848414,-9.702340276874514,-7.295254139721979,1.046628849083264,23.257720274598384,-56.676967728524744,-9.848179292288508,-8.716917783078907,32.32426772824485,-5.978351576418332,-35.090203258663834,26.808915097710567,25.832134966851303,8.444700079188578,16.498198179822936,4.872158103934453,1.9866665487886221,19.685359840583967,-56.324491779833814,11.903735465919322,16.353898496157157,-29.60791036106411,-19.943189667922635,-0.253336310955587,19.619437261546377,75.80074832697447,-8.374211846142751,-5.456748443086721,-65.4072276981754,9.047997493213115,39.48696294672423,23.149799223062864,-16.37981688028871,-6.439448803516001,-23.42418877555566,1.7385945977251247
-65.48142677149505,-21.08858549363936,-26.29190075693451,6.436138829871398,-13.160827525237409,-18.544251657316135,-6.295879894684568,4.035311051992827,4.395275164052931,-0.23867804564589384,-1.150800875975483,-1.3846882371470264,5.844563453723914,2.839962880334575,-9.004018526086897,21.79697165887181,11.356613331429562,6.227994169257865,16.04135369010837,-2.2145626036719763,-1.9003401794392207,-7.809166515262641,4.631528767632963,6.100845560132155,0.9456961681186445,-10.64699307902429,-6.1779173529632345,2.2983829188035867,-2.5684062990205634,0.5996697973136597,6.267698437175068,9.063832350816059,-10.956341458920217,-14.213110159371514,6.219596797553308,0.9675032951835689,10.148612777114154,4.494378646264781,3.554094693624301,5.082071790190196,-4.908680024784606,-8.242872006452352,3.312971733008088,-8.513553222132964,-0.5658736579116629,-0.6552193845101085,-11.740300791913482,-7.129312660368854,4.580437725623818,-3.130525108490531,2.5138194956565916,6.440289105419908,-9.77088999694522,-7.070554809673097,-3.9324304167325517,-2.0795802917952146,-9.762505694689795,0.9113624771517912,0.7007333189986833,-12.489599063357618,0.26046965992342314,1.9803252968289642,12.86176574854068,-9.899767070994944
283.1267064646755,3.2778982253844395,-124.20651374738962,-129.52082063953273,9.775612073890612,88.052406884299,75.74992249654285,7.855076653500318,-63.56317739161436,-15.908229999249,-5.422566226004222,-24.598072746339156,83.11613195873444,19.68212960628748,90.6736410017319,27.672344209131456,-62.79111368357356,75.50384914328984,-30.667143003065718,-0.2663626663170596,9.235484082787641,-16.401162924466167,3.0146493051179877,10.371156579978692,24.628210061887053,6.3974085784150745,5.652630534283664,1.0086810412211404,-99.57296973679686,63.447102501817106,5.164201115685662,20.749229501993756,-9.130093847909325,-30.296899682237473,-9.825961137728106,-8.487759621518734,11.958986787208701,0.8512467882717857,10.606484060589857,-1.5081865532064982,14.786133395245052,22.079631429877086,12.423467965939254,-37.01056500636808,31.249238206353812,24.99444747537673,16.976053101053626,-14.650503913991434,24.520191086367696,-1.03221294842186,-26.357629213921555,-12.272497086986222,42.66786666859923,4.279542093882281,11.376674850562877,35.45968786610462,2.716127211896952,-15.652686998086399,3.0429279463695535,25.591514771333145,4.504587620504733,-5.273571162115598,48.960017183055015,4.660115467114053
104.21872612959278,301.1928793721285,-30.938663060948162,109.8560767967105,123.88224513596347,8.121337698646247,22.839246538575573,21.012517656881943,12.500607192912913,-27.543344218776266,-73.81116851197619,-7.05098051163492,9.010128759775837,23.24575258695296,48.83188525935223,58.66825092439146,42.642168748652,0.8371700686877209,-46.12372524304319,-59.29475805194741,41.68083168439418,40.83786547222804,-12.799469780787552,-28.98033172335751,-40.350649455480806,-8.141626567536987,-48.83250250010945,6.589455059556483,-6.074170166242433,-17.332662084479196,40.704103076481765,35.04351408071948,20.800564585083695,-30.772448181145975,-22.705462149635874,-32.574913404043606,5.514381684560892,29.08120931678216,5.817205528241052,56.24088316438608,66.35183463885531,19.492993185047332,0.7304874861889151,24.31768938349055,-7.455781253151509,15.604907012193994,30.6985936783505,-59.02038181436326,-22.109555239613908,-33.08212123056796,15.26131255312057,35.301488551984,28.612721114347085,6.832481498150274,14.116926187999463,23.676812031735587,-61.34771335961536,33.69295703937625,29.443831446601564,-6.863510747933426,16.087932265790407,20.05008531874613,2.6660366271522595,-38.30403525686074
-67.02886475119874,-9.131482946833312,3.02105931616067,-179.09031153350892,130.10227514252156,45.91797380197529,3.9207827526235874,-49.38131882826568,-76.5755445621074,-96.03926666310362,-9.502695017590522,31.45598994237518,24.27431764909979,18.729766902535044,-68.57831102825327,-81.79334280828834,57.76338039907226,118.82550590386053,-21.935702037705763,0.38521762943278665,49.29850563211885,57.17099637959271,-39.20207663350668,-2.3808685340916935,45.262589435232535,5.9943767439267015,2.243250582295605,20.088876695140872,38.71157183062165,-28.05162620891224,-26.1357282095196,37.40523376585174,-25.13670937691541,16.385525960019702,5.285542506971677,-18.499304490671307,-2.173483712503251,43.559021528179834,-4.697802459699696,1.412054040241299,-27.636709919866192,-0.7940326110263256,27.267277507437505,26.0073176866594,-1.4148322755682123,7.914902385195039,18.821966504498363,31.73446405572573,-7.233651214897098,-20.14268361791681,-30.303270154577557,-9.538370589587412,-21.19025275704752,-5.383674408439338,16.10525930335822,41.70212284822648,-13.918370605923329,-22.923966129342606,19.686766372169444,-6.239461028573893,10.93561100026065,2.5495488528426415,8.360661737669123,-44.55299661096367
-63.03145170908551,5.837026464536803,-0.864947631332612,-2.0763274185229106,-34.51625500063145,10.837827110446433,-15.32084139722177,-28.97976590378394,15.906862643933623,-51.94833991751727,0.19456814461999627,11.375012823642866,-24.514758280336462,21.09968693102984,31.064947420182754,18.94207103903499,-33.40492208774111,-18.718147352788325,11.032125106138169,-11.815621125059874,42.32042006534993,9.121608600720414,36.41345148894666,1.158997340071858,-14.916899073382488,30.061812201882187,-5.706016446142962,-1.8769085068346987,-21.35351678683475,4.171158929745307,37.944572705279654,-5.066775995127656,-6.660428520691946,24.25345245551035,11.870614845965196,-19.7829500277682,11.052784342443152,-3.776955756263968,26.471148616937395,-2.486055027468826,12.800175972057922,-8.759763543930138,41.83666181815781,-18.545553325346383,16.60323220415848,-40.60087819080021,0.593400746173887,18.505204791539285,8.723632671106683,2.2113999167165805,-12.442044963007199,-7.72473017554887,-0.44010965667224167,2.8577009571418532,-10.558591822391461,-5.830035958845553,17.05831128646899,-18.1873924279815,-20.474255082164213,-1.9714503366643399,1.6654098892952718,1.6569024356381223,-6.046570226662383,-9.86144849462518
137.83701149125727,-136.9710236542658,54.78686084714191,51.53559488727866,-21.442975503923748,57.07160210453808,3.624825972486569,6.322297177662428,38.74612738262822,-48.24893629821255,-52.87301397888869,-64.6396228214671,11.251615715340186,-54.757601041108856,-7.722916351405033,-20.367014548587143,33.43245217495723,11.415829412590082,-15.095075217135726,26.85958464151121,57.181160278566715,-56.78528945144578,50.578647349396356,-42.541266741358115,21.21535052142652,-17.516485063647842,25.52973733712049,-0.4687626998151468,13.441509668998222,76.33544199408918,18.863325454650724,3.0907070668100194,29.846471738073816,-13.721703962838365,20.60520243863486,-5.562083082001805,28.884377232534238,-2.1697087645446085,-21.739215693439256,4.263187146283161,-1.541408493675782,-39.29883063316387,-34.34856374216964,-36.79294016454199,-15.09769764799202,41.197913532017814,-9.007553086809729,14.66360691371017,25.778994717161012,-6.23645515193657,-22.364172942153413,-21.938642860519153,-1.9183726901543388,-2.856427404824789,19.24728422030382,4.388229253647488,-23.25318962666806,4.224018528208431,-7.918256392916806,-4.715980182109674,22.27402267362155,-5.036637592961543,22.79132006157808,16.35145748377255
-63.505015558045876,-18.640423632387805,-32.238095005846695,1.0046392307207574,-6.971656430318267,1.1618653242630828,-12.970460952462869,4.5794506654001585,12.249324014449348,8.932042184240084,-3.592512567249006,-3.0671810266027064,2.6771140635141553,-4.350114188857194,25.108827095778036,-5.760696740538499,-3.254783918876483,-11.331655119630634,6.816576148562947,-14.767495463235885,0.7622377958538696,-7.261053533666084,8.423143547340567,8.602545829806271,-6.741712644264732,1.3296170132389777,20.443588035657736,30.082162197195935,-3.081943939288097,-7.294233662805637,9.408076559435214,57.72457649099195,18.33495569950781,5.6048872658664495,8.183266016652631,24.859687788576238,-6.044639813717802,16.617759522783416,-20.18677276656838,-26.766118679523057,-6.376152009921277,-3.66109067012293,-18.646557702084984,10.883000919028802,18.3558320611091,-12.369888910839773,-9.989245116529833,10.199706217710885,10.083325534171397,9.516832552787127,3.9059891372487536,-8.308516738245071,-17.340959872704747,-20.151732644811943,-1.1820429721926555,-1.6018690868090153,-3.659894036338849,9.435188610379084,-7.2970476722731465,0.5356751646587226,-13.023091517766145,-4.011498705923479,-3.7444870015944374,-14.003095347461851
130.62689424203472,-154.0301342863555,57.91284346312629,3.857466017394248,-3.526881443411971,17.07245224615465,-49.44108539572787,102.57231948300738,39.197636372616714,-26.713679663981416,29.959567112676478,-57.73932198950841,18.634892693179104,50.23386718270576,31.420722431947016,-3.1717926197194934,19.694342856505756,-41.106100378027264,16.620972377196146,37.73236721625832,-1.2625018196401907,-45.04834579954062,-35.696514385739526,-41.865079336158445,14.244439426851743,4.892519304990415,20.97868447464136,-21.910099033592243,-55.43339028615322,1.7172336779464417,-2.505651504176988,31.95161822692603,-1.0461039724588117,30.99934685186746,10.418472436249155,1.8694916841102796,-4.024648480748475,4.135132415944701,0.8848096186577775,-0.19714958821182108,17.544950518531692,-8.276202385261335,-2.9076528774746793,-4.818618611363119,-5.255096050964455,-36.35703017848742,3.563557861567607,4.131740588060412,-17.40388925528225,-10.634045716041758,-23.599820769294627,-2.8727933517564126,22.52191274306417,1.2245400899128418,20.310668541312776,9.14673062802065,-7.506657870627412,0.8948900815740456,-1.431621799959334,-31.970133090261637,-16.673744537798015,-55.7645782611837,24.50595847143986,-2.670365906095796
257.67749308544666,-133.35054160920177,-5.942817232647254,0.3328717078400818,-11.573338720007365,12.212389127996532,1.9770662889031876,-15.64683528368043,77.19856719902734,-46.75165930309152,7.053350118907896,-40.89586103720299,62.77000047753457,-23.925229807585538,11.731326416139977,-15.824467303793805,-10.379578871268272,-32.81813822115048,-7.668403086673874,-16.526688908768683,38.177727073682604,14.487439069651622,7.701829687747135,-21.729441724716352,-15.366021739355176,-47.69167951988051,-45.15152721229835,2.738932692585459,58.28060325249336,-72.2382416499579,35.93372648655828,34.752050828004066,-7.065438733651482,15.124186165322872,-14.353513729498777,-9.120897169342854,-5.616358470115919,-33.03839442813132,-7.1464211573852445,-12.673783651201195,15.836266976660033,17.243385501837313,0.8056999532736465,-14.3241550805483,27.14950708786753,10.041452464990279,-30.842985707209913,-3.59501604818133,9.49721716013069,-3.995745074956698,13.59932114794712,15.607401092856568,5.558002088845502,-19.324823932745996,31.80336104828728,2.910333428848084,-4.050061965253113,3.594582864380914,0.40215709001124383,12.776514192207783,22.53196766784655,20.35991522573497,19.428081310567908,-20.86833035652866
9.001142493340456,-75.25584090755937,40.03708974591321,107.49897477029845,-87.07854918629829,49.1330763486376,148.5095811201574,92.08879902669516,-64.90349429905234,-112.80817705379553,-63.35300436836397,58.07435058108951,49.90479053638821,-69.1406728202801,-22.691373238346994,-81.76449999259519,-43.248659748012216,-26.093830538905788,-30.94505487943977,9.899023624722977,33.31474076638608,-4.9567034256587945,46.12681155367259,-1.7274493175852812,8.440196117151624,6.362155237155883,13.031158773099682,-11.1827046445829,45.91486389091259,57.693772262696505,-39.364071224624716,8.538593681461814,24.3176623775646,-62.85437043056866,43.113621569955704,3.436795455283907,22.059461252264985,2.1638524881328047,-25.430406837952255,5.875970450386626,-22.431222555167178,14.330266290391302,27.246425682076904,-17.48253544667056,-4.5541621510986605,53.08392102683832,-21.27445053685129,-1.5711382744912836,17.654468416975508,42.88685774846398,32.43293989506675,2.2828833744518966,38.70175994267872,-37.940922379431846,-33.067413321636444,11.795734412724366,17.263927226609834,-25.32219480395537,24.58988078677801,0.5778036955975829,-6.983271177149446,0.1434662396795498,1.5761298024159813,2.128204926874793
146.33235167853644,27.965022290892975,39.38814232277813,57.576149646543975,-6.0771156870607355,77.34392009070099,-120.7176985956009,65.84414362289765,6.015215722567051,-0.23170709539835488,-52.62262462343059,-28.34141011241947,82.88325721575062,-49.503581566396996,59.265739375659166,-30.73223053737236,93.01186393316142,38.97594323494379,63.02256867056074,73.10684505738837,-36.8794615695514,-8.734769008554604,42.91568336659417,15.602945572623407,6.348043345077916,-33.57755721866379,9.9570994432121,-3.211854651487277,-64.63334343896933,-13.601621203683008,-14.203592732386726,2.386962690246209,17.041008278244576,45.95119237547695,23.18886034720956,21.817017047105786,-8.99956148231994,-3.4139748925139397,23.767028163764454,-18.9275501477611,-3.136445874891232,-16.49542112694995,18.676640039785703,-22.486875335343754,1.314648844509031,18.02083851780712,55.141584293836026,-4.350609929951019,-12.153441554107943,-5.724877088483846,-15.359249714866195,15.45646610045565,-11.729542089395085,-8.359687771664975,7.87371722135256,-13.410816700215216,-2.6379813250621416,16.491104034453965,12.023225288796814,-12.648334388450015,13.521788199097253,-12.40310620530734,2.726658971193504,-16.869519402544736
195.0916938022719,257.09953932620243,-62.40092798199205,35.95656578144678,54.22703628535226,-102.73518772288165,25.350131202435932,15.919359578244658,-40.55915339738931,20.011442583316352,-6.937680098005232,56.53483130692996,27.49797829838228,-36.119486132698285,2.6104906139353012,21.696540365027563,34.25701887653037,-45.11918375119101,23.675645042173446,62.687533034197216,20.651411493024824,17.190250914212054,35.17212048031299,-3.7129879751736747,-18.589614435648453,-49.29919869166552,6.408207500422849,-26.32358526091248,7.329709463204537,53.10884592150729,31.891856875866615,-45.898110266526736,-0.10472235985280569,31.988059188083692,11.606774715139409,-25.329842917587815,-65.38190547892101,29.21401035196709,27.115241023711523,-19.17709144607599,20.555514458946625,-29.837623724365862,-15.529058157260192,55.87167460756112,34.689625607523546,-85.77684656129843,1.7213051372080106,-13.117248349586342,-9.58325006810357,9.237356477951383,-30.37183273109557,16.891225388459528,-13.476688885479644,25.177245548200574,-8.766667601096172,10.126253611326282,-22.741674544044454,39.82008976425306,24.638146125140445,8.943458337555947,9.873223754067796,15.055134146861205,28.30259608576846,32.600096835761484
183.1942249047489,253.97514320742707,-58.02510293702386,60.98097572140936,123.67604371564288,-61.03127995806515,53.98654128466818,-2.218188072867987,-25.94690172388196,-46.91095589530111,-44.69905761701289,-73.55817372170968,1.0430397434418905,-8.320666200300332,73.52165646942439,4.529384641463596,33.71873693993191,-30.98289752691026,-19.254490826150818,8.360434270638642,-8.736969179109467,19.52247880612873,25.103411816729807,-23.746207424313305,-22.816941945978936,-8.588925552139443,-46.75021641779824,39.62252690163013,17.972943343428945,-25.614659225798786,21.45303797168659,-17.771676285662313,11.438947902770211,-15.218593735350261,-44.623580820331505,2.7690191205055092,-34.93120305477088,-13.177200589439012,-41.74147133702866,2.9527951930236083,5.858949765392212,-9.629764745949949,-22.18803404546888,33.33733156046345,79.00515655471084,-29.07053107435598,20.17730822480596,-29.965666890627052,-8.377058505619951,16.166219250584902,1.3561401330926073,11.180619784686023,-13.22610490325088,2.9887565411553396,-24.155424024520727,11.293109778858492,6.065676855258428,25.303663726042558,-20.738439385408583,-39.76208328695135,21.463030479245628,31.267656867408338,-15.103868300754764,0.6713414656310055
97.12820219650098,146.68911940743402,175.50781890737997,63.05389024302352,-174.14820513865277,208.63524643623822,-199.37753857388807,56.357041189627964,-31.538122008428587,50.485707156668624,27.281984810436033,49.58867208373039,-1.861557797452233,25.8297641292057,28.19625927989109,10.890253756936753,110.2881986330325,-16.24022822856942,-45.897305231552906,-45.47112612719644,39.01948059105117,-15.897962196985308,-22.625384395641237,13.64569787868212,38.80129004793575,1.4080528002900445,-60.08445440593338,-72.31458275398519,49.111350971689184,26.920085819708152,18.93134571222206,-1.3395050889635802,-1.4990786754969032,-44.745090891618936,-16.422194536858044,-6.845341359659756,-52.6488943710899,-35.76608433884375,5.011868888877308,44.59293493336844,-67.03550713952592,37.67885929091558,-24.926619374209928,-18.474432999954278,17.363314242790864,-12.144203896332746,-75.98652616366226,23.400839522313216,-13.865769986480293,2.1493623505781,8.141093832640724,-0.8958661864257543,47.948239302996775,30.435309002462596,-10.602560665331028,26.43138847396804,-14.377212150928134,4.988241705071582,20.146973697590163,-2.3590995776584642,-3.183640154347734,-5.810548575491893,-4.035057705244839,15.892424196432067
243.530106715439,-193.3120664414015,13.277975095831898,12.456937397977212,-5.30926485823411,-11.959759228337791,-49.288282299881544,-23.516716345314556,71.51399894568584,-28.558532007939593,-30.07198422885069,-0.39836502920298555,-5.107375924164546,2.735204458881068,-1.7439172254376485,-55.90466571962079,-26.542570867147575,-35.09212496023616,19.404467041576705,-8.750778077254049,13.286762165185417,15.27126695727484,-0.2928544580307365,108.18958899302676,-26.978037272283043,-21.45609901371123,-28.543782929431732,22.142451174744583,25.197606747085523,17.594326374754292,-13.784634613417637,-3.650466105738922,-7.990592083532879,7.954137318672065,-5.709896343775221,1.1050287407609192,19.84404324582093,42.25860531632502,11.83079699874784,6.603013104259592,5.903377104181901,-17.693710742423264,-27.512007503619202,14.141495349135713,0.9859840493441021,4.0752740045431946,-38.02414065397157,59.150601766877664,-22.48679029872939,8.854101782719631,-31.533049157559137,4.572545626071501,2.3062734567387406,-5.055393411740065,12.039987766628128,11.749942748869374,1.4158808587784293,-4.68485467356678,-8.493329697189655,24.652813681846787,-31.500946412324904,2.958979953011851,0.37923515642465017,5.798787321586117
-65.98653256351372,-18.962043324949406,-2.556850089042716,-7.8608706845146425,8.375797916681364,-22.670252459109065,-18.491973856993663,1.260904525197116,-5.45655008684721,3.1782569157369416,5.8928554841135705,5.387916668914084,3.0310247679165014,-14.037518763962451,-2.6626510118170867,-8.464643920730214,-1.4368130033910842,14.389549097013017,4.395988103294894,-12.132980470092125,9.445049777956353,-5.503926020028689,-13.156703576926594,-0.3195923244565699,16.450351444810885,-9.09197537424604,-6.300916983003995,12.643727858481176,-0.5646103951026386,7.570891867276235,-9.644706778591933,11.825580659867882,-4.668019699903493,9.017642235468577,1.405379255263443,-2.080057605143781,10.05870624758236,17.71034727765635,9.654203471996087,-29.46595051497722,4.401148429452775,2.1138574635936185,-20.647084573928858,-15.195138448298817,-0.6153713207516791,-4.5475918860159315,22.392745741244795,1.4075029016359955,5.185178022386459,19.453016837095333,44.999115395066994,18.91642418516566,15.021011594927248,25.804247962077508,-1.7468127322461726,-28.65643436126563,-18.608798653668472,17.27672032648423,-0.6577275464642878,7.154480401210818,14.822122386608271,-11.967626753099985,13.72493790844201,9.456165248578019
-62.86184973144454,-20.263089772822454,-20.26200171213011,10.892167406718213,-10.643220667768054,-13.34510814933503,-2.2819265395333557,-9.758303067975312,1.4180364969662784,10.701760141482001,-2.0159540748860443,-5.8438434691695615,0.8532954906344953,-4.410586595524527,-3.0905861775970904,8.971895113268928,4.760028938048983,-1.1767734936591967,11.291438830579986,3.2427199719511735,5.977027099967923,-11.846554572127088,-9.381552272301304,4.796382097318771,9.178187580497447,-0.9063623000660875,-0.285444118329355,-8.925984031576672,8.87843098258262,2.4657291769184684,-8.46240932597499,5.33875946259018,-2.491524267978977,-4.408817566551721,-1.735562424622007,-8.897585675702695,-8.06136874632034,-2.937124899415339,-1.0449688669108532,2.3504489295116016,15.705275335435644,4.966635486353119,-3.3015600012269646,-1.7302665319754544,1.1568935924585626,-11.996277146014162,4.3787297764772175,6.70693252629193,9.313749804912185,-12.141340371665345,-3.859600968052366,2.830830273487947,4.7146463529058975,-7.492435726887562,10.16178207878463,9.537469073380313,8.489647850528037,17.13723242008491,-17.608084778767154,4.6928038485218755,-8.83687092214717,-15.15238234162436,13.43091638784018,-10.108209891885002
-65.14394870841653,-21.216823559837383,-25.712472317220115,6.298826423905833,-13.172669287005842,-18.47406825504847,-5.324759286708402,5.082987606429091,4.465945989281985,-0.7930838935875165,-1.3391329209150185,-0.9493519467191077,5.525195787189012,3.206729355305932,-8.76359453325109,21.728753011955433,10.916019958953331,9.14459165857514,16.17106336711185,-3.094169434847549,-2.6837650825867656,-8.920728509361151,6.899472195584077,6.917204858930109,-0.8418057842922193,-9.219439489227652,-7.751008469316763,2.124973589140022,0.2528135633218468,0.4573374494732606,7.450967444730496,7.515713638530618,-11.65884442516308,-11.876057392907727,3.891434896656664,3.131184879667884,11.495546569020624,4.711861118418884,2.120734045514064,3.425691534596275,-7.28937892248485,-9.597764758503384,1.244759670742332,-10.179202240397474,-2.3818025370689395,-2.2602423529740383,-11.450162550387699,-7.3726227350487195,2.9530094587287423,0.15841050796567727,2.204020760671079,8.358978199825708,-8.232687270351093,-8.705348194984055,-1.764034198737343,-4.441590207906929,-7.771525567288901,-4.250700360477426,-1.6769923216377995,-8.369400996388821,4.479138418753611,1.1773616819788302,13.243087414614356,-6.940383919912577
20.891895408665587,140.93460403509306,62.55646771542148,73.99578541437904,145.56729740609245,-31.590611760598268,-24.040622289580796,-39.268077933461264,5.719408461089469,53.25400718759672,59.13013084556817,57.29839310060146,87.23128425783402,-15.859351631995501,68.29804691309711,-31.941825000304263,54.91162674620544,44.87622951542385,35.573951485594066,33.25578948920599,31.64438281409527,-12.991375241141265,17.016918786751855,1.294439713824976,-63.564788398698774,13.976156107237736,61.60059825143404,38.61918974087136,-10.179230799131972,-9.401494515976305,1.4102967988903106,1.1278192134212157,-2.855755346114677,-34.0132967231556,9.743513729931415,-27.550027893810125,9.140056671254243,-26.7262989514088,15.81307052960815,-5.220234225746556,-35.406312306641816,-43.961760637054745,-19.811220677590985,-0.5320097806084031,-18.07478983316317,-24.824259540923673,22.39148253802314,2.5547004592972415,-1.832330533279906,3.055619378790009,-3.4541677206114123,24.397092949578226,12.84328290166796,-9.797616561500794,-21.032088673085543,41.97023147492371,28.61010348534585,-25.971557074436433,29.366646414539787,-18.622639149296138,-27.865795870850228,11.453154167685454,39.811457056022526,-21.28545110286208
-50.867308999913476,-19.414039543000534,1.5260490455998457,-29.562839434373565,-20.918998800491945,-37.000521973980455,-13.876461727752858,37.4029235566317,-3.7783323982355883,30.706974026931682,-28.535349159574718,-12.08312433950932,-8.285946531825132,-4.586671415547915,-14.56875325362298,4.179906066256871,-17.853274211275995,-18.9767202012957,30.448296547190346,22.848398825828642,-16.878018127208843,50.67367780948238,-0.5343577492516437,-23.39738859284791,-23.1474466303528,-9.439260345586474,45.400404222793725,-7.963522287659921,10.903261096952425,10.50273361578702,-13.0601531454232,-4.868078523077772,21.41017889962226,15.389758952683694,-18.209838050318744,-15.059727076258662,6.056589250665382,-19.49777195518809,-11.728907852715388,11.399575498322267,-12.888714797352879,22.135030263633517,19.761376769740846,-34.68451910657162,-3.980434732045559,-37.93130686899549,-13.27383114107679,2.845149657018486,-17.501574735288646,1.8810630618827786,21.97589795563141,13.294898144739689,6.066901380629659,3.848596614502619,30.942266044622233,8.433054509858843,-1.5527034446865897,-10.754298239748389,0.6506228841100535,-14.213550413311713,-18.570637040109908,30.561302282297863,-7.414348923396255,-2.903755154200517
73.19266432622125,-93.83127745567492,29.132581212899844,-93.74141224913427,45.01042479366413,-122.52366599167391,-11.169808736912882,80.97116349055032,-88.59867820509572,50.94591387584243,-84.63886927752168,18.992695795037548,-49.9350645967553,49.25422141292702,1.111901275472488,20.56456833791444,-25.532816799886472,-88.75432784373221,48.48088714768565,15.616328627252278,-16.58407495070101,113.039946170168,17.64168463475701,-74.11963240404754,-28.403999626106582,4.124330547571605,32.47353658364301,-73.2206554938529,19.642131667237962,-0.03617240992995102,6.0877165104760484,-16.756503435547263,47.383279064533674,27.313221050936296,4.767503680677302,13.625159168020822,9.497801326893889,13.848521013174887,-44.80802307398597,36.777879217503056,-25.877642554896326,27.588911575393187,-24.622297505773588,14.567510811927134,-0.43433981984432674,-54.34423834937036,19.291490589282574,-33.12279507278784,8.038477056780641,-7.618586128791129,-22.4652533949768,-29.326647435107635,24.625557488150687,2.4649163219541537,-13.736476430121321,-3.510828287305673,-16.14378958808072,17.36347573337514,-33.32350047010747,-0.09411876804627653,0.7709946137139522,-59.428118542628894,33.11262989312703,-11.360774932264043
-60.522209523566715,-10.825486193257577,0.5113068451223071,-13.558233187136075,5.633077300560984,-25.799699063285782,-10.358984151886675,-1.7416333171185636,3.785644436378087,-1.8084775587457151,7.393281257461786,0.804695345026997,26.9754115529465,5.671105509796676,-15.767889488812353,13.068246576806866,-11.960787611176102,-29.97801274422029,2.118913121267671,4.482965731131072,-8.262151400761647,-5.049595282847396,-31.505307915358152,-8.988261372203064,2.5566727703359717,-25.26338650622047,-27.701780861553257,13.820384196200514,-24.16532708182245,3.0028963448383106,-8.214349745435374,11.231725881106058,22.34624749954413,2.0449808225727435,7.156510453349203,27.559660233539905,-11.47112954515129,-11.323086471295861,1.4624139627656956,-25.729311413419087,11.396628209358424,-0.7319580607179844,-16.168292721744614,-0.15286786556644572,-1.8354531190304335,0.1856922108220689,11.92829837157119,0.27093844250482424,-1.4873003616135958,-20.95376829124398,24.714948141447252,-14.045130142752248,1.4281392273367242,16.14880692904368,-3.288306677940173,10.999318645662203,17.523855111950333,18.12924772119753,43.27408129999374,1.0413677130425212,17.265958692810063,-34.12442732769933,-18.864637009944758,35.20121930066357
-45.170947403154095,-35.389593900338156,9.315159153240177,-11.815530703720142,-7.4996876409801025,-19.401885019692422,43.924506405819535,63.57406938585371,-7.127220884828349,-14.965096348520486,-12.478611690526078,8.123432124769852,-16.998387545644718,21.557697664038855,9.719573233387452,33.11606011030105,6.695568270717387,21.934579889023343,22.05002252896516,9.970171983079702,-9.445045674968114,-11.221162576137164,1.8555313172244883,11.760526824482987,-18.164483968424193,2.2527483054466124,7.984556246270783,-18.779051014080647,4.368476797762452,9.43935155046813,39.087628189802416,12.48793053378965,-2.3246514149645745,23.930574076869092,-8.989331363129313,-7.722434743709186,5.116700373657015,9.46468777780567,14.775283717227435,-3.444356595491756,-23.34273627003808,-16.706061824033583,-1.5447534343132114,-14.675622940389658,-0.7192247488759033,7.253869293635038,-3.451581659829483,14.58406191039542,4.685642031213787,9.456065602067952,8.72442479696,-11.101067217831512,-28.783704830531416,30.81064866676014,-5.631106474071365,-0.796714161883099,-0.4076329031831417,9.086714097168997,-10.651883416142882,-2.7232431679678815,-19.128940328033977,15.338657370246297,-19.061936855774036,0.20509683692757205
-57.717526095561034,-1.8948863746390876,4.810009247346437,-21.56101071483909,-49.7746547160252,-17.350795908870616,-2.859259636305031,2.755481844988175,17.406204760257886,-12.762338812568046,-17.805146946241145,-0.18750269978757503,-25.46937179720209,-10.786977114466994,-6.74872522092135,7.379841825207512,-25.660070000700653,23.9864293912585,31.52189255468913,4.306499050699009,-12.262615902272444,32.05776795514572,-5.889157246840005,-6.693685055252052,-38.409864831184336,-33.22215727314534,23.84450511305983,30.16579708491797,15.175181857860915,27.957956240808926,1.1768570882932117,-5.465439566724953,33.956003981306274,17.882126058238843,-2.3909121701944787,-25.69826935484339,-16.746448626387245,-5.716128645627674,0.5865543564859781,-1.9994209771083158,15.71954287255988,-4.8863128469392265,16.599401678643872,-15.102306352394505,-12.41391388580682,-5.3505410897307994,8.317022580990693,-5.648962349393418,-27.93585787629848,-0.7838159486182621,5.8640330501241165,2.970784091371083,-6.470379968289198,2.1404954535367837,-14.429149274488536,18.30751368768115,3.5140401325058037,-13.159684372850663,-24.25549376085413,-9.975480702916366,-16.767547188061236,4.8408918113706125,6.146547637426876,-6.279728292347546
-52.204138503340346,-28.09763869456557,-37.60938588569981,5.206522669619484,3.263853617049578,10.294036694764191,-8.372410486391416,3.2799311299473444,53.30126479334019,12.729095595115028,16.337021859520238,35.13023486697712,-11.232687238404694,-31.533304852298166,-7.800592235241176,15.079698802736742,1.8666515648948785,-12.866677634728203,0.6667485868171652,20.94660083095839,-11.910110525746246,28.063289044730016,-15.693042647770021,-6.673541909561208,21.253618433635783,0.4149120930418051,8.37873023372685,22.90187811559528,15.163198685782938,3.3622244642277734,21.574422239423562,-6.563515208203402,-32.555346193226846,-8.261574126603213,-8.96650843706851,20.57950201915141,-8.501449715568217,-36.307359512550576,32.33060427077152,7.661705367851012,-6.453505569693151,2.9065505116733403,12.193820302855617,32.8188847197077,3.195987431817983,11.457497997102713,33.49291044342818,-1.1168302275873472,9.828318061291947,21.774352374532523,-20.297865074327632,-13.47717102868403,-9.928489757018946,26.37768324541405,49.502222336665476,-16.183208237099674,-3.16075647627382,-12.601474917257407,25.963849297669096,-15.777256073602388,-19.868066331548018,-3.213760623372332,3.593818798879537,1.0543529934571128
-83.07677204345627,87.35796480573738,156.2620698829493,-61.359566313293506,84.56825274706023,-41.0784940339078,-60.652222570414125,-106.59459807395889,5.022935377309488,-126.0782548587671,86.13683070927132,46.6215009882862,-28.841038327728402,-10.036643572592178,38.54924245001142,13.423477579621645,-5.701945357858478,-6.07912731009534,-2.3103780635021134,41.39443439547222,-47.43277003500716,-16.13433139492305,13.308290895102129,41.12632735351768,-1.4356544205016653,-9.218700663028137,14.89131911604991,14.059745146166385,11.836782530333743,28.347492663501473,6.855020550541595,34.227453057418195,65.196009161792,-17.11289326234713,-6.013766954707384,-44.566269298019684,-1.3586205867998296,-16.94039612961741,0.6174875759206949,30.525358822060937,-25.009984472880323,50.62031964301373,43.59426193029031,-30.295477711453962,1.5716411453065773,-11.651020291251115,2.885683782353341,-58.70665224219984,-4.898649231781702,51.06050724519343,-15.722552610837214,18.585295406571806,-10.762467391010615,-28.502974271010718,26.73234415905998,-17.154721354308652,46.269583307557255,34.37309306669858,0.5306013399427043,8.016397810853558,20.552608159279988,3.4895384215530907,21.84305408200269,18.430160135869876
32.167896914592646,-61.550898416270755,-35.24014455636817,-8.600835208711974,8.048025909214388,10.375780310813958,-19.552004369772302,3.5639066637045356,-25.170397848105644,-9.804416264280064,-15.496305081734423,-12.370792042463993,-49.227368362959666,18.554259620974943,23.22788170749819,0.6555332214517744,24.024785349403356,-26.36206443892505,19.27805140326998,16.067867987882412,-21.41636872210729,-21.380691651664254,-9.480237620328218,-22.766010130361014,29.298241326707405,-5.95790972070967,-8.92212816643822,27.285230857084496,-15.068286906371345,-2.0376045200551602,11.85829430101613,9.558963250642144,-18.872835918737824,13.889802604492914,35.098628719772144,-49.503598596794596,-23.849492883187764,6.919218955412304,0.06584572124757873,-8.262316795160261,13.563308317244632,4.60540755132916,-37.448944624867835,7.997174840777599,-10.473653760509158,-1.787613003445418,-8.481572333381841,-5.4992931895604045,-1.1605022724951883,28.1738216413142,-14.786542432392892,11.486314141260504,-2.4616498827069324,-15.462777794736423,6.383627162251324,-8.154771346990835,11.776668089076617,-34.8789976826867,5.618300831538033,-6.445264649978068,-2.4198668560598295,-22.13970081777644,-2.975411428952866,-15.705480295212164
-54.597843077787935,29.81757968833784,-7.698251812798234,11.587467839912824,25.70493819848475,-0.601886364924304,-15.433111103954396,12.913196212482122,21.47264888440487,-21.988177232848265,-51.462280459140665,-31.77664946155691,1.1467597938647387,-8.879768920586049,-23.73608085808052,-1.5850315172739173,-16.366952757974456,-28.748727200269975,-10.448223765002576,-19.65469368671181,16.52942600739308,-15.420545021223276,29.71058571876647,-3.9890520609326856,6.62297319753477,17.728700304325265,-5.677780798598881,2.145393660654014,-11.510731137359961,-18.741481569934415,26.547479336863205,11.319090424427724,-14.057816556023718,-3.289247756590704,1.4424980810904369,3.6503382650411105,-33.25263247692717,18.349620091655506,-0.6629450027233764,23.621879631927047,-19.406543846686603,19.28294063431953,1.138949977491281,-10.428923279345206,18.00061488352128,-22.82153856591999,13.986773843579817,17.14020465361405,-5.8753285694730355,-1.650137269306459,-5.052356595475734,-25.58917502404586,17.278244610912072,6.327319107631115,-26.472660987433745,1.6044037603530297,-12.406224115905037,2.0310638996641934,17.10620379860324,-42.291525880174454,-0.6386326817876838,-0.576472021815304,8.935926817829818,-9.760144708042608
-37.274060915606384,-23.46806526278729,7.524802547759759,-6.894029842217806,34.91748184397758,-12.639445953350279,-20.31692116268917,-24.867615490374988,22.517016819467568,-43.5449046785289,32.795922831090785,-2.9866733013648776,40.04705461624599,-24.952210681490705,-0.8495454007763541,-9.743359524607989,-5.2688712073301485,-9.63861247077162,2.4333143780067235,-12.836216946794911,-32.27155903002445,-23.865332433176587,8.433117147032883,17.568956124313967,-26.98848433959043,-6.923817728893488,-15.280515165923955,-8.227375144522343,35.55526725808011,-12.703171557063596,-20.72496734554679,-25.212195047058284,-27.42534371803601,19.1233816472497,-7.654299583146584,-14.210797251769772,-23.815542016486436,23.11228059417657,-24.18727762888664,-9.559440615384386,-17.303548978276773,34.99908235657525,0.09088236780443402,25.561843611447824,2.4361175872670513,34.19839643181949,-21.768575936570908,-7.937926916771353,-18.597710501694863,-5.906309941983903,-5.594552165833354,10.859276048969186,0.745585028930713,-28.778982072661925,14.378916283297269,-15.596952221200787,-11.961019778502639,-20.439511987378886,-1.741708423531273,4.359761480647759,4.321006999606199,16.32880140708467,-19.08391466846788,0.48892212088011977
-58.33265742602538,-12.65318586870089,-21.262963198878282,-2.435405863727315,0.3244745781903477,8.27292021466017,-18.95979746709184,8.877076465760432,-4.208555587838007,1.506959355748046,18.87752250999075,19.27755538461892,-9.766393734212475,-14.383054486815865,-15.722543443239115,2.3316922585225766,2.3388399388438903,1.3928824356492666,0.6673644726734892,10.501010719851589,14.510117354779672,-7.777757395439998,-14.432808100714418,2.0387103786533722,5.832780746534152,9.94785848561887,-8.830059188715904,-4.217875587430736,-11.721061811177913,-9.53686682265801,-16.296420569374813,-7.603014059446152,12.708958687087286,12.046815207303139,10.725891337078776,5.248461049250283,-3.100393318454222,-3.549502343182864,-8.197607799010825,-9.640417556209787,22.051977086643983,-3.5529141574019993,-0.5971020289570573,10.333692119634081,-1.8855215383297335,8.265903495249985,-25.52275171452269,-17.53565010037701,25.35695498027603,-21.528858679142544,36.35836358091398,-10.430143309288347,12.015693053159634,-25.2087854204459,-16.4392236615991,-13.645948837268541,-9.23738099014761,-5.521333845356192,1.8213296345576575,-17.442581282934164,14.943537039825756,27.1164004405755,20.199744148274064,27.319493261025322
285.6305687595148,38.586874807668295,-71.36515300205629,-3.9512328765218223,-26.949900737363528,-9.417990712119348,-13.01823971094823,28.34384790311065,-77.5011772658198,-25.23954769806097,22.59448691486099,49.9433166533684,50.2414505639658,8.199164289335284,-48.730776806664586,89.22621911349165,-35.95533509858881,33.320605094621044,-63.50402612592621,-22.79394942550046,24.016327917070836,-82.20556811836578,30.8170429491962,2.3346340884272063,-13.923518322627395,-51.18350901952949,13.43507775097221,-42.39978292975569,-7.246416484148244,-16.704783387436446,2.7607455629301048,-6.191646315416341,59.685989321448396,35.62365549507444,17.686706029433413,10.340524211914467,-35.48437699062497,10.269327416022126,1.7841810893841823,-2.6242906813243425,6.155808294174445,30.7171880319502,-27.260457784184098,45.00892534871741,4.7566673327859705,-3.3800928497476566,20.929325303229568,37.08411614314842,-16.013773639609415,36.8263944452115,27.433365192159048,10.343137098579433,-20.0474111717915,6.452406504839903,7.153007507454611,-29.412672759183767,-15.512687116372174,8.63960674505976,-17.395795223346894,11.404332186852626,-14.524355263615844,-36.06270399860323,8.947018253451898,-17.659740656248157
-59.13922607704123,-16.841825219456634,-26.384289560826044,13.123137862879162,-15.042442798754225,-22.992327148232082,-9.906975490699361,7.834439188968064,-2.698524649930674,-0.7979165587937216,23.746143281722397,-25.524625227984313,-13.65049426623498,24.421512784484808,6.119762171672222,-19.795004506585716,5.43951399148394,5.176100855601134,2.8046987785492234,32.070153472871354,-8.944892772562822,-25.520610107260424,6.016279409619822,-26.173952450173417,21.84759156015763,-18.27296715175256,8.806068393417107,34.56467608558043,14.89020366279372,-9.010093577598623,21.137410467775368,-21.433207360406442,20.070943257295013,5.88600513764814,40.443269372509356,18.026157109559723,18.268278802294798,-5.418290119070007,-10.47092801392849,42.87849020077717,2.3975781419642557,-3.7557928699723377,1.0389704752308915,24.140955469920446,25.11975122658381,11.043282376212238,21.26114144618626,14.082765138140248,-14.196462507223735,-7.86184610555866,-7.714701924611054,21.80996321412353,26.296999942801257,4.767879909615459,7.57472264732749,-8.480781761338319,-2.9439010205343132,-8.971023319854242,-4.731478051774877,22.178840127015274,1.6651520119565266,33.41760162280009,-5.335590081982927,1.9890526396392543
0.01886963723969032,-5.5886333733289035,197.72839406939283,-1.198558612017879,-2.5056522971907382,51.50596795835858,-37.095796811282774,-21.095462049823233,-91.27985874828892,150.53501742000336,81.63302918495934,-59.08151198928442,-58.06793822628561,-62.56293014287887,-86.75436992943877,17.67376839577843,-58.00206968455231,29.223976714969396,11.18978295731286,0.8045990602415246,33.372142912012116,-10.763969802341078,1.4276155091087352,9.988967657091417,-0.9332516996838094,-13.115173133287415,-23.215504623642452,9.403840095187714,-17.62313023365468,23.776228507062946,24.765472519999822,-17.298518041340746,47.959160366250984,25.62328767420293,15.217401405758947,35.84214375913687,20.240658113206784,-10.768671719040244,4.812245228030172,17.364216124932316,-1.6590843207300618,1.143639526158353,10.47966286899015,-21.930106247019356,25.305298584546264,26.8328229138987,19.49740611131256,10.09610750163599,-19.316283585279642,-32.898509452061354,-25.63910627629434,17.228459095366436,-47.259807549816394,-78.9921461611613,-46.336886417138864,-42.27577289406535,-34.94587122153923,-31.339019086025402,-2.3576627051394543,-21.81118501993421,4.782374245821016,25.923102546664087,-28.90988019679437,-19.75050974565636
-62.7577736661071,-24.931364174917878,-18.771743103818157,-5.968607154532032,-8.796836572121213,-12.294618083723401,13.364401161327276,21.18965660358054,3.837745625571981,-8.943598913214803,-16.22117192443107,8.767430554137968,-4.3551972380178645,17.40613406133921,-17.891222944978665,31.702894906347364,24.4490749169832,35.66511936495349,22.069311511208355,9.734129727621735,-6.72149002931562,-11.103818752704539,18.950424176593405,12.802122256928946,-12.83907669961335,2.1123989856084413,-12.91079137938009,2.227208590837155,5.362428727340827,-3.80723430781284,22.164217686652776,4.001805129849502,-9.867763188984792,-8.554899461999472,3.9773081583194303,4.660701718946892,11.818402037229625,-7.191622053642164,7.651039601603761,0.468632394686998,-10.575559568255079,-3.4283104321715934,5.554376972012392,-2.6215046782710285,-3.2591919613227125,-6.72639946722332,-17.441187938494856,2.6799709595654826,-1.222704575318938,-14.460235819761895,12.25341071795137,10.268150210787631,-24.608546560800974,-1.6855487609810629,-4.878073061019835,-1.5891272354891497,1.915516453956757,8.958124107090246,-6.3598287255720924,-5.779923077673464,-2.9480048220659065,13.785703695987394,-15.90610768169346,-4.5738318045537945
-61.11066392440838,-22.54102804177735,-22.884970797188878,10.38993355706012,-2.6654556457970537,-6.85257256177372,2.204525450110864,-2.3917262801728567,21.96943068608984,13.044208205836005,17.044104178862465,5.886818940664013,-3.0726397360500064,-17.900186227282017,-12.974841008093057,19.223999992510336,16.317227367294237,1.8689377498084383,15.517887416282615,-21.14579661064831,-18.282104071124294,7.908652107359304,22.86353972668227,2.4384846110542977,10.51517483698539,-1.928186364755063,-21.597711389397485,7.796410113863283,8.57419879900854,13.052129459379437,-17.24181882727608,-3.443588428223122,-7.719558322785186,-7.462773423422122,6.905721241165583,8.669954194674087,4.193278576790212,-20.03084097394594,-3.171658412372866,7.258540358287454,11.806533166943936,13.957508459897983,3.6640514820314727,14.613039725856853,-7.402486822893752,-24.72931180011599,4.827936975857669,5.568743852711912,0.20559782717557742,-5.471610858919018,-13.928522602149505,1.964637599208094,0.7703891832567732,8.558589363812647,13.392709199216103,-9.936092583427158,12.021595557075289,-11.635986630134333,2.5048870526438787,-6.536944031440088,5.6959643451646045,-12.393923083814844,12.187544010629344,20.03995179250326
29.677269467095318,121.0698988807094,-116.04512894503284,43.515473598137376,59.344909363353935,-48.73260979126265,25.28358766442517,22.004574109179885,55.375175478240386,58.29555124224817,83.31776031106088,140.46830256111855,14.56220248069914,-90.12055717274406,1.8351207966714196,70.39544382737898,-50.30703255122169,37.923090120293836,-20.461994278615176,71.37106296397324,80.09028632063851,15.640129778541768,4.46787276527355,-46.22518214630157,14.566729220808904,-20.49791985036968,3.041880348712946,-22.055213906530078,-8.044891860289427,40.38565243306979,-1.6640384426114032,-14.143802306943202,-35.166529005998306,21.684879063783846,-30.70352507998339,3.780461452032616,-13.070350885933607,33.698836461940836,-24.06072367859319,-10.387111058367408,-20.252648550875485,22.71923688556696,-16.11974279360268,5.830428927806969,-0.1471737734707621,12.11806728310792,15.165957725159396,23.100807983314905,-12.928477254050122,-58.38204049670346,8.023350587793754,22.649880883923178,-0.9816022449678021,-36.154794435876944,33.39647434528289,-12.296040460984262,-1.4956264148766265,2.754159176403456,23.42916564059646,8.125856289293468,-21.14694990658712,-31.95518507605499,-24.093093808279807,-42.45178772750542
-39.41447582053955,14.77330593567916,34.08922403698675,-38.606373096421066,-51.97516346325167,-24.395789870866547,-13.004903362075448,36.980624400037016,8.571093069709692,50.15679064550615,-6.524081257496137,18.85292432048839,8.919324129179044,8.110450376904627,54.031845651846425,-22.183285413222155,46.66330499869326,14.862046679991641,-35.59018357081899,-26.818631117920013,31.16181257421487,7.126061882600261,5.166530110468686,5.989901425906779,6.515768929989847,8.105583578460863,-2.142895455958516,24.07404533788456,31.323430429258508,1.1152406632863323,22.999177606827313,-30.74624568718618,-16.899697684912717,-46.94920276945427,-29.24419670344613,-20.611923264410997,-12.781453444959151,-22.211494069676156,-11.82145257084147,15.620279336657845,-15.58244598811716,3.8234603596233843,0.36180536738637603,-1.2710085221047185,-6.257651273692563,-15.893542604447108,-0.33218177539824717,-24.098230077931202,-28.2769927752844,-2.657294598761089,11.321176554740289,1.6604568784983602,-6.197556894081789,8.398604166527319,-22.911195379677167,27.6064003929874,0.20150968937892286,4.849733242216404,9.661839418767192,1.778205006385843,-2.9930764365064615,8.306139535069244,-26.532187497895524,14.881398123798173
-66.36912824034738,-17.192123487525485,-28.56108620941764,13.528835173643344,-11.48057541210131,-24.33845825067052,-11.056051196907513,0.018565958829968008,3.8577728944716982,-1.6354931469477418,11.696887636857808,-26.616199015272567,-11.814733592910446,11.495485887366831,9.831100035213282,-7.979768214472289,-2.6286497481160063,12.285333375421024,-38.50586943730846,38.75566260227717,-17.554654858984975,13.55173358940307,28.06085484846547,3.0419084325565278,16.679501972504227,-15.635121075860459,-12.422894115679567,-0.663843614793245,9.495429624256817,2.6509039142473143,-2.9411305251354936,-8.90786694265268,13.86317740565193,8.772397777679883,3.589644434635125,9.680145121943351,5.886833158875851,-9.129496438827417,-6.705443428300463,-2.5498970332270137,-1.1249746852311158,0.9641405758886786,0.6621403433611431,-3.9464129205446983,11.669937151991888,9.691611854687551,-6.534410714490562,2.63784620654073,-12.189126167358717,-6.099043200910022,2.027102632907994,-4.391485230711549,1.3053972882619846,10.209988777115067,1.5688397674396857,-2.359678528307788,-14.006644783583626,6.047303561500501,0.4239399422188612,-4.70111990046563,-12.390240974253766,-6.50377289561666,4.3315640841706395,-10.4941152942551
278.24783396340035,82.8539970402619,-129.0096642735052,-124.87223796435396,-94.28886630495201,6.944669417791731,68.57045412676386,-23.250295385267673,-39.19822254720259,-15.78720214927755,53.320072462489286,-52.69684114995647,57.376247862150535,-39.986587632771155,57.77574518506959,41.77283272656045,-53.9519117170615,51.55079652317039,-32.53340639815891,-57.39880327430567,24.80251088696111,-31.108143019558717,0.9248001740540883,-6.430080101782951,9.053509470327576,32.82678869755628,-9.810104780701197,-22.37745749161632,-14.797661139808763,-47.361943439860376,-10.898446666633467,9.820244745748672,5.01713498648857,-19.72989582010822,36.09286688437075,-20.4871657187999,-1.7669329589262492,-31.68936903796811,19.679177524673083,3.3371448661169105,-9.383745490503188,-4.130812740211989,-16.810238709331998,-4.83920877911318,19.96808626339558,11.163483488384887,14.281901263922553,-71.31864746942075,-0.4120002479488348,0.16173424395402963,21.67972348877971,-21.017970419318086,-16.34306973580901,19.509373806767837,-18.25517641514255,-26.803612965454874,20.240507804628823,-1.6957291930087282,6.2704309836103125,-0.26012513410887894,-22.275989047551796,3.836696591997894,16.485593950150438,19.02490364144255
-62.64778211614211,-14.752609058488627,-12.269309139315007,1.2949587153396356,-1.199161738640056,-16.569147273494917,-14.60089872458727,4.2214278828995155,7.399680417387398,4.55535052031007,-13.114356082550465,-10.069320050319734,0.38826049492029374,-9.744210574506535,-1.4681792885863163,-4.081428250253522,-9.217290044706887,-0.009406119878579734,-2.2567989696018427,-5.356136380906457,8.128715410759487,-10.87124818031609,5.913433120137441,-4.088647177981266,-3.9872859096407782,-3.149487913453065,2.8572518786596395,-3.360379512605842,-13.230987962748438,-7.914855009340483,7.155322247835235,13.96573251825255,-24.94922405461231,-2.720321836991711,7.352509905700253,7.525114396484148,-11.752129009179802,11.995834696102165,16.05410867365404,0.01495842209061741,-21.252841731735867,11.932789767208968,0.41400922680035696,-4.392697328560284,-9.186397373961588,13.209814499852895,10.75548848364712,11.897727421611506,9.08624199516683,14.26590398662863,8.938313059635522,-14.660013930355555,12.666989583898358,4.59913015088887,0.8674623251609548,-9.030544674360058,11.301278065392538,-2.2211200684788754,-8.774987134236326,3.749615134368681,11.445112786111125,-4.284042957920474,-0.5005272622985081,8.281714218169679
-59.72204441937385,-12.15434605747027,-0.4197355837839514,-9.701987513486802,-22.955027938362104,-23.21477933300166,-10.691809119786774,-23.50951465160565,12.888551744005982,-32.783663225850674,16.506679185419586,20.082808932906,-7.453478043758543,16.640535173908603,7.148459849508871,16.519652454252082,-1.8474024550143553,-25.403047565948377,7.540042651772187,23.371016302304824,4.111301001575044,0.2107580413098616,-4.684465074740129,23.751041635430592,-14.660343317220276,4.009272767097717,8.459295532130245,5.705243915083958,-40.23589952209846,-0.45502074509757795,-18.761951792195184,13.289174996706187,3.5491233399930553,3.747266648988081,-4.614148880928075,-20.541190866054702,23.14386688760136,-15.812774479104736,-3.2135943633584154,16.287634762103202,-23.192581721925237,29.940495319019337,-22.09937849087002,7.739195798118866,4.450178906428632,17.52514846713079,-6.814445737009109,-25.045884052318588,0.15944421421432686,17.76618873788421,-24.11971647738739,-0.9038633117964684,-3.880810618731479,0.13088165234502386,2.424505138289787,-12.390329286365457,15.967961205779575,30.64434626059562,-21.778311223395107,-23.000658459940688,32.43542077866398,0.20204142079511045,-10.907001672714504,0.8606286244009094
-32.00164624406453,-9.342938916340083,-12.622596206382692,-2.362436781017859,-35.51749820962336,-18.944265061157637,14.063953237980522,31.342459558557014,-15.96649930106827,9.94305901688629,54.27333446535873,-33.98726565861002,-16.529803554476533,26.587385304803586,-6.758990155778791,-32.96658089464956,21.366462638042115,-27.84656029391562,24.60019168524643,14.40049472455456,10.145295270918329,-58.41488355612313,-28.822802310325166,-43.34224995687554,36.57000421333377,-8.42472368022957,64.61062573607657,47.40515850990861,22.89437617464112,-0.3398465467954385,47.12568455733463,-38.602989238830894,7.115926739006153,11.853116446564883,60.78876204222934,19.073781715382076,42.381312834852174,-7.280449259894785,-18.073883031238758,33.21417368290089,13.97920319177148,-10.5249759826243,-6.543712528401272,-4.1094369459643465,-32.19579151208694,-9.189615479165333,7.50424748744962,9.155019642183861,-2.97600763160018,-13.204624746560693,-21.236907050160895,15.299586646971765,1.0938728206540966,-17.515982646539946,29.245333211734213,-8.080321404159077,31.318180747158664,18.647709100063764,44.49565815580235,7.875554884948288,-0.6411037910381532,20.386986045974542,-12.076890855892387,-23.378370384710628
-54.89551842042204,-16.033336745833147,-37.62643295251472,4.187645349419456,-11.39752047671309,-7.397398783586766,-7.264396196409039,10.088774056905647,21.57592864266892,9.328890603753578,15.446725019974735,25.684498992278478,4.777922888157218,-15.664583535721665,-10.365246809744447,15.213659820943226,-2.0626789044903013,3.7771524133669954,-20.965105981305125,-10.365663367763949,10.309309643583806,-19.59500410899446,-3.4267520474907402,-16.033488264248813,4.167925595386443,-2.4120137219663382,18.373870634567464,-18.128983619029242,1.549079054979159,-2.1274239329379756,5.494660036412941,-22.359467931585417,26.489659625667084,29.58176531087033,-11.512011301404785,-7.224851276387445,4.97638551139914,-8.412903324153117,-6.855792215494843,-5.0161323347132765,1.2099989087517333,5.357058119467697,10.548399851583232,9.538207046580148,-12.500467562520262,13.065332799711218,-7.106810072724969,29.337646697764782,3.767903475361242,22.51210831737302,-8.170462702329894,17.029515639188453,4.8247835702272335,-1.3592416490073267,4.775267591295091,20.654775524876523,7.503996259283802,15.200807048543243,17.804798512124037,-29.11240265433466,6.868629350174175,3.4604377609298065,19.743904907090535,7.312435740667084
-88.18402256792307,11.823288646386223,53.68289301138319,-98.88446899883233,152.96051023007308,5.1615910997443315,-47.360576932362314,-60.27402238017429,-55.34177754734644,-63.63561632388626,21.379378458741915,-19.7041541854984,44.65848899798036,-71.01988454118539,5.255581580766528,-22.684108553030207,-25.886152563430105,-11.784887356117782,-3.179000292591725,6.70431134834699,-92.09573579231703,-72.25910652403648,19.78535841656845,8.266720100974323,-22.939782099308722,11.544769982226596,92.64123743293963,-91.03146893536605,36.86438535321559,39.34151916073203,103.872500989794,-14.818177377230375,-45.48190484432423,-66.93993904327026,-65.73330597577439,36.95847938802221,32.23697538141884,16.558012169739943,-59.843536611224906,-34.49112470941354,5.496373093684534,-72.71973009428342,1.2918634191913911,12.69550514211612,3.119642005178344,45.17991385833868,-18.004614616042325,-20.48667571616448,0.8065102350120512,-16.950458648494855,-55.183127552906996,-12.706929370761294,0.13499170972189584,42.89199089619892,30.775920841622835,14.121307969657789,33.58916566011223,-50.0348911039994,-19.149231659189834,11.79145836973444,44.521835670653445,0.702246589101976,-14.382280426999909,-0.4368858792144117
-67.91286660297169,-18.41867504369595,-19.001160183844036,-10.431291730647366,10.014597489245833,-12.681156267045896,-12.548577769319417,-3.59668711720347,-11.706825667387646,-15.92933385273313,7.3835601511377655,6.980226312253648,7.069901152760702,-4.213001057551136,-22.239814344254732,-13.057216063644702,20.73215635197529,22.104709657465786,6.507379548469752,0.229496361587637,14.563621218401158,6.516932885407865,-18.268324295089997,-0.5584887340829588,14.186410642639526,-0.8763943453639189,-6.0867875059280365,12.197948553814388,3.0972903380235586,1.0703703949225634,-12.134717227510082,5.824265914477724,3.1129290900352404,15.267257439555145,8.16050395337391,-8.819948945701134,8.30744633780171,10.181469593711642,11.767463131775834,-17.647680068388368,6.832571095386542,14.085906483834842,-20.9520206723226,-1.614245926374739,9.868660897940986,-7.193806432140567,10.669030538170013,14.750675761413756,13.965136820797285,-13.55271501875258,28.161441063607317,13.55577967024071,5.320288994018856,11.651151480357973,-9.367412008435064,-12.78608439806921,-22.24183244857537,20.556171150321898,-7.786910011279745,-10.587662772291404,7.644853226839457,-9.88829517744828,-1.9122327936345298,-4.995715871651124
28.922815225187307,152.38170667164718,41.5534193362838,-86.83178983085918,-184.77505506236795,-6.939318493747683,23.85123666845558,40.95159086872055,-22.573595593421388,99.0968115110208,76.24017704419373,-7.044808963098245,83.23917715067284,-4.3103871419856965,-17.269501610835526,-15.924064089740158,101.81577406551814,-26.63907735015524,-30.72091649305015,-54.48363321006482,-26.148234865903525,-17.500339929363992,25.616036388358907,-4.373489931620449,19.42745962611749,48.9831077831579,-6.348166974276582,7.3963443704681096,5.308646135191152,8.984270417921037,52.373573037752735,-28.44828416037916,7.419386418324797,15.489090474784543,-23.009588994645636,-21.795432453873655,-8.884480850717761,-25.609103838239847,41.78620276022401,4.9108628966069,-14.12452796799925,15.694598602378289,-12.508679127574789,-13.587189924214469,2.1400637093337087,25.042127295695295,27.845334061034432,23.859434398527828,-6.09549006216749,-22.692112238063615,16.325841631135162,-16.900455241022524,8.479779577742537,23.29290709133392,8.044030334621914,-52.2413477562074,14.930987165516193,20.01204680452567,19.094908299481634,13.866194100145641,-13.650369430852923,8.715633201027801,11.684762850591127,-7.579136771529945
20.295004243823776,179.5810165165466,-38.145777117539204,104.57331389928318,143.2159880455289,-63.898274353779,72.5533890459305,45.61182909212559,-8.948592567158284,-10.381313328461038,61.4679099325865,-84.51352346019334,-16.51537331254151,-34.135318508291945,95.90109418835493,73.74126241074144,2.890045182253136,26.543781382250643,-57.39409846751003,54.79715586519016,19.339116844367577,33.110845357584445,-25.100202088427213,-23.491411967429013,5.827085110160397,-26.36647907527798,-9.564276007785406,6.104247444775539,0.40976314950997933,29.017007652091944,-37.38755942031379,40.817193886120116,3.0168581244845187,9.539105027450857,-27.49483036593267,4.966869742735955,10.087024161203999,-9.10183574538076,-21.592303649938742,-12.492106016035617,-12.311892768203457,13.82797724640918,10.416026616203728,36.565273559179595,1.718019160209021,-22.063856353194648,-27.3365386821783,44.29510929101677,-2.0330499585705244,51.87449744107145,19.260836153028315,-2.2472674331484006,2.3937500953551827,-5.214506858690202,-16.73631440907298,-16.673371145480644,14.612426201538257,-46.713569085612164,-27.970048787264723,47.53997390464667,13.013948851080695,8.051851142022079,15.329800789084038,22.611652128147753
-62.55340787818742,-22.98531157815652,-19.8279267667151,9.15876035276695,-13.540624769799333,-16.048441837755846,3.4799742142758747,17.301673324137926,-5.2432933495891625,-15.31487017764605,-11.871389144124496,-2.4245872339982864,2.4811889846800548,-13.705604137875977,-8.565563205138277,-19.97245325899936,-1.6056751060077197,-27.142091177525312,8.099618538827489,4.965610626764392,32.074409055090186,-15.166825100321756,14.588070471990045,-14.368298801624325,1.1838032825828324,11.803356323535137,-5.0793053899961516,-5.282495494963681,10.946306545361011,28.260312351252807,-24.04126353242416,3.208537278406309,7.628712659848114,-28.94604072774475,-4.195728753620091,24.011306585150333,17.038693597421016,-19.793623037804803,26.249008694279574,-31.41031962195715,4.4922229981767545,28.605338787601166,-9.749241464295087,8.306345059491406,-23.9706137502137,10.798142072848805,7.1971644029105475,-20.952098532870043,-9.922133556647188,7.762310923131091,12.282899538305776,23.25548219751376,-8.019117073849833,2.4997188574748623,-3.030727946899707,6.985557075733106,-3.4234207178912155,-28.303708252002032,6.572649646807723,33.7730862877219,-5.639172059987183,-4.877699928338004,-6.004212670255868,-19.180814081750608
-56.823220423807626,-16.72676753061905,-31.58309053143035,5.17829286246984,-9.484141052890468,-13.91655372314561,-1.2643277751364508,-5.780500585235335,4.102915673014814,5.639480520098303,4.049082350582073,-5.198230431297367,4.168281433265785,8.407407776612027,5.775955559267106,1.9479598447784041,-4.677657710162514,12.404699298519578,21.425252501196034,-5.487180551477684,-13.915944505796539,-16.032148050940283,-12.567788215260869,-34.162737754435874,7.832143906191138,33.46810513018196,5.2603350416482355,3.7491658585192984,3.6787065606622926,0.605670571467631,-17.09430555213011,3.0443833465934538,12.451034532248784,3.7129194066311415,-18.29343829110146,11.147816039122967,2.9942885652959204,21.376604803901127,0.05211735875184347,19.643001292271784,15.569691732781319,-0.3554202121604884,-4.2735181755112635,10.00190317827974,1.77061701169071,15.88822944703889,-6.926053706837176,4.051262864048604,2.163840983774721,22.901295868641007,-4.227114835233366,-0.9199114984379948,-20.21290262625038,-2.2402019382541796,-7.108278657870946,14.030980654457682,-17.178735063717237,-11.71868870058014,-0.4044806799955249,-10.263215256266125,-1.5324793106978971,-8.411193486213788,3.8045844957751553,3.056954012404952
-61.390359535259535,1.8666312236369638,16.743500738283167,-21.595483365816726,-34.391676013231475,-7.107384564967505,0.33465974727567716,-30.271617882363447,21.53290182274377,-61.29560021302346,4.970900186985061,28.895444769446314,-35.456877261044085,12.051685764669852,23.82357703826938,15.969108127579775,3.3307547633908205,13.042439440340106,19.780882446331862,9.658069021921744,-11.022368240532444,1.5957842558512578,-19.85844100705242,-4.749120387066204,-17.935362584685286,-18.800906587683603,0.4591397647579111,-8.182308489720121,2.4324111392138126,23.800040811867596,-2.227256716752126,8.49152486049232,24.02710967822183,17.33818424260683,36.363150698817876,-15.21210312545535,-15.304131553220035,-8.941373182352173,-7.891099345348881,-2.1597202660244452,7.745685553840609,25.846834108950844,2.7886457836099527,25.242927028982724,-1.3342039513877428,8.900966768136168,7.7386878191780495,-23.777938957900695,-15.353547287711294,3.549205632676103,6.164000477462655,-13.707865110336234,-23.16512859392018,-8.906174667535314,-4.5650095944487985,-1.7618169559855066,6.350619346928361,14.786076501211763,7.807419660510944,3.1402568843725596,6.654938329136939,-0.045405242169506435,-4.031839977359476,-12.100733113807415
-63.16582361006812,-19.50474266328262,-27.38303888419684,6.308695831625424,-11.274608571903784,-9.464787152018959,-15.893349623607454,4.968482436056533,9.496028889620938,3.4059500033220713,-1.1441702327848395,-3.8456888299387137,8.557358340491653,-5.089659785251351,14.570753818069056,-5.314577100018118,0.07692308117525494,-2.1837656596246573,8.800138028846304,-15.423796030811587,5.65533025756408,-4.1416504491952315,6.606573511248357,6.429093622748233,-6.999986934446375,3.5898321690724444,12.666210320829514,16.983056589967312,-5.090263988462155,-3.5934310906863276,10.111027366482276,46.38445808344743,16.610632973597095,12.331376107484452,5.2702428334063445,25.500951397273987,-4.450211284789733,14.336769919191319,-20.125225085374453,-24.33491709158263,-3.2510215315654176,4.316071962312241,-17.624889968451722,-1.9953870252542476,16.81705762329918,-16.192980169822132,-14.357457425865633,10.377838847858973,4.139282582688936,3.0081351884571954,-4.785114138357623,-3.967592472199133,-10.067744308389939,-20.94302605239037,-3.440122111661124,-4.518896398723779,7.254905239417084,20.777192864520217,-6.054756651383056,5.725631394245506,-12.495252339042965,2.041460041978523,-8.992380815400109,-10.948336013262518
-48.34095785333573,14.390694097224332,-10.928016468035644,-28.66695552742821,-69.92866190088903,-19.97957409651111,3.2077357907435635,2.188472697110912,4.730685252306071,24.487036277779286,37.16905034984454,7.167462364302427,27.282219663950002,-0.026540289113746788,0.9248307461270301,-20.42507725354661,43.82636556631532,-20.890243212622412,-23.86016718113174,-10.486184450454479,11.797718807614405,-5.343952718637102,3.162546852381688,3.2198037339279577,3.1836333048069125,28.0218917528379,9.68837886282111,11.92427480237296,15.680274061279965,-0.20854709094717164,23.374459005717853,-29.220609804525527,-6.980163960081239,-16.646106527300017,-0.21087449156117702,-20.686176107811807,-7.198102828059814,-2.716116519667578,-3.604484677536089,-0.4034621803815279,-6.54030392223126,2.5448431261333786,5.514450480773912,1.2726261966638184,-18.48561970762499,-16.702997188938607,-1.1466004940481864,-4.580965727935296,-20.875061739902222,-7.619257100710384,-0.36908804558209296,2.2121028917328056,2.542241559772496,1.9294062001143115,-14.577593940522824,5.688109985062818,3.8988086340566452,5.35727881740037,11.734006475825332,-2.4424087884113357,-16.301699078480627,-5.3663141202839055,-2.834420102384417,10.907474583688215
46.008860000411644,-96.0202721291665,79.98491884620238,138.0379948336765,55.91992693683294,-7.723847228160979,230.73665210484904,208.0904873583368,-118.06250926781328,-75.89970082055726,172.83745191469438,-53.08935409369912,-127.4677359429319,-84.04146902848306,24.118188320763792,-5.393799010933429,35.01782040981217,-59.02308753872752,43.80548280234195,-108.193919853557,8.592405800522345,41.50999314845671,-7.78689161547284,-4.563835485441026,40.308926589097034,-43.67842641052203,41.39733892332553,11.283032191446207,-54.49844879213213,0.7481878448264315,6.07291686398273,-2.7717109004742695,-10.997085023025265,20.0881333182226,17.098319422350034,-34.01842271820079,-11.502022473250072,15.759707458265616,5.0006162111814625,-9.1559244510453,17.97253339353096,4.913066596422461,-21.23941340617968,-26.88960527289393,-20.077439005064978,-11.159090844740692,-11.770669470539488,-14.12096912721585,11.105231835370281,34.32638295284666,-53.42812760906091,-22.026071229396337,6.833565094366587,60.33101723909213,-10.336101620660921,46.05032824242305,-32.42851229344392,5.370764801770039,-23.33660353470218,-18.93649076907692,-11.677829847892177,1.599067255150777,-33.06498331231123,-33.33108582527424
-85.54070715706203,-72.21220897138176,57.95279603281179,99.71477736235924,-11.477576178659078,46.76146571911488,108.85877135567576,-141.13130747535197,-16.512360542756223,117.3322873254618,-23.970358768760832,-5.234194666202768,1.108389270210459,34.107808964107015,-38.458134864205356,32.3579751449954,1.8294155994968895,-4.625039510375898,39.160459918023356,28.640576336859365,16.604798079270847,-11.648902725756228,11.555474171368754,27.933889753550787,14.54469827100811,15.810549969966667,63.50527192713273,-5.2435511425082515,16.223206565766933,-51.84382125106124,-26.174983262948153,25.683285482419432,-42.155786118391916,34.09660903893183,-11.85184300730187,-28.268729012987038,-6.078981231067972,-3.978378492339581,-13.058260799642476,-45.92776472845303,-4.277290911534381,1.8491814349853217,13.711096902270551,7.4745839538019165,14.641325321507132,-3.049351884385835,29.116326645699544,-18.337562060578016,-69.92203837865466,-0.10354271060177145,7.4469136361891355,-5.832874144701921,26.43743260829639,-10.192001983443442,-29.893307651124157,-7.7872277426509005,-16.851408312482647,2.788472493105811,29.591854580019316,26.563590942260102,6.694105765708535,1.8237165959441917,1.3602960098127301,7.036466217494384
11.986435551408018,-7.786773110849234,-28.296080031178853,5.9486450754082,-28.696733731533524,-28.507119506156208,18.717765175858286,-1.973514177153383,-5.309596436778177,-20.447446433112585,37.50493988013467,-8.015815112765319,-15.249014629647272,4.1939805290426575,1.4460608566625224,-45.62785595992415,-26.79288241541592,5.5543306487393735,60.30231157887298,16.337888301917296,21.158340386223525,0.9941630594458682,-22.954034734062482,2.13267318856012,24.321834412203543,46.54304161739998,-18.663548016683674,15.637767125827288,0.8349942976275423,-76.22272559472079,-16.471771686665164,-27.336615075731544,6.715234762860543,-48.85670781006238,-31.668196381171285,57.053889486939326,21.39298468539799,32.80801744405392,-28.44359546933698,14.438159676379378,-4.5572082528527185,-15.52516069654644,31.747369468829433,21.935571349412125,-2.0430929226655765,18.52414367629904,-35.789521725675336,-20.815414780870054,-26.28426043543693,-1.5777351627691314,-3.929231978696921,-13.920980392207282,42.46375098413913,-16.384705741003838,19.003215469630952,-5.572505771732673,8.924161953992924,29.741894081942185,13.40068353748343,-24.06816950398407,-1.532374663430731,-2.0651185079438443,-3.4141166802576377,-3.8986179224547404
-48.67518558896108,-15.82162231352252,-2.766802652314385,36.7881842607405,13.384145611489478,2.0222760141865415,0.5142475650976784,9.60507940896435,8.020268825740027,7.640335303543779,57.2283056793311,-25.73611911615906,-34.14227375670687,44.68251137107153,-30.038069115485218,-29.65446498207003,-14.957728014240274,0.8816851317068272,-10.602228251133369,-64.29045598249512,-36.906667742962384,15.271012037361533,40.001789517724475,-12.956623397617514,-6.190635083891131,-6.3511010901524045,-10.470026381414,-18.876965770302963,-13.924867998331909,19.096306501887597,-12.639297145100214,9.77349860256123,-11.056708486852207,5.356981711176499,8.613118103694989,-36.90430833582348,-15.100529043338947,-19.69148159492058,27.340737842044533,-12.128273780800574,-11.210208188083344,-31.123948418737285,-11.192889309622727,-14.874842134176497,-9.776958245235049,-6.220332347418567,13.952591713493236,-17.310856468912128,10.977653928155771,-8.844951393117405,-11.13649757405429,-11.056967109973082,-2.609439364744405,-25.812272385096314,4.5776290856247766,29.85854344751376,-3.314351427856472,10.320636216031719,7.850373819955095,16.30871950321805,-14.25813262902466,1.6189608122603532,-3.9181487337636196,-17.42799977005546
-30.319500663737394,170.69819879774727,69.79333875057483,-63.01062514934377,-87.8732187594777,13.096852919883041,32.90197397475629,-45.02127488636683,97.45816443101339,-112.84524900706188,-49.4928169532521,9.738486326632673,-67.11299016055465,50.3888913376246,36.052342217927325,10.899049063774648,24.021259428647202,24.566015751596407,59.668786292381334,-15.241753566943489,-42.3043962036652,46.12625564461864,-57.21631529156096,-8.523587054617778,26.01440401273952,-36.41055070356759,-7.157581482387775,-34.00458994188485,34.63809875678195,32.2426130128788,-20.470438690625553,21.5166511150282,44.355071320835215,17.053183938801006,36.22987473848711,-13.960451685663795,-0.465848548037306,22.634709447666797,-13.24342306647629,-14.09230670013996,26.725048806054115,-35.12000863466995,-5.51476977686744,49.725002344795655,-21.75663506496056,24.654830630036564,31.758052092916977,-1.9082953560945695,20.797942106983868,18.807168678730314,6.067506417312784,-28.452921266598175,11.227647018069574,-3.697894265351761,-30.031008990205375,-13.82962422953864,-44.73611960174576,-10.616586880069374,22.596418175859274,-3.868781796881999,-16.899190530051687,6.377354996265714,1.9314356901531744,-16.702784284017998
-57.78397192517151,26.251978038483337,-0.4427670660153069,8.147763981327602,37.85314626586152,-3.2760973770233783,-17.703312310965146,3.864863112740385,13.67754023323284,-23.924377895333834,-32.2092362568708,-27.213058536693914,7.590006093219207,-19.069667822928707,-16.257900101251494,0.18547311282521198,-15.185587117419963,-26.115749799150862,-11.352291609964196,-5.226795781861802,-0.9861152591656372,-20.655025997582932,25.85216092398151,2.5687603606584175,-6.146085904550539,19.392975651632685,-6.102629888151389,0.08874451461781391,-16.729416523001944,-26.960061537971068,32.1286586586955,11.026306022252866,-14.966236726225432,6.811189275713795,10.762871895302581,10.80816789756464,-37.54072352750939,20.40234923176462,12.652995230682857,17.863118984959282,-11.738053118167672,11.059723347496886,-2.874203286958953,-3.6899448770117007,1.7634601555688356,-3.192807893045332,19.23646378578822,15.459452857827385,-7.652224469723906,-10.506549175973849,15.548202602369232,-25.313691842132833,9.783282007937201,-0.5131798893526648,-19.888373519070388,-10.985325313058866,6.9846721555719435,15.566617434907261,8.49383931130292,-24.611726687149606,10.277809554266868,-5.8736833290187755,-7.2507705351425455,3.517412505984525
-60.16924617852764,-23.498638686064496,-7.814168454273214,-5.675329010580653,5.323344822959212,-9.057779498821471,-1.3168775188011088,19.27627763201492,-19.090264301506565,-2.9696888406332365,-0.1745021549327815,1.2786887938103546,-5.241835153120095,-6.766268603009107,9.785179289714897,-13.89605157033192,0.9839252413716891,10.620819981835478,5.0798625341752714,-9.910788842403607,12.02444521032787,2.549067402403118,-22.509425814390838,7.670506013452678,11.129352030159295,-26.48864068755378,5.630079734414166,0.34793190724371226,-26.76487490318799,9.665950172278267,11.494852691647296,-10.392679602383957,-20.46072938260071,9.57647823953412,5.472616080206956,-6.574124053753533,-17.333964702467465,17.937972934859893,-23.366919985809698,9.651265889250778,2.588272304944936,14.456560159734071,-3.022782701408,-22.335395609008668,14.286367762046895,-5.89107891971932,-10.822817969830565,-9.205468580605421,5.6276764290381855,29.816545845747857,14.644083012976667,-22.04478510339439,9.676047369892375,16.484116942283976,-13.731716885275366,-11.847801677423048,-5.995194588234562,-18.443886786819945,26.78965701745626,9.341474088685619,7.302907668647703,5.356737792550107,19.509849186697117,-22.326121424466077
-64.96472601970443,-28.744032672318497,-2.6430120972652986,15.460305356772635,-9.445184532145667,-6.6206279989853,35.88148848467703,-10.036852950346995,10.066095729115492,21.628832342704335,-19.316165995820636,1.743729855866831,1.28632428695738,20.10198246247161,-23.977429068489524,71.09734989654672,21.55116069380497,36.41335697365261,35.725763795396205,5.537680901065555,-2.6800178270993786,-16.46721129333354,30.687504844364863,40.60215348131604,19.046883424386273,1.2897506284318783,1.3448223864477036,10.400057579398593,26.52884820972834,-6.559694593040618,-5.477924708992903,3.3605817932812174,-19.144772314562573,-15.827020658892533,12.873216799119628,-2.6658450267172586,-3.3729020056569805,-8.514308283696955,-16.55350015755732,6.854686853856514,10.730623225941317,0.7945365444440106,11.729856080362842,-1.2963741488280693,4.175045648285102,-9.807472576430596,-13.43709870080757,-6.622045711554792,7.828658508503055,-14.56394271726893,-1.337684770554633,6.925516330039292,-6.349226483859185,-8.321022583334686,-9.182398859049066,-3.742012333198893,18.474446991491433,17.744505525169814,-3.9347397260837607,11.67913525322311,-0.7243526018227389,-5.699010525156694,5.475213389355136,-16.27793919532839
148.99090419603786,-136.7506458134021,9.006274689962776,7.767632847913555,-41.918942140319416,-15.274080947971528,-94.16806819180873,-28.114248802460185,40.88025128164709,-38.96922307160709,-24.393925022584074,-2.840642681530891,7.333377016669285,3.2689421533402085,7.4707375429649625,19.133318366427545,34.74928002168881,-31.752272078163006,-27.70932252408749,24.022749237854676,-24.528254074193768,-19.5026384563726,8.97425699772816,9.645723668667193,3.4734319371380313,10.759411021101533,5.395156943797031,20.427482328764995,-87.46300891811885,-10.578155932320982,-21.804682720862104,9.888020986681619,1.9098364179071152,8.270864614560065,-16.04291210948766,-22.23779623180322,17.642559412196952,-29.95935975572228,2.845955063041233,-6.9112412697599614,33.252856626153964,-42.25413028436798,-18.231839185416064,-4.998614207313909,-8.707810002978206,-24.742320139277606,-18.78394363415803,61.864931375193926,9.959674457874087,13.966628623161542,7.11061681297227,-2.206774903385531,6.787182177884704,-10.209090932503504,-21.843023574090047,2.560136514335554,-14.259440402950425,-53.21458238437393,14.499050027172869,11.641522705744652,-24.50178640444798,-6.163934500513768,-2.720115404346007,4.065220177754008
-42.512631127040024,-32.65837823051835,-16.386096086797682,14.866752740656995,-4.053968201752338,-12.886054257443854,-1.3023973300768978,-15.371410079910476,20.713775266435803,0.7371577985207036,15.030603803417264,-12.790381271981081,9.743747095539526,8.22640850364453,-16.880145544507492,-6.915343337076418,11.95022152851021,-3.606113686271448,7.343555762420685,-16.620803331694436,-12.009665714911462,16.469611243061475,4.780708210073532,-22.78052967953292,-15.650753482073469,2.271422190138114,13.434974036048006,-24.875480765495205,-21.602160213726854,18.999983614734045,-0.8500372131360139,10.654589498506175,6.795261455801738,-8.807370321924333,-10.878864726713251,-14.05481379916034,17.196674600384984,-11.450756921317643,-14.286467667905818,-11.581877324224324,-40.2045223347153,3.684567236246486,-18.914538601539398,13.671451904082685,7.949257579041386,5.4134731946537,43.22678502133128,-1.8851782773312187,37.9455449583199,-27.85522034666591,-3.637723136224811,-16.844577857403443,-18.504150268647983,-23.633253120488327,-24.020764877256806,-6.852054819954019,15.270998904129291,-0.5985055258909339,15.938344055441334,26.080379477642587,-4.646443899696996,-1.4749936979447835,16.566500354841992,0.3727416079457196
296.9815943552847,-89.55743478598332,31.042102395650783,88.21615233683609,40.38800368325149,26.752086443485933,14.91860097893392,-18.83047968667635,57.53519582113899,-9.057888997431125,46.20441950676998,-29.218855698806966,-2.585037928850409,119.23815913812125,-59.09673745612663,-23.871406235782988,-25.016652013102917,-16.20644969932078,-22.32731716269415,-24.349429282634016,16.8806870706925,-31.706871476589875,-6.272799274390699,-8.878368807055105,-10.52900846399424,-29.73459022905495,18.87902461112399,-12.006439777161587,14.088966951285252,13.766365422682394,-16.334463531536393,36.66667304909966,-40.96317192327704,20.691691545135868,3.2886220658520307,-27.33895533463803,-30.09233771588206,-10.354352838866346,3.1431192559719294,-17.050095865814214,-20.078093848076417,-10.462821992412474,-20.488345341090106,-1.6283658359096824,-17.10604883594332,-7.737169919781809,46.101260890514524,-14.844407382758739,18.87245332094943,-33.165723998841166,2.499490756585618,21.84742344539008,-4.996051409460003,2.1736196900848617,-8.620225795213132,-22.085529948135452,45.566644529786004,-14.578889612794542,3.3116557238415645,21.907002851847793,5.049406165743658,66.58925300845766,14.765200586110762,-29.579448255910382
-59.622269116287164,10.68476251220524,25.690236145236064,-23.158271727310517,-15.875496987908644,-15.872055453819378,-14.047294791410362,-40.828798763192346,19.169056519222675,-61.616842791297394,22.47302027931737,28.225387936644225,-26.70442650967375,-2.9216447002953796,19.825493572907686,2.1834516216498545,-4.173196449674711,-1.1877519507302023,26.30459284348702,23.176285011465215,-22.068805016481726,-0.8034800697723633,-16.128784310494495,35.27852770901879,-23.72166675865924,2.779417045627483,18.5461875615242,-0.8160129522470762,-4.460170687311881,15.269368827485026,-9.999984896756066,26.395409248430795,32.10938922513328,15.440726329687514,16.455058501127994,-36.0270128899056,-12.765476212822485,-18.767466270817117,0.689010702274204,16.94701772050984,-28.45700338097905,53.01558822379699,-12.409421528634008,27.908999833957395,-14.981729791520022,34.88273861420746,-4.024462311042864,-46.270679810460656,-11.963638719393044,11.068695156968216,-12.778671545050555,1.1563848280635922,-12.461713539325434,-14.124467567421275,27.843187789267184,-27.157841421818723,11.943424639983302,11.779990349298588,-18.575507400291162,-16.300041847768572,25.45526611693074,-14.42751507857967,-13.787754636694991,14.957365748333059
-47.9570876841823,-16.71498980192102,4.788680475330939,-6.8526320058175,-43.178052706530686,-2.9877216404126794,-3.2987465080188914,-39.71355942295596,36.04331945048944,-57.949412360182066,11.537777554898042,16.84875784038427,-20.911785155967337,22.940082676855603,19.08559665222075,4.274366049923951,2.9732996475838216,-20.908789962770545,9.01145413290048,-8.360898819087446,19.183776045858195,20.91724268510092,7.7606712437704735,-9.957705966846019,-43.186626248890434,-17.020757910939903,-15.743089711265089,-7.402159912161445,16.519700349316658,-6.560097194891863,-15.92014760500787,7.760399036574524,-2.135865729010839,6.293191022816591,-17.361115529221077,-14.53907268360181,2.741039697317747,13.271991959732103,1.405446081420114,-16.80124605556374,6.064649221244895,-24.42753436496852,1.4012380305879428,25.92660578887212,9.172694014698122,4.507109968641444,8.274668580374616,11.68060164241601,-10.70858929983834,-14.062527224294564,-28.91305191411276,21.093535874090183,-4.261266348392766,-1.8561124179132915,-4.6708556715409415,-13.612193717834254,11.665438470776827,-8.210100561207602,-1.5844625855919057,1.6201655248246176,-11.307939637698569,23.257181743198828,20.90496028793237,-14.787326629487174
-45.07879232340477,-33.664667738316716,10.818962179158227,-26.555573277731668,2.6727553323517377,-13.06134370962679,38.39048736656218,52.94376421854068,-2.3116023449677368,-17.728817241882066,-28.014665295219285,14.533567524683955,-8.584182064623969,22.87184960861019,-5.241065171491096,22.970900321253154,6.959815642288516,43.669648374665805,16.528404291667535,24.690017857491952,-18.032012413835666,-23.03873531982793,12.816021268075318,8.934778888014488,-36.0340497422202,19.300863802446482,-6.580846069972307,-27.939434726687296,14.736146781190804,11.451370343120878,43.17483059087104,6.200968564824628,-11.440519413972906,27.311463414035327,-13.784120488639658,-0.07971108309603124,7.986153464415394,3.4253891551616955,12.91170359258222,-18.333702508738394,-24.957424671426033,-16.498599822496217,-11.509483379898583,-7.808726861932956,-4.587649529889013,15.272213965367404,4.225308088373341,23.196574265305742,-4.85363659725401,-1.1785403174193398,31.685175370373027,-1.9437791470376828,-15.493639255471813,10.360311780349889,9.463048390078585,5.871350559004279,1.4017368565322514,7.342030939546246,-10.90100286508738,-4.108279615622768,-24.71374665444316,11.92661945028974,-32.14667160517711,11.857087228635423
-65.97734919790531,-20.253340668639385,-24.538682844179426,9.978661309192741,-12.648492688740712,-17.077188390587605,-6.49088793221119,-3.9586725323865606,1.6574576583114802,5.997921217224752,-0.18992944489442137,-11.783260385207845,1.1105775263480742,-1.9802841688915815,-2.203439758187456,5.0036580524446,7.545107820357614,-1.391573686825413,7.673701218471353,7.722271615689645,6.4690233580012,-13.825089184320799,-2.20013523570069,1.8314685765795051,14.798542870780599,-9.621544628849552,-0.4252982268903989,-1.3705753487624266,16.358620513451818,-0.15640997254822983,-5.43576853418146,1.8141167768412667,5.197429048986324,2.1755542137383106,8.3278129720741,-2.9024683155337714,-1.3504206461480912,-2.57448077673685,-2.3146601098037354,13.797231624741908,3.9395689650423824,1.9523669412841103,2.836932724864911,9.835276925527577,14.691942400515652,-4.9740015888629925,23.16139030809822,2.327450955666491,3.8871777587105933,-4.915139694243253,-11.049619346706548,-0.9104377087322331,17.847154213399836,-6.079240937421343,-6.168221296384019,-6.691377662909451,4.511947927902065,-12.96117514956951,-11.678539137939374,19.044279900898367,0.38228688624896207,10.212984550621275,4.311963801323309,12.194627337274873
-88.65164032805613,-87.53318906605278,22.273680220606657,0.9390451185592268,33.66325101657978,-13.431976942889204,104.41933594453906,40.28927927010913,67.45354644034877,15.259786708030415,23.413391150662566,49.47128517014076,11.671951194302345,14.891110498733608,-87.05450562251826,175.61706502553704,81.27103744129647,94.28474793405717,73.40732956544588,-52.209203781266986,-64.45289422920969,20.94664467800737,128.32081788897682,52.58683904615786,4.264910496515547,9.219494695998609,-38.54597420167256,51.14615844427766,8.043952574897036,27.859140956079983,-5.30771624616554,-0.06261126570656643,-41.077524040250445,-2.276878405048819,36.060117822583614,62.75580155769015,19.592196601255775,-30.124983022724624,-19.92230370741285,17.338516596530994,0.8138029503564399,26.278558527641128,-11.654641129527409,3.9757238549875997,-22.99113926834362,-31.430142104692095,-25.034465487423997,-12.13158358214913,9.0279310379681,-3.6897914612528835,3.638054107075165,18.3938818440687,-0.5026481497812391,17.254497602649668,-11.440630999828679,-17.838632281208948,13.50548966161552,-5.315865355496596,23.22256820539513,-10.995929420087494,10.952867300071068,-1.0819529199844935,-12.900044443369495,26.649301698258945
166.75226274998292,-129.56712814126516,-8.782238108342167,28.334543040512692,-12.92465963667544,-109.18592234101796,8.165836155948694,-64.06223258168247,77.49963843396336,5.508474968251534,-29.056688126887373,11.941899824012822,-62.32821775049601,-4.468372005352033,-49.92319474795833,-55.390088298747074,-32.43079503332959,14.996103522731254,-13.077783932767337,-16.48302745461557,-20.75495963088905,-14.07905763104658,-41.89633998390173,106.7911438682571,7.289018541038651,2.4580557798953855,43.16990784041502,0.21221490327701123,-44.48481542299224,4.218155014350823,0.48875184301851976,-25.52631242309845,7.325262972960301,-17.202969640781525,-12.481509327136283,25.625323583994348,33.408161735572484,18.746297291930208,1.5778315352209307,23.062924887573956,7.8181776436507056,26.251169224859744,-46.68762201238242,-23.71403454191453,1.0785535413158824,-46.035717960647986,40.26385825139661,30.540913716169904,-14.87142169547197,8.335611249646021,14.285864696651771,-16.788580427416324,-4.343059596611475,-6.192960000350642,-11.552089417990572,13.500686837980428,10.454884439363184,-28.560537390076917,-18.17516730380312,-7.000461019112344,-18.40264485727774,1.876576325928852,2.463426269664873,1.8017217829411218
-60.69872495224128,-18.236358805768543,-21.740634313772038,19.974535301152013,-10.617150593138192,-20.295643460276914,1.7730707498123297,-21.058293009314923,5.376751482750219,13.913099407595247,6.0245230062261355,-8.760316733151708,-1.9678919520127036,11.194974776328477,-2.008867373139124,-5.649843971494074,-2.09397855790348,15.66699099891775,27.117460633742844,10.75164553042123,-2.2295236619334453,-11.406190154612819,-10.33692606491151,-35.867465286791514,5.725965342346111,12.053618969977212,2.298104792406493,6.262405653766904,-9.312364739690139,-9.383541163198087,7.114412112979764,-5.802574146679171,4.797659471475885,-9.644125947941891,1.1547897316893985,10.050827871440069,-0.2638943883615731,20.630313995173463,2.4749516134615965,21.245313472057482,3.7879326256970445,7.014540196314608,-0.7893081787825124,8.46805332944533,23.403081362509884,10.548139673189326,-2.531230587808521,13.130268310503736,-9.943142114676478,8.11118118187583,-1.0114706162413756,19.652997687405712,26.62704920009873,6.0216779740335085,-0.9105110500713132,6.339620823066117,-31.93064612527193,7.632854304318807,-22.77402626402457,27.047176388391037,-11.088795186706344,9.507012642039772,1.1581670256262353,7.485856234446602
-49.47723696358963,31.341424261226805,-29.139839384024306,33.98926308374496,25.034853424712153,-16.384939781474248,-5.986251362403302,15.285539624244022,10.530356051611095,-11.036584756582984,-17.296288685130975,-26.685686212409777,9.728708698605052,2.795437441414474,25.90685418336333,23.933486063135902,19.476518757311265,4.803918491654388,-9.890145630538774,-10.374841288253304,11.144838100578003,10.646094084657081,-25.479285097652618,-11.848251160411701,-23.711575442418436,11.79958644423579,-4.191489757641667,-2.468003252407161,0.7182082701188992,6.085165810251957,11.70905334418311,19.98928858516222,-3.8029667119025112,-18.673898192429547,-25.590018217042683,-23.714946107739166,13.99476239967459,-1.4137003706301943,2.337589422541849,21.159576224885217,26.505357592044597,-15.461406879763059,11.443398867737928,6.384875834772583,18.798527167496612,-26.260895408226748,3.881405024648432,-20.544597994224144,-6.918543464580866,-3.602135046716352,-8.943303972608316,14.34446217649458,3.0370290182421997,0.8148875505048279,-10.997699979031538,-13.454545669230134,-7.382372495067883,-5.836663172373289,3.7704548557150686,16.68034297740586,-0.570078167485259,-16.517156158760756,-39.93065375926764,2.7946104990406897
79.01329058789332,178.55299282477316,-90.70566050568416,-6.708193382888193,-53.025600504866,-89.69159727385522,56.30869413844916,-28.287847709360317,-19.06327041318268,43.97439549754041,47.50399804354754,53.668208485495,45.59955064286444,-63.18793698493739,-26.292580740981144,4.352598620097138,-37.34158450485966,56.552834421028585,44.32870109137513,34.51923341899331,41.81368995232514,1.624826557811729,34.30012064356583,-9.741648286235119,4.688680493191538,-53.38108867151374,28.456889473934076,-10.004737317703311,-55.312999136802674,31.337514396363193,-8.007906998345268,33.25099201340749,-47.36418366773034,-4.146820297005571,7.656984816017825,3.477559845038005,15.372708037416077,14.201245398363353,57.223210184375596,-25.829639487874754,11.55805166983419,9.124115301693003,-7.423026367575968,-0.5611789434190844,41.722044846001864,-14.193573347238408,-13.64844643505956,-2.4253419714080233,-10.741801178468837,-21.574549583606817,-47.62088901912134,-40.27360800150184,16.65826641249812,-25.038790546363987,42.651147996594545,33.99226286078679,-10.579245431646292,0.5980198361835191,-10.650552091286801,-5.905532430668304,18.00634994346153,20.669148773629214,9.904242611938189,-17.94181997436184
-23.416471274544485,2.11123829390583,-56.57838966843782,-55.2567928263715,0.5135146909998142,82.52489429560917,9.56293887075947,-12.739986680076688,-18.39003496291771,6.806153206981988,-1.857056515607146,-38.46967844490678,10.732555270081487,6.7086032382381875,40.69710663247942,10.547310760074135,-37.01326050180628,-21.662733009433403,-16.674964100030557,-3.73844770280743,-24.423123571888873,-8.36284063830838,-7.366390180974198,22.79888572647326,0.9680280786812021,-36.48319932528583,20.239012270571127,2.379021173052162,-1.9078549740439517,11.406903843973907,-5.7048504449217425,-29.15263109576937,-25.779363624199863,-31.71383229429169,15.921275123949924,5.279235990077342,26.891185132539427,27.982077285841395,33.93629794354278,16.013504950115852,-15.713687239765424,18.054121437017912,5.641950378888382,-33.23176347925194,5.265870416845258,18.16545064407061,-0.4571288271451004,-19.378723205559037,35.059943081593794,7.177036389996618,-0.2058699964758723,14.191626201477122,-26.487769731784603,-4.105626508588554,-19.08233593044978,1.8245420276418933,-12.84996640597512,5.403896022129844,20.409353827826553,22.958338848280963,-17.01823042588406,-12.437094452572811,29.839458962463386,29.150606762789625
-81.44077263199684,98.92709935632864,105.34556212066018,-95.69461944834178,-57.42462458413465,-51.60345406098085,-21.682025132008427,-111.34665179177267,44.68573881284317,-146.20596215773938,60.26680695902724,70.55492696353724,-47.75558765303049,-9.97531189802292,40.32996718620837,28.69821763112189,-3.088159645570122,-34.617766835094606,23.02689942166295,12.508805229997643,-26.92558403510078,-22.430005106492366,-30.6785940324806,17.23974284443003,-21.63024818392736,11.430307032263373,11.687686674847981,0.8058364958513382,-5.102045537027769,-3.380550157116776,-9.607361841706764,62.31261575456117,38.69603984820447,11.515087604857138,4.017352668427914,-26.318278469977898,-2.9191290390599423,-7.371651546589481,-28.682377526168835,47.842351982747815,-38.91585952375526,18.590489850278313,11.585603787544914,-42.56349416746843,-39.08887561416492,16.218142077357463,19.866208493586473,-28.212281794792755,10.799453320303314,24.2471666755179,-35.26828196912292,2.960540110991769,-18.021269481062657,8.849240640928475,19.004245259193645,-5.2320197853441375,56.83985145526022,34.02902317977575,-5.16890788059735,-18.14617871700764,31.802998880343665,-9.168172826666234,-22.624779017112473,24.485435343512496
-63.45152176647989,-19.43300616478804,-25.78000694419458,6.386156959025089,-12.921156604343686,-17.22205952299429,-10.761411169199425,0.8997859161550829,1.2115698687666532,-0.15910140566966888,1.6543795638104624,-2.645679932386246,3.173192434703806,-5.272456637564735,-1.4546804272320824,0.3871435042719529,4.113908071968644,-1.9026759237948854,7.698508894488425,-2.829290509263394,3.4494292221941447,-6.84333409682764,-7.915923255216445,-3.688592542357676,-0.7494681193153263,-8.819446555388627,-3.3852801554249505,-5.001364480016017,-1.139160147341999,4.313040175131527,-0.7860436890751101,8.107278956055818,-3.880732638987373,1.9120017046577367,-0.07920617350152323,-1.2580534992933317,4.971694784050604,2.6054118026431667,5.74678070407685,-4.184941439108538,1.132905472075042,0.969063369459485,-4.235021162670233,-1.12358814204555,0.9224420063245647,-3.7507358253573244,4.4606079795416855,-3.6004756477040303,0.40239933422375174,-2.200796845357492,1.6263050540458996,-2.4676944821406166,-0.5357518356901357,2.090411412034413,-3.505274218134328,0.5002796345375512,-1.8696628886083562,-2.948763757345643,-3.686933266120618,-5.253984165693923,-10.191627155329247,-5.882428306722392,3.061636465375794,0.20578167052510862
-62.94670982437923,-25.188212828081852,-0.04788664402997287,-13.060362948344284,-4.571261031084108,-23.216417719807612,-9.890977778366812,21.64795786338747,1.184960984868069,18.68930363996143,-27.256194427620617,3.8158028159090844,-12.492687864908504,-1.1447895101555812,16.825214961006473,-18.93564827115427,-17.418719667321923,17.317170974703416,-3.7661499579308404,-15.074992954696855,38.81740197362248,-4.7959173769752415,6.154579203780904,-12.83915286421796,0.5692538116487308,-6.51229683272684,-15.880418413472004,-5.100256828045258,-9.959024918608806,10.965716638604588,-0.9881507934461613,-16.887026757310682,-22.108628955719205,-13.262361424376815,-7.667528489240728,15.71050628625455,15.478434140575388,-13.897706496115765,12.242483517147608,-24.136621332151453,1.296311804454616,8.902955120289299,-4.106465131027703,8.107301668341385,-12.232038252475158,6.698588362189591,9.94757258890846,-29.369955953192132,-9.720289146730487,29.87069791165074,13.132696863267027,10.623017457265465,-8.861324230066087,-5.439276490115363,2.8038206372280867,-13.772554661723953,19.48630901131322,-6.6775698592272335,2.5553144330235855,18.257350652577237,10.119670308868585,7.39058894056787,-13.013010074746976,-1.764280522405848
-63.57620099877073,-11.976843762626777,-25.28509583326717,1.7061974719370558,-16.182800636098673,-17.878591833449377,-8.27077123217571,-1.4716656853303323,6.71992334235331,-2.1153871447595267,-2.1404147852829842,-8.401134871329463,3.2276882239792934,-7.3012552798832875,-10.442765538643101,-1.653132902932148,-1.5012054741651915,-5.65836532697784,12.628420238749673,-5.258462942849258,-9.03867222423561,-9.042874369150459,-17.337956381995802,-7.83821400966678,-0.09263173319690426,-13.046851757864893,-4.9634572239234265,-7.817798805713578,3.9499746384785586,8.126872252290088,14.295013819141397,8.08214688817434,-3.432535142188379,-5.008499127528014,-8.404597610689887,11.558780970926298,-2.568878497424871,-9.629114112530091,-6.183130585643518,-15.409908317577456,-3.08226517295926,-3.8747355065511693,0.4445112749274903,-1.4455976488639635,1.6369948753431223,-8.576513462701946,1.8988526978687248,-3.092348750494791,-12.144536174156077,-20.939341884228593,4.397271063636429,10.747207061266685,-9.871489906617366,1.0321497469240088,0.05860890642869277,7.373654683246583,15.439600596880643,-7.724085538137242,11.042361924657593,-14.515040466949028,4.039563336737426,-30.71970197096056,-4.422314232064049,20.341590396487682
-27.581920309977566,197.4489562259957,-29.192871514874735,9.476461402437483,59.75595364214689,54.15517101080117,5.762428283686741,32.26098616812887,42.36758430138507,-82.22509505537765,-138.86888329798614,-69.40294835755024,9.121542468506727,-10.105198809051563,-82.8729615151148,-23.18472822376087,6.305877555775429,-33.56878625032559,-5.9016633945772385,-16.69803723385277,63.9113025017107,-12.684933579190067,42.22549238639052,-15.899294732771756,26.42767664059228,61.79068569528836,-6.413612103139759,6.012602364202728,-10.119919763114346,-0.5760540734948334,-31.63714060741086,8.486772990327276,-29.418787894648126,31.953925823908786,21.937961308609143,13.149543096105422,20.160610668547474,-22.35364928011391,-35.86398166718309,-1.5101303021668937,-19.44297600720131,6.971262789841264,-15.740543265312718,30.628199547208247,-29.458623143712423,5.088233699352669,21.43055651007009,34.55371503699071,-15.151120205427755,47.141938502284866,-34.73042056796476,-43.59467392570418,24.21619305054199,-12.150869294965265,-38.06046941957333,-1.538579376347227,-24.254003685317823,6.194532622574608,-20.34669203482575,-44.96521543570146,-30.91008924987715,2.447249395958949,26.469948820075395,13.413790547976108
12.132922644870794,-25.176812504239717,121.75803279186479,123.72383672688495,-6.393140053758062,34.462673722802975,105.26566982365674,-189.72836555839748,61.42883336546877,52.987194547618465,-21.433626187343187,-39.643197958008464,-33.126907028258934,35.500263963610976,-4.423707803423734,13.715852228535606,26.595516297562448,-13.831835336452654,-38.80466302473824,-15.988345508324153,37.793725446152564,20.499072947542864,-39.812203720947096,-29.778315844635877,-4.345504952443741,-36.936699627032205,27.517593690953603,-22.833391509464697,-45.89689863471861,-23.705141345454333,30.872435714006443,-2.651989683647496,-20.960374971484082,20.44729640220131,-17.363384741729078,47.6107539584337,-1.9505236307604434,41.19188921741218,36.45477639497419,-5.0334438140107745,-50.916064064567685,58.36116298286692,-23.035071050969222,-10.733658712527848,6.675963099699513,-19.345304693187305,-36.45303831308083,-15.542326697675382,-13.045051933760814,24.086190089476222,15.74915097624864,29.00064666154166,20.051288354958157,26.61590150371927,-1.5602046491008896,19.63954847813603,3.768839900274332,-14.888801241851722,-64.34174458500355,-21.155751241877653,7.202361251257757,0.14316984589467283,8.68625712429495,-29.161791009552463
138.9267371353612,-122.0657364417103,43.91327388709628,8.958629870741998,-56.53281040581703,15.065100481275135,-57.92974921992657,-21.458317999749088,81.01598143578032,11.368307185335622,41.156197379972234,-48.87854860506273,32.17467461758627,15.366897316551922,-13.035346497352887,-45.06503458014022,41.4109593416018,4.679703360276041,-17.45608580709556,62.840775923027685,-15.161589718094396,-40.51572328454603,-44.09116476254449,43.21887681959056,-13.169203812895983,42.463965077651075,1.3831321419889386,16.191747091789185,-40.973569955833526,47.71963325091731,9.421185449421294,69.67421326256633,-44.391463762729344,3.3319130607952188,-27.69479690980144,-52.01548748897998,6.576613930213788,17.772115205461827,4.108587893010766,23.36049735439723,-13.69789529370468,55.495031253810524,25.479540149350086,4.367200159982533,-31.16248265913932,-11.810459950691527,14.703068248184097,-20.95301509151517,30.819266086826577,20.413038044462372,-12.205153972732692,47.27822077779232,-22.620236807060454,5.998753761596102,-49.689989382971824,-3.129733071245844,11.933269330425682,7.082311291228171,-8.449711794420729,-32.23083522318297,42.10910255850777,-34.008570801546945,-23.637238376547444,29.78573680176873
-32.44951963885503,-2.1849593226766504,-38.13662332077973,-15.641696355071845,-34.454564922840866,-17.265419340772407,8.092214889970238,7.297859880151626,-28.88819624373747,-3.4686497970660555,29.94974459135784,6.447605633356614,16.555218696905076,-34.70671286580589,-20.35726741537487,-11.799691048795884,-17.24462556796033,34.79610995602644,-8.549422817789589,-7.6137809020892915,23.98962485885304,10.221741415119459,8.344399687598218,18.09350425086254,23.48153058833088,1.8806721905253132,24.00607612392482,-28.40409306832582,-13.03349130999976,-32.473388404514225,-41.98297891727928,5.62760949019628,9.364182930879453,-9.935586586804925,11.688924006786577,9.052496247753547,2.9352827487582265,16.59273156127096,-18.445182856356357,20.410004348395386,0.7632783666050716,-45.60706985996652,18.154254969007148,-2.414410313784479,-22.862693446632594,7.955865695415097,1.6446127842853364,6.130110851382308,22.600717134782297,-1.7141198229294856,13.072167981141726,15.409869617299037,27.834256740351645,-13.735406992232283,-4.279636240004075,2.5276538884415256,13.772162788797031,5.974788881637232,28.664536532311853,-27.80849925416817,-3.5938843725575085,-2.932367582561965,17.73354610665288,2.7324697413650987
-64.09476788632624,-22.48150652277816,-29.40788111533097,4.384578536384007,-13.875847514495701,-15.886364704315092,-13.839459172161748,-7.3081771950420285,0.5510404777463188,2.465583196432318,2.2266562852408267,-11.38925571297758,16.9406191778751,4.043988733558102,27.373315691831653,-3.3731036501688227,-21.316328717585822,3.055357751339096,32.45757395539284,-11.208597140514922,35.40457678701997,7.253096121370591,7.101733124111238,8.56013416973258,-2.5821075096272135,0.8058130007496098,-19.670387732619982,-13.395153142095845,0.4852145469726495,11.302359967503756,23.36018112336375,-24.872774389849315,-8.475516778388334,19.654784653197726,11.648547447629063,-6.833410937286272,12.901878546332602,-11.684657035522026,15.26126833243846,-13.85714425920318,4.406267228402332,0.924849596890826,22.47412802737926,8.896624487488863,-2.847110792280899,-9.98840251551429,-4.4756280548985465,-2.9434942199067207,-5.829014983132532,10.725841935664015,15.407259722610029,-13.720189222759576,-7.641514531575189,7.321345886157237,-3.177856651614264,-2.8540603629412935,4.465560313396532,3.3993076945606515,14.754223795160865,-5.346099259758262,-11.076057623093506,-7.602664398224031,-22.60304373464737,9.08867488114455
-36.81729802415809,-31.11657257974859,-148.01714416188136,-145.0294148229387,75.75449542632333,105.15874061712265,65.45283984724244,-24.93778070326883,-72.31102977569614,48.27415131390775,6.488164280477585,18.010368515485823,-47.78526470610641,32.21899359884979,13.198600535923909,-60.15828661507067,35.1550473073456,-3.4829560387462375,19.42597712078625,30.472767614615957,3.2560815092319397,12.841544373138335,-21.198376585886173,-11.12886664260911,-31.55990725383595,-10.224349658588741,-72.802976982448,25.76694086862275,7.347242391093955,-2.6652737193797007,-37.31870052078717,-14.372042982322922,-10.604854088452605,-18.248975505496745,3.4882840888001043,-48.75612981688648,-20.00952834323547,17.919024762619568,1.5930159528582812,47.39596259506138,23.361064847214582,7.09254283147728,-62.429558192198414,-43.19545935913136,-4.603190840042108,4.785845804696016,27.34993156097258,-0.4432037965534531,-1.755310800549486,6.987329007953897,-15.495201097941838,-26.43029978871752,30.49836376488824,-11.965334023763655,-6.945363414164617,-35.49443207419375,10.999140767236154,-30.773294313069798,2.4856846464932167,-43.85654457835264,45.581462488443854,-2.126535343917925,18.841433650015937,-24.650716872882136
-42.90497106539306,79.4750684893098,45.22492307568722,154.10452621647508,-44.13914727647317,124.60427335933637,-58.3372088939905,61.72947738428834,-77.36808285673504,33.36236282196282,-62.013131195511185,66.70003679328725,101.32488573035724,-7.268371686408785,9.882081057060255,-62.35604355605489,44.71661581531584,3.6156501269145966,-1.593209826549286,15.930519420730066,-71.12362050006382,15.889184500250527,-7.722170608925529,22.787880155038742,-23.5616526648787,-0.7493775015348751,-39.750301475923,-17.939829715502263,6.36760583454262,-27.633004268276473,14.673440672758083,-16.73495034263647,15.07772207724873,-4.473797185116396,25.51405095569492,27.782298745017002,67.19616867029065,-5.745160372208056,10.198539294693823,18.09918126827269,18.571767883783185,33.37598859452768,-27.8793012418465,-28.576359459393732,22.737983626295396,19.858079965781577,15.623833003959,-10.124316470484496,-33.63491976807007,32.720341160436,-4.163412227765716,21.462886387495107,-20.652988206441062,-20.797532421921254,-16.446908745955877,-9.884488902945291,8.387831747367821,33.495764117690975,18.177245879219406,-10.445850497143864,-19.497339824598715,-0.811122600956002,11.983920565447367,-50.288193961694006
-64.16658980248359,-15.07125687094155,-23.36599137972301,-32.492871651665645,30.372754870219634,14.548351031773379,-8.252288993129751,-15.357911122455716,-12.83210680363515,-10.998400376238278,8.640250094366971,-1.07596712794743,7.097349612618059,-19.797217331969126,1.9088545153444945,-19.229972921831845,-0.19435733639226488,-12.565349471576486,8.615101194545995,11.23508522416385,-44.513939043643646,-35.44865375874538,-7.723068445093233,18.411831864142965,-25.743668425612178,-17.83525165339194,27.143815666067134,-30.963057263642845,-1.9802856438539762,11.09107034692965,26.826115080312086,-31.22582385670367,-23.284976024334863,-42.49871406799381,-16.293518975417065,21.55355002305709,-11.645169757326036,-3.6484087864938797,-37.56783508932301,-23.2769580475893,23.148804612670713,-21.84944316849622,-6.0869373976846655,18.588638864137007,-2.5897462545365597,22.823399924270355,-21.354422211678493,2.642787602098578,-6.048452858866446,-9.171196908276922,3.8166147217773916,-7.5149573561791945,18.79166387777613,28.134603529468958,-10.073716475398252,-20.80485606775011,6.30879013043813,-13.0975254381952,-41.274427360129664,8.41710308164502,9.808895191542732,-12.153564733862135,-9.441249645920507,-24.843117112117937
96.75612058610659,33.78020305027202,65.49855611651151,46.861415313470175,-55.052118989493486,126.18929032419325,-136.69247486710557,63.896413092142595,-93.98077095802988,21.106661881351343,42.727462299999274,-78.7890024669367,-12.804310438108502,-37.85964523714603,-60.662967297600005,68.2597953878882,-14.261398261201625,12.42605342051498,-16.658830936343634,22.849632891323846,4.238026800775737,-9.40136179002888,-21.934116029571463,7.752278065246797,-32.764316052932045,12.578176769075545,-15.81664538780461,32.20269189767358,-11.057095439871176,-17.66981923609898,-11.309178801512461,7.656963579302527,-1.9255120400574537,-5.471042870695934,12.818250295299107,-4.766622214101632,19.068058487707102,2.146514670700115,-21.417831309649653,-18.179092521874246,6.476790228692389,8.125963018631358,29.101200917299238,31.181223839054,-7.7559968465278555,16.701125790718475,11.358333679943975,8.207726605971803,14.567542767684555,12.699593946323501,-6.578744428705178,4.134307777907514,-2.939806168874662,21.16950503135745,19.00295086090854,0.5793802678278178,-6.6302336004571005,-8.672978055622172,-28.312891170820176,-24.628270636822624,-15.903324814776694,1.81348727508815,-29.30298598671528,-1.2398369820385968
-35.74525206389846,194.55360854353958,255.96705829306364,-99.82093677979019,-99.56674954175705,46.88065456421422,3.5064268178165094,-187.51470925513948,-27.316895114042733,-175.91957912048267,77.31018801229054,92.5020672287801,-19.38699328654004,16.410994547557294,78.82953065835382,-0.6634148454372147,-37.638711975461526,-34.37120330813375,-18.391675874143548,57.40979179506138,23.67543392506633,-0.4684533035278149,69.95836209658455,11.067918141932754,17.905933512643646,74.5019310241053,10.509079842703947,58.37728211971477,1.289970969554313,-16.802723058080446,-15.91549118425162,-37.55442131442894,-28.056471969007642,-9.937746602844927,-22.05958085138344,-53.87157181882611,62.275630472788826,-44.04244909928695,16.59076139543061,-30.02907591530183,-41.68507072664257,-20.858463399536408,24.37744479058863,31.853946337658893,-31.012606812515013,-35.66773910720875,-44.54127049820981,-30.375214689198323,-38.10664810784941,32.711250188814866,-23.387688483100337,-0.5019332716067378,3.8405184508944323,16.974550357615108,9.356785478062761,0.10656651887224328,13.33404914923353,-4.8068909035306655,-39.99857350199692,12.129247035070046,-8.618651096848165,12.035687673033996,-3.526626610975845,24.939379927806073
-30.847581861327306,67.74307174949733,-28.628497648937408,-56.69236429790675,-12.112630745549783,41.84558774947122,42.02411226666518,-24.65635867414059,28.855358168466143,-20.57450616810525,-30.85719540108281,-45.59053068820241,-21.36829738477527,-6.3089156763478345,4.729837086464144,-12.365766327069876,-18.836952925589518,-47.487951866002156,-10.761788035575307,9.051626304800761,-37.77376382745473,-2.061486789190135,-18.215342763050334,13.44775385413894,18.00399536002697,-30.12274913470542,9.151403082821048,6.945471017223565,-28.84465685699057,-13.174083692427976,-3.0474295966666536,-25.39620702756609,-31.986323494759606,1.5173445968036452,35.7546018135833,30.84334139927729,24.28463492023645,17.009291707137606,-3.9865597431021036,6.145430745795738,-20.162766182633128,-21.212847502001917,25.83880289314996,19.98109356697028,-12.316541042158601,-7.6894808898394,-4.935845778528628,-19.22321796633606,43.652153923573984,19.21249802878056,4.04168375979735,23.074468524971664,2.0002961910627213,5.297007601913843,-13.26031239970798,2.5174637032638065,-33.47460993882412,15.542688745794635,10.593957274409934,-2.2770887559244803,-3.186293828820153,-23.581456095827594,-9.646564944405783,-18.46311780915888
-64.64882822528195,-16.13365405330659,-23.585261637022036,6.057745861800511,-9.115692452112869,-8.527114000737646,-14.450069031175302,-2.5059505611831803,18.003747956819698,-4.310332596302007,15.04268748172265,21.992841523793054,-9.049124801750445,-12.809662290843796,-0.2860009023242766,8.045562838619356,-0.19275011503779305,-6.606295545643207,1.864166343809714,15.574017284685054,9.483598539263557,-2.5074285488287704,1.9522266642470574,-7.393540362139858,2.5262992808182334,-0.44354168755506,2.8280910193268256,-2.796284224505999,-1.1931281933468543,-6.1442539513080074,0.6168907563028592,-4.481603985274192,1.0900408676731608,3.4935627913382885,4.8970127010888875,-9.831534662184275,7.33154428854323,-15.864684813172902,2.0965637178051666,-6.0953802329321585,-4.948921336774527,22.105976629515517,-8.855975885735516,-1.5129349752843981,-5.326797233259931,-1.4395915707078322,-9.230508925792423,-6.766045555359296,-9.130554263898766,-6.859934059159311,-10.792181548421432,-3.0951462372418,-0.12909096888335705,10.93009985172798,-8.475586384967736,3.196339074414042,4.1224878874771935,8.99283952591354,-13.119988098401908,-12.541417074275987,13.18808840726357,-10.121519041646614,9.189708954265939,13.516263792786653
-40.600021599115934,-8.129879649705986,-12.027522404045383,-3.5168139741107707,-51.216829931666155,1.8807814945236956,-16.607230230948467,-22.876789159990107,-3.737868661051239,-32.49084340483623,30.97831465310088,12.260044352405538,-3.888403574983754,-11.213368239854265,6.829688192090337,23.020625161428782,-4.02690090662519,11.72424764918638,-17.273436081715705,-14.642146279709017,42.85843446416306,-2.5397913431617822,22.003282001317537,-4.024382288156309,-21.093279608925048,-0.16968975980366077,-2.6631621294042884,-56.727846645066506,18.628126526299265,-87.38875857433581,-15.423780949342007,9.291263009612095,7.4824788740966515,-11.370821201468921,-18.858870729797268,-5.414950595150887,14.338958248277935,-36.56251410763307,1.7692119495607521,14.433145929974351,2.067890651312269,-27.1982973507238,-51.84283758428868,-3.962152413247247,-2.9809348882717286,1.3842421577443031,-22.502655838856764,12.235319580720873,6.790421248445982,19.079505456167688,1.3836740934330793,-18.495818053440225,-9.47448351286605,16.485852539381217,-13.071199252895637,-12.426223080946796,-1.8817920302102795,-8.259081344493714,24.301331670951136,-2.31359066631443,24.234775726616736,-13.987158035465416,-6.787386548651557,5.703817840531968
56.1155339362204,239.96660573402494,130.5639335502016,49.8630004366453,243.10075593846892,-121.91178268885447,19.75809324178435,-13.186443608211695,-61.44827590268952,-19.14398580671659,89.51680504385845,15.191355453059101,7.804329011548193,-23.86503771873212,158.75613418375764,-2.9787638118803437,62.12064111619555,66.754430551248,-57.21506606756634,52.83576928128049,34.33245426650783,25.098670111799127,-3.018162766202791,16.66544023228717,-9.702503558871035,-1.8865446268693489,34.211256175453435,45.49407330978733,6.941026258816315,-36.47654827250029,6.698007267048472,48.99506079289557,30.915238994805296,6.519438222181604,-22.837541689255946,-19.75432652710852,-5.090961513720428,-54.24613628039184,1.0828166299183963,40.13703806974535,-46.398705866547985,-2.8519800597454066,39.6387684590628,-12.944625804674295,-9.81419690072423,50.19127806275517,3.8877486504768757,13.617107702575048,-8.270257005402073,-16.331512124378996,-9.340317701037167,9.635752020355621,-28.9425021081631,2.0582198974288732,-18.34580678486431,-0.3813605872243853,5.789152529711365,-41.462805281211,-8.099792468506212,-1.2490277127729341,-40.76678248710007,-22.467047053708498,11.494755815465334,10.53412732723231
-60.371919146604135,-26.46096351631949,15.70686560026793,-17.528113739332312,-0.46566088805143924,-32.59048856891277,-17.579371958663113,25.647418778447562,5.819896505396162,39.46314322464341,-30.584358940701772,1.537315016860255,-17.816917260720448,-5.9631746314964795,23.667151378792077,-12.487293847042856,-24.200201820840473,24.07631674996932,-6.383471115331086,-22.899672033016195,26.584266518700762,-5.309101648585179,-2.303493710845255,-12.409288053390037,10.934344896933585,-19.338114571226267,-11.913568215333557,-1.4137093846566273,-7.872027483887762,1.7425986477738762,-9.171633353440663,4.803343367588851,-28.900196089978632,-8.137977362690394,-12.08761572604242,2.094044719162565,12.47472910700588,4.739788873682666,1.6337261915329495,-10.090264474027657,-4.627399436444409,-15.849474752287703,-4.014524815145961,-10.073755669959766,-2.5942049182834586,0.22137098451541867,24.035990948932806,-14.77426361924326,-12.070864711870977,39.05629600251046,19.7506500035208,12.414772724386005,-4.873222707684144,21.603888427031833,13.530391098213203,-31.514471631766238,11.716354531063441,7.219758379608267,-4.622139504482989,14.060625254179497,6.760326216956579,3.730751395567276,3.4123731787033673,11.015081589375805
-64.59788779405194,-20.499719408968062,-19.876076147978203,14.36820452999975,-11.137195081253381,-9.228772076678538,-5.6767184043137275,-3.45815378580418,-11.14037966014739,-4.875377264484296,-3.10104403681149,10.41464803815768,24.49786781963816,-9.609312179812283,4.477843668899978,-2.1300852121515077,-2.898571385332623,3.2016350835976723,-3.9005732877373536,-11.031971728279014,-21.745374678306796,-5.457626265102767,-9.215060269241174,-5.720791721665445,0.16137258884951897,5.680558586247379,0.27622069898104645,-0.8671951091439034,-0.9045022652121577,6.848162090442689,-5.486176729646691,9.241989590629553,4.697662866983559,30.11857525682186,-3.2611047196028733,15.037659240708502,-6.345884105700052,11.286905909952676,-11.499887764398618,-1.5949639803941882,20.068548948397357,8.802646046413118,-18.309608254881034,-3.875075883607058,1.9493594881033194,2.8882518299675395,-6.131479826704123,-10.268117986853623,5.169618876347342,0.9486723237139926,4.76787058348038,1.996549479053481,-3.8679134924573515,-15.99397132388531,-1.3407673951080632,-0.9167320179040971,12.623776054344685,-11.242168091909665,12.997245849076595,-18.778940819059674,-5.717548035001966,14.775607356555437,-18.60881459004324,3.0465223958058214
-23.78964963004357,-114.86245898454912,32.19804707173323,-5.764842733952358,-14.81601300363173,-21.52254541107043,123.1879307647045,116.83032705802093,49.34787948420023,-50.2000887454033,-32.55048973369268,33.717892052131766,20.237690895818698,56.800984758302086,-33.6946857321888,128.95786805401747,23.792246787948603,100.38820054131754,51.32748585322367,-9.100339116673686,-31.803048920112484,-34.1431892156197,70.75883466500822,58.74058644620904,-15.379722745506626,-17.2307867437465,-34.87815970164037,22.276179265245837,46.245545201933915,-10.377297259873988,49.61432737065046,-10.544798196543319,-27.586327464982247,-13.512939920321198,-10.330847662516943,30.298885917187924,32.62792797703719,8.246212868039764,2.3484985121343214,-7.506939525626797,-39.165987199965485,-30.261215456426154,-8.070005961420431,-21.58987110309533,-20.392834694708952,5.006264794629978,-9.70414775517451,-17.150026135651135,16.219131279094267,11.950265873636578,-0.9080540451356399,16.53711288855708,21.198237917077055,-28.593744140863233,17.47048012664608,-17.65808600978375,-13.773291122700373,-21.414992874647044,-14.827032140603556,-8.101030790759191,12.994249875552796,-3.5661686530516343,35.005915429125885,-5.109450116249239
-64.29713784059236,-19.53719470650134,-26.732086693418715,7.225289185199895,-13.069517010987987,-18.529223160803795,-11.750817719865422,0.9444529238557117,1.2432274511906496,0.00029135844829833414,2.1117342850005048,-4.342446905370647,3.744901459216278,-4.13525769277579,0.1441577107162788,-0.9789010699358088,6.738748925164619,-0.9092513051069837,9.006599239240304,1.962626276158574,2.1198369204815655,-10.596708122561536,-4.177365323097553,-7.4527385955670296,-1.7454059590746862,-13.713309478284438,-1.484889193125527,-1.659718803839209,1.1611235247147986,-0.7228033760162944,2.8327698216841903,4.955737108976634,0.8950574774121048,7.760488999139055,14.274490970372284,2.0607930008810906,3.9821055547140203,4.4812891506309604,10.587574691104864,19.658155655874282,-7.193428354215592,-9.266109945271953,-0.9565993180239801,11.110227393383997,19.840332397212055,1.1619428322139473,21.336862139416024,1.877882129601435,-6.587755726468491,-7.399265106206664,-2.3829541321502106,16.604631471511944,19.33716825215753,3.7771011555114056,-9.96584328415459,4.373456391953274,2.408991557880332,-15.23628201418566,-16.23249139698297,17.30682063792101,2.5089853126551733,19.489495659766597,-2.9335078465810263,20.20939891824253
152.21490196571568,7.663712590662087,-72.78092848354288,17.65967127617825,20.924780707903448,-66.01339085834293,-58.30904747877446,-32.11263408820099,-109.25596824560938,31.513225400292573,-42.21769992457875,65.49638042392068,-47.79769649028142,25.521296606280753,-5.403914011056883,36.771034720198955,-1.3855768279236276,-17.059658286721277,9.241916563694913,3.2183790929832496,12.17483812809154,8.9329164496898,48.07521187104758,7.282503592857314,-14.917147093648598,-35.93115642070682,-14.389202671697184,-46.842792331891694,11.987598644823343,13.544246079758425,9.08624599692396,14.39376736279412,3.6453161552812716,0.5671565905399001,0.9117226182347353,12.644603481068021,-29.32615353335443,66.11526585599964,-11.619912795376313,0.3861740858848796,-5.361096200835904,38.2905194763467,34.87606743083031,16.92268277509841,1.279920228338663,-37.55020230694275,0.12776800145556183,-2.9415660640711483,-15.803736402715673,-2.3677464687731877,-16.1812787300787,16.43747008464392,-15.299279587534132,-1.5350104215474125,28.882276365025632,-15.320173412643216,-25.801558140177576,-20.46999717834665,20.279017907808136,-14.087694809293222,-14.668722836076586,0.2791644933560014,-13.600496852893562,8.100482232678338
-63.10489781530987,-11.020864411638426,-51.99907626586705,-11.60520335181018,20.45742229548883,48.32768226729454,-6.756733595363799,19.96932084955255,36.12089744200386,24.44473567368387,2.5603254122111596,52.0118574289844,-35.018343368734755,-0.4062348398605383,-14.003939112635225,-6.926278438368273,1.942288420920466,-9.103580179046935,-17.00276941410814,19.005509379667313,18.77445521135391,-22.044866920296762,-14.804696388272385,-6.800150644693137,-5.929603794035157,2.3252275103388795,3.017478952455067,5.603639237365708,-25.029627182343695,-18.43506231207504,1.2124413500632434,-17.08729613430015,37.464483266810575,9.798275881576801,-14.580437796023464,-29.531135554895133,3.6767319251690846,-11.316685125830643,-8.26565614659886,-10.213930693827237,-1.728998542949988,-14.646548149238305,15.324958137487572,-5.934198808938753,5.785498471810795,-5.224814227218556,-24.509686313008128,-24.384844039872,-2.963598237064228,-1.5536036271089144,12.774734984863164,-12.364831824506664,-29.931428377737134,-24.885228770145968,-10.278494148732934,0.47214351749056876,6.179336550099762,-25.740536268808807,-23.815476977045076,-3.0223353822064345,-0.8207757151508142,10.923777038124312,0.696458439743614,26.04967777600727
-58.20248501155569,-9.852421043050475,-14.80608083343733,2.106771889114605,-34.58282982957078,-0.39060460432393085,-34.79750453030829,17.62542356250673,-18.686796060290828,18.99204056742178,9.12431479099432,-25.158859540360414,-3.2285749015987513,-27.075632225490924,-40.64844569043594,20.182120173367256,-20.405773787924776,-1.345613116159698,14.69359481327477,11.334975301251573,-4.723086589612503,17.15022082551492,-9.97524447131504,-3.46469415706557,-49.17318757980002,-6.646226165068539,12.26543212089645,27.527426188536094,19.943727299211826,-3.017441062000786,-2.0270053387586495,-1.5899149860480062,15.851204606369686,8.257291758913597,-10.332315897880141,-18.38628660639528,23.716604425124093,4.860721732493219,-10.657265870198641,7.8634679461301555,3.4771987448653316,17.621729523907273,2.6543542209685214,13.182944665514173,-17.804387917673434,-8.529372859773288,-8.089283675811368,-8.689454541405482,18.422631446009294,1.687087558029722,3.3182468852814844,-5.624476186672583,11.20112551759338,4.085517134596537,11.367611585193359,31.08522355383529,-1.3368920010986496,-1.0310581949548026,-9.245016309355616,-5.6481512751604175,-7.650676626414527,22.199106933436724,24.847844764525977,1.9078560748805442
-60.32114984974793,-25.619786056679008,9.16088070464815,-19.085547635893896,-0.7375193476029726,-26.339589859468088,-14.17113262442407,24.286553708712322,5.152509522491,34.09317307801687,-32.2540182306873,2.6930090896947583,-19.069700961421166,-1.0910345669953931,16.91119642289289,-15.602780822736724,-16.25608810508721,28.976893854340236,-8.990764411710126,-17.725394774505023,28.67068881062971,-4.196924132573261,-2.27668411688484,-12.413337308357008,1.247708312242305,-17.559702689502632,-12.29160687784424,-1.0161180339989406,-17.282585080243937,-0.12025457151952014,-3.706070736749952,-8.192148352897858,-28.50337887499264,-2.2195836950993795,-12.17889695544049,4.861951892845813,6.231536812051381,-2.5730061609994856,-5.686006786262541,-5.290435699173748,-4.001918125396359,-8.915508327365513,-1.3627882805187856,-6.7536943722434195,-4.927433754013597,1.8594577286084935,10.678347278751701,-20.95856941645944,-11.682977173647972,35.79692837880916,11.640444459305632,7.592803906753534,-5.050919287125092,4.289925724097583,10.729700588287658,-22.860365394847516,22.113267082508433,-2.63954482618189,-3.6597081240324316,12.657414968866373,9.776753098542713,5.453540868814962,-5.138214007361259,13.568858290830322
-38.37938177322801,100.55888648206557,54.43465768190016,-72.56851417115298,-75.42606017630145,-40.6442118871612,-45.279631986067265,84.05132393252472,26.025196675166264,77.08529885607682,-111.30451908269978,-100.53673907272768,-20.736814913484086,-84.04334323988246,-68.68296194623905,-12.615042288409873,-97.23882665029365,18.898556970304305,79.56817990914183,7.5357163941362675,-43.69325518296299,75.45043452968126,-1.0720624446809535,-37.35747257230766,-32.70182567712555,-31.14866647628452,43.34434385599669,50.449661562114116,3.6148601413829233,-28.129802365350386,-34.85179428771694,-27.065722568887935,2.572075945169582,41.29044377953944,-7.529493862851972,-27.6767601682548,-13.067531775574148,-21.247250997780526,7.547051621956081,6.8604538458198725,4.566439440456052,-10.49014369053478,10.294999625959626,-9.28843646855067,-19.344170130698593,-0.6358134336367482,-18.84073225190059,-20.16989781758557,-8.460585461052496,-15.95066703372823,-11.89135698016681,25.526808366354256,17.32613596045329,28.048978231473452,-29.73192021282875,-23.54747226087084,-8.547795738919778,-3.0693690489681624,-2.8898849842090035,-12.390187943239907,14.323939113647652,6.893442614807397,-2.2951999457084056,-29.399382767298086
4.107775617842123,-69.62825445665797,-58.878411847631455,-24.02766417464805,29.446731895892956,81.1423718459067,-45.607221148109936,13.900026189406738,94.82595781663743,21.37749691540719,8.699244884671842,-49.70958803849267,59.68769157318972,-23.936169602396497,137.36980273583654,-1.9102684590676715,-34.58089053945982,-9.53906336474622,5.887168623064027,-70.72757650644357,7.414857878015146,12.439622709963665,60.1445958420741,30.56343870438172,-48.80220563838243,53.90622756877367,36.68838471754707,88.40418079724333,-7.570674086042724,-0.41337031991968803,32.60664734717268,164.88672488335715,50.305453705839646,50.86755888916335,11.445533469334935,89.6821586429403,-28.44741658585396,19.540077633549767,-42.78337763137562,-31.49975195397634,-10.432793557785168,-8.916703056867489,-25.404935403402668,6.7648082522304165,37.190955946027714,-37.453516399116936,-52.26329429824618,-1.6262435963031023,17.46801440238958,1.7951419671100084,2.687057463334098,3.8517781231425827,5.035366513275339,-46.55093319981224,7.229059988340162,-23.626163381654553,-4.460770225239456,9.629515493390427,19.43676601676373,35.84284273562112,3.4073855787985883,-10.747343274161267,-21.352259484376713,-10.402786217891764
-69.1134214479241,-12.208064069659974,-4.087924038668705,-6.956445017000811,14.795464926609338,-20.54979714235764,-21.81542683106948,-15.235765179673665,-5.539394655308748,-25.972240853538946,16.59508556214385,4.247971753230512,15.762613366759007,-25.795969889916623,-2.404092927983679,2.1039779494638355,-3.8256082630305444,-8.579786980978522,13.731106159341437,8.081063486041256,-30.519446905611645,-27.446193095579027,-1.8256757473449872,9.052806754704944,-0.02633728973282009,-0.6699738651937288,2.386749668462561,-12.67107374862292,6.9879520056197375,7.655109810552821,9.755452301176833,-14.21262142185503,-14.414250318510476,-2.7702117061206146,-1.4646141474497094,-8.256430118315649,-7.5809974945379075,8.369145656517453,-15.442653486381518,-28.227042535280884,19.77884686662303,17.568600058179957,-16.663893351742562,-2.0783001560398446,5.350812425823247,13.687588250706906,-11.430274782744512,-17.203441421182514,0.10273624727152962,0.36241325929901064,14.475567922517545,-7.084737366332833,6.011843941197715,-16.582847068022573,4.251340611651839,-9.589450578358269,17.11776961740686,-2.9699520418704277,-6.749973826877039,-13.267753651466347,-9.404318980409,28.060165162273467,-18.86640878691381,15.390044787645529
128.20246442000715,-153.08178078635873,21.86195443660267,23.661560247445685,-11.221130764282606,31.58447846573601,-78.19319222080388,-21.91648956707856,76.62584711400689,-15.874830633528584,0.18356975844087137,-52.31847523853974,34.35144672811136,-6.02853326507934,-18.788066471233268,-9.244678681188345,47.02320697755858,27.853702074727874,-8.964242664523692,37.8689276281084,-19.676056594018114,16.842899794391634,-53.58602973358099,-23.972105836379363,31.89301049743139,25.70056635692099,52.78345014502355,-18.06429849965253,-33.8984189864546,16.548476772767547,15.929903487120257,44.475782796679326,-50.897611144985966,-30.076920214777797,-13.521511588276628,13.574830637739307,-22.91154233194304,-40.78976194727218,37.34554273876234,7.966557858088924,11.143675534408132,-7.319496771339547,33.86226201951069,3.4927524498388482,5.441580080065969,9.570435057339775,8.981955423013499,27.41311947042467,1.0922686622323698,33.00694322991468,-12.791773926356141,-5.28576454427866,-5.311419123832448,-10.196129004515361,20.32094089379701,4.041867666578327,-13.511187540666363,-19.387555124814227,-38.0681636071138,-24.330038778891257,9.114503333177812,25.873222122281607,11.021387944885607,-6.182671552446111
-65.14649283171755,-20.13151833966677,-26.696314615562287,6.688452965698766,-13.502025153434,-18.106654453671435,-11.59833149423155,0.637744922642051,1.3839868128110553,0.28702304232391346,1.388500695041901,-2.8242818697912755,3.7236635581158346,-5.150933932032005,-1.5720649047681037,0.7626122990513564,3.9899065530959255,-1.510310917050644,7.370662334352769,-3.2885338835878586,3.0369740834466192,-7.068940776890926,-7.897852103843266,-4.075180547657413,-1.4910932610216368,-9.37740921220754,-4.097896997426072,-5.096631933493214,-1.6516090760703859,3.8162418980210613,-0.858953435499632,8.748303017011878,-3.679246665588811,1.8432542211027492,-0.16942192777875628,-1.076574946922425,4.012439359272913,3.0244424627136985,4.051278347830364,-2.472088500165073,0.2810055000017984,-2.1607087454881015,-3.0105903020600717,-0.34047113282383407,1.46721633577097,-2.3200258729160166,4.737163624244633,-3.2230621016853513,0.4366172084643702,-2.073407944317387,0.807101088677288,-4.678284269946357,-0.7254942416141851,1.307492167861317,-1.5224069702606258,1.9860353572878755,1.2891501881200544,-1.9128464064477633,-2.678583358852012,-5.457411917516948,-9.059223783081597,-7.311769258954074,2.2628280685954447,2.6798286465331485
114.41129009700852,-26.64687977717893,-37.25495570381091,5.045542958115697,-32.06969645452473,-141.211601167349,-13.611681316125994,-39.77823606761768,68.09178219647765,-15.485198980507937,-2.7199288893772526,38.70384557877515,-89.72218362490479,-0.6415886164853335,-48.66658066797232,-85.62799665241236,-59.76235343024616,-6.264136370890571,-12.436994612003147,16.848695543178884,-37.06134877013442,-15.034409065913284,-16.351270969128528,170.34396864185575,16.20907370618009,15.672982728038512,10.592727623629512,21.84342379415754,-41.90455598462272,23.734085399635262,-28.527071396430742,10.042554823254283,-28.283624529228213,-3.50571297548288,-56.1010711339888,-3.6379094413668787,64.6923023935596,-32.431988693892556,-15.616033688160124,67.64026578674688,-28.36339177075103,22.437948562652522,-29.74164959837689,-3.566473444369576,22.7846160157905,-32.98362408790168,27.76211352107801,-21.021993731727925,-5.757788243354575,6.840444695915642,8.542872792745767,-4.935436854517667,-7.651726147596302,14.548053824130186,20.963158523422333,-12.245954529413568,11.887563200662083,40.959555878196234,-8.14340740019175,21.130147989150434,19.878905170832397,35.060266950661855,-26.681697070821365,-4.424252630356663
-13.001789192689044,77.8149573183416,36.70496380703533,-112.82480409643979,-144.23324836636104,-39.016310035808026,-40.17216934946421,67.36896293058214,-3.8876128989544068,81.46733908043234,-18.79540685548263,-77.05888765050364,25.822235813478674,-75.11016794239305,-79.65995219010864,-1.1133122437030751,-76.4480162324163,-10.292239091669204,69.451006586575,35.36029158556472,-29.277759330740892,116.78778332419179,13.54366822324885,-1.1897368014104597,-81.0823986488256,20.23608762954092,93.08262341533745,37.11539421603757,43.890773534363504,10.480340065398531,-17.40828682692376,4.361176016898295,55.05409715438545,40.10209206578783,-13.614137917871627,-67.23897982160597,-33.17023362966943,-6.4710161807785145,-3.3222473288385173,15.712967371984371,-50.0130208497718,43.95815266886679,-17.30916149462335,-20.249163085722813,-12.08368004859734,-19.881152162355775,-72.21654282621141,-56.71921825270942,-11.440146264989123,2.929665903687758,21.08736701536003,16.22313067109066,32.50125264516547,2.6021891214335886,74.75664015890847,10.387219509779168,16.1799185459287,1.821050678124149,-23.39882840575789,18.17919754188837,22.3995272102837,33.95698384583741,10.29696764769944,4.705520921660503
19.637433183840876,20.531923726839803,225.97632534013857,74.58102118114272,86.381258836682,108.66700172343258,195.58929579169887,-149.6597198890637,28.895726563724356,198.92026415073346,-87.92680633784744,-161.976235185875,-26.853995037919297,-9.525622470527736,-14.094924288155369,112.5151522996713,43.09206196921682,-14.953525836558706,24.794166797027327,19.65762781447726,49.239570910259594,-52.80278453165332,-42.59146606413631,101.71360172422231,133.64804262762755,14.474559752871556,-46.09495045352137,-24.975793202053747,134.35922140249775,33.89364851509121,-64.9230948009731,-31.124847513010284,63.62749198339614,-42.71216043446058,-30.099836179855462,-29.837008254020517,-31.433535903193125,-46.12858600978067,-29.044510181638174,24.457691121926892,46.86075597576148,8.694039438585872,2.793690283961484,21.13542981863978,-2.10547490427175,-61.06656135140499,30.509585395157004,24.4109425460571,84.0794461188105,-6.524881834040968,-14.762034225021532,-16.068190135314836,-6.7198643604766986,-32.716285538167455,19.814775003763813,-2.5900054304940054,35.0655959786917,-13.832043655512743,-41.84558009013655,7.514225004403948,28.118296952413342,1.3257752613616947,23.93452470518598,12.16191263430068
191.09675146727113,-74.03378395839437,204.34313267297787,-49.984014377874935,-111.62905356313492,66.56493987839289,144.5630275539254,68.89910863974661,75.00155949289208,-176.90227063070867,-130.79157795647282,81.9821573755867,-69.51316991596691,-9.224538018233313,29.68885250992693,38.62166483963323,-23.859203530363082,138.80138175010072,17.04314705666831,44.9882314141977,-59.680966066513406,5.482577928478425,-9.984985897065213,-44.60774187157053,-75.81894591432872,-9.538583297425102,-15.163659462352005,5.853270164450335,4.721192292919762,41.97159716252149,33.761483926974336,20.504174858655173,32.89231293779242,-2.0062359679107074,84.8323145760093,-14.776875686204269,-34.70345062095619,-21.604217952050433,6.8796814796634616,14.919258513717919,40.58157857878058,27.279497511149433,40.29627339134629,-8.103079662609044,19.86025275593349,-29.77068299618491,-2.4068803035372524,-25.76061059627921,-1.2317540334241945,-11.078196311941797,-44.00885066812583,-2.1837839242037393,-68.77770425532952,24.780193931751935,-45.849467524006656,-36.113664470314006,39.12305625106731,17.153180197144643,-19.94745483156957,17.066208225893643,-18.204760045843578,0.9537959823074216,-17.63657182318531,-35.6116552662419
0.4608938393175634,83.83745126852288,57.06935758068784,-91.08898784671379,-142.80975619721508,-7.394482353628154,-46.405467831543355,52.66568889949281,-45.60784378177637,94.64324558508615,10.77370160552623,-77.3113457219212,2.4791540340688982,-81.61103878169165,-115.91638749306391,22.473292018216487,-77.58168238510099,31.278314832688938,57.16679901856498,29.360150932340545,-24.9136621984693,47.466646911661876,1.2610297592733275,-10.736557040947606,-56.52447244277244,-23.66332156500784,32.06273045720623,75.66815947833608,25.25899890426252,59.28295116131605,-13.61058765125853,-24.750529574757145,42.08190458113269,41.456592067122465,-14.699257866450898,-25.786772029146896,-53.077296297866255,6.359080484330342,20.332956891469653,-2.1414552454184514,27.43351555774054,-12.070119973184157,1.6238452134510297,-27.411104899881913,-6.417772930123147,8.423498602451707,-10.714616986824502,-1.7939556382892723,-11.849573322138683,-2.310104882584407,15.472693421616183,-14.855306649334235,-11.042621544136903,-10.924327440767847,-24.088262408890756,-1.7094422471331923,-21.997401966864516,-9.029179560703597,-32.498495383148594,12.43307849746842,-7.990927631433846,2.001555085609279,15.528109709570321,-0.0015467109963631356
-56.6457141822898,-26.00781403708187,-26.621443691344208,-4.212492149211064,3.1773243612599544,1.1878790564179735,5.673524532090325,11.376989178340049,22.039342721529145,20.954493481693362,20.874133250018165,6.473736717681267,-1.4760126304210015,-21.012549706114,9.116365535505706,6.208805363223078,12.849971050679914,-3.9070882394403212,10.901691758550788,-30.890285078415047,-29.834507996901767,10.622790438019912,39.11885762858915,-9.026454639315437,-17.67933035583613,38.22243715406214,-22.457689450316476,19.921050075867267,1.7978092371605447,10.217879339626977,-0.776298840486415,58.49774595045266,-0.07432695193547859,43.76601188964239,13.816385081720059,46.26983875042164,2.8486447284829897,-2.1679558851547838,-8.288787335861764,-2.3098312429958026,5.950130655526157,-0.6108188167504048,-22.700899311600885,5.942532784526945,-8.100602131592348,-26.192571330748336,-20.314681210679232,6.360923457237927,-6.7593927390872715,17.36022566165456,-20.644057849670826,0.917986267181491,-10.415725954717177,9.327701189313318,24.70718237035283,-4.700780116481132,4.610594593888765,-20.76831812397907,21.114357866043356,10.470625743818227,7.063416690914759,-22.385623690975176,-6.86637765789887,7.835621029509918
-58.017038958272785,-36.70724858037046,-164.53197156322253,-83.69513345463096,64.63979701003785,176.48992559398687,17.26848976236955,11.126651552190332,57.360017215689254,79.21005757448864,29.461637881325714,81.1567705986535,-43.0851785394907,-8.358394557166651,53.927606009164606,29.428892871640887,-62.871949073876685,-39.76185309370879,-10.6392593844655,34.950568054785286,16.997398538109405,-35.09856470575945,-14.940001370366497,-6.529215888129248,9.036594339553101,7.464043705708416,36.37279563056712,-10.356038304637645,12.083312030652866,12.129915623881034,-30.52500694020327,-9.053491110719065,72.2002301119788,-30.95647571853334,-51.83611652978511,-15.871532864742433,-23.31983128724797,13.623502084513122,31.58461086716021,18.365545183625123,-11.637435463680264,-8.72830226183486,-7.18800600147699,-42.509845376635454,-4.387057507622865,11.517339479741242,13.097429291161502,-32.48991297903896,-11.881555413667915,-43.779098011426896,11.578790445589414,-10.690786075802963,-27.155062837610537,-15.27403332047267,-43.0009494776213,-28.355576496252386,-7.393366878441672,-20.684514634803204,-6.575123348616133,-19.331135212801566,-1.4134461062929056,31.34493726784807,8.613735419979635,-2.6447422400130502
-59.708463989721636,-24.26528695445153,-22.52704434481053,8.811015422039722,-12.312560918251313,-16.115133296690868,13.53209528349028,22.191085966571528,-10.7143558425351,-15.196826552754548,5.044018033750531,-3.5427135507802707,-1.4018247229970515,-15.375727703938491,1.5821483004170527,-5.997915796967383,4.938124155532168,-18.726168681400253,7.479919705550224,-8.335733973744308,9.220454161442069,-9.806450927540695,7.520081659385718,-15.32307479446991,2.4853070276942213,23.870465355512223,10.43437364274233,-16.09226445529497,11.689021926361114,17.97253993719367,-27.57254541008896,7.713258069010227,8.86172797195308,10.063692011023571,-14.467985994070222,27.70663234827806,21.442868667564504,-2.56222888882134,37.57081355520072,-19.212418626776373,12.43564236102735,26.59853842022405,-10.34642984185153,1.3522333210230595,-29.13650447957535,9.359542366462117,0.8349481344069607,-11.608637667497996,-8.423981548846127,13.25376224849193,0.14887273492403702,18.66365232532042,2.653825305875316,9.393825155198362,-18.672056795749825,46.69675630064569,-2.0610378621980647,-37.78491413197847,9.389031650549203,5.202159466722076,-3.8702199150387577,1.1792298305771551,-29.40791453747671,-27.383124857013996
235.28436033582094,-171.81863993858207,25.20632657459564,5.345757678801371,0.08081451425497964,4.143812252689307,-23.44252836470224,-8.59262033030442,66.64052484832295,-32.459116958356255,-17.549453683198923,-7.166547484832329,20.263087630527455,-1.9427323530347211,-12.78688003639397,-31.847918269587282,8.666626988428945,-27.548947475593952,-6.717533801350415,-4.388369600561124,21.64879645943967,4.926394303349378,5.488959645606235,-20.42292955391838,-28.88402884275243,-75.53413947128226,-43.04672326970601,-24.155621083985796,74.95174714725994,-61.81977350296825,-22.9204434810107,22.82162608456642,-19.017954410998794,-14.070518118691641,-6.606947829714906,-15.196487699486427,-7.485220147239741,3.8946629528662875,10.311089404243866,-3.908003885673369,22.85045760768781,-22.062362487157653,-4.2274870680550105,4.536723974979112,-14.48095307362133,15.44251076128717,-17.5081291463036,4.595196596856303,-0.44144878303369567,12.389739187852967,-12.955512188637602,11.055942419495167,-23.398302155685485,8.408098895094785,-14.78810085335443,-23.733220246618423,-6.231862091048018,-10.309259120536398,-0.16479436184958754,-14.99999329951882,3.799768212411919,-9.912414750807374,0.6183265009589876,16.481315623976723
-59.18224079837154,-17.79109865044313,-24.461126945847255,-28.126324858004736,16.622723919615506,2.8420008778259382,-11.334841659698236,-7.241378429972211,-28.447632555640656,-27.310038320641862,11.862477988729436,10.001457607721727,12.683192756441676,-4.62071527044329,-38.438505891670495,-31.61155491980493,27.532022818228306,48.347801197226595,-2.627426906077822,-0.25909744669803403,36.11652493867713,32.328132162935866,-26.121308202398403,6.577385902733613,30.037046552879676,-2.162595453880086,9.876269487106018,4.867262284624136,-5.281313825311645,-6.225933965844183,-25.04638841929868,0.2883244231285754,0.026878792819693676,14.756203265095108,-0.3318809276041724,8.132579285784525,4.197981450125779,17.639371955292233,-3.401892335936392,3.431219107059127,-1.9819325088282245,-5.095021830649818,9.561782231648419,-0.8258850688682688,11.384318545402138,-21.47203230042805,-8.335156691121794,4.156092260862813,-1.259125706160584,-27.37879340791838,33.8186619766524,12.431479439923875,3.8792784482273364,5.065340024270087,-10.8447951669285,-11.374797200177097,-12.55485869935542,24.93750860522819,-3.7237704314164155,3.787012743236757,9.138119633634561,-15.110634028608539,13.756303407569796,-18.538947876059048
217.08873727397184,256.25260058273625,-47.51861707800613,-37.50744388983439,-41.855072989908756,-61.30872543619077,56.53276950936446,0.01702292869283816,0.44401699458421523,46.095376178566994,20.519153677294195,43.87277938815742,21.21972750927978,-25.42446933180567,-10.264167484510345,-34.66737199165816,23.766979017575842,-34.9860176064943,40.012032909028186,6.859327638562473,-9.292299274978651,12.438499101116966,-2.0716939455291206,-23.21761841706985,-21.070996652698458,3.531973086125948,-32.6195223145727,11.512166819371194,25.98020167077209,-20.632459210102933,8.19466593687518,-41.02070395527785,-13.911776619110261,0.42441096774883486,18.184233861206955,-6.848344685814304,-10.191291229795867,-21.151579834861792,-35.47327764439691,23.60214282925957,-8.739437193922683,-46.776588242258825,-0.6556591727046889,-53.841692662508414,-17.041929496329473,6.849317667598116,44.919899680910746,-0.015472703063809984,-5.099501712484362,6.114193215455909,6.205549902339331,21.65476860564475,37.8167750114941,-8.176198530341928,-24.95652754964143,0.8631168298034689,11.966379756473227,2.342339603881273,-12.66731160170893,-6.957888104464151,15.04548620031474,-20.936575505591147,-25.776599829682837,4.248083213088759
-55.091661437825515,39.745216989138946,7.171438962242249,7.631937037406657,-17.02999223030317,18.212942371049603,-13.490889140259208,-18.46764738843461,31.877806732392536,-62.49978342592917,-30.932646376243085,-1.9037327375830717,-37.83794923892845,17.489469479425257,1.2532776118773734,18.830372555088253,-14.41021902258169,-36.222583107025784,-11.51280409782433,-12.182561105553264,23.968730491785717,-0.9831595858256352,41.71007288583644,-17.274026640073846,-17.836150906164203,24.80312816601478,-1.1504628113595856,4.422291347288022,-19.875532029486152,-20.92345258909326,28.883598616840413,13.865606557125682,-5.771419224315388,5.3133338908212195,-1.3424590570982862,0.34132991094958276,6.429031662062964,10.689703768594462,21.44382283910925,3.430894177935853,16.630355033447774,-3.4417148533988686,25.025849529347422,-13.619625701651549,37.41768482500775,-43.28739383209345,8.267184871606142,8.114160761449156,-2.5984458669820722,-2.2414296931313547,-21.296219303897445,-10.413537856895484,9.120594862767256,14.860479223909469,-6.8392147227503175,-12.341743306248233,20.18451466010457,6.192345877888114,-25.10959309812274,-32.61674611517301,-7.89436246064715,4.814213304448628,1.9192794398528035,-3.5168334375861696
32.33530412172727,64.3131754604268,-17.98975218432753,109.34914645733478,73.33005655437113,4.877893047315515,-49.23085598710968,76.05858658304321,10.251197788965499,-35.76743477653414,90.17512028201182,-29.553602097953554,-19.690001063874597,186.145353995047,-27.742788464412747,-47.13452738778274,-77.64821453563243,9.24726755486513,5.282957283532394,-42.041071065776556,-14.767394314281944,-24.76141185857447,-34.34220422736693,15.560282268716279,-32.17715371956061,-35.44060155764862,9.849672968689708,2.7550232420249605,35.85759823393226,36.70197640820575,-37.517896233537044,36.87570475186397,-68.70047819534507,1.0707243824843924,-28.61694568601342,-18.29645752395571,-23.1949723279775,-51.80917867602923,-7.366892368548909,12.084392541850145,8.374418810384109,0.8853068903296483,-19.920437761620494,-12.40886822992286,-24.359538176205486,-0.7588488049359761,-2.754205733751915,-15.265630540105466,-28.446727437454836,-21.284384358691014,24.367232907965427,42.76382649611378,23.35981565689688,5.951829334970751,0.988466982833206,1.8518802914924537,20.203020654255383,14.437583269544074,8.308989190991216,-5.112801289481,-4.095479598551481,-15.544851082239317,3.0257409535678716,7.266381564471212
-82.05399463097618,-67.85414472673556,69.9689664286169,114.95754335559009,-5.020739980687684,55.32884131029989,156.6026317722206,-105.69668746593216,-20.335359958154356,80.36194877036651,-57.47116021249782,-37.95958454461349,-6.526097915538061,27.4629171291814,-55.86767149722883,58.83870769184866,14.44566058613068,-20.56082303292348,31.134565385356456,22.920221684823144,60.6332347476588,-23.69309615988561,36.6461242149825,49.36572774676763,45.226358583852466,23.226858312194434,79.86029474077736,17.59110914964433,36.49286603383897,-42.54452398543907,-39.63707980062468,12.817190439329112,-37.33370609761418,21.81953246997093,2.0867833758781433,-30.57378389443682,-39.86658829151992,-3.8325317860454824,-44.905110581220995,-44.087863931911514,-9.212460978868707,21.80456364956786,26.533806576882977,-20.997018296598963,21.82270476341079,13.68401417814466,39.567450927988155,-25.59914775109652,-28.012226935063275,21.395136974530544,-54.84111226012424,-50.92290761672691,33.1363225540941,-17.23245921359634,-32.646784621212205,-36.97417061531554,-7.500659077603229,-23.834339834139453,32.666197026614114,39.997927529463155,-11.377745148875224,-1.5901132317478155,6.1633824088327405,23.105532060081014
-64.61157658220311,-5.136460954095501,-21.866640252886555,10.0903772289437,-0.1163794580348516,-11.249191721943788,-13.638885243129703,4.4014897149754315,10.14038508774991,-7.993397881387498,-14.066822855107727,-18.458938946169443,1.1634386203516949,-6.120392938214194,-4.236715201121987,5.561050369390945,1.941311512803647,-8.40799519953836,-2.050374771902482,-0.8524497965889606,0.8902675728017378,-8.389601430750561,8.34197074828488,-6.265154696024861,-1.8082087576780423,-7.702832726702942,1.9423032320451186,-6.26589700991535,-12.528651146029059,-14.199689388895381,16.522683547397577,9.366821659771807,3.872976320422739,1.1306011365861008,29.815337228949307,-5.426029847682826,-11.388526874754694,26.670867257904124,36.44956887160862,39.24711197868766,-9.767830683880476,0.6131702106006478,4.45429275868975,16.770943978319934,6.288638233958988,11.400406856319785,20.63212005248253,6.194802156799193,-13.291878841401207,-27.198902614013775,10.490770644791214,12.747964731352617,32.580235644014266,-3.657162285130396,-7.933915768023335,5.246793780182904,0.8554979507608738,-15.611139803542233,-9.709424553628173,32.338893558311725,18.696481916910678,14.18416101246533,-12.240076495463391,13.89721249982718
-65.32944832109303,-20.173301419820007,-36.43347220547181,-7.141148463204903,-6.946748994097465,2.069454718690768,-1.7359327104960485,-3.3301708728934223,2.8776876190613123,8.355052767508791,-2.0125007100970738,-4.438987389896583,-5.811324969747662,-2.230890844538163,12.23850493150662,-1.0716746779379729,0.011383442011784983,-14.577986779660415,7.47360635229185,4.548554802449057,-9.818162987005916,-14.086924573212698,-11.805259273561346,2.7034503498013787,-4.040751712024792,-18.914993807919927,-0.3143052658778876,5.910351951074608,2.769713299479543,-2.9362644435945002,-11.190495682452747,15.428620472354439,-9.839378589401415,-13.870607222604281,7.4053430953023325,-1.8419818981190188,10.406677948530163,4.455631150918171,11.060130190762282,-1.0855392887496145,-5.4977694182504075,-7.852200801353659,-6.551322861073659,10.927268623121005,0.6859895754311127,0.27855391797100826,8.526844946223926,-1.3437359500825596,7.282333530794479,2.632521661206839,7.1150029394789875,-3.288401392273518,-12.16865428294276,7.314634641744042,0.4195883588289537,2.2142602997608933,-22.161712322740293,8.68285405625935,3.2930629132601985,-11.319364422348391,-23.334212181507866,1.9525296210178595,8.767976690203536,3.2977352781472344
-47.82021562942607,-4.953561811329701,31.573858812925664,6.429624203010517,-40.503138125576186,37.56930199064455,-46.74031216381851,-4.751964739060055,-45.57462437793079,36.5089310194815,37.66699638841034,-20.87085440449675,-36.55661597589489,-18.438594878298275,-35.85151115829755,29.985478722916266,-4.9348261838949465,2.0581336947604,-1.3265784383231292,9.932949418132887,33.33980036669533,-6.721167306810878,-4.4343877343300315,13.081777692498807,-11.508268448480834,0.7654163153449053,-32.979079939208674,21.844639161165134,15.32927125081368,6.482544611677772,17.228271133076895,-9.069355840648656,9.945584834940602,-11.826086103051473,-23.245037859791367,16.970610504640355,10.756991095751316,-19.399508238378914,13.265431235462975,8.641720040441589,-2.7772146553691246,-28.183827348965295,-16.406207347325797,-4.6242970098172576,-7.584533263767708,-23.425199501561945,10.19457778923018,17.81847643609198,-16.4696793374367,31.325505986925883,-1.217501505943997,-21.932447035299997,-1.3836689033961065,-24.15013627386093,0.10507269666008717,11.595491424499967,2.6451160624023284,-5.29635071458473,-7.164649945793919,4.458531965476302,1.7289692314163962,23.090386345677597,1.2637625384487197,-23.457530404570925
-64.19061833477208,-20.593531334874346,-27.070007763476386,-2.6591621337678113,-4.378898884725578,-10.799810551305333,-8.456530670374871,-1.880827888709536,-1.5329167576115668,-7.471589114873011,-2.9912910344900823,-0.7885507177237924,2.6969618717981,-1.0627783028742441,-14.669047950917177,-10.046625275048306,15.0744422953875,14.053835767443829,3.0284141095792516,3.2210519387010823,7.880546341226504,-2.9529390373941102,-13.512699313418736,-1.9477297578033572,-8.805748577882804,-2.8129694916027117,3.0694223994636354,-8.736073253863548,-9.61505201219017,-0.15457704864764832,16.483002600747614,2.5029412336956534,-15.722119158597257,-0.4583366291842315,-13.619349003324523,2.249697573162611,3.027180414664721,-4.801845175491698,-2.304607145780193,-11.025790695383588,-12.382071003629504,-5.530115674199059,-0.08003940612444894,8.88928583182734,1.4753090113596439,13.599303872835703,-2.7485843265813825,-0.03869881213500405,3.59771527152257,-1.9957677287213582,-15.277195990406002,-7.185371083748795,-3.3937048930754083,-2.1726081033454108,5.478765277196956,0.19208040901181678,6.988209953319252,-12.1181280100775,-17.6724732397083,-7.197521509735935,9.090564380917638,-0.8682785089372042,-7.528513988576007,0.49335843582375927
-9.794705358499987,211.6785304334865,20.991324945015005,-3.428468271083676,76.38607875484055,90.22263006409437,-20.330317909855083,5.822339047478589,21.695756183338087,-22.812921417675927,-102.17557304295086,-115.8248270801421,14.37255685199622,-50.43467056930885,-17.17040243289879,6.112280022381026,-11.092831028108098,-36.063957078125675,5.572377438031677,31.211331879713857,-48.50108573698742,8.962610426623622,5.576060203278114,21.40956757908722,-4.993555463792062,-14.438271983584647,22.235352501768276,11.16301064343706,-9.859675663742495,-20.92401667204741,-23.103594151570725,-50.62876180488965,-13.238964939805806,8.077901655032944,4.836669547744692,18.4367302577862,27.780159749716823,10.090885920626326,14.964225271601615,-13.278372549544715,0.6160255535366741,-42.164733373024966,-17.45520420659842,19.78677535699837,-23.889208946454797,-12.505435600926013,-2.618831837099252,-0.3680068130650678,60.99870905747378,62.87161872111122,13.821596060515231,34.35394152041058,4.171940043980788,2.9652735743339926,1.7831618423265563,5.604699601195982,11.31898665860271,24.02833728756563,-11.094505661751734,-37.010708317619006,-33.33092590045528,-17.63970678553861,25.913338034697958,20.588516988210287
114.52400724363702,329.7163487862847,-18.216372411274246,4.915966040296974,69.30818423926301,-27.690436623963304,77.81915830884294,-20.962219798945497,-3.8930917880086384,-88.52506559424423,-104.20277391367527,-74.92464257580414,5.58068785646299,-35.73246163021206,-47.33254954964182,-27.195395577689254,17.647099268515834,-33.74384655368313,-9.515254418006531,-26.970522334168155,58.26369337521393,7.860267528683445,12.362932827078158,-24.612618177413434,-10.015762731199262,6.372351666482624,-26.640352187217395,31.360343900158025,16.14630024079508,15.588831613267923,1.2880011163119909,6.97661109103403,-17.454378248168418,6.876836851821551,-69.57365610583072,15.616381758014906,-30.64862563830095,-43.446473905210425,-45.08918501150324,-11.387749421122901,-8.614630541334492,61.651959711393815,-5.122335903718831,-26.990167321513432,53.96443756683212,-21.7166983849559,19.83300583867606,-25.232713508711768,7.756744814530216,7.941582916800335,-46.62293200395057,-27.27899224844362,-4.53810246076374,40.57616631321034,-7.605184995569749,5.503590746283691,-11.984717830940696,-6.149829619409082,15.090270318944784,-23.876536472892145,-2.930262265871176,34.44418385039055,22.906201347981018,-33.34449919638058
-54.71888643399178,16.76899165854022,-21.293374466433043,18.755610810695106,5.520488247766774,-0.16949118257789997,6.8555866807639845,10.796317354911462,15.28593586524409,-37.50138915754297,-58.27197376891596,-42.044321408961174,6.981436939494329,-21.044092060891163,-34.45284880128991,-14.374140984516096,-3.450601464116803,-45.74214815355841,-12.071054848695125,-8.805865342654817,38.17202811580165,-7.429884142805084,42.62246437575417,-16.41930277765374,5.007120662258013,17.005588304773898,-9.069918788416791,13.508798768317337,-4.107654050238098,22.400877303613107,8.242851327529436,8.510919461092014,4.625463312523581,-33.27922957978678,-5.926316346418338,17.34993167896582,-8.068722352752188,-0.4823954949373839,12.433868786396747,-2.38173939601176,4.827503687314078,14.586759266206325,-8.745555769696246,-1.2003668001915875,8.109244254676558,11.169187532306715,26.30366091541486,-12.58686368228311,2.2099174190061084,1.9623109630268432,-10.303956560704286,6.698834949409749,4.193214974149178,-1.631768031598116,9.363969864228674,3.8959266154580754,3.6752904313366903,0.4721069478286629,7.075578868862719,-26.69168603160939,-12.211872283689502,-2.447281903150375,-0.16825333084667074,1.093880954492205
-64.5236092331457,-21.933276519086323,-20.46853278578557,13.02106696582974,-11.090407777076859,-13.710184611421129,-2.6835684458766424,-12.067791873261601,1.28886759273099,13.951244905120742,-3.6933825105975036,-4.168419054849734,0.14318797500568128,-5.905852926680955,-3.9894301813239372,8.984883155865521,6.671494576017974,-1.1311310255818459,11.25833225115838,4.850928651474899,5.7049234561817395,-10.635508194489526,-8.572696151437025,1.6368832968121256,10.256777913626513,-1.6411745344930175,1.1603863455418064,-9.718932887800502,7.195748089511652,7.7407932169123015,-3.9999505780749383,10.572224296420575,-3.15922798179678,-0.9883983416491028,-1.2630247775205186,-10.965370872219806,-5.469754235435881,-8.605235110866294,0.05683299826945604,0.3293833896442202,16.0263302665071,-3.5972658119382053,7.162813953730115,1.2959521443777267,6.9247155041080815,3.602228174636519,3.546477592141107,3.7105880427758606,13.866217965487838,-5.21216600693132,3.26409901297338,6.946227823711787,3.7395909897953232,-7.301279164682582,4.347898210012938,9.51696411160723,8.346149447753978,27.59059217445847,-5.713109797287022,-12.582339475495493,-13.425498170747373,-10.048659364456178,14.757998812229678,-5.063526480280965
85.2064464073058,-37.55853435555898,-135.73189746804553,-128.23922289580352,96.16873212093299,80.55058078339148,52.79535105136238,-38.41486198643135,-82.68506042616238,44.524109127602685,4.066392174008382,-8.990379521857559,-67.44911589627762,16.826968289322444,57.51781809044254,-44.47467136385522,21.05227711156379,-35.217863502404875,44.774535571324215,0.13367526079621023,-6.081879815778695,42.63464371501803,6.543059124364416,-17.930057579436774,-14.851818263815275,22.109396195832325,-97.16631996554369,27.183946562817983,-1.9108237777624633,10.240684807251087,18.62489894251266,31.75357653805072,-21.191301151593276,16.053289138366523,30.572124883473833,-48.994354526499826,-24.624291294245243,-1.9164205781932977,-5.702916680689405,54.75469829167245,44.23599287455747,15.201295804622848,-33.248265296806345,-55.57092136355238,13.543908535273124,4.021724169637765,6.707551629273134,-10.13749921375228,14.268048051855896,10.881838430316424,-15.004778119727442,-8.60783059091139,35.12543431124242,6.021471459774183,24.06837171089495,-9.176301309918134,-2.009283295990623,-51.47337224400987,12.947138150690343,-30.86425905195275,45.625393522783426,-10.624365426261704,10.647909011246028,-35.08112780070752
-58.356329160895505,-21.158489665340188,-24.87590249002136,5.794132058603011,-10.02459334234359,-14.736661348314925,-4.226714366952489,-1.532647038418364,3.404531206441577,0.49159884256615194,9.63662935311823,-6.876539962617633,5.56498759722831,-6.043425382246522,-2.2170058947876217,0.6840136395395433,10.178665862744122,2.136512236361658,1.032319449983576,-26.284888017522583,-12.519084050364487,-1.9995006124484271,9.63310735486312,-12.809509286647877,-7.6306807582434,6.021079891605679,-0.3464500075489201,-10.31174436819091,-6.241533700679887,9.249959990543424,-18.01746344478031,4.439562809248425,1.5349531130228535,14.349379213678002,-4.13832266052806,4.439766502460926,5.6740395194192885,1.4451378412228937,1.9262841743059984,5.165477215448824,-1.20075018104591,-3.386341992284015,-3.216250371577849,4.787884184448788,-2.5669593235935566,-1.3665533989916456,7.594479886296622,-2.557223580948197,-5.319024924972167,7.49089162558452,-7.901654338062538,1.7656870597024437,-13.182208069803497,-9.66333690016789,-9.30556415097614,8.788235378688336,-0.4677168455622115,-10.217204811035074,6.2238894850336015,-9.528350268285328,-2.0939685952979636,-9.269646757387745,2.215262334147758,5.534182582675653
118.06878635217612,-69.75267450374234,-59.039950390091334,44.68530611363528,9.66937817954052,-94.39096569954195,-43.40730477851062,-102.74978249308798,-46.81315587158938,30.52437494398999,-76.37209427244083,22.67086432733555,-75.27520885022336,8.121076615700357,-28.952557506274836,19.615480343222238,30.28807876742745,-15.92405856335447,-42.68670384067324,-45.11578111585165,-30.81291320498775,-2.332005275599437,-39.29495388244768,18.292421230062992,-31.085149467158548,69.1533905180059,5.043857039354313,24.89806850566728,-8.56917552821651,-10.720551912789238,20.598004412244606,-10.633032118778656,32.06931802663901,-27.572270775959858,47.089810285799544,-9.70717071499154,-32.66956608638841,-1.3785143427439563,15.208021724487583,-18.885293989551645,11.889750397433776,-10.424735595921293,0.20316318925338708,5.431538092248072,-11.165607151053615,5.428679077389317,4.280780725875223,-5.24711676374421,29.007448299611912,12.300146108451543,11.049190398217581,8.935552281353804,-7.337226204638497,29.388067011455732,-14.896781445061949,14.344040795804332,2.8819898892187337,-28.64790828365097,3.072676047182043,0.6754236027331733,7.950508892124559,17.727224549501994,-10.003312431004131,-12.803229674676096
129.06787168615875,-131.8771378720524,36.83489901956519,3.2919388841577324,12.986209487520693,33.73087187331288,-94.13643922869069,-6.178524973379205,65.55985643419287,-64.32060254712682,20.57689467484527,-50.06305289589764,49.5018169308369,-58.030298560926305,26.21400387663057,-10.04695436078962,27.47911235560269,28.648678887300605,2.373724836413671,32.730352638604366,-56.440584945518964,-58.15499122824074,-5.014396166426941,-11.137383570946438,4.725414931678216,16.28391397485868,-10.095804780320291,-1.9053677625305458,-25.555147313766135,0.6191528941775211,-37.316394734675704,-9.822328508689079,-38.547518568897566,16.415212489042645,3.680719341471122,-26.732237943992413,-37.77125193832145,8.930343183672438,-33.64309502340443,2.9053273193398184,1.7140321491535535,21.072491094058527,-4.73434951034437,18.163234172337805,-12.208244906905971,15.988798988092055,-8.66604902418905,-10.690794032905343,-22.208723991739582,1.744704573197151,28.97668417840405,8.647697179431482,5.818189302466335,-32.19184053403774,3.37789775195927,-8.689692679623386,-8.985058975964451,4.827889012356897,-14.341122924055348,13.688743079249518,21.568510610666056,23.530388973276366,-25.203190283386874,1.024490593043928
-61.85188445330327,-18.312082384258876,-10.817479013444077,2.9400579913582585,-18.02770858270271,-21.17152385905173,-9.991686833493558,-8.71313551619094,7.4214040730873885,-1.7332426152932008,-8.370195049795125,0.8105057349225085,-14.219373177525421,6.583670841921759,10.854578703078964,4.263304856166153,-0.4879025476470511,3.56745119769615,-15.118787229033899,-2.126919211469074,3.9077559862263365,12.927911300310281,-6.549625346106998,6.081473960205036,-1.5855097015503017,-2.1730094557011834,5.883884520572802,10.20304892207749,-7.66676986749891,7.502190355096521,-10.260541074965749,-6.649368506385134,-7.450107716404703,-9.803960103028341,6.80592873931316,-2.2881030592540497,9.022602475164408,10.01257225656273,8.860714912744832,-29.03826256279729,-1.3002009833212431,-18.77632743312743,7.485405090720007,8.491428579995613,18.5062914739446,16.43563792621051,2.1137173602234576,9.7838746060963,-11.482686954971008,-1.1571040440632883,13.042595647140413,-0.12092248800957374,-8.331177654001632,3.8611606768898583,5.535202433985131,23.980360777857964,8.103472046311966,-6.338801549332834,-8.404985248383039,-21.336490459681023,14.034333772774966,-2.0505925897442467,-17.46113912845901,17.212074639322406
60.76165601105319,139.4261633269628,-31.554474936156254,-84.35681488484013,-146.31793317755623,-90.36640096852129,47.27540452625037,18.22021622545385,-40.23514078411886,87.05850639290817,102.94335625579784,-5.117685209900472,37.123068903108,-4.704495694596132,-71.3713510890679,-10.783572855385296,-54.02355292671432,21.091530255105603,-63.106506096735984,103.86523198122711,0.9807939172906175,-3.0855434970404416,44.60990915748739,20.112954391957167,25.053924280049152,5.654129670968675,-23.960311640373096,-9.538743042830923,-10.287070720872027,47.049926565332804,36.89040306662759,65.65453578559209,-8.204878929863394,-1.7177070307574223,-26.57660055563183,4.63193472046145,-14.762171067764893,59.52930774999235,33.928151101233894,-35.44720567707401,8.87576007222576,3.3065233546314463,9.67858678680028,31.61742021624912,-1.2915619942320598,-31.0854787969703,-22.046265819270346,-10.890613287808169,-12.441335528062755,13.647391689000868,-24.858949476577756,-20.992268588417915,-24.072589413607453,21.251584900878704,13.912506942877672,5.863988050361499,-6.454682849523167,-5.7891781903257495,-2.9106927812970187,21.38233573776494,26.76359123161358,15.95952626814912,13.668956810328599,13.279009679790317
221.4778537831981,122.17775556941857,-156.59670931640827,-29.72729144086358,57.297647922149075,-58.56568969404366,10.77992240070597,-32.84961775978978,-80.74607217133921,69.1122312683896,-57.15230844249213,74.56794927047078,-49.702412504382536,-14.867458670521652,22.937825383664755,36.644171236433706,7.576617607309249,-5.114466596608221,19.146912153583312,21.213611531776085,-22.808326552232,18.544466609710007,21.00950633072176,-103.40336813584689,34.80080041311645,6.989804694465786,-46.149631931507535,5.2034166050738735,-7.118523993980068,-27.46835324739745,-8.590482204226069,9.87356854211558,-10.914968466765304,-32.70838742767432,8.3491531258574,-46.0718368864186,34.225380035285056,17.101292079021075,12.479729235765392,-55.848492275545624,-33.67444958566465,33.2522579202427,-26.7407583959641,-21.880321393636464,-25.32403581277482,30.14578787849636,-6.091578388097177,71.40135018775182,-1.4362804374434688,-22.488885852545994,-23.880733204544295,-4.240141755711146,17.282064806623072,-19.073023038409314,12.94310342664222,-26.196953500769347,24.618667402748336,-10.803009689706519,-18.998076788700523,-10.564016101285608,2.9773183426987617,12.260121076562095,-27.324360778161264,-21.624573533124508
246.53970203550207,-17.52938207333419,65.05875627528143,140.8817560201371,74.17399672623694,-88.25649885149484,86.5302817157374,-145.32406014184284,60.18874690955716,51.571272519721724,16.87994139823375,-19.287318885060568,-4.416720255570804,82.04760536323498,-19.39697128165216,-52.38688093152226,-32.58072610617356,68.94481015093767,43.977268671890094,85.70636206990272,-48.62159841018993,20.7575069531758,-60.407768278776835,-59.753015913214995,23.23008820406679,44.63235438204529,2.9026781689008425,29.816335081556144,-32.54267670163756,-21.14535322475854,59.556147978303,1.5869334502433057,37.847202680026875,-36.48361765144373,5.474548150703352,59.59504499213841,-27.867357260564244,17.772374168600805,-4.5137639051055585,-33.89745434217853,10.868481520770631,23.024387099952563,21.001970885139993,27.035795065927566,-51.43842626662304,-3.715534060705782,0.0387391540034665,-5.239107556596203,-19.074502190790998,23.342611311696707,11.450935852655077,-30.899437895154183,3.533440067594071,-39.390388702179955,-35.57235712028607,-16.019062571407645,-28.820501031635487,-32.670790511927244,4.32879108444668,28.48655478952314,14.425711173904402,6.641165519735511,51.47428024550034,27.445737685439024
-64.57477229288408,-13.229884037865077,-0.7976562120299353,24.804535278779657,-47.32423259377151,8.853132480811292,8.623571162877107,-22.983318912308615,-28.591080715623,-26.0753152945281,-0.7165349413073,45.8330406037605,11.663034170234614,-3.7109266596596373,23.730486625127863,-19.360853578985047,-21.51868684013514,-15.803703699600483,-16.71887624588517,9.627686867536088,-9.101621241472825,14.264550863427948,4.526602843817034,-16.706745328826354,3.10717935660737,15.837389487435084,-6.13717018304109,15.610193564957783,-23.077169517121053,-29.40551980938805,-15.354335885844806,-9.603300903806545,-29.810845466100158,-5.490057058785724,-13.331672736987496,12.478834146506122,7.702912059918313,-5.296297486663764,-14.35653835512099,4.180152491220523,-1.38207278882369,-23.016422570068134,19.13822354512586,2.2357518432021397,-23.250268774190875,-55.20730563657018,-4.968591232768725,2.7171200598267227,5.451760601684711,-31.10208988012518,7.483366472755079,-0.5666544334307051,-13.205831802233293,11.012557747820015,22.351169294571307,-13.510520810324563,-12.087073683183428,-14.82684772604781,-28.296989609772545,-2.1562829772276526,16.964906485319172,33.157278851312114,5.420323201174735,13.952425734312012
-59.085017964414156,-8.0670427127293,-7.251971137656788,47.534167525338766,-19.735432753510796,13.43309854759772,0.9145911740260524,-4.5429962913864985,-20.136541070183398,-7.296135073023158,-0.46241924968406817,34.17376833016353,15.031393081378827,43.01222069566521,-1.1857679681027968,-36.178691141693065,-45.669876051117576,3.719840556987191,2.030473921591942,-8.507217930030691,-40.75086176383998,-0.6842249919024951,-12.508029415679209,-39.75318203471983,8.684739329314572,25.511687412895565,-13.727807421445537,17.84545231200262,-12.427246302296295,-17.59954191112806,4.838308172692192,-10.413069425917467,-5.145645096834852,-11.885671170112648,-17.902266581221433,-14.658782856699554,-7.340051290683202,4.177301392256844,-0.04594276330801614,12.494567208639673,-1.7151333209759594,-16.858829644798753,2.5693421144565285,-4.927682104308957,-7.789273540306195,-41.63470664525948,-11.423333872654377,-2.3178851032773267,1.3324630246516556,-10.859359529477176,4.884251502154038,-2.5582892288034933,-24.148890674909048,-12.435819768447924,24.784940841156118,-9.328339069790397,-25.13320390997694,-23.385284874984546,-22.923411324835413,15.560893698926478,17.188839653328273,7.38085269798801,-5.221122349800579,8.431730045718806
-63.364330809034875,-17.82805737084957,-29.402647335399806,6.183950576390929,-8.560336580281321,-3.049944721794597,-17.86940148557265,6.808633047385184,13.15596529738305,4.321184609272119,-3.133060682629881,-4.334255839282672,7.718085790681645,-4.367534737220472,17.90334018515129,-5.539038845022391,-3.742466065496071,-5.862598947751771,7.62787706536664,-18.618809969325845,6.4454237884037795,-3.762561769749807,12.068103402368434,9.27538425455598,-5.863043180295991,5.886609894577437,18.584758141096994,22.228601907370805,-7.216331654628123,-5.8562499985335235,15.01094451247721,55.73338285135881,19.624821648923845,13.049174078405223,10.463516686777687,28.77018384001479,-6.503654508087979,18.40973823844307,-20.686514029973793,-27.826605165223576,-4.747053488309326,2.9971993911110006,-15.63094610131917,-3.350580005712943,20.833076446647645,-19.699312120459,-15.61922152121349,13.873399777354223,11.20955844579213,5.4944824369393235,-1.9320267781074005,-7.832514866087764,-11.079076290119072,-26.4566192924959,-3.8277323895896003,-6.751262429798816,6.970893463143537,18.537958719969534,-8.921214258914953,9.111777379639783,-11.204661539269447,0.7911519040886943,-11.52248034019948,-14.622995513524621
-37.97112184937373,-7.179931407814215,-40.52794047536097,1.038980326332914,-0.3197356738942436,-25.465474403311823,15.059931499531432,-5.685209367436675,-23.086739684809682,2.274748105489663,2.0361983157341403,5.509329575006803,-7.3958852701682005,-20.809433843399045,9.152649703947992,-0.41756171154104527,9.440990415907782,-7.636311080694486,16.804038033714257,-11.8089777946649,11.822685179197503,2.488478157362856,11.841292557553867,-63.06970231436424,17.45444014457181,10.682512194462594,-8.505270581803037,12.30172115543861,12.154464153286954,11.740274225012124,-16.383000994471228,-4.973039360029603,10.859059018401553,8.44244738204249,12.049574904082263,-39.555758378228866,47.93110623368275,31.084132406270175,7.394249149982045,-10.437325870875869,-6.481978234894555,-23.78936680707328,-64.85968316252837,-49.71761784903645,-11.475298265194846,14.57283091823124,-0.9370207720685026,16.35683307649461,12.303095609707617,16.949269349957873,-18.341908458763715,7.77988998558428,11.779180785462989,-0.7083482832370783,0.9790679825425396,6.6583567807074155,-16.434664377128446,7.016458907263411,-23.800575952132327,-16.57010853170289,18.505103690240198,-20.926758414095108,-35.36502680293161,-42.7606756661853
-60.417169931069104,-20.53175301149247,-22.467832568957164,6.663905444179777,-14.789639346720577,-16.951600030299893,-9.707329656016936,-6.387201365342072,1.0135379796866821,9.497977836350588,1.5731379563605048,0.3958178896897148,5.283104843849265,-5.991896126828496,-6.0456231512826815,3.340971289843859,14.395031080496128,-5.306866998450544,0.258043251466048,2.278175017944285,0.004013040873896039,3.709935033714239,-12.172444831850983,-13.984488296663201,2.6697961091311324,0.06010132086413601,9.021192189150197,-9.590652715605676,0.45229171696332576,7.237104525854792,18.07908911530643,10.781653329108202,-8.394621648881866,-3.276474764341365,8.23260117222222,0.8227373667361063,-12.916724038326738,-19.496271333169442,5.035493534856452,-2.319508147985832,9.806084743247899,-4.857451425344787,19.257222466762464,-11.670571318721572,-5.34139979918554,15.382894474747,5.629890105948881,8.224026307498946,4.020829474244455,15.316581500820599,5.831740470381061,9.195301521403621,8.763145595515685,-8.968918922490042,18.53644180673506,7.73065873484178,-5.251708017930431,45.76886189896823,0.13172859960354733,-6.198916637368031,-25.235183632865034,8.281386696891134,22.175739514191207,-15.249685473094344
39.63119055631659,-47.2951834047244,153.41858162387643,126.37831294080968,49.233901808891815,23.697122916663076,111.55865271647062,-151.78448884540322,18.74650905239854,81.37633512807646,50.58172589862045,15.771376865933428,-69.35226204789582,-21.2431560066294,15.674163241041066,-26.09351542089129,37.452860654399984,13.23540607174912,9.200814719182274,-44.3092207019599,38.45467033186675,22.831993256795432,30.315799086805555,-26.37224928962073,-60.76360777502295,-35.228155120677656,21.884601071957157,-2.8659168273341242,-38.19834042606521,16.45740919846452,15.675744666911548,-10.524428890608684,-33.578430207728736,11.518070791135592,18.596102677817626,-17.301892736902683,-15.326560503359309,25.85745116281894,33.892010279185925,40.95226025781352,16.277906260210305,-1.881771586288058,-10.737326074140203,-15.669478420751712,12.099930620592682,2.599849154378885,-30.372818237342795,20.298425688285253,10.671574027649655,8.967860563085422,-12.87901526470605,-0.8769723676477922,13.514890716435701,24.9365520496184,30.18511447260319,45.70139425626008,-50.67869557384778,1.2750271407154605,-22.211541720685858,-23.22459259478606,-4.620091913274229,9.21470498344555,15.175981909050286,4.759053599359219
-64.60107280659925,-23.659830237257513,-23.174074691340067,3.7996138811871676,-12.148759112342102,-19.59902555797459,2.25886350980048,10.536031667477118,8.92641311688793,-2.757304714914228,-5.1976449792575234,3.2770563329303304,13.13697658687338,16.904465445132853,-19.88318612431581,50.500580921078125,20.272684516509667,18.69884617264785,23.601984703726345,-0.8476173822801348,-7.457542991627071,-1.541921030834851,18.858125310010646,19.05029956825211,2.569798698692543,-12.277009784647966,-7.518937407699978,10.232568934543467,-2.7290375370429274,-2.7722684525193233,13.992261088145645,4.66865840145492,-20.539511313732497,-29.312684766007486,16.23609806291538,12.946007175895337,14.471099517287792,-2.934697032636486,-3.698562074873411,9.863054617438735,-11.985394305710724,-13.367819239139601,4.307223364213544,-18.864415623347966,-5.763434306678702,-0.5359275361973667,-26.558066882145727,-9.990545952989862,7.130492253315554,2.5523553388726645,3.7799572694120473,9.766524931547472,-17.048039823836568,-9.766815428808593,0.06458016789711282,-7.424216048948312,-15.90311807252757,-5.778807998037665,0.4133269136664362,-17.218480745040225,15.41340000991332,16.494767325252422,18.690452496050856,-23.236714669632164
156.20841927805353,-119.35459837964815,-15.973204148068689,17.51937104791557,-37.94526945896005,-16.722515575144573,-102.7860502029572,-39.06861664659247,-11.011471188010399,-23.63634778198897,-52.92287195570844,16.902985231538846,-35.077695388157764,-1.9785567885614925,23.52485908433244,11.605649005596186,49.307757636181094,-14.974310266744766,-3.594652503043455,33.92005138432628,-21.30454537778489,-20.392062536781765,42.37290611349811,-19.97730059047237,13.530674475205402,-7.138630175375112,-5.17803223220998,4.635773188184236,-23.321969186513364,23.91184822062564,14.863756049489956,15.255769243062263,-8.591091322782455,19.60190206533499,-11.550560600030996,-31.372362148146863,-5.3051681355306,27.3039920970978,-5.296191363711471,-42.66677456655755,2.303543834615209,-36.565389952868095,3.4468094810176897,19.399071796664987,-56.87919686743583,-29.34150560003776,-35.692214085629786,27.186745678887466,14.555116235090555,-3.4051058950903865,-30.301974418170015,13.110304942897722,-13.559269017838572,12.635775574335295,-37.81164770059714,-11.094677427022734,6.454294946021523,9.890951816942634,7.0065523559742475,31.974818031215836,11.54198496844612,2.7359919544656193,-1.402487485447803,21.543585457014874
-66.78176528426656,104.11079051904451,102.98671719556101,-57.09334835535177,-164.13488992552996,6.031403695512547,-26.548966912403472,-99.09867175499218,22.958296316014767,-91.84455399288728,50.83630818004002,53.09691323816578,-66.78681582689954,39.53617177997697,58.71660470206843,-4.216718760698757,60.33081734330842,-39.48034443973948,-40.2491644110696,30.846333498010512,-3.4693079791101775,3.2172560222541744,62.50504727294663,-30.27115037463752,-16.254393603702564,31.1139939533715,20.87066327035699,23.839642412419174,19.126321671933635,-18.11867337828841,-6.499321616661416,-32.13923021073593,-43.284062322685465,1.1352056234390904,-22.614954573526674,23.50378156847929,-14.348767372028567,15.339582578892633,18.533477080948774,-5.956945216593607,58.88474102778222,-4.105719205180617,30.848890743266015,-59.67885007193371,22.82877462596785,-31.75354784467243,-6.540011126720314,28.561704835616066,23.44515120969338,-21.540197699696186,16.276234810536916,-23.811554738083377,-13.237014678364602,21.282026305172604,-11.996801671560997,-4.869892010096397,-17.880907969849147,-12.18460760139977,18.038209563573247,20.54110015673582,-22.675740809672835,-18.815571699261206,-11.494690953342737,7.647087220820014
-19.69799476172036,54.704241336826506,-8.182403722456948,107.43997320199367,97.45324295826197,-80.29528113810433,136.33204269672294,123.025229686789,-39.01382404352715,-61.07324183201026,46.21167270189081,-81.61851086304637,-70.816669309181,-77.08172007298418,81.92848643751206,55.09920976570143,50.09405185134975,-24.73792802193814,2.347662906894179,-14.203815144756968,12.832155380145448,69.42132690959863,-63.90132461224835,-2.358802016951044,-48.15455370498165,31.45499796886925,-4.239863794610004,-7.836380404115093,-35.116222286121285,5.208115676997579,-29.813448966014917,-38.24359156304089,-4.455229072093109,-16.153344917326834,-12.030086779042595,-11.272887364635398,-43.806275809888035,11.107527250866942,22.744882357159863,-0.4169986879211335,-29.422633789683246,-9.692012208362103,9.875564842968261,6.6276100253454,20.985972098930812,-9.267439310929676,-24.909629272561148,87.90778775204262,-23.004119148297278,-27.881101789260693,24.623378562678305,12.838393267677809,-68.510831480684,-3.9590774988468818,-3.1755916825624952,-25.860252494585428,49.34315130504087,24.205674130537663,25.76412854521379,13.961415803073088,30.491523616175595,-6.450158366362777,29.360445837013696,26.941737893501294
150.2377104883243,22.541357604563416,-139.34779045575473,45.48483759934277,130.63316728585772,75.58608536185508,33.062428516084395,61.76101133447376,252.18905383755694,69.0772795444581,112.89111040453382,204.58517227008446,-50.54522615226362,-167.24311399168917,1.0974311011702784,80.52259209756431,-10.253285955941035,15.469832781490952,-13.676836616187828,82.94988805418515,4.13220499834923,44.031633055304106,26.998748061761034,-23.26943592540176,17.125231941890583,-30.25944742208529,-33.22384893093989,54.112085276207985,7.858617066057961,26.951037951171333,-2.77674786504194,2.6027471531276727,-46.80292086490622,-44.00968142430075,-3.7080219845540427,9.561568426563374,21.06253334343053,-19.0346022235834,7.060189135984903,1.8061277387579908,3.1262613887549473,32.509797897042226,-37.59236044544432,-3.8218169917692437,-31.594658502612763,-54.189750130531934,-1.8781041043167646,37.3834188612359,-56.353976014549104,-45.6270602820056,-10.131411274180127,4.220762206417445,7.4927688454335755,27.85083380908354,27.562648369543957,2.1336307092372615,39.608447340951436,-15.571001055764587,45.97359332596316,-39.63312522021003,-11.091385729443468,1.175687524839742,-0.709571537498439,29.644369577653997
-46.33052002227083,42.4178581059647,208.33614031962668,-87.5934068875296,170.42849986271935,3.901269728397289,-34.43330052271394,-48.19246307567069,-64.07470588424553,-57.51745102230053,95.80037817429364,41.19447022164388,15.64898115859196,-26.81082530628006,-36.27774279259388,57.60169045469246,-8.463844986399254,-2.9957386194118287,4.909632861391977,-14.345766280746716,-4.057823384711507,39.534192450362966,-13.697416371710212,6.1071243972931155,32.453445787260755,-15.433178735468827,-2.3774720126173143,22.538383686755054,-4.124939954462648,47.97936281299087,-8.039218352365516,0.17218150364545184,55.93683987072904,-5.071901117353558,7.7521886516686624,29.077300694069354,18.763866327207523,-12.058383317971224,28.242239667069136,-7.7410364059360095,57.82426744399149,27.495205391247012,-8.855499742481717,-2.7420907947644726,12.87209454844559,-3.661432498436756,8.507869452033793,-3.4024923571058463,30.385913001744644,1.951250382285505,11.81527454332984,1.517802447799281,17.078530373679154,1.282749831833884,-14.830006799348354,9.501047280704313,-6.973569605128566,6.826605498183964,37.15418873991918,-14.653401069790588,12.109076595391002,12.190713789052761,-7.313678197675411,71.8492226184855
-62.76000823936597,-22.3028058176662,-14.862787556420109,-10.643396458095614,-4.676453928394646,-14.186873265109153,-1.628009706002701,12.89302530557173,0.18622392122398762,17.868308670869844,-10.734646139127015,-1.33328748188481,-8.51203298678385,1.463497484778508,-3.087974445762563,-4.561850464313456,7.976062627097611,10.168637070226264,5.386584209270765,0.6326785181728611,6.661595186797165,-14.23747872037745,0.40281699579921826,0.2768124212846795,-13.217896153256097,0.9581317095973207,-23.699798448098335,-4.914600090924558,-9.528509012178825,-1.803091110724367,9.090075882644452,21.825858053813455,-17.712506710281342,4.678668185998436,-6.895583851250974,3.870849289621375,10.75012214172474,2.2821949864680566,-3.3922414994860994,-13.805465256829626,-7.4865875946260365,-19.894560497235357,-3.6902670414132013,-17.03301908781357,-5.870641603747588,-6.81663360003478,-1.274683730556164,-10.999977779926581,-9.687890120381088,22.784653272340996,22.862089434547748,15.948368570877335,-2.113849958712274,19.6496813574888,20.251991681546794,-14.685013967669548,-2.2617576538393314,-7.022256292621696,-2.692036354439769,16.188737588581443,0.4359285414696455,7.171349877702703,7.986648173594662,15.508565293293293
-105.9239681742622,-19.865077824820673,94.07262638580505,-63.98953499134131,132.05670665627326,-40.1791972909282,-41.89559208362038,-33.02152396004691,-79.17179597167808,-63.87038662275162,77.20348449811272,29.625175212135517,23.921675674332626,-48.46307043217914,-33.44156500609178,-15.488675841030137,10.537140244120128,10.179526788725942,7.664095205681454,-26.440806747135223,13.383397117335194,-12.263698410947883,-25.022018000846458,0.7791650730655811,97.3627311874608,22.422522231690287,-2.204600649836308,57.76778671370736,14.238173602018348,-13.476422394418039,-16.987361826688783,22.174982630333076,68.2338075744201,-10.038369890134367,-13.476787243445074,-67.36334656175339,66.3459459433409,20.059048320772362,54.26805414420844,-44.69108041532712,-27.71973909882201,-5.912811825235498,-3.960683760570258,-36.320758617601655,10.141138059098147,-36.560144920585216,16.58944529135023,20.62414553410113,10.020042577114006,14.150631344073016,19.07957332339288,51.667918333542154,9.232964544535182,20.00329338189883,-8.36129033267852,-25.184908452241658,-33.64218466351362,42.049771763762834,-13.1135206747061,9.038358578594524,-8.393577491074755,-24.785784062230253,6.231159410469244,-24.332520654762558
-64.4941554901088,-23.072750610837456,-20.486061354172957,15.924350625747058,-15.254861211763023,-1.5061347903757123,2.783290967057217,-14.122833403012041,-10.039000557871105,9.200356567054268,-8.001004942818904,-5.053065961511128,34.206613828345844,13.055513632535602,25.123162819565476,15.359377885574318,-27.979881012035527,-8.586344551839282,23.902046409012723,-7.433386148952991,19.753442856379223,16.022785677676783,-5.168427444075662,34.694695159463365,24.43184285333068,11.322113464097317,-27.449564196377164,-5.124911701845208,-14.253548618962546,7.4620272494071225,17.19129168014016,-28.35215203957023,15.142658660354583,26.099785016706473,4.810911756378987,-23.987309727721907,-11.686343170608485,-22.766080083215485,-20.30874050279642,0.9517055526683774,22.46022905565382,5.399241468324349,12.574661210817897,11.707529628277175,-20.102099686890305,-4.2947352769219185,19.627342220168508,17.871561108912466,22.307625072223072,-28.07831757048479,3.8380539410949446,7.763938208117461,-3.5897722744839458,25.562756167460975,26.35810405364262,10.540295019946996,20.610669298413896,-21.35524504528463,-10.747342183409678,-11.04497740693956,12.28706010208601,-3.3642616581190596,-2.729559520389128,-12.257447146233101
-63.237917124195185,-26.743774939939964,-6.517110222950501,14.551250961143197,-9.31807185714887,-9.353199513338085,13.811419394048976,-4.993942774539072,-7.387312570553502,8.244870327718044,-17.754788968425633,5.438874607370907,53.949363182336384,30.89690936654012,-8.19043675962696,40.101738523270676,-10.4726309219651,-34.563266983890415,7.001454311396308,10.659420381030406,12.074992526478503,4.634367841568241,-3.1501294059704446,29.651266647088693,28.25950760715582,-9.18573822905587,-27.71630106236396,18.153038706460723,-29.62802353121346,-2.642483112561563,-19.542350967415942,-16.18700187721291,34.729405528320875,2.798383700632959,2.4656454085628763,-14.61740053220712,-14.207308123027705,-21.73354913237671,-35.61964224008811,1.4442685115526532,23.00804448952833,-4.147937699798776,0.6386019964986483,1.0804736910758928,-18.768782309850867,8.024018898917262,18.443590377527546,7.577103098600443,23.88810912566274,-31.56639784247495,-8.472796450574808,-3.198379977815168,-3.792315539155313,31.951681890618705,37.414845074625774,10.504914135602068,20.98555084706894,-20.58828218019137,-6.781692216581392,-2.563748542558229,19.93161306826643,-12.73208133154648,-5.317999756474056,-12.049340312809903
184.40984926972934,-187.84237158472646,179.68705508401771,-91.41867716408119,30.71015414826858,-80.91306211544838,-79.05691035518655,95.54898105010922,61.827217209238725,68.25993298133949,-79.10814155746448,-32.390578488421696,0.7296500375507695,3.0769205265861705,54.13383773383212,6.542724310808027,-39.576136463679504,-19.847400880070623,-9.438151464116645,12.396278830873232,13.514874593121442,17.718574481191144,-4.101367638305769,-5.9341304469655185,19.440189842651623,-8.258007991693976,2.5922167810656207,-19.07362487701389,-45.05255876076938,-13.539932694663285,-46.82315812737427,-43.86953399905779,8.734846938707026,11.224444528959255,9.84576067481181,2.228380922126459,10.929795388831245,-3.3575333492182247,-8.072402695696459,43.22881769408085,32.36625410722411,-13.243057742330935,-11.302074951770585,5.486382657271099,13.896308764820176,-15.069803636105405,-4.300293700916004,-17.8344403627713,-19.624231805697292,-27.133318301391114,-13.76334929797337,-22.158918254191168,-0.278051111425784,-36.278618830016164,-3.018723649038584,-41.570378817781766,-13.565376366966257,-28.91045311185324,-17.448437643412596,-9.094229581129383,-32.183159566274455,-24.955114561369754,-9.650755897742577,12.602613993909426
-56.320501242287406,-20.35113028907113,19.10229931902901,29.795821653685998,-9.071314896789433,0.5775932792136186,27.661671815021226,-65.83014053152199,7.630976058835922,31.57930424663071,13.56084357189232,-11.602284731009595,-24.086648577721423,-0.5240224604722051,-4.760356424561255,2.595224206693745,13.502906067053813,-3.169202995358132,0.2474280541777207,0.6446775640417833,27.84804423834406,10.270048541212514,7.265762031628981,-9.794291314710687,-11.351897120219204,-2.1512549359184567,16.7768481022758,-16.808250267261496,-29.669204230343297,-3.342848149759916,13.202896293739894,-2.026646168380423,-11.819993817837519,6.159590152799927,-0.2662077835879705,0.9178979383729482,18.302519228920143,-6.269439804404451,8.843550301756801,-25.709027686015382,-30.085890691098264,-4.501455800115934,-20.293011282718947,-1.7359350675867076,0.7629879160092825,-5.219356721408011,-0.17325882137940915,-17.464888501041916,-23.61810737233883,9.486614089662014,-1.3514430535588675,4.858287980346296,4.637591101928348,-5.932374740016988,-5.935403923330764,16.1421951315837,-23.345307697684625,3.9950765742582517,-21.95978970402295,1.905410859510315,8.36875066797735,4.379734444716276,7.17317396967117,-1.9524572968775018
-63.23835009618681,-19.283075018745134,-25.6417074247818,6.247053126324378,-12.90162764143405,-16.849186124106573,-10.52528729987232,0.6244504705156926,1.5361564560741152,0.15408428391078244,1.3333770432314842,-3.016404616542785,2.9398230965708603,-5.054362313330638,-1.572127178421588,0.4449623038050399,3.6911156738766615,-1.5241591675044364,7.180021084075901,-2.837927032400609,2.314014620839339,-6.663355362280667,-6.990537646955192,-3.1973754686540854,-0.37404675893838113,-8.966587943656014,-3.1629408954738736,-5.80602881884561,-1.068296446244583,2.7689682328813623,-1.1453933292129514,7.0520953034111855,-5.253444489996474,0.8260842730129287,1.7797218034237237,-1.104173165903729,2.756152496050527,2.56550324851538,3.5190989165400604,-0.05321553802474441,-1.5943053233814848,-1.0045858265703003,0.794843119610864,0.16185621379186282,1.0911699593592625,-4.5811489667845215,4.159870740475104,-2.6865211052453883,2.9156395788382246,-5.404635394013698,3.2953669777249393,-0.10359388762857437,-1.9485948711511663,-4.270760488359641,-1.5022772328974539,3.6912334099068906,0.7277565501094094,-0.4117281812102505,-4.872419984412942,-5.160112893107861,-7.741777206532107,-7.014499999669398,4.135687797620234,2.1706396389910454
-53.283433949692004,2.910096954486577,48.64025677552114,-48.7323897285394,-33.00002863133713,-27.833883262665953,-2.891710159395375,-8.965643576025785,27.317004803695276,-19.79348549544068,-18.47999035696557,33.65942496262673,-32.36704878525135,28.133550708213686,36.01906586867373,12.180412782140895,-24.889416487726542,-7.952478888112174,-3.1086382356002256,-11.060025019761902,13.465610012467648,11.439324828819093,-21.13722611260508,-15.16425727652804,2.574737052362914,-40.322983544174406,-11.593304304249342,22.7219146428941,-20.18758561982922,19.514381035835594,-32.625078643013374,-14.067988567524432,-2.437479901991225,-0.09597827477267572,5.013990212807212,31.141080904340434,9.251202734516315,-2.3479634927627964,-21.21438948687193,-27.65222135682745,26.23085348376534,-10.015843662074706,13.375817697468053,2.408558278508834,9.22244319760119,-2.8771870063270004,22.138438753060733,8.085528974614814,-8.35232846705368,-4.17080382165197,14.307250766767611,-5.7951881478337866,-2.65494782259139,-0.08671591156530417,7.26999199164545,35.732009783441256,8.22894367310325,0.9442002148683742,2.7206485009018517,3.9888084899325285,11.363767103811664,10.289113720577465,-16.07551631436347,27.668708628681237
175.7554535144092,-63.35333289025335,-55.36384816660306,-57.22789054905545,16.974944888203186,17.79838896196593,-17.711065856113095,-20.659598252629525,-48.94755638537231,6.102060337944196,-32.47017057236442,0.6032749324255224,8.767873033665332,-50.187969946554965,15.849086796363594,31.502252764722478,62.11720946146641,42.597908976881214,-31.319286963469573,-41.68187740742821,-59.09739424092389,-9.262660962710374,50.27662856218521,-58.990475211116404,61.35918780447098,84.02363346117389,37.63909372067731,-10.035138188213054,29.542066559855435,31.3078737633665,-24.650319578264554,70.37614381248603,10.92896894292035,89.22252637591411,-30.123548885644635,104.2095284257979,-26.109108242976234,4.222494925012375,-15.744285651764736,50.53834186387584,69.3436344489742,33.664085855984666,-9.013923450387844,4.766722817049396,3.209383075458833,-7.775113868546238,-8.540745317819065,-37.480154986652465,1.6859027587770083,4.181644760953099,-5.722238153108817,54.33698489510068,-43.01751243263365,26.673324623102406,-16.91790731410455,58.23606362602035,16.077376729111567,-22.262428549584854,16.88436355286007,-4.548043385213041,42.823972586701466,5.887626983015088,-32.13316135945787,-4.814794736961184
-18.291002725919373,-49.92180841022339,-22.240867469136266,8.045858131052512,5.768640722301585,1.4374497959644617,-19.09338020237099,-8.452327744141165,61.86164628104375,-7.724691851040258,18.509060633981647,13.42761057306302,25.18183357327593,-2.547927122564973,-29.1315311734789,-1.0073500828597608,9.338813257984912,-28.198555664096038,-7.737061990667096,16.35662350431452,-5.400305096143092,59.543486881273616,-32.842836500458915,-7.765153614797219,3.934131579218981,-1.6343427324431534,22.518083549598256,-12.875779469603748,22.728598454007017,8.739399584284333,28.178519635130215,-0.8798159008466285,-31.059085534002072,-18.19628663533806,-12.591542209244949,20.87702244135478,-25.175457913993107,-43.715030912877765,41.33323622636695,-0.6796570334086734,6.668565681624371,-7.7617274244921335,32.92475479014718,7.68287063175809,12.45633007237517,23.181539181667763,16.908431993455743,14.370599549540247,-1.3261312457264385,41.86307867449616,-25.9809919217542,12.05553051922819,-1.036415743399537,-4.952136659184049,21.607306909192623,-32.27641089937955,-12.534183564259086,7.5268904935968965,4.699922698297263,-14.309288364864361,-7.752776327840902,21.64112466378919,21.410000959484073,-16.486645267398497
-65.0469762185206,-21.03369344608967,-22.41039454709146,16.980527488655298,-17.538926392980862,-10.795040878118176,-3.8952706837315483,1.137832665445814,-8.471349300787058,-1.0598356654010384,-7.256996230729839,8.578616367395421,14.036448533262659,-6.754340171926535,0.5135305799244518,-8.533484547848545,-2.287241584252864,-2.4797403503229924,0.1752102277746001,-2.6886567282807072,-7.088780634877116,-1.48675728372995,-8.885476512242485,-1.9026783641536034,0.6205030559458918,-6.755285635636459,-5.743265148501352,-4.269104409398805,-3.0742777423123817,2.4208020349706296,-2.5941971746772894,5.737135723617119,1.0980426611278524,5.282711860064931,3.7331189494017885,1.7737387853818758,1.3280090214184472,2.71350723117054,-4.699758707580836,1.9679897883429995,-0.49604681239554393,2.704604753928975,3.0783400210295233,-2.889163241101196,-3.7452128011389663,4.16660713274489,5.745430175550319,-1.382209615689536,3.194827037703399,-7.74309551989925,4.080776735172055,6.636688801388415,1.5289281539606758,1.0889660689857705,1.5284034327366567,-0.661174799997278,7.396512493542518,-9.458633505380586,-1.2395511725309853,-12.527221106574915,-2.8981756849554605,-1.9461147298426276,1.765408795968612,0.9710718270407936
-65.15164524652937,-22.192772590018627,-14.22795435019106,21.571241487711667,-7.872340023655323,-10.360482964943472,7.3114978124629095,1.2371711162821077,-15.297144051325335,1.0045758994401797,5.4637195308970945,-2.676975176817892,1.693312884605976,-7.568404879375601,2.171646688488403,1.8369894833587692,5.492224498041693,-13.125505250113333,13.865221264699988,-7.16025051510486,-7.050090437351798,-7.839873760465936,-24.19919922082676,7.294797066638245,24.966894700968506,-10.419446627274283,6.774058258329721,-0.15232779889256332,-1.2826094953217713,-6.655897347341871,1.538087262107767,-3.333969215364766,-7.42435512312872,9.806831244309587,-8.833144548080167,-13.450671796466333,-24.823154168667198,8.878343463605024,-19.756656612395872,-4.497475152966655,40.09774209162656,0.8250571382746058,-13.24876910057089,-14.739170031762626,-0.00691608146861917,-15.148501968524574,-3.45763952250147,0.5126559318262122,20.902653911842965,-12.276762124491343,-9.758967068477354,-7.528482526725924,-8.190184544381083,4.2923798807842415,24.69215605494217,-7.088788690319076,-4.203058180849211,6.01519087382535,-19.323630139568174,-0.8205479708883379,-10.589002209247987,15.04801695604391,-12.719191220479566,-0.8467510817352514
-63.431149887715286,-19.36918293194562,-25.73341735232057,6.335721601998457,-12.880174701033079,-16.865751792477646,-10.596969567796178,0.49028494435817077,1.5492563104868828,0.13578238205319867,1.347887911629469,-3.1076081305952985,3.016255549070731,-4.894803158850446,-1.7328364199682045,0.5443751182575388,3.824171124118126,-1.8421256913479636,7.2109836768713995,-2.587595600385112,1.9386620975566677,-6.7652222894823515,-7.101136508314219,-3.384283879217795,-0.9537523782483276,-8.800285895263826,-3.389817365100076,-5.593738130218243,-0.8691858507161316,3.151397840496922,-0.4084209572108418,6.893174355055784,-4.49481846856986,1.481719696121944,2.002430519827421,-1.4939052445867909,2.8384988475088053,1.9071009899275067,4.289110865639968,-0.29452945583270634,-1.036543774585897,-0.013626340158259864,-0.37782044263979575,0.4807918100230829,1.8195399566255799,-4.4393855875401735,3.9122688436820487,-2.1564001429722817,2.293675978408628,-4.01487442314237,1.0970161376993106,-0.001677628929079214,-2.3553249662525375,-3.626774050057862,-1.6038828424114489,3.420527455932322,0.9549724673265024,-0.6373020721891528,-3.967567457322021,-3.76972035925137,-7.985527597811249,-8.349389531816502,3.761650299317965,0.5405668191989386
-65.14399612243395,10.299326851526503,-11.751772054376131,102.90699254101224,35.548176317148226,18.810375955145705,-36.26863303247335,62.709901299455254,13.700438515403173,-4.6739515203196005,85.75777059171715,-47.931714305984144,-66.41655976403119,156.66140220873015,-56.42632615782414,-59.05055162151475,-71.60707129230147,20.96424772097086,-71.18820232238483,-91.64485974510734,-86.66131743876446,18.68460014269167,72.52738095952624,-26.38603875518866,21.224175022627037,-2.2894381372594417,9.554363428400313,-25.08239430425652,2.3701647460936783,30.099605897271918,-6.116478369387062,-1.2452276743655895,-30.35719804130707,19.914575610591665,3.4034303684228133,-52.55868255732602,-60.1102246786329,-10.953949095108339,17.993901211231172,-20.532694189297697,6.692369822606035,-44.86990473330885,-36.7200733148442,-43.46097611190115,-18.102603749998693,0.9623865721105418,3.640382921720157,-29.4069515085441,20.373311925791526,-28.08812135460577,0.9040763556519413,-20.724737415184592,27.929008914383807,-1.2433510837917912,22.84160277307141,33.327035528469615,-10.22057397718262,23.3936954114038,27.247348707767806,-0.5730406774049601,-0.18838149296603185,20.475086187297475,13.691164758781131,10.043196770156397
-60.30851165737235,-17.41587488296779,-28.540172712693728,4.691251191445678,-19.49833935179234,-18.100665220489606,-7.531593788032316,3.7612714923625132,-4.4355765408931935,-1.907526941485544,9.25500906491184,-1.4245030164845573,5.168308629966818,-16.64962039565646,-1.7522226614497518,-2.034969335984745,-0.9043650896109977,1.7495017955569543,6.3256005987205,-1.1115204716761204,11.2797442047692,-3.3802303840669534,-3.136345866116213,2.230490593068087,9.911933707938632,0.3549295524566643,-2.934055380875575,-15.861134461385273,-10.568399519242897,-10.29404668842795,-19.641430005252445,12.592810937307789,-8.458820972761494,-7.363011098335575,2.584373314302924,12.31452055534881,1.1771362921217228,9.910029279584222,-8.526305871562034,8.23203875822928,-6.3444895671691155,-18.44412475714173,16.62234444312134,-0.5139304779401929,-11.936997146852061,-6.421038240775693,-1.2109545283598737,-16.396007128713535,8.009179833721488,-23.87228681487659,12.958186306580885,-7.091771111728312,2.8361222637870966,-8.766339969455192,-0.441200982084862,-4.876931022667497,-1.2503495526329944,7.708017972462534,-5.405802167864764,-12.27991345221673,-4.5197143159820925,11.327397087722021,9.561030802324112,10.840242475279664
-63.9062647117202,-19.022007407889408,-31.624932338209486,9.071617952678496,-7.924969987234743,-9.758625499343127,-13.154070246448406,6.878801910567284,19.258338817314094,5.923227950296974,8.216195293008624,17.232365658378985,-3.8158631601133517,-15.49293503966335,-6.899966166453529,7.123622143189904,0.6509412299045193,-5.252097319028968,3.999237127176873,6.80287800863501,6.625526971635406,-2.0771767529628464,-9.489962489407684,-9.580167573751933,7.428939732406184,-6.9117031749434,-3.53001643349205,-4.864860923816665,0.2941815795532105,3.8210898347441047,3.0816926231861492,-0.5262969604392486,-0.5684141745466439,3.1820841485916205,1.4982847535220964,-4.036608031004141,7.184424068188726,-2.265234817704263,-0.7933226653738087,-8.620820190671518,-0.16414537025781284,6.766761863784602,-1.4476726971750575,-6.696309561220947,-0.6596435770460459,0.7577270986303369,-2.3602677483904997,0.7387805201648947,-4.218390574884807,-11.37653098567417,-4.769088079188578,1.2839641920238603,2.51414020193123,8.3603671683963,-8.114877928719421,14.486037786388673,5.2241053383532865,0.26292027319112066,-5.0875868751762905,-13.796047822347882,-1.8211269058123882,-3.931287743870098,5.0864871981026,14.121830547130935
24.29706375621138,338.021423419438,-9.361591382511442,-0.30343261604390226,82.5432879614086,107.75214212320736,-8.374331605150653,27.79806945026346,49.69524562497162,-80.58340083369764,-159.04599223937504,-95.61830069760332,5.6487581936359375,-13.240007017570361,-72.43893278022331,12.08502361374178,-13.368633081477892,-39.85756787377814,-32.84165011533496,-19.914869520480707,29.350725594199005,-22.505530135798526,75.751011317376,-5.696543750644628,7.699128307527261,26.819628321154667,30.81201514154067,26.718850484863076,-30.74173071304556,-18.37709605125986,10.869576288085755,22.496788511636993,-9.293964943513371,-28.473477217209943,23.61730818803687,6.797876166546703,-11.997144375087828,40.63222175070453,61.15532971184848,4.013195243955146,9.071269013389376,40.86787096701166,39.246741186941804,-21.463893834114625,-11.875769945438583,-4.208909543449962,8.948156781445316,7.73653292094395,58.072737874599014,5.442968324727796,-7.108773953259959,-29.447817420558373,46.988177761582904,0.7921645850477816,-11.111863445129453,7.525779954176193,21.56892181539743,-7.0919208107447265,10.876702868769744,25.42805631521504,5.073325480622006,-0.4130703418387437,-13.015637402606353,1.8757631361287193
-28.15482287097864,18.48514488790234,-31.5961227378165,2.2561891565986363,-32.59246898378482,-44.338880819441435,20.565200675134513,-0.050008870012361165,-1.1797166310953227,24.016488231699892,57.120777713694295,-24.46085497842153,-4.113996587648555,23.903767409259963,-10.032600901133655,-38.15689241443945,-22.10649167607197,30.181202413567735,-31.451031036173326,72.18242332501731,-9.974349371725651,20.94290212273506,10.779873930334277,2.3056901668866496,23.497080731276053,13.790729446292557,-17.55590039652728,6.143050650003003,11.256656895965865,-3.245361881587771,-0.4476746385331226,10.068223000131333,10.22662202212396,-17.591554229529763,-1.618675563289671,24.2344925435901,-10.642004006137594,27.52496111214911,-27.812053914866993,-9.487087927768453,-3.138897546573266,-1.4476852937907032,13.684993892720664,2.0949757173323724,-35.3759536389767,9.752986450686404,-1.4260033582316836,-1.6167596721595308,29.48233489587156,23.635617617620603,-5.066279275472685,7.48287780337275,-17.486299668774105,-14.429289252724057,-22.132122971115322,7.494692219403307,21.520331606708243,-11.894021645815302,-9.57759606985894,16.687167205762645,-2.307241117576752,24.755082646545624,16.11412841997329,-9.926791508890677
-50.49621062244481,124.09519570920857,112.60061551584305,-68.73548065337737,-130.7824755096386,28.830620288453005,-7.983103201054351,-126.78221536874416,61.33232471594535,-135.00852309723354,30.500191555791904,38.39092539285695,-96.4287912815897,39.01800011570544,25.50111445218182,8.771286100380797,52.55287469979956,-8.579742644776859,19.365442446369887,-11.688024513358197,27.885328852477734,26.207060622951,-15.928681102114432,-15.566972302653305,-33.81113327926589,16.74342606799145,-11.049415883156216,-10.828830788965032,-10.024926316424253,-47.31148070372808,-11.743980518967845,13.877914891242092,-11.606924158155214,7.6595938732166715,-26.186018583548638,-1.8575875907652735,0.0787865094953502,40.51723688918156,-13.576795668740434,17.898605799501535,17.507432971002572,-20.923129486705538,9.210848055938564,29.13808835089224,2.417765537677844,27.21498570046109,-26.028285236904946,-16.05949336113711,-2.954504583355431,-18.52744709473872,-26.842062164882858,21.50334092000071,28.0504738558446,-7.47856614800646,6.492378180533114,-28.42652844420558,-0.29367853261035604,16.076415875290866,30.315786137040412,-10.114010602137942,0.584253897203228,12.303034310929137,30.74466366151819,-14.17444743022552
-60.38147301937263,-8.591198489513406,-28.137951194234414,21.783634339791593,1.9907278783168756,-29.53707964991506,-7.209460749453793,-0.8679583370293917,6.782119124563623,-4.495592590768996,2.2769203868564007,-41.722279805618065,-19.569046709989728,1.11303013199913,25.392851528651928,4.4005495477670475,3.3728487407981005,13.52368090317829,-63.40052169665843,34.78039559040271,-13.727139490213592,23.445652620329806,6.802565932293591,19.149740592892392,0.10161576890202446,1.0202696318005544,-12.201738441102627,10.551492230288659,10.633299023924325,-0.6289084626375556,-6.871492679953715,-19.018199523981057,21.077953771359024,0.42955741385087803,18.10363326467935,11.512984432043847,4.5876507835252935,8.315689439321712,-0.33086259575986915,-17.675048723252026,-14.698387949530044,-9.598917861607642,8.18880348403957,-21.04747598735789,34.518047887124084,12.228556363240099,-14.84687916271712,12.489037871319953,-23.774791239319743,-14.631276641433162,4.813201971216229,-0.6475618125263238,-3.222064932385283,19.33413347881065,6.871017040402054,0.025052449595379694,15.489546386530652,-3.5650314727260435,3.5168151467614246,-6.626836132168782,-6.183457537029731,-10.976454323111092,17.554815101481125,-13.959819689716866
144.08315584220637,-95.58878860064854,45.085914904976164,114.7572766186461,16.222360699633782,9.599740423073731,91.8225581245963,228.4244523416729,-173.55916714228272,-98.11879481197472,136.79282863421622,-78.27292115562621,-120.94280505639662,56.19762920792897,19.287532133407595,-16.544861462607717,39.74316806415845,-114.26735660627976,53.44997635233005,-16.982881260946453,25.402130869150863,-52.732484241173644,-94.05939325103456,8.102298967710045,94.84813887736954,-49.77100003689921,41.9323383963464,92.24300810879335,1.9494883515930108,-48.39079277329464,45.64019154501209,-9.843721410831686,-23.55653704263887,20.32672144704746,53.638870073935905,-27.555343523131405,-18.909660243249476,12.595122271743799,-61.67137186078091,50.911853622578846,21.62721986386535,3.70352577602154,-17.87466284733392,-6.9055334834352,6.6139300576185365,-1.956055453392856,-24.37436299726113,6.158865399661456,-28.86101857164173,24.160986076610868,-1.3678434952237977,2.3170528499313243,-43.955781372692584,11.182726534820988,17.63070942817923,-52.18600209190398,20.338671973051174,-31.726826957194582,12.832481585990307,-6.531013439743913,-12.661446549930405,-0.37844794303354595,-3.3598771168929003,7.523859058652596
-63.79227391138065,-19.763602806160318,-26.847813213754993,7.941449679241036,-13.57275054285291,-19.588055445618373,-12.607121917056507,1.61831111033957,1.8636369168508065,-1.5699726366832096,5.9012161288981675,-9.17520307666776,1.2359463271085898,-0.31292459518297305,2.3739808484477805,-4.337792511153702,6.314201881501047,1.0202257361899485,2.294663591639611,11.952807521593309,-2.089258017145975,-12.208285161603518,2.610042670879377,-8.326967852562177,4.994406772099422,-16.716996722032505,-1.909605760205444,4.778283557562196,4.493618335220864,-2.149233051366195,4.543675698203657,-0.37770056304909017,2.79297952517858,9.21418412316396,18.268579619218624,4.980026329867219,6.63463677705143,2.014387114977095,2.321738578560489,26.440964495426066,-4.2415450876884755,-3.7942429850174233,-0.7338841254372173,15.922089078507192,22.567299126466597,6.2153949453676764,18.511392469144667,4.707064945836075,-10.977066387357395,-7.7517271859504735,-2.617073456871928,17.39924719900301,24.19766586309855,5.828908158912732,-8.047507564840934,-3.2963490557264588,-2.0172141618974373,-10.32344457963985,-15.595572663091525,19.412045763973797,0.4142205202678082,25.137671024692263,-8.52839361234882,10.306951786146893
40.08962540206,-62.12470274062359,41.26655451502198,61.49048231544113,32.304806816196404,-50.557949506243176,169.34372171134476,172.15096128460945,-60.80524107479227,-99.20345582456561,54.88561065667384,-45.251633678236935,-50.90739941638933,-76.52897555867541,45.092360355937984,17.303611457523846,30.946693930876904,-33.07050787078457,15.483756950263082,-8.719761256527066,53.20038478942285,39.731985953655695,-28.816341046495307,60.954236731229436,28.477450997692213,-20.102345282507347,26.5120970116783,-10.034212281602025,-3.0074069684986173,-19.73608281013101,-3.1201549185125232,-6.064618593844046,17.63663193538906,5.282644254028675,-34.797384638724374,-9.45794888535968,-15.608608125487361,28.370702776089445,3.1579826374270312,-11.863951581695137,0.37531801916786817,-6.845167505878366,24.104295617121487,-15.812461679475398,16.108321184513642,17.77860512023202,2.778617456738324,-5.2013887184515255,25.927121918139733,20.13481072045758,10.5527804290627,-7.544431994297039,16.307301438265576,-18.398913436705534,-19.241497366413558,-15.733376754545896,-26.128451561396542,12.870273285267796,-5.320559978407774,21.512731940213293,1.2153509187728673,1.1105371613153956,12.913437705875364,21.898378084326012
-36.630285037118675,-37.281157887937724,-18.15323148394024,10.944093869357008,-3.2502837071843507,-13.093810558442646,-8.4110139448054,-15.487919993372811,28.877752470881795,-10.641516997615017,9.71634981622997,-10.222138046372653,22.58920774873723,6.296288494089507,-14.863148520636972,-15.268824871730148,1.4332776919168042,-13.952691548901942,3.4759693703549805,-7.462565337222852,-0.01676458344821025,13.963057168682768,-16.19491697231282,6.190932220152964,-25.445583843801668,-15.166021408584212,2.5641508503174886,-21.963716325053525,22.031526396495366,-3.0561524258539086,13.267681163716023,8.477008841134065,-23.693669694497,-15.163999894786937,-25.100282419034357,1.42438188285524,-3.681625150616177,3.5437525333233952,7.225325587752172,-13.495678795222037,-12.42649149507666,-13.831970693848731,-0.5457364802637187,21.02717990422169,6.072137836963935,30.558792628194226,-1.59594480512362,21.183465573585245,11.290453484362448,4.390737803598206,-30.93683530000551,11.158913224128003,-1.8854961839558084,-18.019269838516948,-1.999507259932065,-16.268961638131024,-0.5863613156185052,-7.3583425026901255,-9.279107415099437,3.504931223289073,9.239456068949195,20.71572869604245,4.555969906729934,-12.695278292260758
-64.75488874065175,-17.446870911362648,-20.456183324860877,4.202980957137864,-18.24324326979756,-14.694704350629943,-10.774192757168345,-8.372776614893308,1.1443767209453113,-8.55217793434103,5.380772964174324,1.1266100872366034,-2.437044531594849,-2.2755307164613625,2.5642445615452454,0.8261265168674161,4.914659630081144,-3.2972154940913647,7.757948069585269,2.177582405166155,8.537154415986034,-4.658450338060573,-1.0408849362833494,-4.577965545570793,-2.510391897296193,-0.06399797879148038,-1.852765275079996,-1.2653160214342027,-6.859086178411078,-4.811683235959985,-0.6167022938419057,1.066571615114468,-8.702682604309215,0.9608489236437575,-4.871051885514878,-6.230513865011984,12.796595217747534,-4.607119102128483,2.750976383527932,-7.310223893146304,-6.9456037039640695,-5.85562775619894,-2.829744652107876,14.167402239660598,-1.5914625696390925,-4.902784504289998,-4.820092679025676,-12.126853200887684,-11.299559536661107,0.7480480185806931,-10.302130467231962,-3.5662500153000343,-1.6711570134298097,-1.4189114958357862,-2.4644001262236706,-1.117525059785778,-5.288555018758079,1.0048969504165497,-9.389287796152537,-10.979225234838228,1.5450567784465639,-0.5551327130113554,4.173618870877139,-1.2756613979301887
-59.22746167251995,-13.546972695122973,-42.35680390116355,9.231785207771711,4.465259931069191,10.456161846419247,-13.87245420521245,17.25129153447632,44.75103868569649,20.42013127883268,18.349464455663526,53.538441614684395,-19.095243834578543,-27.450710970743614,-7.582362894865304,16.60351593527971,-10.614259226996703,-16.272842955002975,-1.648415923067151,23.508232634577702,15.420871781085848,2.563027990448235,-7.153014275608621,-20.772793689003887,21.674279121817015,-0.7746119720053699,2.9529606467718916,-2.013200164566715,3.531571636886657,2.404845298106381,5.5782949221461795,-15.051206709390836,9.399357033809276,10.65031988830528,-1.7208117181949496,-16.900825510034025,2.808237906197779,5.795655279521156,-9.899721938940626,-18.06297258542329,-6.413839237237792,0.17690635889812675,-1.1934842472418892,-5.424719099817042,1.0863958082273364,7.8591535152914345,-4.8446532917896485,-4.502811850836633,-7.059415027433073,-14.444262238909866,-2.2786221452063256,1.4376734830759035,-10.94500063691972,2.7763635975059815,-12.50165753654684,20.847851643973478,6.381880919843093,-13.66381441341753,-9.663441430135098,-22.20211305740032,-3.186545898632449,-7.458621898749859,3.908631369801199,7.24882393125307
-59.86237413308083,-17.72831151743296,-34.12015655504602,7.78968990140317,-13.257401156826315,-16.480529756754798,-7.65333569452297,-11.786770184161258,3.1499487638626484,0.7395967918518788,9.2054542056186,-14.95659870653144,17.392494455003437,15.637708099423119,24.202530227709126,-4.369973512448071,-33.03156322721971,17.71147108030026,53.449977087132226,-9.475622545987976,14.011193548396173,8.4907633383006,-11.181413991996276,-18.68858991913736,9.582179034848613,42.48839117195507,-27.273301524606048,0.6834821061463459,-14.219755617941454,10.553904761785711,31.662561103684894,-29.8081869801183,11.680455186268935,-5.831446844447462,-6.198703105885171,-3.3080003501666257,1.311543311728728,5.898428664215721,-7.48446062482392,2.311139417204457,4.902201190984864,11.022687135025233,11.10204202719856,4.930877338772988,2.6438831362230846,10.003272048117031,-6.096872179097623,21.414149205967103,10.668128011720265,15.032942530415562,5.062917234773842,5.019284825581342,-3.3124357680064627,-0.6241841568173967,-2.3781416212565363,1.1131211007902313,-24.908014954944434,-2.3432054624359413,3.871230135432408,3.6528623629037575,-10.96558639962256,-2.643643878870428,0.22481380165133108,16.875585721094257
-61.16210455205295,-3.8372098185131946,-14.873859079055567,11.042424508511028,-16.396463237718223,9.75955461288546,-35.838981965562915,17.45122440956044,-11.356362782083655,5.244087245871585,-12.270498699812705,-42.84340219372801,-5.343759047978419,-32.558650406701375,-40.73165465616023,30.112829609192413,-30.02403651689453,-4.87764120384165,3.4291513112799383,7.5779896152630535,-14.235117496858834,11.765313773471417,5.378178136066703,-8.214560567432482,-39.22036206507886,-14.292383219364098,22.74239988578647,12.703463365062344,2.4093733162474953,-30.49427222786648,1.662969703312799,-6.452315197547665,3.5156940168133204,3.351802451865533,-4.62624405260004,-23.00793825753942,19.843575073320512,19.971717611337823,23.34579303949764,0.4087337769286742,-3.84549805476297,14.923688658174806,0.798430875908291,14.94456713597268,-4.911560997671647,1.9925005155186883,-14.11624707094376,-12.054932227731129,50.18308360063599,-3.190010798869548,19.2717382845978,7.059582603871942,11.53653842013021,7.635225065440171,22.205662813362757,14.52615083221061,3.4897344735998495,-11.427240024867682,-5.512633333560201,0.17355746711570275,-10.794917687871257,-8.028025416677687,13.370293163747505,2.7580112602253832
-56.62475111785646,-18.551377808941037,-23.5900048879341,8.295708393184105,2.7038846427976386,3.068684984987251,-21.831420443307007,1.7293469218672828,6.890993025697035,-1.6284628779451127,14.389583185728377,7.563342048264924,3.0074686980072425,-0.25047590546023407,-17.735358475945677,-3.6985988427636722,-0.9234487543323313,-7.449112359946372,4.667473758569962,-18.49396661691235,-10.867308357971737,8.861785609139698,3.801767069919968,0.22443999786363786,-3.373648779697698,-1.600810339604153,21.42131557856838,-34.83401745067209,-3.6434838380391934,17.177833014066664,21.959726217619725,0.13260820316438712,9.659849078471591,-12.714775931460963,-11.685634081738819,-4.314062418739494,15.846992617589374,-6.764140516969881,-9.694527385879569,-2.865942848559326,-12.134652867666674,-22.900728480910296,18.88645333505122,-0.32204638002474856,25.058930012105296,-6.85951420265968,7.13550453789809,-10.022430600304096,3.5984239168266137,-13.848482282523745,0.4267169378216597,-14.125546407665206,-19.28097832208125,-1.7142637337122242,-19.279190312888055,-13.652042513401218,4.597213971502498,-24.91521394337317,-13.289914206622335,19.48834527143128,17.98099834449219,-21.530784530132234,12.115005396316397,-4.247981119430898
-53.78068257102543,-26.40065836707291,-23.897205040365503,17.871784478914847,-1.8870308464638548,-13.856907267823884,34.429784314581205,43.66437024584728,-9.519603244191261,-19.451465682438336,29.8851503534567,0.017116510703614873,-25.078352194123354,-36.99748521227563,9.496803045138794,-3.8957024905240565,17.875272173489233,-36.686390201402425,15.069438204280635,-26.35812248348792,1.2488190376176753,12.189168977291123,6.431625660987076,-26.607315901537923,12.60203794399675,17.25443851990415,7.319242075339254,-10.820787356027912,-7.1530175569212915,12.658075560156645,-31.62017834744485,-2.449035819205279,8.108247796804164,5.929327398276117,-9.809559786780204,8.226930350153108,24.602387645265285,4.063338504487712,32.835477220292944,-19.516327524880296,4.665981135338365,28.421510852132265,-6.66095155619747,-14.743191424130492,-17.305621089080393,13.600698011301485,-8.343194881233506,12.73699447625451,-23.227515252050118,16.480704798439056,-13.393389468440857,10.567340058265973,-2.0255283190308497,10.880688010132507,-29.710617535795468,42.221477575579605,0.5470899475337516,-34.79066471826246,1.7484583060662924,-12.285557587619586,10.207806323207592,3.795656888777765,-25.858166665984076,-15.71063501821256
-59.2363981449474,-26.604535731224605,32.8705270272162,-19.33839681789058,3.799214931524685,-32.74419455346758,-13.990747280753277,16.255386580226414,6.904291463764181,45.8373422300988,-31.66647930251538,5.547043144191218,-21.494408232143655,0.45489002211065893,28.551397684573562,-8.066289068834275,-30.892940211995054,17.997273394744603,-10.802914219675706,-16.624530035439463,35.22663229301167,-0.18782354472106644,-3.4172936742172393,-20.22597925564133,2.034622595669628,-24.335612019658686,-10.637773111663275,-7.072540042278223,-20.30277539100302,-3.851171111364577,-13.568385267393502,-6.459398856180689,-25.424224842974898,-7.147804014802624,0.439284995244217,25.22833172313393,3.4825895662420634,-13.959661361278688,8.519564735807894,-4.897624200800281,-2.9548475479014122,-0.57723296675827,-15.00275289759738,4.175571914810526,2.010545692555734,4.061075853692662,5.926060665314774,-16.704530333859342,-3.7134505269336566,19.51160140939544,-4.085964458769039,3.079681639371723,-8.167783788843085,8.257790108389392,-0.5831734094239992,-13.936716134491052,5.154344508342632,20.25890695913783,-10.88434247060116,6.761893919926633,19.00992118425338,-1.6690274086675116,-2.134660392735336,-1.9771846524390755
-63.551963865852976,-20.930076847794428,-29.516559057678528,-29.332426935620322,21.014422097510614,8.356578151877782,-10.537943018050889,-11.2856062767553,-23.69288030311217,-19.118189865891612,3.005320499541704,6.903383926663964,5.358040883557486,7.324062417030939,-25.86595301856914,-28.18264055033303,30.048673955400865,31.308953790748067,6.053252009172256,4.319527849342502,19.082937036856297,33.78269432552534,-22.714501549247483,0.4353178599007939,12.323599686258882,-5.92977512423835,-1.5127086191045784,11.503084746586557,11.856968712112948,6.961340656495718,-8.94525179811009,4.1189078772101295,-16.167407112038816,19.000510400881584,15.559102563623782,-1.5037028707402695,-8.791555807667496,12.898976684430579,-7.551536039529722,13.482314149112879,17.11614613074917,9.602107307487953,-17.776287093286143,9.07825124265941,23.972415594099434,-2.524105577718661,3.92517426329885,8.816860615025615,-1.7877060914919263,-8.087770601654695,13.43113647439083,-9.165213197286091,-2.453615632011542,5.767125705684274,-10.335547440089671,2.16203261717492,-8.709989129003999,-16.523162029936305,3.1039951566047823,-15.735716242686449,21.13148494833222,-23.577714267871436,14.997638459511204,-38.90465976747504
69.37228646749473,-106.76473058977632,121.1668114594069,83.84688551606958,37.229099410548514,17.56320479133342,43.075519829857114,-109.18980458210642,31.960656186901836,37.07902209181275,-2.3003730542683742,-64.94465901432802,-21.63508462356735,-31.155788966458864,-0.9470443456369503,-45.9840845530915,22.05860307676725,31.065025952205826,0.017204938707212077,9.85451987955477,82.968211627819,-58.32060213447813,26.762525244966735,-71.98194625852838,-9.301619273358371,-20.875880356587977,48.97475924529309,-2.7577157347398025,-5.821564066614203,59.68115878309531,53.52502079980588,-6.516459018649688,39.508287649484274,15.651082827446022,32.07205890679228,1.9744351737506514,63.78382716891917,29.56718713255869,-10.076192953779067,-4.885054631183397,9.056401758924546,-23.59366625170162,-34.2111918601669,-26.53481440965855,-23.96621227011874,48.74783093702065,-38.981817935846166,-24.22838442461344,12.200430967260399,-55.402685395385404,-16.506634207358843,2.662226487849676,-31.573675404368593,32.28437124154794,9.180030128881272,-2.976588515627828,-25.683325206943824,-27.60521770798946,0.5259878604882293,-17.811086264478224,13.096031726720577,5.237114510564164,14.520118289765414,27.388630350610548
129.40852746024478,172.75279194379803,-82.46447584959124,52.84849491539026,38.55341122657085,-67.33257166659976,-1.2103561960867613,-0.2274099774409154,-54.182432048622566,27.5830060177637,-15.540748838515405,38.716427507976405,44.60261581742892,21.283940639483177,21.140199310608466,-7.412619889932124,34.10448750944026,-3.281036659766554,20.53253662526196,-5.387352346881792,-1.5890010362046019,-29.526732222760362,6.008331441643502,10.284850280940129,-18.744659053886128,-12.69599217037854,-17.193525752088313,22.938116996646706,6.0848805609739,4.449989871776302,-11.993723125863129,-6.64825494022109,-14.621229842069155,30.276921647168763,18.21864845549145,3.7832845089159113,-0.3777430722672562,-56.285027262063785,27.746771384074833,-4.225401162342058,-6.243673854960096,4.732131909593036,1.4873447459517841,1.5692884870024864,24.211923679367278,25.02473476355024,-0.9643276890866219,-9.934589576473794,13.238942529923108,-7.171192878389276,-1.7840327858986418,-20.449416184669413,-4.333198219347059,0.7600668934493159,15.972805300590364,-3.2876765739812814,23.746133685369163,-16.090569658540176,-16.48444207882738,1.0137516967104254,25.61636879730917,0.28327388478914756,39.121040733836985,-12.359618999131541
-16.953465054224097,-44.65841523824362,2.0547342334546816,20.64575241403715,2.1870947028829613,1.0116271581769716,12.222535753397116,-35.625127613629,35.635634782846864,-0.7781002343272271,-1.0146197061057673,-30.497227430565843,17.317020164761253,0.23670627652670606,-11.476007742368958,-21.696157537549713,5.556472171004394,4.761294534830643,10.592923135792526,1.4829096305089946,27.868847702581203,-22.375814072520633,2.32809389568502,-44.523915572281275,-21.608908044380417,-27.846906875414398,-2.126343154474224,-6.652640434000907,37.453360986541796,51.56878983303383,24.39520019865382,-2.2225692685172715,20.123371623184468,-17.160366444268554,-3.799876220760196,-21.696901040322377,38.351090112579385,37.505379131778916,-13.938845578476183,4.609053008292547,2.406224357278812,-40.004838028824075,-30.721126915310297,-20.23859519626036,-22.17983196718101,19.767194510432514,-27.182228356538747,23.607976421698506,28.643423815836346,-29.97571844852467,-38.388505682303624,-17.189511034420153,-27.62112274586278,24.356377654414615,21.851384746882147,-18.028148065676152,-2.115863111961132,26.977119444936736,-5.713809678576501,28.981705010653826,16.34305459205695,1.018561786586041,7.703687374671677,-9.970538574128868
-105.15304489140794,-38.83525295542831,-93.36576933822938,-173.03874248394723,95.81971353296005,126.52651277134083,76.87262839638989,17.832381923279087,-28.17463085289557,12.88358355304759,-36.86737017182874,3.822736368083323,-39.14512463962739,22.625737771489767,-55.40789616765341,-79.88492590634098,83.04079023627999,44.23932993566893,-33.11118744674146,22.25460072428347,-4.756965241950202,-45.72019288666556,-20.23447713373223,8.014757823551824,-85.65762963102407,12.27505729154593,-24.16493095024829,-13.816634590604865,-58.901831134721895,-1.3376954250855209,0.04574085358080218,10.578445973383879,20.431333016189797,0.7183901021451221,-30.68587637360706,11.568727151375084,-12.15990182815431,-47.73208149495969,-20.876733353060384,-14.435824869962989,5.877043848643424,-11.737495345583183,18.033202656926537,0.168973880230616,-3.197835496406008,-12.120424434936945,-3.0489093764552164,9.519450086434656,-0.5312580368886565,-16.264439851217585,1.9225180449778791,-25.085919076442963,4.393987474876197,43.0331201415039,10.381524901571392,3.6777903318797187,-10.177190997808857,15.689245899129158,-9.483940266351343,29.876839364788335,-33.82346178501065,42.79390596837402,3.3457481142850654,11.466279213562734
-47.36029050765666,-31.6461358981957,-12.16777728465336,-16.123545325456607,-5.299512692125152,-17.760005249354517,-20.003790927554732,12.97285541636611,-2.3193964602926975,6.490077081860441,-11.885572028555059,-0.13335866791068457,12.682035353028787,15.890287543925878,-9.670981788031792,6.758090096581636,6.695160296484941,-15.531820807308977,3.995715153620661,7.1213874686027765,-5.347448257674848,60.50193340401739,-15.500319052859965,-16.246736712429545,1.536376895250131,2.4436821015439207,59.525222386841676,-31.477275238792,8.29503241009731,20.88610434610389,16.16883642781136,6.863598030403843,-7.85584020341157,-22.13215762264683,-3.737152410505283,4.472930980121311,-9.185810925498679,-28.516703949952742,6.021443640700433,6.621381373576566,-4.353544359943302,4.716681999395244,30.977999080768623,-20.79333289538069,17.03404078568064,7.40362221762042,-2.329072993819241,9.674968009143933,-16.613283146056936,31.709867368276875,26.21449580632419,13.36150163890939,-1.2553002773655375,-0.5390586182425959,22.782082411327966,0.6089549462669843,-13.26599697180235,10.616403780715899,-8.803983124781853,-15.963978011016264,11.644778248912463,26.466768744826293,5.260252750519866,-3.6773225988524505
-9.26213078299231,-7.35913648764357,132.63178248975947,259.3952632299889,-76.10973367081297,156.42637808768734,84.41093760271171,15.015787260925313,-134.0335322390108,0.3047201317966989,-118.08487010065036,121.07057703903153,128.52921107927494,21.857562752023796,36.61711206155548,-55.820599882592155,-14.845505471860344,3.828030427430234,-35.83124092760868,-21.311920599991733,-76.76052766816649,33.25183742485505,-11.801339836374627,32.43384437052668,3.431270922777568,-18.11841802334966,-30.951226860333218,-9.387127116545908,-7.717853023190391,-47.83582435813728,25.96067950966867,-24.919480835799785,26.717105387075286,41.46330410609244,-28.298278095116487,8.530297978583528,-0.18659675432210357,12.85738616647236,-12.425632789261696,-4.2196626272357305,26.12822303050948,22.619585839127723,5.756427966492029,-33.119381475007536,-20.15343805326455,19.016490659722226,35.44951475886075,3.749317290702203,4.962401679631707,-17.927807433858668,-10.439385621503893,25.64586771932781,-3.4909907718222524,22.071286193315295,46.67633551466851,-10.624019724274813,-20.248286805086295,-17.99093718386393,-9.004520705964365,-10.387637740676702,-9.496573891021034,8.94208908296547,14.487922617581646,-5.472911251470702
-11.33586298198597,-99.89866946670291,53.976971369514914,51.28736649019508,-33.006860652921524,3.46407732116253,118.87343535496522,129.14256453787473,-58.348659527356375,-148.94909972193312,-21.229120916701174,52.60776440975726,-11.310456848787899,-37.713118118150035,16.337463604038266,-62.577175371950204,-39.950208264525465,-81.05226339700032,2.778585048689827,11.33914818723026,38.75464517599252,-20.695473824276498,30.045478186634877,-40.609688869568394,12.250154484207577,69.8318033078793,4.059374813856369,13.066638202374687,26.5354967154082,26.240139167495528,-32.933143741867596,-33.18202433098835,11.48095978031868,-12.787138497743882,-35.83056909016802,79.94642026881877,62.226456893889726,-22.124810157960717,106.8150923569723,-98.45355796183905,9.418439730921335,79.26166371083588,-45.256426618975006,-0.5952785133501464,-47.39711339886663,-10.616553015025977,38.16837749768871,-25.196166511435887,-9.683978179014794,10.959734875030207,23.81272614717992,19.381073537416377,51.23374047709774,-16.773757402766034,-26.850320485488442,16.331521821633014,-26.48728086365516,-39.61435086797426,9.59829050236908,27.874462625090164,34.1593651307794,-3.0366406695710877,-5.213659097351522,-39.669701654299345
-79.54556804484257,68.28694073223156,138.26610523629634,-124.38357137473318,156.66756395463327,-9.38666760100168,-32.35645657031104,-58.71024752659767,-22.87330924073717,-78.20419099886618,15.450442552743334,38.819220628196796,-8.30306142692909,6.6024852153975635,-7.003975981546837,-27.95791673483817,19.721025532458825,56.27376706943195,7.877039504438564,-7.433806361934487,8.609492539932385,1.5211466044367759,-61.74210057433562,-0.6083407315151725,45.55111711989813,-35.532418061084,-36.85058755387882,11.901773271447436,-12.063730313783736,30.940358800056664,-16.574297221918897,7.035868278911878,28.56255866920166,-2.4217595603290305,22.332107801832954,-22.78314227112162,-1.4440582861213673,9.89421770923336,-38.07410334787864,5.627815403810548,11.235657871453213,-15.880467769354418,50.636042598397765,30.38341946597446,29.81702072881105,-45.50434873682605,-7.2493204454061715,-20.475748990128217,4.274943946532159,39.46273047634036,4.297344487189322,-4.183939036277697,-18.583745657860305,-18.78807954851797,-2.5001401263666034,59.509825511250604,-20.817797695495752,-35.66766940866958,91.48525870398024,29.62808382770044,-11.862763645680989,38.0383869542402,33.65645930215506,-70.88777044413237
-82.91139090603369,66.83723749251534,87.25657716100785,-40.8726962393453,-134.13120917008607,6.563045513577133,-33.24086220632261,-122.84180537655402,31.758271798715114,-131.49066046196054,72.16618694589314,42.31616269307195,-87.28241281037421,26.06465686220957,44.737221194921176,50.68912105135278,19.826653424709,9.686188576203334,-41.51769398455197,11.275259446720206,23.159992296655215,-14.546631920107322,49.41950097828668,-25.584288050355365,-58.622832322209035,1.6737209215732813,36.16190310423145,-59.99326166379369,31.106247302666592,-99.65994689759522,14.102224393237043,40.34032356562327,26.043439974105763,-2.0848686627536486,14.96596832841171,-11.833196983695501,-19.638580210198363,-25.476095657306537,27.640345829844385,37.40420023404846,43.635458357216564,53.863868972076496,-43.77740853953199,-36.711660738012895,-1.796994691010674,41.39902120105872,-21.5199536665542,31.148029488567694,22.70796290861875,-7.637669348083657,-7.433124476827146,-22.932626644007,-6.625540571025717,21.21143264732667,7.4397623494163385,-46.34378992584557,18.78420002419342,13.617398753528096,22.084969137354562,0.9831976406908557,1.1125889997078122,-43.751197686705815,10.290074460109729,20.794438031390612
-58.78384983716994,50.93621284225801,-105.14974033741944,35.09318986404706,57.05456333454014,97.21392794392746,-52.49818754254174,75.15717749062621,140.9249199725914,56.57663043778551,33.56165358357428,147.311998345545,-61.49257396140443,-19.87148392366177,-55.148364357496526,11.275323238924884,-21.186965176062838,-31.576664491449918,-20.97765000040778,38.69849231566218,48.72945911542566,-2.090226126134177,-26.668256941156752,-34.7189834369306,18.508585197080762,27.807926374491203,0.8261824460599136,-22.776906026337752,-10.325491555324133,-29.96848318572206,19.17641312857046,-43.43382792306949,46.93658569723689,44.92830729680593,-9.163584129689463,-24.253308530620004,-5.645993740446219,6.248876224691845,-38.768468917701,-22.17641119690844,-27.7119976055965,-2.9342412226633323,24.13654222748192,-0.14792962134848622,18.37762451104414,41.30762597953566,-24.588113306273822,-23.91565660125419,24.894347610473556,-11.443779153641946,2.680256090610837,7.745653097859636,-5.2038761868975465,-8.905477295510208,-22.55238774694182,27.143132526326248,10.93483120029167,10.277091003398843,-10.461835949135267,23.171081306722506,11.310760989692772,-4.1535986725030725,-8.591659641591026,8.53273531017931
-66.72528185636386,-17.460187788619255,-28.58699423462598,14.174935117634432,-11.212800655031094,-23.614600521325343,-11.526400901289694,0.9539739993078411,3.913550562285831,-1.5679919129950892,12.47407243199066,-25.774030876206737,-11.938824991908735,14.483547168461072,7.03380439340262,-9.061794565181218,-4.862565028355478,12.268372782456039,-38.27427807160316,31.115902681776497,-20.78182948986478,13.64884489402605,28.688808207185932,1.7774199621240392,15.961684213791981,-15.0623672027594,-12.139426396245067,-4.552495929113717,8.798841504477878,5.895837809731178,-4.7987713571451485,-7.478644687889215,9.259435798523038,10.366643681976027,0.6544642188053432,3.2587707383342397,-0.4169058202053872,-10.172309195909389,-4.3500068152636935,-8.068890880567078,-0.1285523310554951,-3.8708706639345776,-4.748439032412514,-10.426427065716913,7.932819036784086,8.306377555039115,-6.278950142815491,-2.9181363269801563,-8.000469752559711,-8.840222551560721,2.23373196232493,-8.490514155204318,2.4301333947472243,4.7274884273168,4.854105726255027,4.322868197495686,-15.224518394042843,8.534550330962794,4.614945858084768,-8.635979677812845,-14.412720083179424,-5.826038893871403,4.915011085383113,-7.857480719191375
-98.02685690020907,-27.605965485577823,144.91405120931444,-80.40170002456063,106.84985830637618,-92.89080522338372,-65.68195215685957,51.47974085164648,-2.015221159262719,38.51380909219259,-72.46645606536441,22.188991278632056,9.651693662315534,-28.823680781974065,40.975116179977014,-2.329319131357169,-77.29368695224068,22.943470270229007,-16.02265742188542,-5.588345737893817,37.79192013111596,-65.42396393978743,5.15134140807845,-19.394486029629228,34.797479864247016,13.44519075018438,-30.853578995807023,-35.35519301991186,6.199597210501724,-28.36991627408208,-14.163915634914654,5.554419123298576,-19.616735845177182,-40.33105355021701,27.557707923069238,-16.392142997229566,-30.020204009891096,-11.094582246937298,6.6269547896106,69.52181048581186,-41.750662654138566,43.292373780921274,26.398057766811842,-8.210879851387661,1.6143398516539493,-24.957746226225737,-40.40832597011136,20.81672036542141,43.02664280893432,-0.7116512176047077,-58.69239628154146,-57.703724424824806,6.509571724788921,32.66676836688173,-47.77917347089796,26.59907914598298,-11.127302689498734,0.1224075628222392,39.285959878479055,-10.913216781786803,-31.332907123970298,16.70384456547682,4.230555065994242,-60.45542337447673
-59.48509645893309,-23.866460439601024,-11.736262759522496,-19.66535179287284,10.170920627396724,-10.729274237653366,-11.842251655548878,0.9520765833651245,-0.5484444943554154,-15.255107865843877,-8.629111917346961,7.746429885635206,6.77459902024177,8.486438228782786,-21.614726729988686,-23.702979953693156,21.0208107440508,42.03518774517894,-2.944655907080588,-9.882659293037602,29.067137412684094,33.36102434855334,-16.76395134787942,-5.54705045824001,7.292640770454712,-14.623646804670331,5.32195019090756,3.8719779476561764,24.459383777239516,-23.17023803876023,-1.6937401423290326,9.30465883382906,-24.57878061086264,4.362551214104576,4.067770238518483,-4.27741600755275,-9.757395056866198,-5.610521002935639,-6.527206427657234,-10.963522000529622,2.600124092297031,10.175778111642853,-6.1001041032873635,2.6601321317491013,12.989506189878867,10.176094022852013,10.279693692403695,22.72781964082808,8.047895318643436,-3.080441970014746,31.359850770685394,-0.09000319114711032,-11.390146453445722,-8.67548916318352,10.573670217052836,13.889679814347861,-9.147137718413687,-5.033086546525052,3.367153038465187,-16.188797953800176,21.50577808183462,19.678043584941705,-13.918113554853704,-2.2752640010281056
-65.92315644945344,-19.103397540300357,-23.860117857229955,2.228031175044969,-20.635793087311367,-10.623863626222123,-12.20619410612768,-14.127622747672339,-0.6299572898517173,-11.593186832224845,8.121777845889428,-4.920124203036296,7.297135531101222,3.117267532992796,25.8253595141397,4.674471659509241,-20.084655872265458,-3.6894177489374695,23.138697088131813,-5.495920563162416,28.859623920774673,10.252916272871632,10.233806564898881,9.68807201312824,0.6411544507602982,18.1557073250944,-12.704011796057651,-2.2400881565775896,-12.784782827625207,13.346085159550213,30.0364584926751,-21.509058125562234,-11.13029793863649,18.224692242815692,5.078020783394673,-17.70467644536882,14.429701316160804,-20.33003761181585,5.37601663884428,-13.211670639283392,-4.582629087106547,-4.113751786441854,8.5649889668455,11.326052117026753,-4.722734858295579,-16.258348392671593,0.3244285881458452,6.635436228089826,-5.948930413610964,6.61458865479523,-0.854747547806447,7.739714329043853,0.25677420149852326,3.067329298475466,-11.285168362016927,9.191438252929853,-2.7297279406433783,-5.3512050479011855,-11.30819091741851,-10.221228295101357,-1.897285580253391,1.7257845645412315,-0.3583343526204733,-0.8515350128923425
-45.70974112474205,-24.107279945031905,4.50972746400775,10.737143164158946,20.470391444332687,1.3271464111305238,10.263557909319067,0.4386328372088765,21.86075930807365,15.285202337357003,45.0668491853361,8.000781106713756,-10.971396364396638,-24.810832607154484,-17.026239337761105,11.86963301244153,10.993546474810408,23.622014278671642,18.8037836355051,-67.28214606959644,-53.05183253734494,27.26098355135522,47.56135312402663,-23.025507570049996,-8.549854753203341,14.294712013501783,-11.762986487979466,29.989032492157698,-12.940561797773228,19.389516154519317,-19.383340610049167,-10.810476459577384,-27.96575762550538,-0.06717326980010321,7.413408248579085,38.95530546812328,-3.2606974321245397,-5.249513573307228,-3.1285817839475456,3.291929685069031,8.704777267460303,12.3698406835597,-11.176554070488129,16.045010198912557,-20.220729520450483,14.276539234422987,-12.94667120244729,10.316980679577835,-9.36519514218826,12.661432751597122,-16.11795012124691,-4.8715874720947445,13.616906031751672,2.640429420645776,9.070771153899091,-0.14027015663027406,-2.1148404756777763,-11.256052237070707,9.051985850961739,10.995551925901344,8.840903723157018,-12.71839602716388,-6.956836120510181,33.18202473279522
86.56037510155008,-118.08716103137297,59.9198898562995,52.55308994498031,-83.95494238232745,42.44155808634017,139.0662223714788,81.0044517353856,9.956096306274372,-124.81297600425367,-49.353160621485216,71.98479891111569,18.170276354415428,-41.902078884870726,9.84699530255062,-25.214756597505154,-28.958980043817558,95.02249217218962,-18.371420406934313,30.628379936134568,-29.501376963207488,-8.492473271083037,10.416551881261322,1.3091456132614292,-13.796351323081165,-15.40706710210302,-27.178922810692814,-11.510723470385232,-6.737431122348279,27.96764310358107,26.551088763801022,11.31100061356699,20.47209306666288,-27.222803753710988,26.864577286928384,-19.49425154802656,14.308172944276942,9.765673407833177,-18.588954537024517,-3.846546609255441,-7.810087947324134,-42.50009227678484,-9.39380704570549,3.4551794545966588,4.463572015214163,10.994473342845104,20.404265354188137,3.263828701972052,-19.609447967700174,9.049779810900587,27.966021559919017,9.501173082840245,11.248487915054723,-28.80060994291049,-27.57944422509866,15.254408667901524,4.948480316687945,0.41973998105943566,-5.060202467440433,-26.924025574900313,5.3032979172604815,-8.604282674460997,2.2196280303801275,11.95000430573196
-59.38938932566025,-22.132183523759068,-15.804678016589074,13.318147998407056,-5.230491928466741,1.276304640969228,21.22570622511609,-26.06922346186117,1.2449968157537357,32.14309451184782,-7.2497664657338925,-10.009277960446948,-1.1150893852672794,2.308408636854097,-2.066271613219042,33.54597690137542,7.974804146280809,2.3975454634311943,15.162760027127803,0.7274097809296239,0.24673280981854556,-21.364619812939203,5.689670928474445,13.930191335924448,26.435453080568497,25.68208522301599,25.69347428938748,-3.8070890931205934,34.68493572162546,-0.347033924983236,-41.637333034936724,15.622691510020136,-4.916186215888533,16.091508821471468,-9.503776345381894,-10.049440344287218,-9.909003879047921,2.9676543766493215,-3.1060694255696095,14.733316899651054,33.921733965542046,-3.015204652625787,3.872342862658319,13.419668087625924,7.874497819948167,-1.2191772571877437,-0.07912812852794766,2.774806578588771,-0.5324271636512665,11.007607100819554,-4.6933835704256435,10.963295614360714,-14.921484825428605,-13.190587506419746,-4.127797938765033,28.077285987544904,20.155149909277814,-0.5103372395569405,7.798842710152549,-9.203865385994549,7.415893701101063,-18.55631419464662,7.651051017279933,-8.920684256170798
-31.59801077125741,-84.47419995348373,58.44164853910005,115.92382123642656,-72.55169418482522,70.00237418795037,117.41281132815915,18.61973075337737,-59.31976033746558,-44.58998183158317,-68.7520463715446,87.55157979866243,82.25509819458622,-25.204725766045932,2.6886462135259603,-48.587308054443795,-70.87027087772012,29.11667267677259,-56.70675090781662,4.464126614771764,-40.08927881837838,1.1335523453327618,-15.95870730898694,-12.475858880968925,-25.567244981335804,-16.118109930805865,-10.076161606876903,-1.7242618034066028,55.33458415547415,17.513153415040282,-3.5913868510410643,12.455665896759042,4.987510219003584,-9.07606239809291,-9.550623433681107,-13.909187078339896,10.977550283348082,3.0281002778886723,-10.155805378195073,11.045865773386806,-33.853483544653365,7.272953255788631,1.019249632944928,12.91205406898468,32.806867660405,-5.378564729280045,-7.704508622087531,-0.21115888893154314,-4.852957581214944,14.417508355941766,19.47069362050537,-9.970754677615785,49.43342270333814,-31.248760601436512,-25.74154749574128,-3.6397580944290815,2.080094482436101,-8.120961416333529,15.833353211661946,8.783039573328345,-4.958601319045358,-6.833925266100549,13.40897581216253,-10.968758459570397
-38.73025044257273,19.86048820351586,-19.731197389654188,38.7182113112246,23.64250269282162,-12.386648471501287,-24.84704061165004,21.37848289483606,7.26869139339387,-8.471642608961634,25.53874894523252,1.9890139493736776,-16.849680719479792,64.44421755373516,-12.214453830558561,-19.51694197532073,-28.347715093040176,9.32734053084584,10.162330960148465,-16.500624230780044,8.432810191316575,-19.715179847884066,-27.354595251180076,27.94258790723291,-24.047786325212837,15.474304262288678,12.286970343154778,1.7754711534833045,11.653506474960663,22.068071668042194,-11.245046547430281,39.81022121593361,-29.60366367933551,-14.038621385178613,-22.586063835412517,-17.714163265406228,3.3455992168060193,-39.70622143748463,-3.446757233151971,33.00856520209736,-3.165589763299219,-2.7581293261087567,-18.5938007473972,3.242197942810715,13.285878255259478,-6.854811990079812,9.562777181149016,-27.263191712992114,14.470628066333804,-20.534508927068522,-0.6625525243929583,34.12531797728984,7.188280993782752,8.572173880494455,-2.615888210103901,-7.995180371156902,-3.820518401530706,8.417707307101514,17.250137519631068,-8.290601134099095,14.475600979977912,-14.665929967429635,-30.642690827028257,2.369611062621334
-63.96304668811307,-19.391958045195583,-26.424326683658997,6.769643152874244,-12.92018753095992,-17.818423877132442,-11.085077390710687,0.739361761619708,1.4408588656674572,0.502943426254455,1.5817195327040963,-3.8256832498677324,3.6269779628714485,-4.427742455756527,-0.31061848809149684,-0.26404587018212744,5.791985658539345,-1.5013571327618793,9.209062615869984,-0.14970262857224617,1.53795344462573,-10.120087723227336,-5.082245014531387,-5.307983549470685,-1.3832396873176016,-11.021192155991805,-1.812093440579992,-4.247601745885669,1.6646865889783575,0.8833679663935551,-1.7751793164701521,6.0149186204064655,-1.938542586436514,6.630326552911474,7.802846992160087,1.597334049169376,2.1338016735174627,3.0432980019957014,9.468926373769243,10.814703026579924,-4.099103420311513,-6.231150082544742,-0.8338944686277779,5.532533144039516,9.669228538562157,-3.4233101700885458,14.035157603807386,-1.0081600762822889,-0.20439735070893758,-3.0818417135619156,0.1392872264646372,9.737934298957274,3.934720690251837,-0.7573559006026755,-4.791830610968938,9.78675378159034,3.2477528100456308,-7.1369357555682935,-8.396307656885858,3.006313266037994,-1.2063424388552766,1.4858575925697797,0.9391453436993492,8.821502055057428
133.66840062616612,334.3983296478532,-16.10637831747253,-11.221919133700249,14.59580281081656,-41.66474322999275,56.47072789101573,-29.50306907928085,22.19159538537433,-27.669474956626605,-35.06216845957632,-49.941685928004006,16.742173761359428,9.537134688686008,-64.35931349415023,-29.597130015106874,-41.84419442715831,-32.341324747698785,32.82176062673025,-12.875156253964361,-25.28133342835751,-5.319662621812095,-7.6393762336998225,-33.98866718049782,9.841238087666557,29.67075501257771,-41.45724599823612,9.734614235789268,5.261482964711184,-9.403892211674428,43.71794146985096,11.209226386537665,-23.041486889156303,-24.897516572386685,-59.29615224658498,50.425150485553964,-8.165243525352377,-12.703464077143227,-25.651767929642784,-23.47032320835817,10.123753163693452,-0.05475650551582382,-8.059659845151518,-17.197055749524324,48.71503785932288,-23.68070276898385,29.317763025436147,-28.387759074375293,-6.262061949016013,-32.69387790198259,-1.3745016442897164,22.619852451820694,5.833601124507395,-0.14066560768859934,13.779568592418286,-8.691808319293694,46.9824067393717,29.799180125243296,43.15239376730748,-67.32290750678601,-9.089018102248463,-33.5455435139864,7.242040468487775,24.774807212055713
116.33861056050242,-19.166348134863068,-71.16887718630593,7.827321566932732,-42.02602822607757,-135.4324209188309,-9.596889188128506,-73.80456974123939,28.941060715433593,3.4065608804015954,-29.26343133696053,32.68145642254834,-47.63453631113358,-27.428368181198856,-72.7717826727666,-53.46680212376604,-39.48714188460764,1.0876903896719874,-12.150824818722109,-29.471205534245033,-26.600835708278886,-22.857640689983977,-11.732041820277486,129.96956301596316,-0.39032811566247194,11.744580083287069,5.18541119591364,-3.4662016325073814,-47.252639661242014,5.382232658768463,-5.060073934781495,12.34461196186839,10.917367160196124,-6.937025634225523,-31.4709692979942,14.667467497840283,29.47054922670073,9.262850589646431,-6.770402834188621,32.823556003786486,-1.3687699228702437,-0.8431369592337488,-33.74831684363784,2.3765460427198373,35.608021910432925,-44.63222223233749,20.025220401416835,18.975435082005625,23.818336334549656,-7.513558903407315,-0.26489598739691217,6.208077775361096,-36.5882192318357,4.1881451892249375,-9.931007972961325,12.955783322847685,1.6016841999087807,-15.326143720171691,-1.6589863304447006,29.5918278170235,-31.189716351654653,39.827976177070866,1.8715663404851028,-2.348587856432265
-60.667131834494654,-18.290212240362948,10.302843757605434,-10.172279594711346,19.537848187750935,-23.209498433632998,-19.338048650935203,-3.8767523816205927,0.5031121077714044,0.005508285493828291,-5.240190031254845,-4.194535930700939,7.294813046322839,-27.192272909595122,5.504248423325612,-12.166388131172164,-8.041381648180392,8.956474421793958,6.654246960637944,3.892052438182524,-7.228267371037725,-41.06845872660119,1.685239972379634,-10.394836152298028,2.0266840004519713,-9.68770224306298,14.595517174401808,-23.559277231169702,7.273733339495167,24.88840096656354,31.067091793518806,-11.2102424593167,-24.289986347466165,-15.362122986697619,2.1835250922963616,-0.3006805051049048,8.73548333271738,23.02123720855735,-38.21141675025116,-9.942659879390707,5.165293554540885,-20.043004389581906,-18.703478333524718,-17.26226481796827,-13.104192123673842,19.152295848128862,-9.048229594506731,-1.97736397890209,4.680147148478272,-6.54237302017876,1.5930642916136588,-20.795537946308546,2.5062830111848053,16.017481987951932,18.516469454348154,5.683130944760556,-5.145476556837849,-16.99441286960054,16.579159972193516,11.05945212932918,5.206641848069004,18.861816880817884,4.52678906961556,-30.155803708025694
-52.52016062614561,42.592636461134624,13.550572017997878,21.479625417761206,42.94490739494976,6.475091144771005,-36.494774693654264,6.243354650420072,-7.411420401464643,-29.072474722553995,-14.522362604329556,-5.886508923196822,45.54358704068458,-29.633150611807697,35.14727299834636,5.249211626205817,38.26303781333303,-14.125385126308377,-7.3090885181943595,7.974701798325418,-43.23344615660716,-3.489620047239694,8.270211850970274,18.92060330739972,-5.512711022561261,11.281238346936023,-9.429789658150838,-7.54447234136257,1.695766181873824,-23.694923306741003,31.531272441930835,-31.929605725336987,-8.75341884744119,-8.669144137557037,-30.39321506530257,-30.33149526449672,-7.802925593322866,23.25827177958839,-3.4607564632610606,3.7044491976840197,26.477907703749704,31.19197478785836,-29.502216142374426,11.246905787063012,25.949145123152416,8.983024987379892,-2.605372957393299,-42.35835835916617,-10.86376311406053,0.5318110228992419,-1.9185145919967577,7.6737241157550065,-32.460348008788486,-20.93162613041206,-4.154531536336385,17.139304053605088,-3.5468025333004416,1.9628495630995877,11.485063941458039,31.129439645069667,15.557514257965483,15.526657202464316,-8.119628204186496,15.231670849222526
-7.828816219571475,208.5245098624845,-12.986607887423501,103.12156038853848,66.60976760137213,0.5115453075568195,9.968708963071167,9.529298193778054,29.498385700561567,1.1534761607241348,-69.80232840954575,-29.144339596123107,50.48895120274503,-9.831659079150294,30.22251320223719,26.00993988745754,36.456308298923545,5.850308558256716,-20.23113202187972,3.790974268778368,-12.930618761803123,27.267775397494106,-51.5455425072259,13.746504169340929,1.222337529567785,6.728296571278578,-39.75334926282425,-49.207641957824684,6.181995468518156,19.48044762248627,12.674613823872173,-0.35108345722707984,-23.647673027219284,29.59070090286946,-10.076687064707047,7.288793319846721,79.50905735659089,-24.332802561844073,-5.009094796824709,35.42866524135976,32.93904779727861,8.911717501801137,-19.59913335270829,-20.08575919223316,-72.84951427647819,-1.7616984635714878,14.154008317018214,19.43219572073429,-50.00129027809556,-6.507395789357106,17.37376253205262,-10.808442044744943,-15.518287034738487,-30.981187881255856,9.593314869626832,-10.256664747922656,-4.8820128843282244,15.09712942297471,-15.361739385748901,1.7070401733218548,-20.23034387461357,-7.356852982020847,26.602171934288137,8.221938217283062
-27.573910961528615,6.224764709580663,-31.10141289679946,26.91019893602896,-7.600443918841676,-25.266716160805498,22.541635174927634,-18.02915553260197,-1.4997554621337794,8.995700972923562,14.100280735038309,3.192479974537821,13.447645892296268,37.80527789966047,-6.527260245752422,-29.005279205960626,-27.489639359317103,25.650579046276142,49.44883731650139,-11.20351576532733,-35.27410709720399,4.276776058862804,-8.227092432958443,-70.7275855158485,-2.4467313072233026,48.27715147957351,-30.457957722337607,6.19577061569958,-19.225489973231227,-20.449231380792583,-11.128022937836796,-34.438288555080405,23.560994382244317,-39.1901825306656,-36.95004589771616,15.829794681891396,-18.575234893798637,18.35163376689847,-20.288172338260953,6.590801054308572,-1.6546905260744522,-4.018048479288635,-10.274101678288094,-19.265259756601566,14.962478392509524,14.175410044944138,8.455065988258674,15.399911860296948,13.458122511877752,25.194663564420157,-6.228106732224496,3.893627861931206,-16.773336822537352,-11.328531543019585,8.104383933896115,-3.2471398285920303,-22.599284265931516,6.020585552890193,-9.39145760200042,-3.9151717126756354,-12.221386583165021,-8.189743692280375,-14.972670616800581,33.00579440164587
-61.783946510554195,-19.717870347714335,-27.44063761002653,5.281811115280687,-12.933596261200853,-16.623591673545963,-9.29453013069128,0.40379423819161725,0.41380998122041274,-0.78616157814495,1.9909011509243564,-3.22313316637643,7.16336108911135,-4.687017868555315,-0.7303309080794087,5.007911275651741,4.117566540180192,4.9355218730096455,0.965779564576433,-9.040829289649608,0.11148082935861048,-8.90609832582732,-4.796768518476041,-9.582062133355658,-1.1392691649484823,3.99768083948393,5.3605792227008235,-6.400645826850953,3.1618774423529907,6.332101946922093,-9.104117088792668,3.4116352640080265,-0.6678133324189491,17.995524334792975,-6.417421277549187,8.756088079774145,2.1737546621060893,6.370667874711794,5.394306768867487,6.862595992659363,6.737166001354371,0.8932025895768393,-9.102669756161383,1.4399839459883703,-4.537443954583298,0.8957881430294437,-3.0059381188634777,-1.4511477995905817,-0.05051858528746675,4.933577947061902,-5.038395869331213,3.528153885224996,-3.9863307367025564,-3.479910760646541,-6.115492620697628,10.102361960344938,4.236899133267178,-6.804962921352326,9.09573884274099,-14.80402165858531,-0.2963406664523578,-0.6301976509545867,-2.4327094020345794,5.748170044454175
-27.73144505315763,-56.76835891378623,210.66369241886127,-91.04754313478223,84.03744001719492,-83.7242410384955,-52.05852319695975,55.12310974434283,9.56335781445965,95.012102701792,-51.81587580995629,13.707348423841022,-17.767041614074387,3.6105212944889864,69.02447101036388,-31.481882745780016,-50.63707650142256,19.10646664453432,-28.000381196503202,-9.361696506832269,44.20868882944398,-24.304370562605794,-7.980524370076932,-7.746883971186678,34.449626388684884,1.759978639500174,-7.285965097734659,-35.19500602191981,3.6000371720288373,-1.6469805978938945,-9.260128289126976,-7.754248197545535,-13.058042889153223,-35.53160564201133,4.6931865482108845,-13.937514163375962,21.47135207810513,22.491183422216377,-6.164893720261519,13.76548335421814,11.36207177509304,14.300779992238628,12.463600115302949,29.089117192251912,10.848967593908181,2.42997437597659,-9.016800846390476,-8.234637500561734,-20.388878296145986,-10.877121010931246,-61.60221247695292,-1.2773631395567582,0.5500461617889698,-24.532557858648975,13.156164607472235,0.03888233759732687,1.541232618323518,-19.971292116640235,18.27498541557715,-15.081716226069787,-16.82595436274155,12.133048264871375,23.225785075996473,-22.147603243168202
-59.5859101136464,-19.434192547760542,-26.297447526314997,3.002227193313301,-8.964246755837484,-7.1191828087066495,1.2964932034100596,-5.8396419710595495,1.2566016394404504,10.834063463298179,-2.1320073269341266,-7.4726378319067015,2.26265090134235,-1.3931102969015237,5.866578772771974,14.592295657918637,4.799741925579212,-1.010344360517383,5.588969002469232,-3.625024128914187,-2.906893278210573,-16.775545730636786,-3.9242900474774127,0.0702807704829394,12.915087064434722,15.27121244031697,9.680222308985641,-6.037247914994879,21.608428524585978,5.257854618574819,-26.786669658230128,9.523274076478753,6.982238651579075,16.45365104414875,-11.021961401015634,-1.9313111010048574,-1.2673879010626283,2.3920980956019537,1.8715875692273436,15.446927427636002,22.48673619504898,-5.006366484255037,-5.399295727908331,11.99574439084642,-2.1342966825421383,-1.6026242117598586,6.304365624885454,1.865906171780893,7.392332473564107,11.32134642446666,-5.306303272260511,0.9485707877985302,-20.728017437511287,-5.580518646412836,-2.5263894045699256,25.848437641565905,15.30074540128976,-13.678336813997117,-1.9223771214432925,-19.243143678679115,7.0221917799705285,-11.409776582583971,5.06291999884517,-6.016683696037526
14.920858464146258,-79.30258977917777,101.42524283525583,-108.35328844741387,22.463601467284573,-94.2665856169284,11.743208267785903,41.71709583286721,23.882777103106417,-0.9120781071579679,46.55905859365514,23.570714468295176,140.80791040660705,115.13321587701465,-22.337287760687694,83.42673088878216,-12.192542646752129,-101.8149848394123,-53.38747650779867,33.98476578424127,-5.932531865109602,3.150934642765189,-29.736439846902567,-0.4484835327532462,0.9847744084144421,-18.157133512259087,3.351507994199495,19.309305088978384,-73.34590659507741,-26.875866958494292,-7.316325799930717,-9.145049497855316,13.797638447519573,-9.061597087692634,14.380066143181036,22.23926365887545,28.874371046076142,20.657272906041797,-7.593926199457699,6.485452619501906,-11.580974438263349,4.493447067985921,-18.249925563782494,-12.641512554449834,-22.708174095503967,-2.065941649484815,1.052301900756478,3.2847904102659413,-13.303806126073688,20.686088943077777,-11.107448878881863,1.6639656974989108,17.08936658750014,-25.824009330700164,-11.582646106558123,-2.042863357613562,-2.825906183461166,-1.1097411098109875,-7.462187619685968,-8.748265979347174,-21.25587345423897,-13.455455186023519,3.9898229944793786,-2.399380433396687
-61.674345334240094,-24.937053335776437,-20.40223831411502,-41.154703668424844,6.804438108157103,7.1288362057011545,21.246620675454274,21.491415468364142,-10.78959757770992,30.84245987248904,-10.998631213478758,-2.2436120814575773,-21.13303157501947,9.139417342601812,-8.482331082057145,-25.83190139591771,25.144434946136435,-10.70212751710406,-2.608166199907184,36.618329945566735,-3.706117247211375,-25.847856203326785,-11.147384833382404,0.826089777344598,-46.10752560665891,24.789189097314175,-46.67205839116283,-20.919086251989384,-16.500007904571525,-13.567946651470752,14.333787576755952,32.70836584268785,2.3478288695534526,31.838936811285315,-9.332634917046967,-1.4232717071342427,14.634596241084978,-13.015271567587732,2.2060737419237424,-17.289369106516723,-2.5843774610727426,-24.613344008735197,6.0068288291472465,-4.421844792238067,-11.589060918465766,-11.6463596785938,-4.294841429208627,-1.2093720845763902,-5.355315404949565,13.169813998542644,19.982527863262625,1.0754979932647408,-0.2929942126582845,38.211410211734794,38.77816259077177,0.39448809738724644,-1.3117435010621672,3.9784697849331727,6.02972256470156,24.242013718031302,-28.666778947274754,28.094960676894523,-20.858439173686897,14.303395090550492
-36.63726232623218,-34.74484319879134,13.897518843081262,92.62128401366049,41.02641933373879,-46.23201816148849,139.64295773907358,157.00709159812686,-78.2566773672558,-73.52869966456622,78.87141291129952,-68.30638393581286,-72.06949664633147,-53.306930386794704,68.36632157625864,27.31438348407072,51.184522364824815,-49.851426413684635,28.645687125145642,-44.68761551785589,17.832998715477046,63.613564984084526,-45.01634011736416,9.741618696699339,-8.474982224318603,-25.016221914736793,42.579528541680034,-4.2025670910182615,-59.711789446834885,-19.712141567156593,15.002947410164822,-9.943013877385198,-16.15188820947137,10.632677389471196,-35.816771079058405,-12.048984627906313,-44.58536041019291,19.777341354314153,25.808530525945145,13.526066354928185,-28.29314126033219,-15.67032831628934,20.841502886876814,11.57389664650043,22.638350209032776,2.3360263270804356,-14.204137726973094,10.962182242633666,21.81506779140503,-0.5943807584662915,-14.77334118912233,-5.933833021497529,-45.555739249989344,9.482387032080311,-18.34680283695406,-19.72900828715661,9.255164646729185,38.185891670359204,-5.142728364262529,9.289234324225841,16.670796831266067,26.812404928363378,8.08166882924982,-3.1468884765964424
-19.242473699077028,13.519470103703082,139.0872541290533,278.13299775762334,-68.35819974338213,154.16355261977964,56.683145191865265,-12.686951588972141,-156.34845044183223,41.395774368159344,-104.25929098444769,114.70594344261688,100.90332439310107,25.84195621599287,33.33555947219517,-64.31852266061877,7.937995120405691,-42.695717226238095,-18.856054411461827,-20.659971585917603,-70.91081441470828,54.48606434552446,-16.90313151356421,25.321802444475644,40.016321368653436,11.791335149345489,-20.376759269704365,9.886620255801505,-78.76535054867391,-46.56572695105574,14.725540734561985,-22.38885393403897,19.174662086251608,32.346438868848125,-12.620694547582472,19.63229867546171,-15.318407063025102,-8.384875031851742,-33.203571499036926,-3.5786159494486878,40.94448791699754,32.94329685018611,3.7274047174142386,-27.9508813764509,-48.99468487936102,24.511605038777272,32.49800789398115,-1.1667673292064868,14.402409588577628,-43.16831981774268,-14.04888239395795,32.2837101321183,-47.70905289236198,36.34923198665402,36.20341409886765,-10.922795200042701,-2.8656539184012444,-4.157055177468026,-18.22939241549605,-10.728224317495766,14.69359954417079,18.385944147427473,-2.7811260771088766,11.865980219817965
-11.46395685656194,151.65560575971702,18.801648743663556,56.27981313734418,37.767892991185505,119.29720475303823,-103.71904213450112,135.82206174155655,108.44482823737006,60.46805842666895,-61.97278558141961,81.61521658046313,22.90111482061726,36.63233206547652,31.327171503972448,-71.18203534070601,12.743693369714656,-16.055421901503628,-9.283997384089657,-56.293451738876946,21.78711157226855,-9.671361917917118,80.43903669647219,31.372981995701014,12.367098082375987,33.31603881573377,59.86585312401646,31.5173981613208,-25.261867319061942,-22.962643199226136,11.21725102933972,-4.429229493081751,22.06546074286925,20.338938186547875,11.735231017625287,29.76892290386343,-10.87665233066649,21.99653185177376,-54.957541575808904,-57.287956429732276,10.738207875121196,12.532925176356452,-5.220866622007201,7.602401981134776,34.70461835452349,-20.20758513363288,29.58882204637584,24.334009705315065,-10.992014451939967,8.78620659902445,-10.788292210138476,-6.121476093640046,-44.86783464405868,-14.972788444591718,-17.608501509665626,-45.583337081239804,12.644634917109267,35.20318136968347,-13.834556067411754,-32.86910328106232,-20.45831247075034,8.40858398573258,-16.586156364412187,-20.66159507494174
18.014803298051085,254.56660476982188,26.57714970273521,1.4814242478489845,-82.99125868065691,2.063245539231746,7.982746327581874,11.79231692999315,87.36287956187451,-24.253003906659167,-58.87256369249566,-14.67956704513411,-11.572989312666877,49.37483999500635,-6.927783514465036,-16.109230949670387,4.409412173103828,54.21935959510457,66.9803959551757,-38.64961923605383,-24.02746175831689,43.526107960283134,-37.55608685709087,-19.143457900351116,36.01110491103149,13.12846758846184,12.855080154651898,-20.205253220369347,0.2749904066976789,3.727187461203714,-11.044308134318314,9.71108226597553,31.50598079012578,-12.239460265187343,-1.4513450404081054,-28.180431343560244,-1.4926265896017998,-11.234366353220619,5.854711785397099,-25.90253263389738,15.754329661017628,2.067159203345181,-29.961831573887878,20.054996051225217,-30.188331822975258,18.748647358162195,9.664934368601962,8.671478584998617,-26.17226940853931,-5.289285088474162,-1.333816010664235,-21.579367318446373,-0.34073132036463566,6.483990495557836,-17.12289799261372,-28.94749034227493,6.569380195546014,-9.119828472814447,-13.449593704021447,14.782568146753693,-14.390476319197088,5.9052964086093205,5.360372147631059,-12.895700673309683
-57.551428485546886,18.530340781520778,2.0407685262609956,0.8939591620997631,-18.723188080769454,8.090632360074457,-20.86512759683693,5.376989333288637,18.624489782974813,12.038931750047519,-15.037821984769225,-16.50711827987027,7.129073303215188,0.341556614361595,0.3072620664259892,-4.655283636070902,30.30141021323018,-15.38134333046374,-6.295403836547065,-21.688129495329903,1.9339152302788298,-26.853427337727755,-13.07051710840942,19.65713722425292,47.86179502538069,-3.304683388677151,-20.974466547102708,-39.01021774361778,32.650135469169676,3.791345699807562,18.493557086345383,-8.795852344013777,18.414760844094417,-13.712119229182209,9.095458805831987,11.89690034457155,-38.48365575328831,-6.84644387624224,22.408450582483656,22.743201939318404,-81.73478900731477,23.745225845401862,0.15897077072618893,-26.569745899478463,2.655796099027381,-37.37572310857074,-39.76448231298409,20.715007692720835,27.59935433449003,-11.039335729644602,14.957350816310875,-22.646379774580087,17.69375535919503,-3.964753229250626,-2.1242303629427535,4.307924048903377,-5.841556301629494,-35.79329693004823,6.579069967642596,-0.2592079150385529,2.2030453637422838,-17.251951998101468,-13.93411956471592,3.4810515332151133
-55.63578655780573,-16.95671057055147,4.64699680504876,-5.806165782753102,-4.758705182486996,-4.448078867233633,-29.209720732227552,6.4539119099656315,-18.545746848462493,16.64767553055797,32.29636510216205,-5.907239015831878,14.31511187378842,-11.308161327094094,-35.70952675726008,24.19759340841882,-8.336326149251162,-19.052495823985712,3.4661800176309585,-2.239043041075813,-13.233316373038818,10.853131823534659,-8.028666824894831,-3.3677634256726026,-26.97354882341954,-14.439115213688412,-25.83045359876282,38.941717479580795,-17.313936864091694,11.096737881343998,-13.480550302650913,0.9862515988669179,28.751407801934104,9.050257402185345,15.597111436755073,22.341867983810424,8.960169161968489,-13.440476708913698,-6.689855800792475,-8.554031854068228,28.27161642705393,-1.6901934249963484,6.133154442896787,3.775093367726617,-7.759618914028136,20.679768491407284,11.54360575303249,12.766628388573064,13.222920273348256,-0.24589995114616228,7.220122716099007,-32.15009442503385,8.010927830021878,1.8701189102887688,-26.72968559264878,7.17386735845119,-8.014538209762454,18.754452465788194,30.167306261278814,3.847307507357667,5.917097825534814,5.239956315845972,13.675908226661166,20.63983515312047
161.93927535401852,-91.28911396523033,-48.869121348062244,-26.33786245823444,-28.483520297129648,34.04605496875357,-77.1269523593685,-0.7944317659294315,-38.04960692806351,-15.074010319262023,-30.756531252668044,-13.35930557746822,-0.40846298105409407,-28.15117205972403,36.123955442249745,17.501048919984072,14.364605194277493,41.24205628169946,7.123481482768933,28.46870836346276,-7.907371874213783,-26.1876563726018,37.86835015951052,-33.88419629047476,48.77755492347338,-27.09444546696853,-13.018497622386251,-25.450124285279813,-17.605662010054527,25.87425757346654,-9.685498582248607,38.996700760021284,-9.877757047256027,-0.35420356586843016,19.834397043229792,-22.65031614809372,-28.72168185742543,0.506967157932507,-20.454400222694332,-7.061133742423734,-6.3270178115225,-5.377708105388864,11.32626430365723,-3.0671978720293054,-10.091210515169104,-13.267853479402369,21.31440020368441,-4.331803036136661,-10.561689052035756,1.4949963096268124,-20.328572408365392,33.23007074040942,-19.082558879068273,12.166949613804581,-6.3768396677392145,-1.8373967021941031,-9.913703550606007,21.31908584288739,30.3293283178611,-2.9099056231645406,-14.868022749612665,6.663673484304066,-12.282363642642865,39.85051494331824
27.670633161322353,341.52219884481445,26.3759830924763,56.85279432682492,93.00513856594003,92.30395429650564,30.814415052245238,2.8815929097178192,49.556544585630576,-21.549388831432285,-103.25584496180046,-147.3480269060607,-49.35796046308962,-16.781575965105457,-13.448651878635742,46.98871366441799,-29.91994590051271,-37.85019476246728,-80.03182049240563,17.546568914922037,11.912551555013929,13.880664021804952,73.97203501308772,10.809941958470416,26.22041522801247,-16.17260875607353,50.149235763121816,9.811073260260786,-35.07984456685019,-21.42916460989601,35.18185594524189,22.20798485155716,0.1420848028120868,2.071301404723644,32.06015629367436,2.0250263328714495,-18.245054058712373,62.13907184644374,53.6338206710296,25.328266124988478,2.9878392972318486,18.06183976734596,45.63106601248387,-49.635199911728826,30.547710938993095,26.096164575275964,-51.42468579842585,33.01256817171987,62.254706001865515,10.88746163458049,10.829901997633465,-16.458481621264358,52.79992560600296,21.11315592902054,-16.143665616588333,-10.27190931341311,33.58334502725658,11.212624079466762,2.114399380127041,9.783090209757578,-1.500133330886742,-13.232518117008222,-43.43286846390293,-0.7211013154305902
-51.61483099538382,1.1605899854648456,-4.962515419195432,17.30795159609523,-20.862260454102756,39.35264949382958,-56.771694111482404,23.45326773442978,-28.323365304949565,5.214226183973302,1.5556901569025068,-44.4080219123479,-15.172281551898841,-16.83260407286845,-32.16132267853411,32.93544878368018,-10.890503215263266,-3.2476541807839983,4.9076950782298585,8.660763390912061,-5.429120087931038,11.495813880073957,1.363990908979835,6.460589752641599,-21.097370757515947,0.15922959500542394,8.552513196818078,10.838591233199907,-1.968810480901707,-23.604618702741867,9.584401668208892,6.004282689255163,9.286105469035771,-25.094713914045116,1.7916527973292693,-9.207650925807641,11.484609744658783,19.017941829912626,29.318769855455372,0.05251313124071032,-18.534120125049107,8.318929289705789,-5.5413004292668235,30.9738353923986,-7.6470304219844,-0.370525371007925,-20.447103158382934,-16.21561800972559,19.381065787928836,4.219990749315139,14.211710180918773,-11.393040150552775,35.53749452266135,-7.09859983771509,32.04976316288025,18.829227475111434,25.640800250466164,-10.545434916893237,2.136943178021791,-2.121435217093867,-14.096567625828493,-4.630926471571715,9.144124109910338,-8.149148626229584
259.07392495948943,-162.68626242601934,-34.28159918119358,-29.28815338862776,34.01186342451364,45.37962968920715,-12.3731491901281,-41.49386194763457,15.253510705187054,-41.820127565652776,-11.312147617710002,12.832631814587014,20.716404096071695,28.908719661414633,-5.427508714103763,-38.66158334349232,5.001105105611818,-29.82278273421293,7.8736655855316755,15.29546300812694,24.418357630571656,13.122732613867699,12.414455802833237,40.78589751887297,-15.567572350007051,-72.63535290386116,-21.34244589114991,-17.588595948772458,40.33660075409941,44.346363566497914,-6.733167055585366,-8.459229699088747,-17.70257052290974,-10.148910611836556,-18.09328864345643,-18.204048755130565,-0.9665877585972705,47.929501324402885,12.599728198813557,5.5918421417118385,-1.9900734999750598,-2.89900575260169,-3.5171436881688622,22.133511536265562,-17.844384806535523,-11.567576599606094,8.907776520211842,20.45804209146078,-8.888022842337135,-14.968682579040037,-31.055371832582725,28.227334330158865,-22.380363612856225,8.192404089315824,-0.9154798791253873,-12.8318914966334,-23.71628551953398,-8.424512549720832,6.875157620669101,-16.38035928059343,-13.060054333570733,13.590517953867748,-0.6807770218239433,34.930545045735386
-60.72034679952949,2.9393009022614867,28.32814109452574,-18.146512674854137,38.630908382957664,-22.045219782930214,-29.277942774093855,14.263712036543785,5.5791647007737595,-7.766508740370974,-31.44292634698229,-1.190496707923718,5.0513462499626,-20.174892306099967,12.557378835752168,-11.087669727902087,-19.6052915671386,2.6743989990965864,-8.56206917484104,-9.511681589105812,6.965557252411913,-38.55348146832922,23.196469218986692,5.628390657501721,13.739146130044146,12.399327416820986,-0.6762118839127785,-14.544061321823758,0.07379490434945338,-20.46788918017289,9.425241360710318,-3.8514338061586546,-41.640501713581514,-9.280376024982452,13.957534525189383,-5.341953079585768,-56.2179212636618,17.40496728466457,-10.956270313769556,39.24928303918046,-59.67418745137979,42.554003476111745,5.329544685112965,-20.38728284931191,-12.874251371179547,7.744943327446071,-5.180102075960205,39.943783589601665,2.7735174217232954,11.063954374075413,19.78896601730553,-53.2128061134567,19.002257462361676,17.565822741158488,-16.853203473157933,24.198886727179918,-21.79315127327946,-25.524526815158644,29.515006920439856,-18.861171758053835,-10.5685343311961,15.450389864599545,7.948661199401696,-16.388682844094113
-60.413898533543346,-22.62847666237805,-24.301344614835614,5.846128560672529,-10.643182565832149,-17.160727309039753,5.143146207866095,13.88497144512858,-6.398573451143776,-5.133251659386199,8.266389444021252,-5.511296923818831,-0.7441973970658318,-10.845665612903357,3.4970344291948408,2.716053858963264,8.016301829293527,-7.884021358468687,7.142328639119226,-11.783801371951627,-1.0781040610018666,-5.542936227287023,-0.2519625235081778,-12.612305076783102,-1.282913076962126,13.840381953464995,8.898551678622054,-17.5479796439993,3.9026615847741386,7.922955245564002,-18.537297370578592,10.022086913104618,0.7731623613006301,25.13206002361713,-13.657621893798087,15.554847613495337,10.12416394431711,4.6513623819453755,25.482477958762313,-5.156944750088656,9.600546038157105,11.15922562248239,-4.870438624131737,-0.9857333938940155,-16.02837496093208,0.07934326161485485,-3.9241763025699727,-3.2528408923766285,-8.152674127044113,7.69249295923642,-10.637407920728945,4.964163096007884,-0.7705561731075482,11.819142005719396,-15.027415534267593,39.12273303760634,-1.2029665025680618,-18.744113020728843,5.007894463459972,-9.17623467823237,-4.225955613437265,3.0629401399729983,-29.638059995150766,-16.83821408010337
-17.544825732722874,-32.97220295924214,159.9927687003458,-98.32477305208843,93.56301351536484,-58.845675348048815,-30.9826587867014,-42.827940312466225,-27.177469544850968,-13.60316594347098,9.478947032452176,77.47409611063925,125.15488355180389,65.33274311582505,20.87593594276415,48.2029221290446,-70.48954130976216,-86.05506045386684,-46.55527900928792,-27.333182061157125,-31.889874885078505,15.740657902923218,-46.0043577321783,-21.672688291687397,10.76056243564698,-65.62133205674866,-40.96441033846948,99.50171099146583,-10.741313385871528,-30.503310084915622,-58.383534563429365,30.070793252220515,77.17387266960743,9.018675010650387,-13.317692375931637,42.09021292121819,13.908012660316812,-15.62447769741775,19.41812246668264,-38.05910456705337,-7.662501116016476,-79.26903439291121,17.842536462448688,29.56044912669756,17.936832093770704,31.10050801470448,0.1522584544839462,26.955972324794182,25.333190777187074,-16.17271659006229,-16.80226500909888,-44.33751578319196,-8.057070196176669,-10.608899649208078,19.52068371352994,46.35201978505226,7.1165706688127415,8.537108056756146,6.67796049286892,2.5543248711301922,7.122156298551645,-36.88574503372272,-10.245687503810487,29.772254785168034
-11.21186868031005,-17.51285611107826,-6.6539208401921135,-26.172181031820774,-44.0738383976262,-30.18681369678266,15.975083287564075,0.08140273906876878,33.285935126415445,29.943912099942978,47.19928623215986,-9.548744435384593,57.35820058096915,14.5015299266471,-35.18040366934161,-34.588131287926586,13.366863459895344,-45.58299044353797,-32.194534997447235,20.809270662733184,8.841305178626735,21.033592997402067,-23.071214373595716,27.717159830529777,-35.48259043912701,12.146511434757693,-29.877230811097036,-3.3426980047114214,21.152813822018487,-4.316540260879804,24.671370362516186,22.41774978203445,-29.56866376155992,3.884084902270786,-16.049759546010314,-9.099876069247808,-0.8369609496581536,48.45678642125678,-7.784766167774704,-3.0058647849909628,-11.484950660563978,9.69522378310707,15.905135111477914,-9.163742685871956,-36.15763196154786,4.152810504113918,16.709408447176738,0.7003300883578302,22.59404605858041,14.568096339776341,-26.58410749631154,30.692777826995577,-7.935024737838988,-15.806345803949148,-51.203928120737345,-17.05407570575422,10.759072821561894,19.3690714827105,11.651992095378933,4.398082169119816,11.934236644287846,-0.4628742104769855,-9.302829749501704,17.70595138469804
-57.630329234136504,-17.97058551537345,5.044105306956794,35.90986465842066,1.4304845362101164,-0.6264187173942727,23.39154009452653,-45.50305332008213,-1.2445546405458685,39.08170294548176,-1.4921212678104991,18.24194085170137,-0.2533883093673671,-20.88057375573672,-6.639229872027443,13.379468536942449,-3.2849042164417432,1.9771843879340687,9.104281614620222,32.48277456757569,11.088458254854094,3.4247210194761966,-8.250278093378409,-8.285410169173643,7.360742440423837,1.8763232484218946,11.86106474993868,-10.702925434584198,-12.658423508685798,-6.268887251134396,15.739996185782026,0.38633461496490856,-38.07326571715535,9.640278793065201,-6.289262369422774,-3.7574195992567576,-30.96876152578018,2.908827248097714,-19.05039113996731,-21.04832059951773,4.5385181361007145,0.19849875886794038,-23.635005145324648,-6.074085494969909,-26.551903028755472,9.675578492606132,13.44423728844711,12.220167524767799,-23.476846466743346,-5.123092071030939,14.98346810850008,9.299954659838251,21.70200803795456,-6.041045448046808,23.860631760461334,17.511868900092267,3.4638971132248533,49.978363154014666,3.8386795323984337,10.167228367439073,-28.896839258441336,-13.78356083116937,-10.146775818068917,-21.44961139466147
-56.926433615728286,-9.244511007958454,-36.55257369835471,-12.529703290096178,-1.892820416660335,6.68384121536537,7.2836823495589575,4.466571867125469,1.1726514329614603,-3.545930569805287,-12.261414484095212,-6.918742213693115,-2.0942760167704133,8.48965252300832,-23.082008867982,-6.053934629004903,20.88279146656673,23.059649370511924,-34.19219517986971,-13.962377699610059,17.66672723500339,-23.61521934909748,-7.494761788689913,-6.099468108979387,-28.38280719278373,-7.370287700467135,3.512434957724726,-11.77196197330063,-41.468775246120096,-17.963136966969273,11.492528044162114,-27.92441905869145,35.02585556905074,22.243710403269322,-19.01317443430252,-19.41435607302826,-0.3246898980518014,3.9284229251820113,10.135492751615962,14.70765751388582,16.17954235213798,-1.0662490582547735,11.887606900949496,16.436495388533974,-16.064666189464642,-8.34375690701464,-31.246712494933284,5.094256305110515,-5.537092976048327,26.088362994437617,1.7400848716188588,13.212911173085715,16.76026817080335,-21.776387544247886,21.602060195914305,6.334643604282499,23.206474340340307,-3.4496412962573664,19.22659581762012,12.517836136060351,4.963043402974468,-3.8042484777595127,-16.976746090768035,9.312283234778082
-34.77166078212163,-1.9906375509261078,-24.300881773183942,5.076361140208087,-44.98571485808799,-8.541786958594567,23.329589079838545,13.578895399294392,-44.210477613374366,-18.501167766211662,32.8472569078474,17.589443003615017,4.268029004804986,-32.67871034026967,7.071811403902902,-20.50664635179795,-23.20635558652701,-7.359278699052345,-1.2124207256081903,2.1499226611245326,22.74054809308539,17.161029812252416,8.974052678254582,12.213117700113507,36.29755775295635,22.612337562314167,18.132423273602942,-5.3831865381245025,-35.68052161499806,-32.306246715723155,-47.065448020972106,-6.933903236089822,-18.362262970005286,-15.585484226983198,8.576848688678549,31.52202701340334,4.027602388090227,10.459358420819626,-26.694513576227433,11.262979530023092,0.48420657663951966,-49.6258701872794,20.325082532727095,-19.001795455782364,-56.12835930425799,-8.518761106547416,-1.3936769966477873,-33.35814958095308,17.344809821757252,-14.48677780488537,-6.918861116900089,6.370745485374292,6.707669189867828,-3.5225051776078704,8.044584496994824,-5.346035624065669,10.549122317224391,-21.60322774688894,-2.6080818566315345,-23.58018939283893,-3.7739717618673976,37.5195470775547,-2.7887497135761734,19.65341276843088
-61.4397526871713,-19.911438519187257,-23.125611288001362,9.814673824882973,-12.182734617708466,-9.27608090902381,-4.473642870640194,-1.113194405657332,-2.2832880337405843,4.061654955592771,-3.373614211493605,-11.800756593005117,6.205563857184626,-0.7473669235017537,-12.963993888524794,22.515673658706095,7.902505648117655,2.962999037416073,6.282877985100537,-7.463697097419008,8.419340420346623,-14.722465270752176,2.9043792784802296,1.1900625289812843,11.720178526712411,14.572231346104363,6.0621704606021405,3.809006443146066,19.621117809806066,8.93335728507589,-20.11842124871076,4.1407475189445355,2.2570426454096713,10.121286813750253,-11.801870650968677,2.280650702400112,-3.9787872709328016,0.06723681213806083,-0.8617691605972085,9.270554836713686,12.255261974312996,-5.084229139932073,-5.06340355588599,-3.8093948194023706,-5.733581739575328,-1.608438638987274,-2.903285001738954,-5.295036367677599,4.258592495941157,6.866435857701119,-27.320328170681666,2.4644108802340763,-9.325525593149173,-19.311492515134628,-11.221842154311624,-2.6021108317384822,2.288281485284346,-13.682369082184541,19.350906944611456,1.6177955866691136,8.067357850359436,7.353143491121713,12.62414358465355,7.662718234129142
179.38143798897883,-181.88665668406105,128.3765257739428,-135.8232712744502,69.46783527128919,-18.41774020412757,102.39050720685557,190.4676576942095,-79.0632999635523,35.494678227544306,-46.85854101788062,-5.419470045660047,-40.55600327117649,36.54145532039489,4.359916769372261,-3.1330387763417145,34.86306910023224,-99.98515088054575,60.81961287790828,99.07818152614233,-31.975335099563914,-9.725089647795127,16.339016843013482,-36.632205027955784,-24.192360500459326,48.272776125388376,5.172738426228044,-56.11744598658123,19.196122635180647,-19.267122670859496,-46.75899198412266,45.53717217215598,30.059741706484935,15.518589687531644,-54.36812605821945,-5.678488892437787,13.657875823827013,-54.93321928154564,34.227533752786634,-43.1469559553099,-26.74575914026762,35.54226979760878,58.66176358217876,19.52461481042955,-15.767080598252885,-38.14570908786694,-60.43545107981459,48.146612835096995,-30.322468441683725,-33.13146910637455,18.943346300501613,34.596962449355146,-9.507022560326059,46.13124696631462,22.047296865185665,12.469274558260267,-15.429554736938702,-19.67112901595529,27.504700288145195,43.527608064988804,-14.543826255335595,34.83340535223409,-20.466618367196503,-20.001409107286307
-40.6671224464894,15.829278504580854,-36.38634298973775,23.971254887114664,23.712619624293378,-27.128505081885702,3.6818345605998126,6.01898361160427,18.26001994007973,19.26925039148298,25.6045666967663,46.31250368534518,-2.2518251823308577,-42.71955715067062,20.011031858691524,21.107277216370537,6.173617358896422,8.930436501011505,-4.485184023175158,46.27699774460445,37.86737975254912,26.99380660432251,5.352518648162597,-23.915553149557187,-8.314804022620622,-4.878648842078762,-2.2991620813786477,-0.39320564887773496,1.7471744438849979,3.680341631557495,-1.4291942060997833,-7.602859925822448,-20.029436975045638,-12.559485001115974,-6.457101699568615,-17.556585741214693,-19.720851003372683,8.038192718272617,-35.06180442316468,14.662263800321426,1.011601928419341,-15.043021641462776,-42.63934373085938,-8.643692542324057,-22.620289776646693,-17.06243925682152,-3.7425318707671362,6.720155872628287,-22.743858420519867,-27.55916001001027,3.7704803673736937,46.8421221520964,29.75405272265307,-7.674256457966376,4.052935646795818,18.843512945452513,-5.751580408772904,34.34392777006236,4.045151605590803,-2.535031473373217,-28.53669519168325,-13.739263397656197,-7.783381825600899,-8.024568670200491
-48.375672811618976,-3.817038085650768,10.95179904565887,28.485884258494615,10.790583258476778,-15.801405930733555,1.6517705301312886,0.6555035799822105,-30.14865418863302,18.251609129759494,-16.876234372148357,51.47222078139921,55.382925434539885,14.390501561307332,26.402977239876208,-22.70399073630363,-1.4131906847163294,-5.549338488659018,5.73502211642887,17.299250140063325,-21.757511352160023,4.401490982354541,-4.329880362528007,-3.8838580555679805,-10.898942151337375,-31.538038881412266,-10.503097784236482,31.65702170138815,-19.14289233446787,-17.185386519518282,-20.16678875336033,-16.7216360836295,10.476642574311334,23.37429980022856,13.662491122274211,12.375628002923873,-30.5358894058674,-8.178827806231224,3.107012035511031,5.717337725855616,2.839148113182543,-35.06584058240221,-14.199785603199407,-6.488289286983908,12.306069286358083,-7.5097300926566755,23.12591946899563,3.972264202405764,27.893841745895077,-2.4656555184125173,17.379369418045535,-2.8336507741196932,1.5053557734214185,20.251084544106742,8.30893827683033,28.564746529300436,5.370768782995047,30.813836396904357,-2.2790545336879076,-16.722678302489747,30.491873220582917,-5.703056263182401,-16.903790724235872,27.647266386643075
0.29923647624445876,155.54725705076964,-34.83376304321364,107.81887596889644,146.78517226866722,-66.73240058798142,27.122643228012297,20.02337461198129,30.836817450439963,27.852362969066018,79.33932783126646,49.45049287443663,17.480586276838356,-66.12032172593071,71.19617542531992,43.09180351204013,25.59948752165442,37.51034098140711,4.586705170222436,81.39238034730303,73.35264290044962,41.55837119674946,-23.43963463843585,-22.260868122266324,-24.642470673031063,-17.472989330218507,30.431011323999034,-5.13573938228708,-11.426332030982492,28.44903130480033,-6.978247221368327,-23.220102310360538,-23.035399515895538,-15.641748888305445,-17.07078515848272,-8.290411518136239,-16.9644190423752,-11.090571402418053,-4.18640977278417,11.917407191046188,-11.664940423489771,-25.480475304390694,-10.394196315174156,-14.56288450970968,-66.98124790653895,-19.544553397795305,-12.560874316383462,16.108263601135448,8.996977432271963,-4.97811104247909,19.4829887652205,0.40950165960045615,20.752768425105828,-32.73750746431249,-6.01223866147126,-1.0595703103577723,30.84183795292071,8.567007705245546,23.558295341022088,21.020701732278948,-34.86062818191575,-18.457748632795756,-17.448222636127042,-20.552022511123834
-68.62758498013908,-22.090203180655774,-34.017490805741645,7.816245366862174,-16.007126369656905,-19.2093223143827,-15.01494560809671,-5.648914696825802,0.5792212552605145,-4.093461095480804,12.740270246465737,-22.60621654287289,7.138628551614024,12.734145428791953,28.37406790138282,-5.2159353324820055,-25.979409782992636,9.764213853156605,-0.08336767753158322,12.593443739297657,11.467211245337603,19.23992146078476,24.84401633619044,17.13225055864834,14.42064384203084,4.18245655765561,-24.219979612157243,-7.154656100766598,2.1565537917976987,17.12559799145804,25.70350310483369,-22.328062547782665,2.733948049621875,23.067648059060957,8.799994730584027,-6.368596017033337,4.749516649217296,-21.03293322697764,-1.790567880768451,-5.342839555725873,2.268686776347714,4.5665212176603855,13.184490094155084,4.540761783716602,-3.4167882336284277,-0.8669158697561234,-2.3841998260011574,5.279866349061225,-0.25672897380623205,-2.4326302464511413,6.164405818458861,-2.141379047751759,0.5873903252995921,6.680682485091488,-1.666405649730147,9.839377145068458,-14.790615195154864,5.722621299825427,6.573349705917447,-10.470872687042709,-12.520084588322376,-2.594485549901254,-5.624432842661663,-3.7948560973517034
11.845770125389645,-37.044356911349595,-15.10063803076976,10.430774684316095,-4.558655084235704,-8.301246940865763,-13.586652943746975,-4.937835292768003,32.95627351668616,-10.953279302953922,8.353819098365022,-30.986175860894196,16.470988730070072,15.718844128285937,12.193913360086656,-18.870811714893446,7.511632611898135,25.97967811706968,48.147262333647035,24.490047424624017,-32.59113377146101,-11.616763089442333,8.705002065599475,-72.12884737810447,5.35538153704039,24.43308370701602,-28.334957888100334,22.61555554915838,-18.806854333670046,10.094140914436169,-20.361325776390405,-6.341714274129375,6.508911629174569,-9.876188891806343,-34.0956972079719,9.668863175516643,-10.783835354015634,12.83734913609109,-14.968709096828443,13.684460951696842,2.0900551681626354,-3.5425952671667105,17.373749321180572,-1.1661434167327978,39.2175869668101,9.942715417700612,-11.74202786778534,10.864288316168874,2.1384826383093065,3.11704596929443,-23.460509900838026,39.944334972011546,37.16792809255591,19.760235587023622,-6.1868451106463445,-24.004198872732267,6.267943449972714,0.7753394627137153,21.656379496779863,5.416811179508712,2.397556052400459,5.62008239267202,-8.933438291921835,16.338671439200258
244.02829675067505,-149.2279966872127,16.932931278248166,15.468108832855698,-2.95163219513634,-119.62582514836997,-32.5300739285815,27.92829427559532,44.696569329881626,15.107596283176175,-36.52571873163015,66.586785186258,-135.90570041020197,-55.97196076488165,-4.4631949630296015,-56.592761590128106,-29.45658214020812,-19.62227096533736,-15.204293724629508,4.912599359193025,-11.003165682315261,-24.77397560370345,-52.301446232288924,97.08557103767315,29.17427955122048,28.716776093039787,-6.345532971287604,23.686732266813895,-15.071144505514718,-11.780791084721752,14.828290404717206,-37.58206663280524,-23.029504525385573,10.8319188278147,-38.82396227585172,40.72863941674649,16.32524900843225,-24.97922109774304,33.67564365708536,39.782011874034566,12.316610612737112,47.904472512431354,3.500507836982557,39.32756354348331,12.495943302762925,39.74405314679051,-16.825769793715544,19.918966994586704,8.174520703083106,5.580951405519266,-72.15707266963189,15.142189021697874,20.50611672034465,-22.638474984582498,0.5771396811685432,4.580868518784534,-12.111679835635622,34.483004370183345,34.15758516756427,-13.228342955033298,66.74552397152544,-22.323451085802784,-13.964997772792508,-7.207942658700111
-37.48958704617095,-66.78304318651348,88.28123455393046,-50.13390281890188,60.24190446482736,-59.19263038342587,1.3518355269248394,-7.1834222789638975,21.110686547043947,-10.622617277615726,-5.199108989238422,8.794578991703194,172.2066515700834,90.73277461965897,-5.752665679035058,84.67583831957445,-64.95883467791674,-108.27563190408597,-57.65662430057793,-0.737733935965801,29.41742992763762,13.205393444357654,-26.58129545338402,12.811088881606773,26.8916558780894,-33.799848485740945,-45.278384910128935,18.09262626369064,-77.03240790786872,-23.415406533999107,-62.62594067575488,-17.65504158759923,92.20761977834876,-6.730602146536744,-10.87825134556566,-31.803526609493943,-16.98979773819623,13.606930936935823,9.777261023501534,0.6725131819894772,36.808871490928546,-24.164030734303125,8.8613618749259,29.15431793448769,-21.985455138241456,44.552514234895476,29.396371827992294,16.272037682548515,1.1884602120852643,-33.65458107663111,6.8933501466892055,-33.90246148467124,23.958890752447356,37.3329763015776,58.672328735535864,19.628483815560916,26.11056063906146,-24.335759051196515,14.827345047920263,39.39352348578517,-1.8325076452194726,-25.581704307744754,-36.57486148077022,-10.415731157962218
-53.34242780076463,-20.019711736214283,-23.090296055580588,17.195875749419624,-17.195374202417348,-18.2931921739117,-13.420333148264842,-3.063259860235792,-1.971687756374094,-3.339758263168669,-20.074613479857636,4.904632108071734,1.9878231967331863,-12.726051035290366,-19.038484963654415,-18.916835057798572,19.606158460541515,-23.089723869506752,-8.033617535860309,1.6945464705755608,25.89454839581758,-7.006686377949102,3.888534778549956,17.867711467490818,1.4377970891879879,23.78600113960625,4.205810252159453,-8.222404015830337,3.318984302920886,52.74306579494967,-20.408816126142828,-1.036332781016976,1.6396391068209648,-43.26854372099302,38.92328387075938,-1.7886273184815797,-28.430252886294504,-15.864319476913092,7.908306932012445,15.029010759482858,2.9183604323281696,-5.050083588189032,-7.644784711547187,-7.954365287141593,7.144789233964752,36.03380040962514,-41.57113491994445,1.1402909110117914,-0.7880897096473115,32.60090957037278,19.119716219554178,19.07211168509397,-13.19585457951601,3.4536306359695605,40.193909397977514,5.983515503386067,-14.02511915910777,4.785665643106637,-3.1153859687413803,8.383002029214323,-6.877423022960152,-11.139825861914593,-13.799468004486455,2.916855180020102
-50.15653058620817,83.85271291642094,132.84747173284276,-66.65507700687546,-169.30759039534973,8.994514318114847,1.601856388172276,-94.58025361418439,56.570268317633236,-85.46797220495236,-2.7132012553348277,62.68407835931959,-78.72759125373243,57.07742001151116,56.87432424371001,14.067271891074297,0.012944839358277213,-69.01254531471612,-24.08775256880463,-29.70373908282043,52.47573108162768,37.821715979424916,3.2823864837656305,-58.792328552334475,-35.92562901538448,-15.847314208638393,-34.943014366108976,14.598262943793447,-6.515757170215281,-10.712300171054011,-58.06753781565077,-19.362451309850115,-51.015595109044504,-9.601879539916052,-22.062660908089466,56.50809977393674,-2.6217064167870414,36.1695214605102,-16.306505623404323,-19.422624958354834,53.271148816194234,-41.185257139935906,2.393940295856541,2.982288803856648,21.900671353407265,-27.15810694311737,24.23553476432117,27.000161355894527,37.662945666311586,-29.483097276102683,2.8886489775285025,29.770218991556046,13.40155724593407,6.512628227965381,4.582668905917084,14.433352209292044,3.1217700698514803,-8.184547386657304,21.40767651957674,16.672507879323373,-13.194721878976518,43.81915294092402,10.804591575360277,-20.617540363011525
-48.957605142785106,-6.988807558396303,14.65970947376554,-7.246483109082535,-61.381879348111944,19.79428712608382,-39.20365946664766,-30.511376725611303,-6.365669931972465,-45.85534963316239,16.108656402364925,24.07993712696946,-46.02324285584926,11.923219574181914,29.093260136026448,32.76861906045679,25.970246902214882,-14.70970607647441,0.22355294714342178,10.768020699663769,16.285037622157272,-0.7511751156474515,14.953521150248383,-17.598274298708343,-22.845294109597987,4.762424019210718,-11.7344363741744,3.3841931029749164,-9.223924294200101,0.7307628486093624,-8.93875997887374,0.6642254885456154,-18.413101464755545,-3.825773809424457,-29.909410928716618,4.129785034265844,6.471474386029944,-9.89934946752934,8.486398323024936,-1.9944130333042753,20.87765231529333,-25.290290365410925,1.5294428254610446,-22.665014487872575,14.590636208921001,-10.755312978358647,-5.160198807357963,33.28492386977085,-12.735615723299947,-1.4482056072925413,-14.339000397104126,-7.812786688678855,1.7917364490146201,6.899461889442416,-11.23526495638258,-2.8534107993823605,26.894748494555436,-18.073106355040814,4.975489754422284,18.970843322155385,-5.682921837286007,-12.985889266620207,23.202882682233955,0.5635672182655206
-26.249782758772927,-13.319573658017061,-24.960069581604714,4.8526555711562525,-10.561850163597358,0.5651216972963155,0.5197341598995716,-0.943102395271376,-18.877898964056225,-11.801546262725699,7.814076225885433,-15.071796594448235,20.41945972114602,-10.994164076142253,7.923221442956856,57.469658998649464,-21.556356092526894,43.70138324746339,-36.5091056949924,-19.762348217966316,1.4677399292880888,-38.13802596520413,-30.8195487355896,2.530755284312099,-36.31374473141726,40.76817167161249,5.465942856329561,-8.121938274930217,28.75814653343602,5.620365113584388,-54.965960233619114,-35.24309441976465,-5.121426190185789,12.522787578106739,32.144714986247656,-8.657260935111772,-10.495692626210394,21.3785087957859,-15.417065418018803,-29.532107101891544,-18.44148456377735,25.189549798447786,3.3213729571916364,-4.990655002560378,7.979414319311001,9.946014017680055,35.98575911303483,-30.177360063145517,5.4390389685852085,-2.278484683273571,-32.3803795642827,-31.960076258239894,14.040639598392747,-5.975588825419877,11.596045163182673,-19.811275687426924,-33.193222205109464,6.22393854262729,-19.237625447765343,-2.3084219080565833,1.9417329765870348,4.5527995662220695,-28.036888840951843,19.06676129978719
59.77910577147773,-114.2728519409258,41.52698556768641,37.46221059589673,-30.680330454064464,9.698022225557207,26.05436349065696,-36.95983084254115,60.71880469593478,-1.2802644507666074,34.0986477058206,-106.03489358196173,16.96447117404051,-19.24434674593045,-13.564157020402993,-59.14957557167903,52.576730060683005,5.201138349805953,0.7496251115932163,13.508081319582518,72.06774913432999,-108.11615062826415,4.279239618763055,-96.4856025176317,6.243540285793596,-66.45794440746347,63.084867396327205,21.925569460056636,52.7242920038815,64.97570918720187,71.10740782659263,-41.80226469207509,38.99257941886084,12.418637012523183,66.12706139622837,-8.397440518210333,96.16632219215289,21.992213802064317,-41.73701397414311,38.49622449867433,12.514780573653693,-22.856553156253693,-15.222815718301568,-21.466123827184877,-39.481105415145215,22.602709041925102,9.39991211845633,9.645067311748347,-6.623977399297391,-45.83435255906626,0.5571321850871266,-31.641697592528224,-37.968737167369554,3.6304087231672852,40.685704224627464,-9.466073460521484,17.12374040323544,32.02452221632442,26.92880461723511,4.1798428264861185,24.664907993813344,5.105854790997255,-25.911131988713233,-9.58397120263426
-49.80936410582015,-18.749737279475312,19.07172036056951,1.0859003096637627,1.5722962217101821,-7.740434555676376,-30.070189631135204,45.36638962742234,12.346282060364144,26.145550368186548,-8.329311523264012,0.8132104503946923,-26.64291066663539,44.904904106402306,5.252263526171956,-15.792792800257342,-31.24709273191418,31.12650607166023,0.8159281592192922,-54.84907147763734,-17.141819879501142,-3.33887778223349,21.148781017225883,-16.735359550333644,-3.0582648557138907,-13.87742646105084,10.093704935390804,2.3633439391753366,4.937360178475724,5.358936802593923,-23.932277047083314,-17.721298032359627,-54.093519569606755,-9.601729756085408,-3.5764973886870397,-27.499569232034975,11.175459763349124,3.431244544325408,7.415948943872099,-3.873188128952687,2.5125514332819847,-11.012912368289355,-0.47742197535330966,-2.319093873123587,-1.1731046201674995,-3.1723372018787406,20.988955918125164,-21.505129336816385,10.248695425173398,-1.83338560231002,1.014280454961228,17.15669210549255,-35.77062437397727,-18.78755730014341,0.41929737858743704,17.53672910299286,19.820619608626124,-7.77589565428082,0.20197432997417358,33.636650012638626,-8.190726307136693,-0.9439071014126922,4.747026610591204,21.584479671859487
-62.520470042746815,-25.55432145398018,-6.790577071747514,38.34480679720534,-27.561799690379964,10.046381878587407,20.32070504250155,18.133965741010336,-32.22063046449495,-12.411800721995217,-26.872580781403705,39.697159223471644,26.548907658915414,-8.200628646637737,7.028043743306994,-27.52857404986477,-20.219309091660957,-1.4987649806971495,-9.869769413363535,11.262524126489437,-38.1155448003871,4.676511087248015,-20.88487671371718,-12.581567603623046,-3.685115025367856,-0.15314260762895587,-14.15132250094176,3.1888612680893544,6.509737774595203,2.097510946784671,9.029066183609302,9.277977181626147,13.073577426840835,0.497275616913182,7.280465224777907,-3.011609784165386,17.37684765954362,-10.953782955501495,7.289579332688221,1.9910984842294117,2.149606183784627,19.046586254196075,3.180810723055803,2.890354056742653,-2.519866048010494,-20.551627007279055,-6.947403044874257,1.2531625553659944,-8.492562936962942,-7.856480300473889,8.315414235667086,4.474989611102793,-0.5859971511256412,-1.385391475891634,-14.78383484692727,-10.4377285508055,2.641362268447673,-10.318665854466248,4.139268786934733,2.121579776583226,-6.957750887324446,2.7877112939021136,1.1323054448384988,-16.585100719992646
126.69468593849109,43.15488814885528,-128.14656384560186,-66.37742673114563,63.566210371939114,-64.1531269439936,35.172356228874456,-34.90813749827196,-87.17802381896483,42.53762785955056,-74.00656107957309,26.243175017134934,-74.07974132516753,22.384250056379745,42.35424699574853,-0.6523044372219056,-0.26918721504100557,-46.55340990364277,6.710964610793358,-24.30662520204879,-24.771345623909966,-0.39181162919005524,20.41411537635149,-63.823581229191404,0.5459070787208636,9.701753525032908,-32.77725657619662,38.62028051695063,7.4251051689867476,3.0184401956077345,-6.6632238552792264,19.29128920872847,9.175211477718953,-3.6357773068230412,-11.145418565550655,-41.45340850289506,78.57573025095317,28.445110845942622,26.11139280877408,-9.926119348271714,-27.50544721725425,6.778798975558071,-16.032970039429884,-71.7126023399843,-10.948015153889344,18.53713605022323,-4.475943804381121,22.621591108602306,-4.983945497661117,-23.037015882512257,3.3216398543190686,-22.1538383545033,28.567054261933457,-22.693712820786182,14.66047813048127,-36.18602854285978,11.200400774006205,-15.74630873227707,2.6524862843199384,1.47188419443312,30.58754088303094,-6.716489254536569,-13.175268713610356,-48.17935190897035
118.04737774774608,-6.333979477094164,-89.7652306730112,2.6507941012203964,40.08095903813591,-90.89435711200493,-27.856764334829112,-58.876716595622206,-102.47326065604452,42.20435741006979,-78.62737231117981,70.1055578215877,-66.06761920020864,27.13992978102663,19.657468895302387,25.309174435223955,21.903613609162996,-41.750448281500674,5.898162459250707,-7.492492023839411,-10.968716935308809,17.89662578345899,37.30589438366596,-15.665777597436472,-12.17277577161827,-23.07356117326974,-14.828392137756218,3.5557630276128864,20.527642885816245,-2.9934518123064993,10.073514571913845,-2.5993363811669243,0.0016614565003131847,4.256437364490499,-13.181310118603625,-13.382802228593656,12.824457563676981,18.290340871595323,-8.330813405160267,-1.0935831828021136,-12.840926556910752,19.71880972267479,14.382908303628037,-4.29855621474915,-14.837345647335825,-2.893373564903538,-10.18666090923982,-3.8182394587036415,21.72546955548363,-6.301256558277196,4.433106080628248,-0.4633245816802909,0.6421575187476637,-15.245638511888469,22.605800437984506,-3.504665368957734,-2.755994542158136,-17.30718852702645,26.453954715180167,-7.124777428590309,-3.803201515486393,0.39707845746441567,-26.642483219212902,-1.3621520600612977
265.32395900788003,218.3836203186565,-119.62920442136418,-7.664952240763446,1.7767140691092542,-55.54324495142145,37.1126196442294,12.016154627751236,12.106744491772277,57.1041252023723,49.50469900398823,116.5107073360531,-28.660222000602076,-51.671240960631906,-25.819775193998613,8.127582682059009,-21.039318608748182,-15.122976041158692,50.09617799927598,56.72137696918088,21.122396556521057,39.11623290400236,29.175360852114583,-75.21361787422875,20.688890113640788,23.315845603495866,-25.22811064202069,-21.82388542022615,11.691541732608497,11.707943198470987,-16.383341671076806,-50.398068111644136,-6.976163808615976,-12.033075758965916,5.249993059403371,-36.26356328854429,-59.926202500468634,60.39651612460995,-38.53549531043185,-12.67237892213195,-3.9224858683259645,-42.802015353033184,-36.50123431656639,2.265044719872593,2.096865703961157,-2.4667046918249733,-9.539769119273195,-26.274561781234002,-9.687267210620742,34.51131896782356,11.52779255755534,13.677557987992701,13.425848884045308,0.13810805406165044,-10.853035150908834,-6.03066107434754,7.416066691972177,32.07857648495884,-4.052338564896308,10.734445039640967,-35.309770362233415,-8.188890374895381,-14.974816880412703,-24.380862061591
-66.1197104392715,-22.25478458249149,-17.773912941914205,18.69512803378298,-13.976701349768994,-8.847311843187962,4.253341301022102,-3.306432162324516,-6.554452416482246,2.648616951473852,-15.186740252528683,-0.2695999757613351,22.596690307619486,2.4007156491120005,-7.360713681968544,5.723469960104197,0.4652371971335987,-20.191451613231877,5.186434478792532,2.333993593338406,10.689259159340278,-6.48880072904578,-2.086405204813261,10.857047864466459,17.90961193060123,0.37774228055785036,-13.922527160671411,2.028534923194737,-5.521586039924627,5.3956301423604005,-22.75234295689314,-6.618611377778571,23.642382839734605,0.0767054472209825,-6.7101453977852135,-4.704407503090421,-11.285113343509376,-13.96975676444558,-14.348252671816141,-1.1200838963048516,22.550581868321775,9.817625419975448,-4.8632858671921095,1.1457127819402804,-22.061813307170382,7.184174145295153,25.210321285524504,2.397522074927165,16.38610948537432,-19.790291691594604,-2.4819972440665112,1.1233894541126122,-8.308902886050886,25.821135345034623,26.515117964485842,5.862246327471415,8.590520228135546,-24.73055695620327,-15.48073355289072,3.3524990456460877,15.471801428945561,-9.95506009083019,-2.3841841570157243,-17.940867578045452
-60.20458161945349,-23.812679430851663,1.8696188773632505,-12.189527789092047,4.849062464961795,-28.677917583311654,-9.250419336679292,15.164460505433496,4.286287203376622,7.578728516523854,-8.079414770041701,7.231227978352602,15.570571753381618,17.413296693494573,-4.984208187556632,29.629779536531775,4.037087375850526,1.6543833902343905,8.295371817894848,6.318727102388683,4.157946379973375,-2.9836883285458042,1.8627464303997012,5.276146174416058,6.5547629205765015,-16.596485126814276,-9.027778471331192,2.568938233633499,-28.857586617841452,1.023859372100065,-5.85595541116592,-0.8901887231847444,-13.188093497237938,-12.033992090368743,13.284588745052021,2.4632875836763017,4.647235740316013,12.179603975498898,-33.31222236965335,3.289432235630158,-15.088104043383025,9.636338780428336,-15.159278950220575,-14.718701640620436,2.3571316939643356,-5.6212816095038605,-6.835135284063447,-10.502192349660689,6.896512651723937,11.213677356696863,22.661915884574885,-17.818551610747235,5.38815761366086,12.210091939540915,-8.217096052328511,2.883002285475742,-12.99518633081192,-10.632503146028169,33.39749181739641,-4.275492106796015,9.362976415563654,30.670713407199823,14.773384417986177,-37.08332197082731
-62.053385370692695,-27.03699392731587,12.87730688664135,-15.94284307931236,-2.65646704470095,-33.267708630942934,-17.90819498573959,24.82626539185142,7.51007049733728,37.76465585441891,-31.018130769865518,1.108687835945587,-12.233224225927572,-1.5645915696515762,23.172842634624423,-8.121658108457055,-25.649825237699055,17.75241470187648,-8.898169705038272,-21.155104347881007,25.959565426115283,-3.4689573939081644,-2.039459264834724,-12.887297054557257,6.5639839164959435,-21.81125161240422,-12.56818615399004,-4.389186944146976,-14.597000978061294,-0.45802461335716943,-12.083677793508665,-0.6966261000175472,-22.54335721945419,-10.312291231164947,-8.325995013216357,4.365734941728012,4.749125463098662,3.794039234628717,2.0009674567712645,-2.7876670464111304,2.446767379537173,-11.93433074305307,-0.412514373440571,0.839922044767763,-5.531938991050509,9.647030390060973,20.016692336070545,-14.104007795508727,-10.261278701393644,23.562814542546654,8.82949994959807,-2.500293303912239,-2.775855828269364,15.3462924217823,15.161790144895958,-16.493632058046966,20.715456145630153,1.6275221981703314,1.1542081179879056,15.803722538284157,4.98127285567755,2.1508318346458384,-10.10718339667497,6.196993310008716
-1.5953187035054157,157.25675013175822,-35.62362365515379,112.40400718357222,41.186826431777476,6.154081558045854,-49.93517952119463,54.94180704967542,-3.773570398657877,25.847711395595383,-32.912230946703794,18.847862852089662,107.6551341578418,-6.733361860932269,82.22734689720023,-7.842598736483902,107.30706433317424,29.632623320578343,25.412130590272664,5.79438335563393,-17.933631688617776,37.23813152364149,-29.972414479547965,24.28663669125651,-38.889634893971824,6.369607163892099,-7.134829659255715,-29.61334453044696,-7.869777230234704,-7.76624266521652,-23.970172798356703,0.1577655957742317,-17.27201882351248,6.956636604327856,-19.38491234913589,14.684971562186684,62.45236648030541,-33.19486559033659,21.384872811741296,19.69708886056582,45.61304932585283,15.848581783184505,-17.47790086522375,-49.848542136147366,-38.96427750919828,0.4642572820374116,4.455624962543743,9.58634913214718,-19.826572669973025,-17.903292298317606,-5.800825134961604,5.132657591077773,-10.092730911108115,-17.093572602708665,-14.435470755480837,-30.89071844565728,-1.170965985701968,9.903660868758699,23.36932889653299,22.368898727814052,-26.33386682805442,-18.085946735715186,4.91652611803459,-13.765337171211085
-74.95914344508493,-65.17452004187227,77.65307196649644,110.7286499895712,-7.562762946011375,64.63230175321029,132.09432242123108,-151.89743604036198,-10.92717829893829,114.67628820355094,-39.35570185346478,-25.48998582217984,-5.05943615024604,32.622231166704935,-32.81446649196696,43.946284945471334,0.8143010658102261,-9.578701200620365,13.849096598295468,28.759547704154546,27.48810241916344,-13.249439598526534,10.8104703573233,32.054300314731904,19.148967911627928,19.430189947058803,66.00362321795349,-12.358330357792845,26.802812445292655,-44.51531194148504,-36.58833008107362,16.815458051619775,-35.5595870472666,36.761277085297145,-3.302388981427842,-15.182524324006259,-7.608488565984654,6.772283783000267,-15.637313545462545,-47.828770496497086,-14.801411839949507,13.980407165501166,20.114411442431113,-10.269367774623024,28.51380993030519,8.874357420693578,14.044164634255287,-21.888594622668556,-55.39847130932496,9.532747408548936,1.5974957158156649,-1.3287767707707705,48.84607477946828,-14.381896261763165,-18.436228870607767,-10.722236952105565,-4.964881359437083,-17.675307677955136,38.5753370492517,11.027084993736738,4.300592811756988,-7.707633432617081,-13.157710578583675,12.98006244795576
-13.081382046709411,4.706515553460444,-23.107649700525425,27.734194641177226,-8.15129086846671,20.07524962129964,-31.455747832455355,20.944214185917744,-45.780902540825714,-8.551098878692358,24.892285161340364,-23.173520562541988,0.7335132623558228,4.115032710093372,18.56103110513915,76.17928785455194,-13.569511763457662,54.92113650836054,-56.06721602074335,-27.007517130426876,21.73876343647137,-22.200698507909294,-51.28106072962843,-4.579985297181163,-62.73518530555718,51.25910495033125,0.8507369565112474,6.034174886808037,23.926357884927484,9.394301391343188,-30.73324761548973,-7.3215285728903154,3.34003763939234,-29.97665195716159,21.93103601587873,-6.093972573526939,16.345680092140743,-1.5731111759153904,-12.6432158754592,-3.8548100958997353,-21.472999344379218,-9.468930298734756,23.74760356317592,10.153704748249067,21.682482148518748,6.2872174587167375,23.518099723330444,-45.615742499422694,-4.962260812005132,11.581232638706382,-32.13307621452411,-4.8119636549306195,18.16696070324341,30.276303997401232,9.253961600307065,4.325339202496423,-50.36019710279016,-0.32578865217928465,-12.09204254012257,-9.978863744720169,-6.710966805858861,-7.999835454332022,-40.30150638894541,6.313863471635087
37.93227330021022,-48.608144703703886,-13.43960390518181,7.353578135753498,-13.888386535301223,2.120729378047237,-60.60790718978198,-10.33620275133662,-30.358663517669388,-13.601503547139016,-11.888649893372824,-0.480422261751738,-20.71038428372121,-6.899824566650085,6.448257381214319,24.341920692305077,18.633890463992724,-2.722474785359751,-1.4220350322380975,15.26257194107628,-9.395432273807145,-11.013157259918772,12.169233874204066,-12.621190244716484,5.775324420350893,13.08050558192039,-12.901949799393059,-1.5418503016989795,-13.910964131300316,8.757448483496594,-18.36236464155778,8.622781890450868,-5.406007212538896,-1.9333869958776497,-4.965712093594409,-11.080864965904047,-18.1896987117501,-9.451141623289063,0.986973468003673,-10.415267030671156,-17.94080889349267,1.5879291719202058,14.231875522043369,14.937859274918038,-10.764111930470056,-1.009441865127132,-34.35302388191487,-11.976590189297529,-1.8939542677858325,-13.299748528735249,0.08200571219968374,7.448825267353987,24.635110422165056,-6.438392815432527,-20.83929128990468,-22.445950604049255,6.14573318955266,11.73390993304498,-9.176059733748877,6.199986220140875,1.673686066580065,-1.3192627873198481,10.954733375837735,3.7092043535883548
-67.44859696269062,-11.663550478029,-2.7069688084230563,-7.443818544912951,15.35179242540887,-19.302401545627404,-21.209717505469246,-15.33115481714865,-5.965806764340605,-25.42593819545743,17.996559060092892,5.2391541864801585,15.306680740440441,-24.22384142024058,-1.9980252326858963,1.6464303848974962,-3.6357752098409124,-8.3332405141843,12.004866879756541,7.44763384007127,-27.84085577863282,-24.31821422241724,-1.9387479107609182,9.480764137515749,0.9218390420892353,-2.413723784258144,0.9486122921964758,-10.289978200657808,6.732084511415711,10.28523624274368,6.751784521779028,-13.538809570996323,-10.4003067048512,-4.971999876542292,-0.303595540883031,-7.332804026596098,-4.331413975314861,6.615902188614513,-12.20777597226324,-29.86591205058222,22.3307338743609,20.713390967997242,-17.391360392022364,-2.078271039191009,8.187638653871904,12.107605906553113,-12.249563809898389,-23.118608913921314,5.983169804057362,0.2765619411900114,11.845405894764724,-7.715270683644671,9.447381739647039,-16.071842797818974,6.702502331379708,-15.916717890865502,19.263193990884382,-7.4900930414384606,-5.759792906679596,-13.627785004592019,-9.379408212402982,30.64820849358563,-14.665939104074234,16.892425268296446
24.71554804982791,198.93347591482996,13.425623473687702,109.21538312352338,79.05113909001807,111.0117306033555,-83.23619495025177,71.61885200615687,37.59608757579189,3.3936216634207077,23.936704519364604,76.87004183221342,-25.265870540006755,84.00656249703604,-49.435746523619976,-1.1500181487224912,-44.984668720289946,-6.785206486866409,-10.919091533986888,-37.74235519407847,30.85473398677697,-8.325875533096166,37.92249160769009,22.09660979738571,11.892566176937233,16.42371296213439,-0.2623908798765577,-38.953156468908205,1.3188701456953398,12.508130049008354,4.099389176131717,-5.406275087292724,36.76465263823149,24.241429761229703,4.004782294786347,5.623997429689192,-0.2741087264699182,11.378362644358925,-9.71306987896297,-4.522970414760245,1.6171474285330323,-45.42170692430732,19.71082002245278,-5.059329214647826,-3.551026218715142,-43.198634237384375,23.08129753637821,20.76621575288227,8.064825233223912,12.172885748201987,37.329835894732994,-40.88196191304313,-25.20938168478615,-26.778274124405723,3.902986288848229,-54.323439653043394,-2.9976269179627097,-42.098823235904895,-13.020941864532675,-9.328369074870693,14.486997817738276,13.01498074136006,5.851446708991609,-24.255148484277942
281.50847399551134,99.33898387525821,-108.9459129064609,-82.80272419124032,-107.26750423178139,19.24705084386772,70.02557746223859,8.29721538827276,-73.98833496637204,-19.44414715916591,80.92470877640763,11.260855343324536,31.256530092610966,-78.98776914530907,35.81365063334032,16.279459837118896,-51.621935286359395,28.270543156773318,-22.743491022450005,-36.57674018565987,56.52769563560046,9.31781567868605,9.928774490356,24.827296791748893,37.91886811939006,36.55031078856229,-12.708068775637164,-34.58002180488635,-43.32531260776447,-60.744046834880486,-56.44139576286708,15.879073037673876,6.542766662528891,-33.299544643878754,21.079459647103842,23.29001684272602,-9.512326506486055,5.620657691357875,-13.178407625147958,16.494833416502424,-14.873253257331637,-19.03972011186816,9.15061753821635,1.6964509526960974,-13.42700048573719,9.189412573380215,-20.83537481927748,-60.711295419713,19.33138714484223,-55.43297967550106,41.97534891355046,-22.57666647810627,-18.774136978025147,-5.885466295148305,4.259852659132921,-34.49509526125854,5.712395797932644,5.989846181987036,-11.091671195036286,13.139590117414718,-5.673961467919125,53.560463948768245,12.263888536582456,9.263511911703937
-48.155333550959966,-15.772455869266064,-36.084658990972514,19.336793623953945,13.141040057732958,26.82456773550133,-21.098288791474513,21.295133771911992,71.29850427081475,17.63068067809557,24.400603681869324,64.61462182163865,-21.656744356779495,-25.582908452489427,-21.234555012078406,15.25138495449898,-18.712324505842847,-19.88855165557308,-6.142929654941007,10.565418748987003,11.908806166120423,16.332582359110575,-3.303763753852619,-5.8951968393863705,25.225795066105125,14.12538307344671,5.193592330728144,10.708083121469674,14.821513781186473,-4.755065717735465,26.940810682602066,-21.920081007220695,12.103652257947786,18.776060075056805,-22.522433065838026,-3.603320586839247,-4.672589641343508,3.452932959029998,14.613327867009163,-0.6576054704845481,-24.780645805820136,-7.108577065205773,16.11427487812084,16.480613313144257,20.086972906931155,12.293845754005698,21.720690158989512,-24.976974313147355,20.394212883070132,-13.442515620122473,-11.730687590128035,-6.984537992887672,-22.077794163505146,3.8921452441679083,3.4737615626743157,-17.917398758842175,-1.2035900011137324,-32.30621201324748,15.809330894864171,5.165091530248162,-3.963115174544121,-18.319351362965246,-18.9110569034275,-26.693763380370672
150.70007290886167,-39.22141348211148,-25.94724760540852,0.6723725055401762,-78.83825571883199,-41.943084713211334,60.77821193798045,22.238552563776373,37.56823023791951,-65.24810242274222,-6.945294460284538,-17.65895348694915,26.189979733151695,-94.74779711120048,-52.65223054705365,-5.0657085392194094,-61.66717100376846,72.47286081878183,-12.765331292898555,3.6672592972620874,-0.484089935287962,-30.99341458366104,21.03394051217787,-3.4553589960248736,-15.340462502808068,-68.11127970132202,39.42582569823376,-39.4625765667581,16.625166918515536,-95.3031639865804,41.451313154650386,14.952381945745202,38.60129561735328,-17.892027895364784,-4.804771977848603,-36.45053079034023,7.324539829487546,-54.29600368320282,7.354937109988021,-29.97490717741014,32.89979297257465,4.740488034387978,-44.01321632897143,-21.41702618531665,17.838089491121515,-21.522329838642808,9.158220896973583,12.226878449603163,42.105727325259195,-3.22795497487491,32.70639858956024,11.683519489774726,1.1492547202694199,22.69484360323243,17.176353685988953,26.997099119109382,-14.891613255084927,-9.546249691499028,20.84331943733948,-15.57841085873819,16.60840790691731,-20.344971089374482,13.253630476851162,16.50228101069036
-62.74419534064226,-22.220716809077945,-22.882521419465693,8.352049703685568,-10.261919888551525,-15.164181970646714,-2.7941258411295045,2.4087764265764995,4.868896376102571,-3.5683872350740065,8.321374689167506,-1.5158102276432792,2.0358137355611787,-10.027958597886919,-9.104989103041584,-0.6060740078636758,10.739992139538787,-5.14290910625258,11.496949254129007,-20.92732502976713,-6.6069797293200265,0.40592258881979537,20.83181645008806,-7.693069594891987,-4.341828386383291,1.325903088654859,-14.07240854827635,1.6668586051645315,-2.465187876818034,14.22707687906278,-12.626278632358813,0.6362367571655552,-4.589730657187966,-8.343510725027961,4.373459240584457,15.664829447928328,12.749873960962045,-11.559188139942536,9.553216093008498,-11.752034343218249,-1.4280472049563406,15.22075080882546,-3.3587608432584948,11.231179896809582,-8.566644683197286,-6.9429734326320975,6.582968836828271,-10.977814462672596,-2.6706368477986966,-4.684283798363068,0.6137181349866524,11.300033739840224,-2.677961493794969,-5.76317726492683,-3.9466290873170657,-5.343516075713992,-3.06889167460914,-14.973821562361783,3.878132128232334,3.970878137095195,-2.0987375924824665,-8.10260114499351,4.900069064198771,1.0303528662844985
-63.326970511011915,7.29245567596561,-1.3304689332289519,3.547331355960555,-36.053686767123864,-1.3901316482634671,-17.800955038572862,-28.654798270533302,14.767725789609392,-39.27986228956699,12.07726404674244,4.277232142415847,-35.093899087927404,32.47535289995841,17.969508311489776,-0.21257906204980398,-2.8667731288251233,-18.887170006767057,-27.824264077164607,22.143820325646406,18.201338992586667,-0.3744710289164056,62.9702768296242,-10.63275952317756,-4.6438745954040295,5.531654647415074,8.728636915810458,8.072314318016465,2.292714600643359,-24.26497205970794,-0.4131942669775908,-12.775887174159488,-8.820778238041202,9.684073613819962,-1.9796031105329772,0.1806917786527788,22.004137439864305,9.191526947724117,31.456101980274124,-5.392055451139383,23.689303667292627,-8.883637916095287,40.084805988125794,-26.811130136619063,30.193283121433403,-33.780566950937484,-12.296751522713315,5.961912626131315,-0.7064205844065046,5.37054363444709,3.093816303751825,-41.665952276529296,-8.172946288193478,7.00314446783837,-0.1471958886416728,-12.027749338181794,-8.775396526110594,-9.626419239295592,0.048429948384413925,7.197688567824007,-8.294766011204889,-10.792748302560794,-23.965219650287956,2.3622379756927114
-20.809754576120323,-23.43588296352763,-7.783582303543709,15.232909512749252,-7.631397348543925,-25.242380824084506,-13.39169325758625,-27.798651769256114,40.75324892352691,-26.139812217585312,30.870100233277448,9.179168824484028,-11.055532270382248,25.716950415859976,-22.472149336191936,-46.39456738718397,-27.363490160131064,-14.225301494588772,17.1537078168332,4.287627357672768,2.454488240789997,3.1504521741371256,-24.63768336323567,85.9156171779177,-35.829234783517656,11.635760164667952,4.74782812378963,1.040371555338945,-7.2058068915339835,7.807312551570012,-30.809194219604812,22.921038849171747,-23.59276326398972,-10.10510444596682,-28.216733823043054,-27.25583069028172,35.995944133872534,-14.59577667814757,-8.0986040995359,45.69629109398791,-34.371490670136986,16.13279212593898,-25.79547801801985,19.094221884143877,-8.881854029561676,12.324824988343869,4.902109397748107,-8.40508036085038,17.691917243468218,12.638223127909539,-26.043808713736038,29.512519457382343,-7.432288297592942,-15.21704196175342,-16.86907738372099,-22.691304054485418,-9.208108750149874,24.278076356718152,-5.2858471060375365,4.0816755245947185,32.679832076629324,-8.171365048590536,-37.9194138458632,-8.393586666864412
57.96811150944596,112.22370062698884,36.93235041728491,69.19532821091519,-4.537428048432891,92.39620114960206,-90.07196191920168,54.158242662825174,17.393906266462132,32.31797748211133,-41.57026382686939,39.641150405761955,123.9616418175652,-13.374717601529575,85.6401386074943,-56.80622161364002,106.57985119601194,2.21013612083961,37.43406713275756,39.9518521723345,-78.01798916749419,-11.272103493608325,10.946845532535908,34.131801211366934,30.004704910542085,-16.918993430119993,4.233150444394754,-5.25365422411036,14.043860351188233,-20.35654574125096,-12.588691784946176,-35.11605835483014,-6.6024602504191,13.800345937510054,10.07973128739891,-4.644698984612,33.362831170738474,-6.505685987989383,-2.4632659241390256,-35.29417733726016,-13.150260646207638,12.59220843026008,0.7473974752788684,-17.39022448432914,46.58267183879491,-3.523272319322875,-16.55309658040322,9.841966237842044,34.344718395298045,12.112419720063878,-25.22975103257558,-2.422421311337153,-17.008962012039202,-24.01615550408041,-22.03170194840185,38.724781933870005,14.814434179813526,-1.110210180076588,2.091100327235365,34.470549583191755,18.003153232475686,14.36630951903526,-12.783889902696911,27.220579359059986
-63.764757712747745,-14.740280985957167,-10.930230993306905,-12.720874670589417,19.8284963774618,-10.59419581383848,-21.211575052447206,-12.42039424295566,-12.055129162232637,-18.536575830101313,14.029658659021312,-2.1644089454629265,20.036825336479414,-23.94459570557475,-4.352674216869086,-7.908405518570063,-5.817795534374472,-6.518305704489151,13.3234448500488,4.333488099516666,-34.2881181832105,-23.45266753250773,-3.5857310320700115,14.04388694364861,-11.40690544324339,-8.473408842214049,26.644141088187318,-37.41403860808905,9.464728012801736,17.289428438482446,29.595787517904498,-23.124005183441437,-21.90348702847547,-24.05267947392225,-12.822337883674205,24.345512581414248,-12.767299838947238,6.283950919640017,-26.862273673830064,-16.074534377205097,21.14077818905049,-11.868128291011358,-4.043812466961665,4.42208387984192,1.4505890664736756,19.665595316596423,-15.568914389728763,3.242385677869995,-10.823449035167286,-15.929778236323923,0.9364343837029575,-6.583430572217284,15.271571878855479,25.44153283172272,-15.662797943001951,-16.490960065994265,8.450932563649996,-10.19875014447823,-29.61441063689366,6.193306719786128,13.752525207422545,-14.454536636566246,-2.5170048237225484,-22.25076124128677
-17.341086335394042,-71.2436987422202,-75.56515913701116,10.658621053598083,72.67897340976114,75.91137709990409,23.10351078612255,14.058303210115215,170.77859358723643,38.5370864571911,93.63214155959145,126.93969545253914,-21.81901773387736,-89.75732032629739,-38.945986868384765,47.35926462928843,-6.368516030588388,-15.035756522191107,13.374734433428397,-5.605006019685841,-47.06422366843646,80.80837201881639,40.0860670361501,-20.26327780908839,5.8089098452955055,-14.368756110259874,-41.03170694658174,60.36147739542491,47.473296052268324,20.67070703379626,9.45047099323244,-39.98327005821866,-44.19201693538887,-15.524417228519223,5.542269075834502,43.95678793535423,-36.403618162153194,9.483029562576045,39.242079764853756,44.63091770992362,4.196303886700902,-14.596114190180105,-20.77918046081979,32.93239388155442,-4.551033701434693,-25.089091793883725,25.744535644435622,-17.838892219226647,17.329526421761642,41.6056470913367,-46.41449924470036,-21.554578444262088,16.511999521412417,27.671839057679314,35.602426575665795,-57.24572748779839,-16.819689881529726,-2.808422602462197,44.89510001983546,11.801140005001244,21.40026089097037,-20.78123038987672,-29.375656549628303,-11.112633003957612
-55.414588739746264,-24.87223860839074,-57.13752294836932,-25.023595751028836,14.512027522077997,51.31435454035518,13.830094171993288,-3.315799028412312,23.67812839276378,23.909185087800882,11.651059727441389,31.334810292518423,-16.3046172606967,-19.791354957414313,22.78595630938542,1.6383586130202294,-13.707480242683651,-18.804776989974865,0.12429508230210833,21.51357689628439,-28.121717437831297,7.667681120820832,-7.877727994798109,1.589251577785793,0.6494104262188722,-26.62298123524883,-0.34144325883704957,34.966775632002566,12.189663714280965,16.21443462146646,-6.411952004120209,-6.054784820975469,-21.57649255802706,-45.1163479153085,2.762976987958236,8.218365916603027,2.997122976527598,-11.589766011711873,24.815750334074085,27.492968443870915,8.926158075709903,0.9962103543223793,-19.813624923290273,9.410266271887417,-3.1626729608437363,-23.3354661266308,12.59256745943603,2.296229169946256,-15.636036971624822,16.288079023708402,-15.474668448444504,-25.307686826654226,5.488455440954412,40.40608310553746,21.306144432851198,-25.73891553793158,-3.233045337805444,-21.668034903872385,18.25695209366856,-21.90537477931729,4.9422064715028675,-7.784350421951022,16.630525356004995,16.055038808315444
125.50974822703813,-90.48246497582174,-57.43611295900887,-157.51926692210353,98.21638847817695,63.251597385772136,-78.9637535806047,-64.9333922078354,-107.12693113931593,-56.09315972343191,19.580510048055217,1.118284215175303,41.617954600286936,15.476211090336449,-21.28912495618108,5.7072477672034285,-2.512097236684794,-3.2094949846757808,-7.041915123600065,-13.511465397226027,-21.514755428984934,91.59051914407294,-17.043958540103553,-15.978709079575289,52.46668697018164,27.791905800190445,63.36262266424698,-45.95552607398541,40.01371835884706,7.400560155864821,20.215694809529836,7.074592822629566,-5.773459011826314,-23.383631069240483,-2.412556872140206,45.7522693052504,10.49401268316982,-52.82608922131419,-39.31501120834197,40.58126258196974,-6.138764195136108,-5.908081162621859,5.264815634530183,-12.507192390938567,29.22460051235589,5.64688246219995,7.830354066229329,3.344853280764073,-42.360041452186586,-4.818127347764987,19.786758151477663,7.365993615877019,-20.92083643008144,-1.6791870563338642,-11.7538156416435,5.505330446502001,18.906681284701996,-4.457755895993006,-37.345938396738525,-3.2678187488521924,-20.711393601740063,5.672488565879815,-1.7257541494572395,0.3101606119620094
178.79231414479392,-134.432809291741,3.7291566322439094,15.982743325260552,-24.437043270402757,-12.233523623165036,7.756330298060746,-55.023644872309355,87.40984590620795,-24.320027842588374,27.070162005887887,-49.89272333529024,35.439653788244435,-22.01162940670428,-29.720785524241364,-42.92051444680298,-17.006060743929176,25.619337287632284,12.803919675812942,18.54530905714676,43.40200061671456,9.92357359378109,-10.968684721895233,-11.225162051252049,-6.435612543911723,-31.297045875758293,24.382848136799968,-52.28795347708634,22.45626044451978,-108.77186169225058,17.992825109814262,40.63576203047287,12.774257438837651,-17.10499976576717,27.302971197924677,-3.5184822793885404,20.49485435796522,-52.1795309391304,-9.18191212808887,2.4754313346155565,38.16451497228344,5.457159696262536,-23.53501431974576,-30.765569819957832,8.727830315686745,-29.8264782201252,4.483685699449125,19.566077517828056,0.6977100193489898,20.369413040035315,36.76345473918382,-22.29738956325771,-38.69267726425382,1.5121953674565676,6.698070942905849,6.519180791121394,0.9833937047072957,-14.670427107080677,19.106049236255547,-17.193841198499403,24.223860303764518,-3.451675106863935,-14.01082339520787,10.157876385106874
227.9837952125103,-174.43097689069964,84.85908953521985,24.368847472574302,71.20867174307216,27.45740725407223,61.13914278989123,-49.59048377404502,64.33421334005831,6.112814683392426,111.34577158426801,-47.59926707754627,-20.391934120025027,-10.665726302591466,-42.36292094821893,-49.97314455993896,73.89361315288983,-36.720348242823135,7.8176610696161895,-106.11869082304688,-94.19309420118725,52.376535378230116,85.28511180632236,-22.50974912942074,-42.01440020033612,14.439138102409828,-33.83156834114101,-39.40215525513029,-57.1228455733461,14.153237614012873,-40.10821299151615,-14.5125872833792,29.20235056374278,-31.008837534445632,5.957238204793599,-35.18471282215737,7.819941227314727,-45.94119175829721,-31.26472072588538,-10.624854548284343,-28.15810264736918,-3.652656448929611,9.815298444839042,24.859248101926752,29.006296296892113,-13.413884701114238,44.402344618966644,3.506097737586136,8.631491244168943,-13.984191984537652,10.020738211628455,0.10568264756167385,-16.280026615070025,-16.44512524143397,-32.75391735137511,-16.18116975907027,-10.47254095391163,4.6594509684185175,12.145851489617806,14.257605464468023,-12.100538390961058,-9.738760731475363,25.43689629662811,-1.55793740035195
-6.37097415525178,-55.40637102426883,-12.500048464276281,0.5489534305865107,-0.2970558283863658,-7.767666878910025,-7.93070213595286,-19.963106241539034,43.582351304291834,-15.725714595695107,14.55323988898713,-25.628612647382496,47.8702941914021,8.9146012339472,-23.01129733387589,-21.872588859681347,-1.7816293264999077,-13.973725445527808,-11.801287241345893,-10.425506046503923,18.832800722202084,41.14119791286546,-26.849643577037074,-13.573692846567626,-26.983987444037773,-24.67603696510889,6.147030439128862,-38.6536988401381,41.76814636733582,-44.56515957288181,8.320667948238457,24.532283482573398,-19.593472750493326,-13.333275878973673,-0.26869983566420097,6.9302502629922405,-6.678968226195405,-24.890240000312833,22.29243360113813,-4.3293131335844866,12.46038130897546,-13.741299851095206,14.097355136781907,-7.2245973382897475,15.011695577372402,9.300302797271321,-5.839979309440882,8.602459686476173,-18.4314029187732,37.65798682152151,10.831157215146911,-11.758237847592124,-21.41022679902935,-15.591921923966112,14.512363948667499,-20.8790216272117,-7.92676597838282,12.141685598415574,-1.9368804977505423,10.725422720450803,15.843326159331562,22.71152270754483,0.9718865930754436,-24.03693703087003
-39.67546048077673,-32.67907833762217,8.611712954869635,-17.227142585181486,-2.9679443683139617,-27.76027820780614,9.229495992211232,5.8208660467658495,12.793102348206043,-4.7782954385383585,3.716840870880296,9.455729768544433,52.03856180134629,57.90500554058088,-8.232334394649762,57.35587707877319,-4.504870556176942,-47.38668497388086,-16.442098154110013,20.354555952035845,9.9867693767657,13.696978718590223,-6.541039178199816,-6.07857616756592,-9.440394783842015,-19.347713991542545,11.618675696663706,5.971464588536761,-56.516977118294044,-0.5609834794130877,-19.709056366406433,-10.048636832657113,16.752693030242423,-1.6843826615363071,-19.880866409129247,2.5651318387758457,23.460106797605295,-4.787717890776682,9.226234564743901,-7.859184160848876,-33.768755372713706,-2.082652052421821,-26.22978903551948,-10.1885813914282,2.354945278143906,9.774903085324192,-21.16637289293037,-5.2421891003773435,-9.593783299002013,14.356146464242535,-18.98996470480377,-5.371985873854895,16.4190711066158,1.953484032241357,-2.042885229075599,7.923112165139841,-3.754371130885217,1.669575059212473,-1.808145821779099,-10.023075130241635,-5.224220871342504,0.32616585160871664,-20.230708356145282,-9.308336086806088
11.647220708557875,-70.54458304550306,29.56414012008027,88.73953069612278,26.93174253909533,-37.44342111214361,156.15556702073815,172.61589899434975,-65.4154718146211,-96.95936298837275,15.529228438867829,-50.23443262408039,-39.86955396008575,-33.37750522963721,77.38349455482074,9.207325862721518,7.800046672448184,-38.17387032568242,-10.779627758889136,-1.0200365886743206,21.798567007278496,31.33500244068663,-62.75943780639385,34.89525192731365,14.792822732715889,-17.542295864504958,46.97524776455437,0.29403823300743936,12.373279203860166,-35.75725837925827,21.601429633404223,-18.28867998812793,-6.009800912415334,43.73548416263092,-81.78707493728076,-8.763143170267703,-62.28144906840002,19.353323520891045,8.657456234300708,-11.784419536132708,-1.0660773073555387,-6.921800671158524,5.377954793075953,-3.498907150615032,10.654771005216867,-20.666465031622288,13.153564345206613,-14.007529347118536,20.616339755088248,-13.963875146027407,-43.03390258808463,-41.88596097134614,1.5013795292395689,-20.86967001429286,28.077303201928114,-35.39988510598654,-31.60244012113756,12.363513626054159,-4.81049522174806,22.86322762269653,33.73167474634301,9.654987492786269,14.489989052787204,44.746586190173595
260.67694768675904,171.15050578198083,-94.11788896181298,-9.481670874340766,64.63227872368005,-40.964264444374955,67.14454417444315,-17.86683750631788,-0.4043346949417806,19.51355800287511,-21.98789952619756,7.036756810005461,26.943349190553338,7.670293077856634,50.274364867519516,-0.5411997023621686,10.37873149779827,14.561314127015974,37.80886634241937,28.626061143661055,-35.93140833220776,6.449615904870243,10.57966594383131,-92.1728435597173,4.3791996096342105,82.15500907070881,-31.636202593966985,32.3928595545626,16.59653690341503,-19.493340452945453,-24.67818317378728,-58.95191652614561,31.724510973384696,-6.740599346191608,-23.52326449624831,-32.124873556410336,11.059789253571806,38.702354603089574,-9.707656567942623,35.37658923437263,-9.77250512139308,-0.8337078122851559,-45.553443400874585,-21.18994896324596,47.09461537754041,2.648357451121122,1.2807711720752362,18.918443206194972,-11.586184598945426,15.830677831804577,16.215547961672414,6.490559153715048,-6.785862126954944,-11.021361653556859,-2.6480611336193958,-27.34039494985049,-34.85936473783099,30.80463489034974,-65.65827032300075,22.587036336974617,30.7493778906064,21.439360901548593,-0.6445462566063439,-13.7931657942397
-54.376045382556285,37.5645732662795,30.071912336241788,-38.90967423996931,-23.14511450679241,-6.503198685169873,2.5181864044098554,-43.73865219999899,27.172187021231064,-66.78158579510966,13.0049987877926,21.988830957810396,-30.195775240666087,11.468394144335793,8.697982278888523,-4.410789663858096,5.723591125185201,2.4576037652845577,25.108549377518038,2.9658799513282084,-15.278158181520082,5.613458896071755,-45.114608834526805,0.34411125067394893,7.93957839847544,-19.046161055778747,-12.275981431978098,-2.3726403433927086,4.0932650781982245,17.55456816600474,-10.38725330328414,11.631412479447478,19.736944943457576,19.78038392338005,40.943663712405055,15.28450381932047,-11.94028936795102,1.3950252888769483,-21.81542044266874,-10.317943644003632,15.383500205295642,14.534289357203903,24.77539660986932,19.33850804803737,-9.52719934137186,1.0847647475508109,7.163688187680313,-2.5328929142865335,-9.302262171694222,-17.785249149281444,1.6154527723887246,-2.2417777695175647,-11.884154292862856,-2.8759638106187317,2.0643023636834443,20.2504691369344,-28.702532518301325,-18.41245184421939,32.48399422332363,15.301346428141557,-11.778477665511625,-3.358140181300623,-9.528398931447487,-24.83188338824433
-64.51140502023438,-19.523913331000223,-27.014740141498034,7.501679302375947,-13.217393542144022,-18.937358391455554,-11.923811666767621,0.8132404405354023,1.469885065558964,-0.05988849708544085,2.3361601815254343,-5.30017181480482,3.3596597750462682,-3.434411551719164,0.1503024572657064,-1.5330825579138523,6.605343497880389,-0.539310304715173,8.85153700136466,3.7994252261647388,1.6597850587721836,-11.581472319853964,-2.793542307156437,-9.137827276599044,-0.43328354319875606,-14.36531909236912,-1.2965803553149478,-0.6773927074506202,0.8710748614754359,-2.042549470686139,4.558162230522402,4.4606034920130195,1.9579465143814576,7.833066633206534,17.682815618591935,3.361170456124317,4.225451769361617,7.070266540525077,12.79481646327424,25.80148046796354,-7.08818518703059,-8.177689221273384,-0.14591403982213833,13.615114166192607,23.243097689223795,3.1788127299619613,23.589169707182943,4.448928430963887,-7.993787360720905,-8.954308621271514,-2.4452066491258124,19.265166177447806,27.368544521241414,5.4820652078539585,-11.091765579535595,4.1160559925890565,-0.5562489304933643,-15.153930837974817,-19.835117160577138,23.782177004310668,2.934460801141776,24.322430788631646,-6.337139079981538,21.837753057248367
-45.05975945078348,-33.9598466388761,-16.358682926249656,-41.59074940380172,15.213801351529906,47.61784702836287,68.65455374584282,-2.296509698232158,-14.118346391948977,54.686909591887904,-10.425386918981248,-9.671602652020962,-30.391681213469898,20.538029429508843,28.413232855759603,16.77042587209516,9.922677066721812,-18.758398363343048,19.670764582204598,27.279057134059762,-31.62972646531659,-35.55098365162364,15.351872087214359,26.398491572554097,-9.018803215417956,29.964845354629755,18.15929835975333,-36.94700586197165,29.268453065942975,2.15918655619375,-38.59818759934141,19.296982933840575,21.280135144576967,-12.11612366712207,-5.931602537214884,-25.083042512450007,-0.6593106590514498,-19.666159982104904,8.94069366851618,16.282777846171527,41.73180017060265,-2.1000149237584456,20.211479680560423,-0.3072904470620073,11.989318460564744,-12.274131129602209,16.525239407718423,19.395044744027405,-21.564813244827587,4.147123905701173,17.033116414808905,4.889768026085673,-10.36653746775336,7.737507495586223,-5.588034959330962,18.52988122698497,14.51406374726695,26.804658167464783,13.336580397187255,4.346193974178098,5.117090839267901,4.687983516010242,3.3537332253645156,-20.837054306356663
-106.95759059232843,1.1480864730709262,-57.865487569236684,57.07174292999046,-19.083051493089457,-94.00022470417542,-33.552272976723465,-13.930717589568149,20.02301816985209,-17.34391429031144,66.84689249723094,-82.59819405059422,-72.24359873234904,81.47543907801294,26.4693151056949,-64.41251282557681,-48.06974568918343,51.255279032332794,-115.876993671051,124.3915385523213,-55.06439093111561,35.1471165973164,88.36631880780878,60.98876581188132,42.19067350249127,-5.632837041758805,-23.65308798690457,12.646651303111668,7.940223826281997,2.6704969144283757,-14.576812357479794,-1.8956990685688269,21.036401062270016,1.0058542743497907,-26.495044639799275,23.43831167673081,27.190361066708114,-29.663746074050962,-17.39075418218073,41.68534653054537,0.26041732832705167,18.21917618273131,3.786905204049682,-8.60213452001751,21.875989854454236,31.30429533602489,-10.020776721941266,17.23450496975605,3.044987026163993,17.409900158266954,-4.568558027929013,-10.1012460234698,3.6663993879579726,24.839329730592816,1.2372986252442055,14.397280402517588,-42.743637420437075,13.747123192527502,-6.5482752110444595,10.514334537847956,-10.151171699234837,-15.946556218838221,-37.03888531964101,-6.47663383023736
195.12710585295105,229.80555094416988,34.62246851726319,-142.0823852424541,-124.68772947266274,-4.795431638919158,78.12343028768979,17.341208261118993,12.887374563215365,93.96883699182786,96.36760574931344,-18.89191219095115,2.943008264130088,11.216711274644151,10.449459773243055,-26.27242396206406,42.84011016015356,-27.51774481132629,-74.74592603354353,14.432968480452733,6.828977904398573,-28.512335026477906,-19.107240028346215,-10.763489029336261,-44.30919587562064,-56.1029039767298,-32.82427419604228,23.600431848729787,51.15877459296266,-22.3561609922342,25.014778722245747,-26.85482367503599,82.7325028293263,25.06153499221454,26.632547296441984,29.87236641488763,36.82704008917771,-8.203532513576848,-69.06653555014624,3.1608919620259712,7.420914790522386,26.257276874423063,109.8427583790092,-12.685951104447913,-63.73057641712956,-4.212814294689124,-3.013925290897286,14.191527516383374,22.71050165594947,40.333534475763905,-3.4979961853532515,31.021908803382978,15.081162697828763,-8.851735394669289,8.361129596860868,47.65727591228599,19.544404546444824,1.4671904463300935,6.544631867102426,-20.5807091980132,-7.258756909702468,34.68470909269851,20.493809237636793,-22.21038640272084
-0.25952998942171823,-46.39117433518808,12.230977806491005,2.2977030416453763,-31.419165952163954,35.42291132443345,-57.147964965225775,15.840498121816054,0.8851406899171826,-3.374779456469211,15.099462567990523,-41.74872646889322,5.226883791154331,-14.448483766607362,-12.921369828241547,22.27319258515038,6.604085209107901,6.764475550827276,-3.026542957648527,19.86708406973257,1.8694595274364854,-16.458102951051234,-1.6229068609101878,-14.135332206661808,-26.932441490571442,-0.8776367516006277,-23.160155724978075,14.716178667777097,-10.266595682044763,33.38110317767689,-15.700363074447502,18.549800166707733,-0.5813946083104655,31.55117838091228,-47.96700793383702,-8.490930728726577,13.441099791423314,-13.226474233196559,1.1972526391679668,8.44968311683633,-3.1477443851330107,-7.853882468297345,11.934423760181907,-4.010475907473075,6.344165799297091,1.3056306471379389,-1.8337092675001354,14.673657421134035,-1.7594558234782496,7.731252714526679,-21.2992848753911,1.2085925939374758,7.685534719993912,-15.227583769145346,-19.198673143938827,11.608910811649013,3.612786861332434,-3.467514922752424,35.13387892425018,-3.5781691564702527,14.20666505080768,26.382161950780464,2.619667411568046,-19.79340487942661
33.78424572504206,-40.303265641242284,-134.19531006161947,-136.8055146310967,62.05392727877938,202.89208415915576,85.49076765788855,-29.405104703953064,-7.796878711850834,69.60310928908875,-3.409098021088335,-3.949660821671601,-24.41877246025181,11.461148227466445,71.55809920116647,24.425455135052594,-44.402533738821916,-51.623589910824926,13.934053761639708,29.77708002988658,-38.934405825199576,-4.365985400734498,19.36530217452804,18.61855427149624,9.777243902441494,-16.57577920635206,3.894270814384067,-17.524626098320844,58.889461740359586,-37.47613323313231,-19.029249398932414,-26.72840386064987,-29.019910373824704,-48.7079475823078,29.21373635636642,-30.857310292305105,12.574303672228535,-2.6124685923355173,10.432061275226566,13.810108222336961,-2.11874161229652,5.778287733213078,3.2791171268014025,-1.9044368772548976,21.317731844607493,5.952907240856417,1.4556941639049372,6.8369044633182865,-8.0807445971505,6.914571553039728,5.341982452029464,-0.024036432435896173,-19.693200682883372,-2.0218224056684413,7.996430722245556,2.113732815201,34.30109716982202,25.53984770548242,1.8770647223086077,31.090394578548853,-6.465239894486406,14.575078282700408,-23.34596313167339,16.743057281523438
-72.19042484091727,-79.3855977311067,52.061483075166414,50.504081714429844,10.895221139330433,94.4107157976774,176.9129542897504,-129.32941551485237,-16.681353192583845,145.0496226565028,-36.59966346706774,-16.168490137817145,-1.19122478538992,79.0597978674567,-1.138959292205011,76.12258496388607,-5.842980854735918,-1.0703807919116366,69.57901512855793,43.11371222680801,-13.441802417783808,-33.8843247044405,34.813816791901615,51.939353338999354,22.51473614338596,62.37245245139245,34.01989600547719,-15.320230813836028,13.316517601107881,-42.553255817849966,-42.05531221986884,2.0907818619531033,16.93505436773603,11.538154239343582,-24.08845152429824,-34.49302513788991,-5.0178263045784055,-15.317245642581774,-19.714711192551054,6.43096082541037,51.99299934518425,12.386607959622227,30.68773249636978,4.737575346788633,11.995031336143764,13.494925910847684,16.74152362385169,18.489757460156806,-16.739808582302178,-19.036524650515773,20.61306630557905,21.29493277391458,12.800400852537768,34.27651151031908,11.774306006819751,18.788662835110806,26.399994294135055,6.55717233581227,15.599803321126188,-3.5980264495263503,20.18595495325834,-6.886662806770221,-8.032682234549238,-27.19579208069524
-64.79567810234236,1.8549651378729168,7.03385812637544,-6.624043758667606,34.5358804937414,-19.909228353609628,-22.267892339761328,-1.886607105600222,2.1374843621115494,-18.356438654513422,-11.55189316921441,-8.096903161716781,13.281272350092566,-26.60564987773609,-3.551336233225657,-7.11511832238199,-19.57218009087719,-10.1366591726431,-1.3469341212153778,3.656310334970439,-1.714370616067133,-39.855671194526025,18.48298150491294,3.962683667286548,-5.287736503334342,15.657208130251684,0.7625437511889461,-6.2520799509098985,-5.643311271592429,-24.41302826777447,9.576245663706684,6.898911556578621,-35.6774544171913,7.485433714548899,21.02653112833942,3.7203054009974403,-44.409700017834076,16.840147661544385,-3.4084906090566114,26.68458784360209,-43.916569495204456,34.224675207338834,2.4516660834487176,-17.897803019888094,-24.432532496747466,11.784560269346755,8.09163385638963,35.78576702425567,2.2992238561280507,5.60636184152143,6.257563346262435,-45.29294236873653,12.438734512316238,16.98651641404388,-19.506760361297044,6.671722061324659,-15.286686896554093,-7.87442713299727,7.896886986474332,-12.11501566640723,-1.4929322504532876,-7.348466573888966,13.987342901924922,-9.26836544964601
-62.39463481698288,-22.934837872895223,-25.92310106654953,-19.518420881159937,1.9347495775462982,1.8519093757865703,-6.13379272938052,4.575544297387028,-8.789172913132365,4.502079558337792,-14.644553117422111,-1.2736422017476192,-5.633995931090648,6.042034109373089,-13.328793617699732,-24.348581767111703,12.80122287168531,34.36691891194607,-10.165274067403017,-2.8083982228159403,31.600096465894993,-2.7960675635310785,-14.222260409741516,-0.4219804732300054,-15.868685855588222,-18.859180746816293,-5.777743547769406,2.707486218953472,-45.43878005283997,7.857949173939218,13.406464579806558,-18.532273357318054,-9.60944691457254,5.140074790485004,-18.605917520370888,9.832200224110581,-1.418254430396849,-5.911762176342529,-9.08899453183374,-4.882878496864076,2.0325690754373538,-0.8694196492970084,3.7216530544716004,-13.267040182299253,2.8163815061259867,-8.325845914993817,-14.366380751023085,-31.583653891796693,-8.58681679723106,30.65830385703394,5.270473740228128,1.5213833084992079,10.154110982625504,-4.240948396894491,1.5174998222085203,-14.5380012300718,27.012146657723424,-9.673810454172537,-2.681604973571977,24.6639009251719,11.703732958448015,-27.98590542189173,10.927807085514939,18.13019909478207
12.772800531508338,155.41374049119696,-51.13476247213318,129.82656699651352,84.64709936268235,-27.9446094214897,-22.021862691199598,70.23886452380336,-29.013757505105737,0.1341123885737847,50.096975345105484,-39.19561567615496,-18.789253006790762,22.13183682240334,44.621187946985415,84.56498359584765,16.068312430122557,59.02493774366569,-35.26228913812498,-4.439215801489451,55.62948446046885,6.292926090044007,-100.78108507719148,5.7280194885117215,-102.2699321174519,35.98542376356489,22.35137604630843,-3.4198371017315807,34.995740423640186,38.2741278481553,-51.559614103270015,7.824520750021784,-28.468860607217028,-39.3826415048899,52.443420289199466,-4.417674083867616,20.130652322525243,-40.732252946410526,-41.2153352194718,-19.85271941438831,17.192062108786526,-3.1831642763488412,31.74351619072506,-4.9623901830619435,5.654315288971286,-32.67255977342698,5.146942436556875,10.724137003783422,25.05263127576404,5.524209784498595,-2.997708233600257,2.523381792437114,29.935362879889542,16.204590951014755,0.9127742569781657,-31.427453817814367,-0.9690572684101644,-17.720443271180105,-27.824422606491364,-10.413289884594525,-8.923067540282783,-22.32095261112883,-48.99623118573433,6.770210387807785
86.22390405116496,23.14787969959202,108.42340148820657,40.531104752213395,-81.11671385009176,154.96420634460603,-168.24674484743784,36.35160910652849,-76.69813025958192,3.716843620064805,25.989991105787503,1.273630533599939,-46.556544887280154,-12.240231019031079,-2.6297332294369857,60.88522719041101,9.214137287177875,25.783574008948346,-20.50554356891168,-11.301655208146737,39.81129746428666,-6.981646861450034,14.413041557442709,7.302922607987787,9.426136919380752,-10.01661710554948,-49.95418264413809,-40.114576613438146,-15.630263431389134,-25.687711317256515,-28.408969001591423,4.357706600233706,-9.768927346914293,-30.09315594153497,-10.097073063172685,6.330343591067106,1.2589833788284952,9.833728291025144,-8.399233135732384,24.082011145779642,18.381269239620558,-5.37057338126362,3.5232144418042597,11.874478184556542,9.564274101549266,27.72033169963536,-13.157108479728732,29.867002478763155,15.281104319911696,15.06888824851893,8.16715028697225,-0.13180901059649872,8.93679405531035,11.203884148254211,-0.893348926537828,2.0959459368389877,-9.876621823513686,9.449030395073594,-13.939266922191049,-0.7251758907901225,-12.6742656847265,6.938625484826545,-21.76580531218906,-20.211249345691602
-37.819760052866556,22.947271292088722,23.118825370555925,-32.25283723457376,-32.85134336117496,-11.385287931777727,-10.962579137860462,56.9403866256915,47.4896932475006,51.715975826236225,-24.58581856616507,18.786423774964227,-11.316116772374178,13.026805138696425,16.906827012374226,-43.190485263219664,4.4700083811041464,21.31102552237533,-13.420832059487333,-60.73546837651588,6.533617523731692,7.11718174717812,31.79788387757921,6.540842915720828,29.74543170232801,1.2760581137443658,37.18478424253782,6.930712543740774,-8.80050718101907,-6.36517197327245,14.88896484853123,-5.304582683839424,34.12383361409295,-31.414634901631782,29.507994179019754,-9.990176869532835,0.902196249949307,26.116089850901297,-25.392476293199675,-18.669524059520114,18.54415218046384,8.877004580104863,56.92093576187152,-3.8274813616106913,-20.12039351459929,-21.755218965294926,26.812678998498413,18.486041974575663,-18.022410917600556,-6.820237139417187,-9.81064143766988,-17.348579366636628,-1.3606642433387914,-20.137076113284852,-16.570046120398974,-33.51954270603225,25.460960275317877,2.222432900116192,-2.9421864870637284,5.292709374413022,-1.0245904247889384,13.89514891807319,-33.0055433153365,5.43480358754964
67.87582498526041,-91.95773912178406,-18.52285164802332,-72.16825314033731,48.04704923853238,-28.362638466569912,-50.78052132824796,-5.637473379005733,-69.85628288548455,18.023435296322468,-48.02452736923261,3.9794177646864557,-11.503858022603211,42.574794276476794,-20.222827165761068,13.75932256442475,28.989198610076244,-17.450016254889547,14.567577354493055,9.910678373417284,-24.212010245449598,122.19403111518861,38.486578388037564,-91.0391780298919,-8.32921343920824,24.988846947155963,75.85361110595065,-98.65979930742009,3.9852128610489213,36.41667774684236,1.491629531574547,7.884936544587022,4.729748825790437,-2.685847676631513,11.574285160346884,5.141423397491706,71.40524862303026,27.32579576113261,-76.17511366530945,6.699569248695688,-43.83962264224015,30.329316817852163,-32.18089282127748,30.282528444552316,9.294432891446833,-43.933666363868866,53.630212482648965,-11.644850574980964,29.575847249625234,-28.86611110466259,28.86074330478004,-41.81165647401615,2.1404466239013415,-14.569355924949035,18.707857125708053,9.487443332290187,9.140687863057853,14.397554857027577,18.683768819528858,26.102786040470424,29.07284348832517,7.122397827364414,5.970115273895373,37.575489300433965
-43.94522349758928,25.868017385708765,-14.277898414906913,-8.121195797201263,6.620840617499933,-32.75712040415402,5.529308877268971,2.665526997600497,0.22669299199254922,30.59865836568254,45.897475815357204,14.458840335593386,38.959554267282506,-8.383939155944713,38.033173638701776,-14.764936353090995,33.74809961436523,-7.459684632708306,-20.276098747809296,7.724405830455178,27.147964589247596,-21.196845583304,-15.568851417970192,5.884454861241779,-62.07546306048162,11.39922203644842,43.9607845913369,58.1998349717449,24.13377643632096,-6.870772149725369,29.685247834786775,28.06218171200979,-13.937932356124731,-11.041966727668093,24.315194533756774,2.74289675639099,-24.660692061388648,-11.4710139472289,-32.27870507625969,10.101119800374146,2.0461139011237255,15.009127410254987,9.466560932787292,26.12127028737077,-21.471350191383262,-25.9984531338931,21.719019802598968,-9.51825410913431,28.849221495559203,-32.71515775572426,15.491071487650256,20.037946824425926,-12.517838673230155,-25.695022268735208,-13.060805838018693,17.29374259855751,-51.07596992028038,-4.48968116485365,-1.6106521903329047,-12.31961880166985,-29.37073615157536,-18.432326334507643,12.268004843639247,-26.59854939833322
-50.74010953394202,116.66533245995218,153.01634837372413,-54.48810407545148,170.1776503753355,0.07776235439099789,-61.98353440998188,-75.89413154798949,5.69110684391547,-128.60533922420163,24.721042887857497,8.433324817004847,65.90686008790412,-64.5803727961471,-2.4434849640656884,-13.388314339265554,18.6902576616613,-25.518256195496086,22.075205319834005,6.704559477128706,-73.56177753230328,-29.7472886070297,-9.199624748451031,30.883734713224143,-19.64771907429309,3.110914991980343,-15.832518569449212,-0.6442852178305555,32.11025225457553,-34.702461238318634,6.1156533177542824,-53.07546787196668,-17.64882951461015,7.37728301249277,-10.063146438613895,-19.053419614083726,-18.626045594444665,15.724633850626454,-50.10579120413533,-5.219841215887048,5.199830025699471,18.288832057300944,-12.778350991883427,-24.100342566930536,-10.678285598775402,25.72935469091109,7.944522069665891,-5.01583613666657,-24.433114642320128,37.163588696011914,-19.986579714333104,20.687968758745765,-6.077412356871443,-25.675524371341172,0.04081527647077998,-12.411164084281944,8.003833831195525,-2.9854975251890865,-6.967842024109416,16.00029441543811,6.918051490553033,21.33509820359452,-13.541436914039993,-12.29097889680721
52.00173328965542,-59.485784736597935,25.70483664680082,98.88097389820217,-11.022120302304758,51.812654902111866,49.960741999258346,17.382545714693155,12.190570189629454,-111.66641642249112,-127.98456530338527,-33.73963003448997,71.19708899556599,-54.98280077253952,-78.40144854820294,-102.21631606019804,8.5183167356355,-78.77255653637219,-44.15223721515411,21.640679818983003,108.68715982295087,-33.494625978855616,96.52505585416999,-15.351871226508264,-5.120559702919359,21.51589962928565,-8.019486797445104,22.863141310059685,-6.613607154451488,118.88787736254213,-33.250635619912444,5.422498231810802,32.67205909921678,-63.973889574361976,40.360842315690704,-12.184686475406764,-39.48513491099532,-19.88401983159753,-17.02233875497894,41.68249158176924,5.792139835806728,-27.005204112365504,-9.752671680335764,-18.892735225716333,2.271438772497575,52.26268712806567,-12.810536404929012,-8.822782697730597,19.154079211623454,32.50269457835802,34.157009518824346,0.1876126424394822,-34.297093652211814,27.677309799022613,59.97833537498875,-5.129717429462201,4.010513491574567,15.231959435884217,-6.038497901539636,-10.707909973475061,-0.19904746077801097,-22.923407102935833,-13.279005467348972,7.749931382406624
-35.66496982013246,-19.84725677367818,-37.5663422577211,-8.133179070142035,-10.169171751603365,-0.11360831387483708,3.9439402563706385,-1.9509590694865129,-3.38408032731521,-4.6396767801288235,20.932035890784064,-10.544861024455692,35.847251361221595,-10.714408815752883,18.38831792764526,19.620274165520172,-10.064049681542208,24.359238227091993,-16.794458524064776,-58.43655768763045,-10.92386786278313,-3.439583339600144,27.22214874190602,-18.256698915610304,1.3189241558046851,28.565281808263396,28.48254087198854,0.9216316625912867,-3.979146234916705,13.616158932108586,-28.004144342281005,23.411737800369284,18.298002461524206,40.05148422862315,-12.574216188215821,52.72211977222903,-6.868829514971234,17.491814396122543,-9.553122767166753,21.788820115500428,-1.1679812964758514,-2.346837449313966,-15.121599345196238,-2.7884639545595116,5.119260667420137,-1.841353943303596,-18.54817804810292,-21.71772660517897,-11.76882798150638,12.261072907076299,0.999746563948505,0.359649302247865,-15.807149023376297,-11.139207679886638,-10.793288115035761,-7.7355437058248135,9.16027153450424,6.4625345359604625,-8.815015185076872,6.847083419407694,-1.9354843530773047,-5.145549071637486,0.4092691109549099,-6.087947413610278
91.44563113326753,-47.47615002617136,40.436070254419725,53.72518378369994,-92.67044646556596,-2.7522824100563423,163.29900392785166,166.04632839229126,-113.52481675821942,-80.55726577075866,53.986447767088954,35.69835205754919,-24.26209435212545,-98.53695577034863,-8.590507585310966,-45.59758432110195,-29.80690268641676,-8.71690820946521,26.799286218489417,10.165048923252744,2.4999334468197474,22.828058305110943,-2.1133700142005725,20.13533489290301,31.760601211791524,-14.712728743345357,-34.79677609708785,-39.41748281827543,-26.14659780120164,5.346645945337269,-6.145398387191307,21.07590803290373,19.029896999982604,-43.02919297102304,22.392906171032276,36.76111107867168,8.840632048691923,4.687538330545555,-39.68928754005258,0.499115399322005,-32.92473812389706,-21.338310895709004,56.437420396837666,-6.054677697682257,48.51565830321159,67.36596633546237,2.693235849284966,9.338313811835217,-23.88340155232125,20.75250364542831,-17.94499489202607,4.628976110364457,23.357882495880293,-33.887308124261864,0.5898303079139519,24.20464928110608,19.314137659183412,-2.075206256548567,3.495568231257328,-30.30184981487971,-36.4089508831188,-41.39160232439384,28.254119350905313,29.729000455761025
-58.986765233319495,-27.432031363219085,12.678122613006709,-20.633955995681127,-3.927442179420422,-30.449769103202062,-16.190084308010217,28.541722874366354,7.740148717911938,22.567965832047385,-34.807151911984214,8.904731603480283,-14.75384341548176,3.060603137420732,19.8100074465543,-9.00760798289466,-14.104197584079438,33.95072011998828,-5.8256012680595095,-19.19458140227204,17.637690446201596,12.608155746152375,-4.754913537089614,-14.083197465037207,12.543987850591343,-17.072524623266506,10.42577611564609,0.9580807379280998,3.5291311573405597,3.2932025158996625,-7.413538502552807,-2.507258501822519,-28.867267612257624,-16.762601989062137,-1.454319893410697,-7.202410994359855,0.7951055338693827,1.3404713482584345,0.10330497345411123,-2.1064529480574894,1.3262896905965782,-1.2971500117107575,15.499001709051639,-9.233058855130652,5.244770360913711,-0.1727815774885555,19.400501456027314,6.384461227861405,-7.303158738068339,13.535155905656346,19.57599634179535,7.70930066570752,-15.574542868525981,5.687677714388212,4.874970214020932,-4.825057907619191,4.486486003773178,5.420109960596143,-12.132648034763612,-9.353288684180296,6.42293849979992,18.57551249462746,-12.835440776240297,-0.6262404655647875
245.72546562026434,54.882477884497604,35.30226908114372,113.2985157359715,71.82237472729076,38.164835433033,-57.64890746012699,115.28686053593073,-25.482899275745922,-19.404785780365003,123.49946190322127,-70.79521604841528,-77.4081160256887,164.570667579252,-35.877601680629546,-79.32689746726702,-36.37719947977664,16.875007440867055,49.94323422869958,46.11200529848686,-14.895383878902784,-42.04659013351653,16.736800281287927,-8.046014025067375,31.545507364739603,-27.595697454014736,-8.031169180252732,2.325093346944683,8.049239636010276,-3.229253457853322,-15.593906864178196,-22.942825156105574,-32.19017163521545,-2.83021956311885,33.062622656637785,22.476575720669263,-34.459454699406656,-29.69419979527722,42.22952916787506,-30.478321599032558,-1.6670292836200569,-17.13479876138515,-35.597379340071925,13.402236807308217,-8.264209683723204,-21.065262079896993,30.436213202652716,-6.793804269697034,4.298909055537387,16.863193091034304,3.639483659619111,-25.948441324195198,-34.55506131823219,-82.57459085880042,20.65758207700677,77.33280541210738,30.026336777222625,4.685219968320307,-60.39317404766576,8.584076341222847,29.65543140359829,-18.081913759879185,-2.0109677256564793,-26.05604866563265
310.46734149202456,-24.75735524982816,-10.350477786760651,-19.27293774286078,7.93701477786787,42.36552064756051,132.19261377203807,40.477965949090745,-12.336785459821826,-68.84373155809836,-6.8626561398164325,19.19446785825848,85.3898980926176,68.57256901076516,24.384605763504453,69.82432930794126,-60.062065651217246,12.19979361611678,-39.51595175953804,-11.712114094283086,-4.401592817308621,-38.953756019375156,0.5819074730863643,-17.46464957306618,2.4098169374632934,-41.883278408176565,-7.635237900987385,28.275310557853018,-14.109646605069342,74.6965147495957,19.623305436462452,-15.58808353692679,1.2124382364096493,11.25801463104794,-15.662491693624355,-7.911012057893023,-15.66762834231545,-13.273975163342275,54.14239449913617,6.338146058103605,-9.704750847980009,5.962020128139842,-16.621415618171593,-18.69411957463004,-2.996404941773113,18.332144959744948,6.388856621512995,0.007245635340192346,24.897164681458175,-7.734348452510831,26.374318728115473,-13.108368929281609,22.970965003330274,23.35927963034881,-2.868518895722628,3.9772307903638424,-27.219486449034424,11.307347183943218,-22.524920142011922,-12.566290588161198,-17.648963565852917,-2.4635202991375635,22.21848564794774,28.403004352850367
-23.699787910837035,118.42780483210898,-67.76609055057207,56.20840767068688,73.92269878663993,126.9385332936954,-76.1116655987171,104.42217167110492,133.88339219996948,60.14584030089561,16.45737602287237,139.12754159402922,-44.675404965946896,27.428328784900103,-38.49574686267235,-2.622416488317498,-11.515707875485557,-15.243952264858155,-18.45157241993425,0.2679624135154631,40.238514731873764,-12.392792640618607,-18.74867862206134,12.254732245307265,14.561731925543478,14.353417712620178,20.041036997845943,-17.995396625665318,1.1063639359740203,-14.483115272090567,9.601770321798927,-36.665792681746694,35.68689076405923,61.698146364926764,1.3704965882438043,4.931765812515609,8.588885193127513,-8.814017092467006,-49.62193325799862,-45.41382797714496,-16.63702559022268,6.1467666258066505,28.68994475844058,3.2531785371396653,11.976307958611935,48.60933452368307,-7.845981555870435,3.2465988117989233,30.674086873957112,-3.970114809919204,26.877170267334975,8.57871696307092,-11.29816275622911,-13.530397414253342,1.929160689428472,0.07389022933181028,5.869826200013576,0.308885096778292,-20.63643339119948,9.506610327206975,0.3697016395693724,17.896235101197515,12.236947348270936,0.520269374680152
81.23558100737208,323.2580577631994,78.09368608321643,-87.18576325465135,-137.7635489675438,-28.155071048113072,23.32524464855938,-60.741611314081,71.13858730272682,-54.673644977614266,-38.22749891299675,84.50784647583814,-68.37624396897587,15.913732100020459,2.8370073444073496,27.48042189937675,-49.446885905281285,28.4408230074637,49.7721646290993,-13.118433733443519,-1.1515909702412805,18.156833774192464,-24.29093108475625,44.98448242278149,10.656992553071566,-49.75577691801527,11.420692229243025,-12.17895802660561,-58.236748690828826,41.94841262996663,-40.79997661124393,35.09488037591268,18.844188263748556,19.227988680416388,-2.358669454862509,20.45601129930906,26.511106839928967,30.985256972226715,11.749101760005754,-24.75158808303865,56.381746299319936,13.747303494034222,4.49874432116291,-23.791528431767222,76.80858757929249,27.745053384774746,8.711539111516581,43.474465815088635,-83.91372759186504,-4.342594609989163,-42.77266854841027,-40.862314337708135,-18.531402879630345,-28.382148120457803,48.494965955051306,42.964822497547146,6.700087405294073,-13.09535938039599,-57.48735596903862,4.620058651302227,25.562877095155986,10.999377043689838,21.160702209172673,12.264982152440941
-59.514513182218714,-25.986391277354315,26.593320816595156,-34.854998265397086,21.54038574244372,-25.928046683704135,-18.20244903521161,22.964042554853812,10.003340241297455,39.67943919339792,-22.345171387609486,11.63482213629358,3.763104265074982,7.680117591211365,37.18643338161691,1.3277382201775123,-33.916957499628964,-10.85135587231451,-13.515321884124697,-15.234534676238866,12.900808248825285,-5.472028348254058,-7.460889853158299,-4.642176821765797,4.713163390060933,-28.319607778178305,-5.071251093195559,31.433477940472496,-22.62593340959258,-6.101323943086894,-26.182616253509437,25.540286138450845,6.92300202236465,-8.983039813916877,5.595425764432833,33.48817435672976,-4.208108438452531,7.213104029057707,-12.205789138349171,-26.528630096345978,15.703336073498475,-11.446357172041568,-27.474911698881787,19.50594006561186,13.206716115021578,14.021545513139445,7.3806142537755415,-4.366013182065736,12.799069043780369,17.96946455844161,21.343157742904364,-16.88956891312655,-6.3653365894116725,2.9196729646136643,1.330039756432929,-6.177509272949819,-2.293354254562424,8.458319338076475,12.87785546215201,3.2107310051035,6.678722003813198,-2.4488459698057046,-7.756989443651516,18.521105864092295
-40.525963150911934,-14.160233557014049,-27.4736400762373,-4.199347179157001,-30.843304333779056,-17.526810006007064,3.3239413953526378,-15.088903847303655,3.1399874533985406,-21.17888397339677,19.361897231005987,3.055777851238943,14.093454024274752,-16.02465383188975,-0.3189090361883393,4.953384645633099,-16.928748155911737,17.872334186348066,-11.310091736550588,-13.772616226633435,29.48016595113832,-0.4409935150119783,14.400405836984183,-1.5055286431208632,-12.419200205272936,-5.398012998460517,13.903516360297468,-43.169345372043715,13.57240025293213,-81.152248614739,-14.343853166800901,11.981405559978436,8.900075788275277,0.510325534782425,-0.47700450230744135,-9.857204912237947,17.679161220560832,-29.595208835665684,1.401514625138743,2.4156556108531757,8.224640275579606,-27.544947088169273,-37.157834340577914,7.583012553464439,-14.41459359290314,6.398400625419309,-18.439752227893912,-6.632613924894099,12.559968392039922,10.798197938730086,-1.2282544402329862,-7.075013207718228,-9.998754725219147,6.8069508809724795,-7.694018559017346,-20.29400982624862,-2.13823527153057,-5.512995154383381,22.192450501189164,-5.177286250703629,18.35253526603456,-4.1915241939026,-5.406401354403547,12.950470529198332
-31.718133012458747,76.64890336198225,-17.587429361421155,9.833309161117699,11.892138735953758,-10.646694890203962,13.559330981727372,1.2278707153844977,29.78960930835791,-21.573762650834755,-39.4469536875615,-37.443542944263775,-0.5653036041506478,-8.27465314963051,-7.4160150390415795,8.370408815990725,-3.4562733553756924,-25.789290838913537,-9.726911404663477,-12.025460685351488,-8.1609437426022,9.93924907335212,-16.581258606971137,-6.64672986589086,11.74245244290705,3.7183769868194863,-20.15245675105109,-1.4579141634409922,-3.8931606495260263,-3.260677175284941,28.05353708858525,15.54402514553843,-6.167316092896472,11.411378019997079,-7.815442115600887,5.763741579674917,22.82969588341347,-2.937813305072472,-7.868194230964946,23.853868916008107,4.156377586612539,-9.336142918354556,11.234271164933832,4.208771967964364,-5.038302471158742,-20.262173049658283,4.387571657396624,-0.6592298053507324,-23.827520380146215,-10.021708540117034,0.4586847087969215,12.468137376960504,2.6221580406891496,-14.487094237521616,-6.248805402191956,4.139281672318513,-14.793872124851859,7.966799398411204,4.551650961008463,-17.676909370698215,4.235510831225734,-13.536817233289886,-14.987803692889596,0.8976994499824852
154.62843776358298,36.46180025215236,-9.061439149958309,6.696204785650103,-129.70603445045975,15.118581586127524,23.72317215593767,80.03875810649997,-122.02641191460177,-30.633995818621692,83.10848254782647,2.5451093901809534,7.057908291231257,-108.17809095196856,-38.7037001123606,-37.29021644773945,-16.036079265507162,42.17769240552476,41.17212512455079,30.080667438546552,28.10079229186724,-21.312935851394144,7.441071283370245,-3.5030850392927904,87.29108124564883,-0.4714280199044503,-15.62242311785917,-6.195607038034315,-78.60168219080163,-15.817357773232084,-60.4171113954752,47.13234807480893,-39.94653496218208,-48.65748571790068,-39.73483090380308,44.714878161510576,-10.648286221800593,25.980340082969988,-12.359721807577792,-9.857643895377384,-26.323556827251778,-27.7184495105197,78.61449202637048,29.31242500756024,45.2655257226462,15.659360257318811,-24.022010127938714,11.451716078956881,-18.814823752909497,-65.60931423858013,12.45502722399693,0.13902005156112388,-11.14117510901274,-11.384416296881843,36.20460462828484,15.17613870668707,10.993881613514064,12.17049603770633,21.101736029964226,-27.541046899809636,33.04516302353993,5.694089585274704,9.021489561168833,10.923984759409905
-83.17993831334744,-58.65775076977524,41.18937105698827,123.77690398450333,-68.3199624396353,64.70926636547883,79.91722491437139,-10.351971457754775,-83.514353528234,-7.0470881605908815,-60.399631752629496,87.77540705514956,66.45904215916364,-10.210733619376983,1.253121721309055,-41.97231603919118,-54.2734347127904,17.782675657795874,-43.28575219149829,13.186810412166734,-57.254239131435185,5.270125834434577,-39.73998223720912,-30.765064120581822,-18.081028057813967,-7.054237207778049,1.7128836201041795,12.660054932301223,25.006301887278166,23.550267432781627,20.225570500845528,14.19504835449894,-5.28919068304697,-4.894637864692802,14.361834913030364,-14.581067810461656,4.440908569426778,-2.752232630632823,-0.10271159934552852,20.189906374812725,-18.36573856315778,10.323580826820285,-10.156834435088742,11.074050759651483,21.03954911483773,-25.045593390589136,-22.02509815120498,7.429527692921862,1.5401820228864433,22.98752075727932,-1.5679132283047494,-24.109589554431945,16.04222973250997,-25.90316799931612,-40.68039777255531,-5.1637760560822406,22.211415011019184,19.063654167252295,6.396508722482185,0.7266310456277003,2.4707985867358238,-9.782762761504912,-4.642395931219457,-12.88701470731168
-59.617238676658616,-17.07921596392132,-26.519941452244137,20.39724465804158,-4.492824779526469,-18.794649976562503,-8.026076255833914,6.714266817405722,7.095890882888648,-3.653843836667113,29.277793167963964,-34.917832102067685,-17.36597093478922,36.35612546554215,0.12603493045912673,-16.42236385733429,-12.225918612735038,17.970902877086246,-46.85854274867768,1.343967280588374,-40.98102520301723,11.928248668336398,42.90817836366451,-5.519805358900629,7.038302865233355,-7.976135603803711,-10.12722373732777,-12.895435508492815,8.25955041944749,16.406339969573057,-28.966036385046287,-13.566753044018453,-1.0496753651609034,18.96718910965124,1.259116001544492,-12.385143230378546,-9.991031487572998,-21.29731899878774,0.4449111678641064,-19.296343581740906,-7.756039352246275,-18.95542889391167,-11.415642402658273,-19.11044532337929,2.9582719652871186,5.038213098061201,5.843577300168483,-11.8987623330917,-9.760835234408479,-13.350184496683806,-8.437390768978206,-6.779058328158747,0.7262790414808535,-23.347215414099995,15.434139436220336,24.247824790174867,-21.085417792078434,4.126646121090765,15.541699762483583,-9.766013862367641,-7.334611943841811,-13.676902953038782,-0.3647448788465201,-4.363342455755427
106.5259518256492,149.79702541970167,-36.24986426815577,86.50306598852426,74.83838373378698,-0.7918767296942085,-64.51192425315328,56.746533879764755,-33.30366028276486,4.058751579895021,47.3213892266993,63.681967163500566,34.82514489920617,74.65049222458894,-28.40158405761064,-32.1543109430345,-13.372915560152585,-23.018083082863388,56.288202612358496,-3.725359199834475,24.783089743556072,-44.91494036714177,29.783046839207017,46.54935013762479,-17.838235962948033,-36.31130825921229,3.0709183058638687,-36.644284869406945,4.664266410187397,-8.585123459795197,-24.96952609342176,12.762052084152366,20.68474098074149,25.02941827962553,39.81785102497047,12.053766312494533,-3.351960615411561,-0.5763201228337088,9.93906135771125,-6.513628105660474,-13.624924230328011,-9.238608041650496,13.991852872071503,5.394777375035717,2.682625823427336,-4.132944724103523,-4.728276553068185,-14.089874438814856,4.152819914454311,26.069419316222653,-10.392741662261177,9.174231577451732,19.012101515491374,65.75395435123602,-0.4686267695336635,-1.721152503301077,42.0740394099074,2.688388983169125,3.641994010809502,13.592558497073412,9.405034240452173,31.79627784334483,27.284034652379937,-2.7486299886674814
15.298695007047481,337.3646054387365,96.25545348857749,-25.59599538591964,-77.54493101971298,55.527694019387035,-6.989877040140189,38.23604122392517,132.9259645822082,-40.86839411562839,-87.02113982339846,-22.16862428615247,-39.261378224106636,58.264373743171866,5.250197477412898,-6.341767716185373,55.84289318706639,44.48356675992177,10.281948880459607,-27.838157579551247,-1.0753322458186971,61.42302456352637,-17.424921286800146,-0.5212728286725056,18.52337989797798,30.484513043327823,-12.722231227453836,-7.692909230943422,-19.283910697036745,12.279560522028298,38.06353617547425,33.49624330624285,88.57685429655615,-76.90877764275214,23.353761787771486,-36.02934720494637,-50.06351338821265,23.954141578830615,36.48314810791993,-5.142883369825119,16.24439737572299,-34.78291113886932,-4.938357064280097,66.5612426336625,-39.548022206234364,13.570466582397366,6.683689245610489,-10.502314191514495,-73.26330906796605,-40.854076607368086,28.77771926142279,-3.8320107751346764,11.604294768666307,-13.37121414514036,17.40337494659575,34.5029037072946,36.75218837857224,-15.476742012555537,18.877730317374667,17.754480697296966,6.130389182825685,-20.932235642251236,-10.935715436836048,32.49333583624841
128.53239228557368,87.83564721902894,-49.40863420461919,75.03763601278864,7.030919921374441,-50.699806705133575,49.03483726077533,-62.96333119440821,22.334348311547444,33.02799142317442,28.5340675569891,-45.573287862358555,6.967895114818319,66.91100980791148,-10.160790084885106,-37.21459975116927,-40.06228695422358,85.52884932223122,116.10227744294926,13.25592357295206,-24.284234384043973,-45.32906230333553,-27.29031501880289,-104.84585053317747,17.184774715559104,44.188292917773474,-46.34754335172672,41.31438634659445,-40.90183869808857,-18.38138119241984,-3.3573084298663214,0.05459123930608424,27.32912824319839,-48.434586426890064,-25.057574167540576,24.40240869996231,26.86132124904074,46.098024804200115,0.4865889294747266,15.82013625103372,7.5925851829841005,37.157806254365795,46.47128143557674,35.779486492563365,23.01289329984107,30.359441360953923,-5.482709593386517,27.949281586134614,4.97234347032295,8.413072827808325,6.835984362220927,-16.942155176089056,-12.920074117185687,7.893514619798618,45.985971912158455,-36.12277520064483,-4.120434984032727,-32.26496326095126,-3.0272130167850286,-4.173684207373726,5.67469927330474,-2.427369819905971,13.187608926001959,-0.6656864116072997
276.3315529516573,-118.65806222027761,75.86959722591007,-9.272641685101405,44.6073638268351,-34.814189831759755,37.366663128126845,-57.22054056070136,54.458007108851895,-9.277664081980697,24.373315569247914,13.486552142483324,108.59600558576719,52.418049776139426,-43.82499508877481,64.9212368602904,7.48978981433854,-77.16270257198214,-29.04606692742237,27.43819917351983,14.268625635728313,-23.52022830220092,-8.989411830797298,-1.4369235468991806,29.756726747132404,-50.82725805429617,-31.903424947363952,51.28430020341357,-60.25927464656971,-7.495641709784015,-11.591242623072976,7.036900721644751,22.688172526519313,-42.60832252428297,-5.723188501747306,-7.638813755687863,6.076000927893685,8.650386914504121,-18.69763955288516,-21.984931859725755,-0.29304575186469894,21.244309301523895,-26.99186051573365,-13.299523877255476,46.18656632711986,10.318913888963221,-3.079540044071769,-40.784952047824184,24.142394287366212,-14.40391047116402,-7.971125721847616,6.422798475153569,2.6999672757756814,15.67822751313015,-62.90147888954111,10.411093364946524,-3.0802106367227857,11.0842704983871,34.98056051165675,11.106983182140048,21.54989007629466,24.307909255813314,4.136757523406854,-0.31615667255976826
12.77280053150833,155.41374049119693,-51.13476247213319,129.82656699651346,84.64709936268233,-27.944609421489712,-22.021862691199612,70.23886452380333,-29.013757505105712,0.13411238857381164,50.0969753451055,-39.195615676154986,-18.78925300679077,22.13183682240335,44.62118794698542,84.56498359584766,16.068312430122564,59.0249377436657,-35.262289138124956,-4.439215801489463,55.62948446046885,6.292926090044018,-100.78108507719152,5.728019488511746,-102.26993211745192,35.985423763564825,22.351376046308424,-3.419837101731596,34.99574042364014,38.27412784815529,-51.55961410326999,7.824520750021779,-28.46886060721703,-39.382641504889826,52.443420289199416,-4.417674083867565,20.130652322525297,-40.732252946410526,-41.2153352194718,-19.85271941438835,17.192062108786534,-3.183164276348787,31.743516190725025,-4.962390183062013,5.6543152889713415,-32.67255977342696,5.14694243655686,10.72413700378344,25.052631275764014,5.5242097844985745,-2.997708233600305,2.523381792437126,29.935362879889524,16.204590951014737,0.9127742569781502,-31.427453817814392,-0.969057268410191,-17.72044327118013,-27.824422606491417,-10.413289884594542,-8.923067540282723,-22.320952611128785,-48.99623118573428,6.770210387807777
-33.38949510538372,59.92117929285511,-17.666421742607852,24.110590148987708,-15.627766738348958,33.13306503664835,-24.62490913955496,37.88197804014468,45.735770006902165,16.42985564773993,2.8333256098903457,41.59178473587531,6.776880193888326,12.540221707190423,-26.5109953138905,-17.780011821150115,1.143627343414224,-21.55791172828651,-3.140365635967199,-11.29721147463654,-5.89925838312483,-3.8000319392513426,-20.574865826305977,19.20471750889118,33.67079927930389,-1.9866446799323272,-17.861384944298294,-35.45635850430069,1.111326134190261,-14.002956937902145,7.6408401922133775,-7.44872571329015,23.22677417434057,30.043255056486554,28.350487388339765,25.00273016302729,31.414177937313706,-6.513275352672463,-26.27942058619806,-9.482880524479736,-7.989995610056542,29.054095978647144,37.00898324256135,-61.50461167865932,10.421272274541922,-11.256551373847191,-11.633849805263845,-4.2774938892982135,-5.510149933086189,-20.459721966632365,-23.886122296486246,23.986670757497848,-16.71968874549385,16.6502557688442,-6.417032017249425,32.33157199455288,-3.1140990670426523,-1.9960626456279364,-9.703121960095663,16.670601200271328,34.687353639205725,1.8644056654323853,5.065587250474875,13.005717200028926
-81.04442178646147,3.0383063007319007,-51.23970832914244,-117.87903143081972,121.15190517904881,71.13605449764573,15.594546682950975,-14.945049967470936,-56.00255233438313,-111.3684969763355,-80.52582164173222,-24.95088477401931,21.61692219581904,29.37324304542885,-121.12350996861473,-71.90665223398662,77.73261711723046,84.24989367149982,-35.79678149471636,-1.6928058503258874,70.29220563520366,53.80570576954045,-19.037892071457314,-7.000390524879102,-5.010502615866143,11.108067872512246,21.337340208685394,20.512243181701898,-17.188633408264003,4.863734673356624,4.634069171592615,-2.759834293038711,-5.416670382873407,31.668853817312154,-20.484365363841427,33.72403680583744,-29.955409449182078,-2.7723249510307264,11.600154553664758,21.493205530472594,18.19779197608404,13.980240122230105,1.0674606606993444,28.471092404783935,30.57319487469416,-18.973929705938,7.63537870496511,-2.4691988013484214,-17.07897601571181,-33.312599104817025,-36.18943954945625,-2.9433652598947493,-13.538254817245488,-0.10478874403102895,-5.443528098570208,18.04568801083059,2.152430266113209,12.8578755168271,30.977652433295788,-2.1908833299580404,-46.94270164219784,-18.339879466152535,-3.1671217074736555,1.337599992497478
-33.08126133387523,33.569315584553756,-30.74801939358397,-7.567438835781903,-35.14059723955712,-29.634942840162026,18.187186903858745,0.3290015132303974,10.292051592663988,17.475434651070355,9.077267606201298,-9.982795380402822,11.298024219213163,-21.638227397862625,-30.1892326938751,-16.011774058007834,-6.863567956954171,-7.5101453064908315,-9.007823634980072,25.512874958511116,10.562462798514725,14.627955610949433,8.077050381902525,14.447828873918327,11.53757595701327,-0.7766667014490184,-14.63410455373402,-19.06875994358544,-20.530998053027545,0.9496778996415597,25.52193249889385,25.10970882740268,-4.729942700007796,-13.886002347340774,19.028123480740668,4.023540207422767,-1.036305268111955,61.827667573534626,6.9485395892927455,-0.3219928891023008,28.225042387501833,-28.258667256419166,30.190610679288238,-2.5504421947147873,-46.29120411848667,-38.20503070964332,-4.306976800593321,-31.012331598428972,19.689698778527227,-8.706965087746413,-10.198482363457936,10.980957668622063,9.08884963396301,-21.61910074775062,-17.97584777036869,19.456925690514066,5.511121292689658,11.997701686162106,20.3164245434852,14.94887707649606,14.945146333953057,12.530929047224626,-10.230837386204945,1.517318618948788
59.82436723766657,126.92553967407186,-13.128723337949081,107.20480627396239,54.09613809146746,44.28137444887992,-52.177864980107955,86.68231060646202,56.720489777856876,-28.679047229325192,68.92795275267436,-12.162834516533184,-25.495894250455827,162.2876470567566,-48.41838009791218,-40.31332015472128,-66.11224928429633,-3.210666652484535,56.43955163540839,-62.670151356441444,-5.634978000622472,-11.432140910873226,-64.11437591205305,10.799415282022403,6.732428367485271,-18.24809595393202,0.13633333051952481,-29.484689864873054,22.031277469764177,9.35849632727205,-33.62021560971522,40.612776475440505,-36.43985876971623,-4.038035492737995,-11.462001963627065,4.225154924846463,32.91800561489408,-31.365304786042902,-31.318894316265315,-25.037632095823824,-3.212733570359577,20.139001643317307,-1.4167962101097908,-21.12258670052752,-15.49146817131201,25.132052553114804,-9.219839423872147,10.58274794975399,-30.077478184185527,2.3940435021495285,-4.298614441683745,22.334855515331036,33.67118853414164,31.229909915058386,-32.242607862293085,-6.7109731675544015,19.894631444833077,3.29479438881145,-1.011578654330479,-16.15829516690645,-14.150261982839048,-3.8360078656659407,1.8302676811551182,7.840918660954789
-63.13272129573644,-15.857925724927702,-10.116146257088202,-13.138115252549655,21.64634510571437,-9.852912686503144,-22.080786222393343,-14.534116988979688,-10.9299380583232,-19.65212743757882,15.604336676798138,-2.4132232660452613,21.90298436573524,-23.50770577396884,-6.012292109245242,-9.07627719873986,-5.487572404625966,-5.80545434750159,13.80288869288952,5.914372019586789,-35.713551438434465,-20.277937017203975,-6.871231706055626,15.790901464145175,-13.821278232125582,-6.986939775452235,32.074129558208746,-41.95999058222775,8.694960127900837,17.72851666784853,35.94567207457244,-20.711185249768373,-26.5548241929227,-29.01460211166241,-17.412209335650765,25.83983745192967,-14.681694218352956,2.4419161892052546,-25.335544897425773,-19.63727287948069,16.304235298748157,-13.86636703415928,-2.464443055701908,8.41765905945413,3.158243218857238,30.323629425121705,-13.760578227285876,8.038596232172166,-6.8108249726674455,-13.396383593754445,-4.408317599969842,-9.162820585002567,14.90679961073157,24.128017238368805,-14.24753998871948,-18.463811324569235,9.39104629515079,-14.177129828815511,-35.1305547887147,6.4025006511577125,18.977468367822006,-12.718151894171978,-6.270733347946606,-22.249122670015858
-64.41423589248545,-3.0833584921670387,4.795261732628674,-5.553757160308814,10.849830252050564,-8.851646633521893,-25.244957588615335,-21.861482873281034,-8.448960516569242,-36.48187413654824,21.510994376849688,7.38663203069003,-1.8036661901344935,-9.992071361781402,8.824242365702817,4.247919549046031,-4.979847454573939,-9.359790162402362,5.999229527070025,21.047706685372617,-4.255884928117366,-16.37471854372798,20.760019516475413,11.502211860296354,-6.19106802282743,13.103031448185002,22.469084563818736,8.161196997066575,-4.646084227246883,-17.695384021956254,-1.20971303711422,2.4035683123433382,-3.136665026126236,4.460227505964035,22.1850631974763,-12.649496901398532,-10.930893369328087,-11.799120436088602,20.51688677401624,1.855888537679076,-14.138530373449525,38.33657406051615,0.3989179753063051,-4.16879499363663,-10.986517170355837,6.250240845411591,-13.1917070247322,-16.109584944075856,3.5757028429356095,4.28503628346908,-6.836524410681107,-7.402275691807204,14.658443010628137,-2.6481998894857646,-6.7467039123416255,-36.74430068820552,22.557254809963535,6.972961644275633,-15.555660038369458,-22.267554968413247,1.0610928340020824,-10.542568378918883,-0.9843296306408478,22.009221431248044
-39.544517178741266,57.41765808201675,-6.4067695084907585,30.116626565309836,-15.34497455608396,28.05990604323393,-33.32450731804826,32.129352166668184,37.84197602295825,1.00195036520045,-24.111131104772447,17.6258690334841,4.024910578325056,35.36739942545638,-12.923878892387181,-32.843570401595876,11.294777226586245,-6.215717248617476,32.913139236637754,-28.381781394246172,-21.76163670683077,14.903077150784979,-14.876616836557144,30.933013585751347,28.917726082557845,-3.4612726043464512,-4.406685612767123,-33.404959787188076,-8.160981189671755,-12.352147456378992,6.260590418147564,21.93265111720779,43.0837538578069,-0.37700903130909064,21.77001248936544,11.045233149167496,15.698697374793824,10.64020081353021,-10.77970159293849,-16.374121887553752,18.415153082024112,9.58481755644578,-2.0440895629155458,-28.178572878090822,9.447682432678436,-7.379188060246729,-1.4243152535280021,2.8410097951737394,-25.809019730581678,-13.142291798271707,-28.21885038903567,0.14187900132824202,-2.0148854928082858,17.535912710603068,-8.363791516872233,-3.014109160843556,-16.010755206528074,-3.195211432084105,-0.9810547897322565,14.592683376283855,9.369771795899789,-16.58394820667742,-1.6067540548616264,0.3199832272138461
15.37747430769993,55.750172180886366,6.885929888425548,94.82872877059404,62.02909023538615,47.365763049566645,-53.935282551217384,99.94622568448139,41.59019375451739,-2.9662223312715508,55.248298214056646,-14.81023101020702,-47.0852887192807,168.4882700158051,-54.888944393602785,-50.42181408740435,-95.51021253286207,-3.5214496602335106,-15.111621946747293,-100.35085325007536,-31.62632900101033,-1.1273078282283606,23.870865232467715,-9.858216260267675,-0.205953955099259,-17.011892282480943,0.06176218099813268,-15.572487305332135,13.077878693917304,8.949893869109047,-16.09906147119257,-3.4989244439835896,-62.712395789525516,1.6062165635886383,1.167220784137135,-35.2683936281278,-22.266269717023185,3.503890888335942,-1.2638419678500998,-8.08084072364863,4.666619959287999,5.860691565963063,-20.595101240121654,-23.5983276490987,3.808731681280283,26.326751324139924,-23.66875334991753,-0.2884342056936138,-28.558977245250535,-10.280070124353308,16.386091560294123,32.51439009068147,11.96381539815103,-0.28822645689033444,4.093195521206818,47.40835331679924,10.47983935714723,12.660333053911426,-1.3677626548639175,7.6878319352333175,-16.387878374320223,-1.530745913333759,31.46734893964512,30.641504269241416
-117.05561263894468,-46.1179514605039,-115.50980848269342,-91.92549938304823,39.1924597039353,80.39461309996402,20.006056737470562,-13.460100102673717,-13.616934737727547,13.720314028507541,-4.434620396434461,6.771863751002959,-28.6707478769206,10.95828215585849,-34.16504871751059,-78.93189655169401,70.0982009311214,34.84759435329221,-27.711500190095766,-5.554448657076804,0.1172673686500993,-44.831746356841116,-41.99854295710711,-2.690692272134669,-77.47502509161774,-46.21871949693763,8.064287152408443,-7.5702672631948165,-91.59976343854588,-9.968432669717625,-10.52816888034574,-55.5357116758757,24.856403927120027,-25.09045944781423,-46.738206875347785,-16.82827722972637,-6.144311075442049,-42.62196228480193,-40.987100074326094,5.490375684755064,15.740019605559791,-12.09792018285658,41.607877269977664,15.734491135738576,-7.533370840603646,-2.14701195560253,-38.65480835087955,-17.541412795421543,3.029896888646679,13.438437923196322,-24.35827450786294,-20.142505004484903,32.54719597583875,-31.395236144071745,-5.9160723826586,8.28834192173633,22.471529690951414,-13.735531873565957,-30.279040980229006,4.872793067354339,-4.8474031559295545,-17.537899415712477,24.35016791300041,9.504109900366569
-85.8092769283766,41.39219390722082,-49.24491020390253,81.72146497874152,23.450127139614885,-84.55979594649872,-2.379405893821337,-17.34410897990334,30.164452093600694,-20.99097360949628,52.6101763629144,-143.17411638863584,-68.59688532761162,77.00848356642948,51.75940526873741,-19.522309184688254,-19.09822799868973,60.080178588077125,-157.8238425608071,111.58628493806754,-66.94145941759123,64.90919777398794,69.982056899725,9.224592115952683,11.36759041632556,20.159012954246773,-39.88332451364999,12.034935027875509,37.358321468122114,10.5118685806573,-20.134968021733556,-46.054331432365714,31.115707875081554,-19.144592816802817,-5.061247787399916,20.36461385940861,-17.197167266736813,-19.926206302979878,5.088689431324446,-35.51915305846163,-5.316402480362286,-3.302297141254672,0.7482277459999184,0.6575107515426828,10.889136899499707,-11.137233543110906,9.121977866630733,12.373280975755792,-4.938241422704475,-18.74910706215525,0.6924403272333682,-2.2971298064343824,1.8687630410277658,-13.321340013632437,17.037770093084443,9.69236897230184,15.678775977824683,20.505877461645564,9.756612733524861,-7.5274838647632665,11.777052218984428,-10.980231691148644,19.051076726437298,-5.489380455100268
-62.34797338302536,-6.977102604183073,-19.912193304657364,10.789748591035181,-21.33634181551912,-27.686837588107437,-9.634668402996686,-9.882215375822172,2.8814813926559886,-10.465532008290067,41.14149156358183,-27.758527913415943,-26.443971735288795,37.830719901915124,19.047637215452287,-26.2128586640573,-17.033217674512382,19.896239628496144,-59.258248666866564,71.99653603158522,-16.609164609203134,24.757472913493714,62.02533283925963,10.57893184200131,24.63853055842148,-12.05277791319995,-12.770859388338044,-0.483909753509151,14.105163249122654,-9.512942681869864,0.5343868697390293,-12.666826706407273,14.9563506193588,4.87080024981582,2.583697910640421,12.124171709883546,-1.8341075349250076,-8.800106866421528,-10.06579834015747,-17.611761135734987,7.658061770088123,17.950626883884578,11.40444338621943,-2.6890774163767297,-26.03976581968875,-4.766674902897023,-16.391249879664038,-7.666253212223726,-6.463064215540264,10.858994256725703,-5.2796970515817545,-13.029676445191472,-6.3368814972985295,15.84491477808937,-6.306536372592371,-0.05120552367734242,-15.739310437587623,12.979750334117863,-1.1480907128969637,-9.87582045971629,1.4737647683181228,-7.881037948309741,7.154178037880856,-13.425224977511894
-14.218979923935008,38.66598039817088,-24.92360726131441,18.010771295978326,-3.304476251187698,-44.099743688890456,13.209848039012765,-19.228774123023893,-6.945159333489626,30.051516254982648,22.608602494906744,33.09097176810926,22.09819930501001,-15.031053210291716,3.071406522004583,-40.34514231669711,13.516168223457116,21.820149554002608,55.05826113424598,46.681499474646266,21.656532417892628,11.651175400303925,23.738184531868907,14.265108491710984,-22.120288505993553,-19.371843189006853,11.015046845715576,-14.522133465933726,-21.550157119735438,-16.426813440248996,-11.033610763052362,-1.9679268964627938,2.9644876066437575,-14.649950974712938,26.5283783776373,29.874746222303447,-21.23516764844802,7.963003433720598,17.233692251220937,2.4209814396233194,-1.4241322524548996,-34.68780403112959,-8.352625482322978,-39.853108964604886,-5.8490829798855,-30.14286623524777,17.192832699338616,-19.888036239062426,36.69057240469065,8.29408416973033,-33.05353741276615,-11.054709789715448,4.266276773575287,-34.28396347732235,1.369536850008203,55.43440048596623,-5.7369960149354835,22.17200124104181,-10.92811953012388,-3.13092183460952,7.346155740908401,15.11486482515149,2.2779159883910034,0.1577616865094178
-58.141177353838955,-16.55125855579418,-19.836705232720654,20.367336902264665,5.103949347979237,-28.813997660028523,11.816800422120762,22.869217713748885,-9.286516032020709,-17.388096167311566,12.13851796944416,-27.21604297913132,-20.888981744165996,-29.886483534977724,20.548089164421896,12.807452705151508,17.50549635290638,-15.62886830245442,0.09144936487284014,-13.290100207729978,6.947017635898796,13.222606944337238,-33.17290342588644,21.806402568171805,-14.448092950326306,1.4763014947070503,6.995256663724929,15.17754717948466,-7.6415027684125505,-14.462214117970694,-12.066210755982002,-18.49520730756082,-0.9540636472393165,-3.495700790854146,19.248170150295145,-12.241618250511664,-27.223011575653423,20.825477172507295,1.1203781922001215,-3.0649390898422113,-27.260905236874716,-3.7302883876277972,6.753589966417163,-15.367934781984339,17.96566657405545,8.609853008125082,-19.96207747797102,24.421965018949916,-29.80863261722213,-12.347847109026654,-3.378515994484421,0.4601503410912807,-51.57198596732045,16.43076018653837,-2.6970780997154056,-1.0378799503308167,4.17938570986293,-0.10251758775249047,4.672850989053194,3.9785413818396482,25.707375268678174,-4.717041603312841,37.00702055022167,1.176511854898768
-28.86995490075506,-43.047457414798366,2.481886825241364,33.35206555599148,-1.7977367476374653,3.777352997583837,13.996208777779511,-44.08052610254228,18.254721852069146,21.892025835449815,-1.711565090354863,-9.176928436198938,21.36880642884181,13.087254347129786,-14.985010526207317,-20.228766118905508,4.848340200798924,-8.092894648787981,5.173953482950471,-0.37136950412119074,3.117100546431659,5.257644842176132,-13.734353692352974,24.778293027960817,-21.401139495599654,-15.569583767048744,-1.8808021175925096,-8.70165778072994,6.296536523158505,9.733038321505814,-11.137383771403433,1.8731151135855084,-9.73057153014982,12.988693869683475,-25.70934740325603,-17.538962555825417,2.931304589228904,27.755766150538236,19.239665579000484,-3.7919155242966376,-5.0734946050681495,-1.6567770068767431,19.68436933130432,16.790450843535876,1.4421001396379276,17.874956078662482,6.019554875358051,19.13128048212842,15.34869247641262,-13.790119133636688,7.391391209148358,-1.0598015812136483,-25.168725033419427,25.45970076543916,-22.530349752091755,-18.72882103039008,23.02502243008063,19.910601506546392,22.88618296248691,-22.04568612473019,20.97223914167466,-4.47098438750214,-28.647930777236656,14.306808204296502
298.2739634020184,-34.02011416523811,-30.11358720308601,-0.13689913749948038,-2.2352654155021616,-13.553647680215079,38.033146082079966,-12.031817794358515,51.22648301017472,-15.210268837660125,4.310120988802055,-26.582903748150166,75.9225308519149,-34.08775306982855,6.602188216178007,37.90257002453391,0.5083018620138652,22.50841505267752,-59.80005122770743,-41.05194845130591,-6.982668807772304,-40.09646759129209,1.1586191462483686,-46.46125548821094,20.167113220219047,-31.066333152249822,-21.175098779137873,15.886541162476878,20.248625011652578,2.9557700426584184,-18.52666413044969,8.536705081172455,-31.895818615115548,25.325091544853056,-22.462695769328196,-10.645908528008384,13.162775023785098,8.060356886991608,19.82209031811,6.144456197814867,6.931532410434045,40.902085169538466,45.165815524538594,-4.670831005454247,40.32119237275454,3.048969095795604,6.7276856561887355,-24.785207848217453,-41.82872045492148,0.9535829506566145,19.31803563642335,-32.68871079954697,26.434997973949077,-3.301267219240699,23.16304828740941,3.7386207825005755,0.9901314321346579,4.0757485506507605,-56.32418276262374,7.129234052290933,-9.642547908591,-1.5304530720312683,-12.648893925439179,-24.52925723377605
-60.12480600982921,-25.628197407387443,-21.638171021619552,9.484415313071525,1.257445566926468,-8.762780225686734,8.275129356848034,8.17398518479198,28.024992901032185,5.784539101182078,26.576652794163685,14.979276217889433,-2.2169929348867825,-18.395889018424047,-24.308770709454592,36.347899183970384,26.380666711565688,15.4879681721186,21.500312948760087,-36.8383145067474,-32.11930185032063,18.224457388259324,47.85125637002137,2.35456863779101,0.28896756029306,-7.820572220453083,-30.560137572940757,22.558609855871808,-5.270505213793243,14.276301774207262,-6.027672796271183,-4.0650088478819715,-23.37029551398667,-12.723815006594089,17.70270155973234,25.928071620542436,15.438955516383036,-16.204775135669742,0.5375450783332782,8.673205460134563,-0.8492901582363329,8.05441421962148,1.0806875941491692,4.851357901201358,-15.484262956636645,-19.63092466277745,-10.889819409894761,-4.480252112301037,-10.076211095140238,2.302222329460415,-18.52035829871108,7.533818389301688,3.354474750781933,7.724684673926216,11.010536058292695,-13.872138342172981,-3.077546924092094,-15.036711053126789,11.325882820204367,-4.930933924011659,4.16001849862765,-10.185016604898419,12.064168653673715,25.030325339381307
258.7103762822279,-170.93441888838888,-8.730115651120608,9.335371732837801,-5.468487296902461,17.08792698018712,-20.801705683349304,-14.357222259792822,70.7135502617357,-50.449416117613,8.604256151592887,-4.997698874507812,46.505059261965464,2.7986953939157226,-5.86842031149698,-36.855665205447956,-19.769454663577154,-34.473832678106625,22.51149337541478,6.914802466608218,30.751038533807737,5.755550028084903,15.305284536485718,57.51352189585383,-22.70444243523721,-36.69832669579057,-33.92619632565304,-9.199645877157206,30.063705467307393,15.022401549659579,1.895570526552214,6.781651634076961,2.888751495498532,18.302026870500654,-9.712712981782001,-4.588807428347052,-16.960173338943985,57.47876081291092,-11.345332170485873,8.628547993281202,4.815691082975664,6.522781916327545,-10.16674392175539,30.427783745729045,14.984170111689341,-40.123182157204994,-16.16812730428302,15.912099172353898,-22.43533023358545,26.765357451275673,-8.843546700926492,29.372569822634684,7.085543923990934,-8.749506974542161,40.46558403855065,6.690360038342519,-20.126513487670806,10.8063748817415,-9.889417643304506,12.718778137695303,-27.829690174824744,19.248890082585206,13.696646723255453,1.4174477710712965
-52.65539173663832,-7.546361380502733,-128.09260984527478,-120.57715722404834,73.3762437168026,157.2983480086774,58.114535142359,-8.460693571278757,38.793884140312045,83.10786053811952,2.3529257944476436,14.808268239904988,-21.93584219810886,-12.089987545737127,110.82735294342794,-5.033934331230175,-39.17164325665425,-40.41854250994981,-41.77235784205694,-16.921700793565062,-37.18525684463154,-42.56410423388802,-5.976718853735426,13.337497339453355,-31.80005526130003,-48.73145523483298,62.970344940630895,75.58747182261465,2.3459775200086246,10.033278826621991,-10.686149082535929,48.362123054991336,37.421714153244174,-81.6991808500397,-44.06510869347014,49.33342905968713,-24.913259494818245,-16.187953618500227,1.3199595706916563,-3.230254693743993,-37.84010810202537,-14.475547461463742,-12.541471862290457,27.16342682726594,-16.661872795716505,-2.1220883767428713,14.497025625556915,-1.5525881299502358,-3.7693848717319853,0.5028254673123416,10.724173152694233,8.770640327990625,0.2994893317415444,15.895898865067101,15.239052604328549,-23.48927886809919,-27.489570377253106,-17.561091740025738,1.3892210898410753,-16.40087394686641,6.3486610972243405,0.5691067726007191,11.005220486721054,12.219952042901456
-61.09715657714595,-23.859454193414734,7.906323764476579,36.60538283742339,-10.000583512300436,3.6024735042981604,28.187901521164317,-49.3747612564807,-8.032095924717266,43.143114752558965,-11.435335317931889,-1.571113766000461,-0.7156999324304455,3.608533030854108,-8.8427953352085,10.77414634135582,-0.10035900660921312,-1.3232012539492963,9.021939007623864,13.49716004379689,14.099570272905243,-2.9532437217331107,-13.635245029941077,12.788497605439474,16.34137207930909,4.859319522098582,12.767773836859726,-8.344270601622677,-5.687601128386533,-13.938946738745619,1.0189435443480126,8.68476107529814,-7.986373859040909,9.87009693172259,-7.706710488168705,-7.372504909827409,-18.77443054034512,-7.418897483350702,-9.979533245747671,-10.38522943759379,16.77276727497042,7.527906813652275,-6.55637888845393,-3.3879977088821263,-3.9763971934869167,-6.233438184581117,21.47401360793236,2.2120921035800056,2.2290612226952105,-3.0766331909937374,-4.822440910041547,0.9661226679073494,13.685367501264835,3.899674855870864,18.070248252501894,12.771829790723627,10.514459841202617,23.61016046201151,-20.419282120456963,17.156012209962928,8.138358973637015,-12.712733534650098,0.36564090516046105,-12.739917050094485
-63.28319922081106,-15.067199777937967,-25.97732460159993,10.96069257848437,-5.780224895905187,-21.52861236591797,-8.766431527779382,1.6306610905143308,0.1172896992468692,-0.304296326632941,3.7999641005097717,-11.093298083337068,2.0149796459100817,-7.0403251537994045,12.558836463165292,2.9264712607381953,10.899328171672067,1.8920286276416112,-0.49959473279698813,9.803990436250315,4.088327982291465,-4.33826025926537,-4.364025506366831,-7.477637469071234,-2.7406028632264547,-18.708637567359585,0.14045960009031752,3.5843737469411363,0.9826409434890858,-4.1166658869244985,5.098962831185554,9.159813551043742,5.780415986091525,10.323572956634722,11.76009503594758,1.4777158629770897,4.366420181591148,0.9069213894134436,6.537927693777513,25.75862802384532,-15.1689445523463,-11.47315177454419,0.028011301662521654,17.007941407827335,32.41741863623752,10.186465009160068,20.540091205298076,4.585438375080655,-15.02927476451248,-7.8016597600099145,1.1473433923441831,26.881965381131835,18.929500263140472,6.041315351540118,-16.432388874264078,2.633362843871665,2.6219033188822283,-29.813751721015365,-23.07827994607198,26.44195026081004,-0.38986685444053915,23.354111098836444,-2.151280859448966,28.361151303747587
-16.10123595407313,-38.83532413069363,-7.3987396120851034,23.052259691323993,-5.8428362594899195,-3.7542377866465793,9.972559710793563,-54.01042743139456,37.82875224633415,-3.226456722156119,12.076612056097739,-21.608221571646904,32.63290538873803,28.34812875622456,1.1503480155687775,-17.083281194015793,8.51740138253269,-12.30482905213163,42.35412252786412,7.347374891286235,37.891056178897216,-10.7665510266512,19.27796625562206,-4.488506497015978,-28.537681201269766,-21.247942363595755,6.155237747910716,-2.7281166981891474,56.685579045591645,-21.115203833003765,-29.84636017882563,-37.02114963574948,-9.171050971005476,17.405565192840008,-26.23234196663875,-24.142425962090723,25.383339427523833,20.921248378826025,20.718779509813775,-22.539993606264684,14.850146421081012,-2.401926474629782,49.7108976852005,17.390177207052215,31.049312889077918,-27.690201488631427,-27.517389653434066,-6.0677698084513,-30.11622134226697,8.558909614656224,12.625233181494432,-49.53640094906522,-6.493386802698313,17.448763710359557,-15.02682673893258,-23.154572310753792,-8.81358003742672,11.89925463813719,25.35676735865285,2.307264889037863,-3.2019105380139656,-5.633801423586216,-38.10162664180406,4.573008199303037
-63.855229270114606,-20.878675619229288,-20.033099424369816,12.15914755102259,-10.980125857254581,-12.899453839776875,-0.3572871589661126,-11.505902234300555,1.0103621039489548,12.5801195816365,-3.311735384548412,-7.06525440726589,0.8665568339330839,-3.1401957360217163,-5.017609712321425,11.087938088649794,5.5419221509689445,-1.3053586706878382,12.56855904315785,3.968061752863924,8.84554238546843,-12.623010504112667,-7.032725716415019,6.85491404926264,12.29467500010795,0.19734244657435768,4.174668299919289,-8.252041155823738,12.029476792652222,1.3065531797713408,-11.240863747989675,7.634015933467626,-3.787894734144379,-3.6862965117575412,-3.9539002342322793,-10.875902284255094,-9.676390031782478,-4.22066836291966,-5.235437468296661,-1.4368858539160552,17.90765650060032,4.338820788289955,0.5845380689959823,-2.1218319240568624,4.856949603245511,-10.815382960936669,9.471704216037528,3.1828552058643993,8.55888897506931,-6.92157141243664,-8.396166285459069,-0.379144659446961,11.1831582175386,-11.86360020675603,5.3658839545534045,5.577881100385063,9.659627360794786,13.845521857901758,-12.048664404754453,12.490572564255643,-12.549010827624599,-14.082592103642062,10.55183017342896,-7.258512372415478
-66.72288618364222,-21.334763427984505,-24.104687327196608,10.437446889677473,-13.636664669849527,-15.868836743326685,-4.029353436717353,-0.6550176913368778,0.06489146473397482,0.004613158482923554,-4.100970435806485,-6.956543608535329,2.8107221855742326,-6.795142246261116,-5.58549842373951,1.0685549954695617,4.231921253580295,-9.976510329305821,9.568154277440593,0.3394594573588771,14.382864766167025,-13.224602429575787,-1.4210985048617157,-0.15251405529787807,9.30030160356513,1.4240781267929141,-1.9461864058182752,-5.110160608076862,15.179287275903713,9.814720104763769,-13.698149246321785,3.5057563304502386,0.2676653217018503,-8.151885111181288,-4.38034394954144,2.715701636252702,3.224999445823616,-7.916399762121414,10.212259581059344,-12.985911798463267,6.342060390564456,13.7958217648469,-4.404312885587932,3.3958592247896116,-3.5265346379757405,-9.386761115640224,17.19799241977765,-10.469929044027372,7.575747922556099,-2.445789952029109,-4.908199141329617,-1.1360007806013561,4.950030233479108,-14.412366701516774,-6.325032844689859,-2.086491765199296,4.218124112731816,-15.148757172702021,-4.48895367774082,10.916603275686805,-1.2637846103482842,-1.988730458750622,5.3401389679788895,-3.0746859525220254
-45.79985136845176,-29.121960380405095,-30.243247710184306,11.446033524178763,-12.072876593392968,-29.106372209672777,-9.589458783902533,-6.173992511019503,10.869384441425876,-8.057053182508039,-5.8801468837094015,-10.577094150204358,-6.685599287966976,-13.559424201564264,4.0160010159033295,4.138906825859471,2.6267999154860258,2.3605600760453145,-25.515733784473856,-26.632914252009176,-6.967413993534189,-6.640530180015695,-46.024360267404816,35.66217475659565,-38.694497385420064,46.637590109290414,-5.207008591544445,7.631213128423121,14.465237433334753,-1.0110955211202588,-33.065602152371326,-42.56199092854886,7.117491163125815,0.3684492801624184,39.2797239638912,12.392206686191102,-1.9921733314029626,40.84180412412923,17.0005690372812,-31.607504333779247,-24.79010532591425,-17.28424279999019,-1.4890633766154422,-22.919651078045767,18.127682645829633,-4.236399624692838,-3.0692811400834885,19.425528858360913,-27.3520393415121,-17.086507872190086,-31.791631428470563,0.8327901689409379,-16.390105357584037,9.161994601652946,17.972483941432262,13.368281175181775,22.767691188883827,4.0563481793274,30.661878183932988,-12.65942551635158,27.85653218546033,-6.228293088164071,25.4703069641288,-16.56624802598064
38.85719788693768,-103.96866620720849,-107.72889514104823,-87.54517652515275,-10.858056706781893,96.71065963609765,-32.3854810687102,-55.97927533742316,-2.835581685915708,-30.51534629573187,21.260337907885816,-72.69606944067567,60.65332949889449,14.826296081643736,143.72586355534227,-4.50354993556981,-102.41482712195317,25.85667881535777,61.504670960515334,-12.224621134443211,66.90405652154624,65.23363707009251,21.936749843737385,29.755236441921863,4.324310436017429,53.93616464962965,-10.202408207098197,-7.505065224940997,-33.72109818314337,26.12156368279289,48.06062924960606,-2.2762875919458825,-11.647287703409772,15.024824005795784,31.139411432813453,-31.39702309643172,7.93792301886935,-37.52079055925425,-2.5382427925678743,-15.400089574542667,-20.65010617162488,7.9254843249128575,-1.8272690136590668,-28.797741162577513,-20.06050941848569,-15.729320332092218,-6.077450887073041,24.059967252041233,-1.297201787978701,-4.796727237842074,-4.387634075768248,11.42080978405854,16.358807057375287,-49.00905492143181,-10.593377622651927,1.236369741255341,5.845580936507911,20.660709451672336,2.1748262035961763,10.339266210745047,8.011955538146076,34.39081961779912,-12.886803916515937,2.4320737311384653
-106.86631027424491,-21.871827325339048,91.88225304966537,-65.44654613337025,130.61076825518094,-41.44128271224747,-42.61236201936123,-30.228121083076893,-78.75231408771737,-60.45790536461492,73.4065510894836,30.081651014628385,22.429922302571978,-48.50902517379762,-31.604483275645705,-20.208358776810755,8.430335358892087,16.64841787472529,6.667928047255079,-30.404849622834632,18.01912158463507,-11.41556585103862,-26.597014610712684,-0.15018407467667633,100.17442260232635,17.79369379308607,-1.7542817125945722,60.34335639019712,14.996003216306107,-13.102310406439084,-19.40431411925766,22.67226514380201,60.58144889495742,-11.022886878143826,-15.89719560441465,-66.68757354143,68.77040151084933,23.048655190386402,54.79522084161333,-52.207832262418705,-28.233862324404992,-8.828670188057984,-6.170861323410601,-38.58946890690264,9.262517076410735,-35.66940062408878,24.034537538805413,19.4077703471674,6.363821186662402,24.11987444925314,29.862888775104103,59.70298591105206,7.951143674757274,27.638619315035545,-6.023335676075908,-35.45292094985879,-32.65345491628931,45.72307840061904,-20.848196119969664,12.633146579728445,-0.7747888301834787,-27.6227380338879,8.672426161200844,-20.21886944595238
-47.56981838811313,-31.267905882649586,23.818029030618504,77.10090626694912,-37.259237178329606,34.01002318035273,99.20663397355563,52.99324042820072,-32.78046233391859,-150.5468489416292,-112.57039234132843,-8.141175413164513,17.997220772161164,-40.458359880599886,-56.309826439612955,-102.23783523851408,-20.40148296594548,-116.78214479407433,-15.70079717548735,20.538259572796157,108.10490914654763,-16.21754827703234,93.09777827781721,-38.98091903271386,-11.93847916969581,52.19736697820346,-13.755212308421294,19.256145901700734,30.67136038042293,64.13742545005024,-43.04408683101554,-15.525219347927916,12.785436272198744,-88.27321979354655,-2.8277917261301524,50.96050826479503,11.088743801968041,-41.17013516990721,28.200853663661174,-27.531454524333384,7.555258218453022,27.94911876980962,-13.009253042107124,34.845729150851604,-24.226413983211835,14.947870572780074,11.687142902646388,-38.52367552906798,4.889763110689475,-17.764618293124204,3.900351820574833,49.34657551793621,-40.21797590615264,-24.13361157236409,8.326517221488835,-0.8159237125602968,11.801017388244277,-21.090036872064882,13.217219635066098,10.741458872960699,-7.057175551227548,22.716544546822586,-13.205867570710346,-17.08134414903764
-62.297013499998975,-19.33944238795,-20.499638386195716,2.364547981753872,-14.042316122675016,-19.07658610007143,-11.930452345782104,1.2893791959240555,-0.23711808365733053,11.586954079234001,2.659531619175334,-1.4675747065294802,4.159877261884996,-8.80100281136308,-1.7179301883641254,-1.2447932233366379,7.054023359839288,-5.161951944867286,-1.4929354867869664,-4.987813293923982,2.3856850590373084,-7.68596744262883,-9.318411407419292,-12.258962972829229,-3.6188837826137368,-7.436125159473952,-17.740985132360866,-1.8173077144928007,-1.831427921027568,-0.2735723014704386,14.376996750758444,14.963365925491294,2.3485138952874687,10.457325149834105,3.6770069169540434,5.23123622501008,0.8952484229504235,-16.87237439779687,2.1474841972970795,-5.473166334917493,-1.8972357039283343,-14.328837211322803,17.57091663127184,-4.390344726894223,-12.892327466443376,20.03085156333856,18.988769452965848,-0.04188283837215563,9.78398223726857,19.973134845846342,0.6462858233251791,-13.122044000420932,-2.8844785580793366,9.11808843279119,6.178270952527191,-7.855508339918376,4.007970679290375,36.394049853771925,17.324080421930134,-0.017146615774147,-5.831984637245411,10.402170424919914,22.876931290852458,-1.9443361698746173
-56.176907104994065,-22.67027784035719,11.523348234647262,-34.14190526087907,-6.525190950772174,-25.95195451911389,-7.685356974856502,31.407352666752217,2.46869363730586,26.243470347743923,-32.2987443767137,11.346119160158173,-13.75794716818943,8.691284566333637,7.602974476836757,-27.06178717075053,1.4943772720834427,50.31866137972866,-18.52240352156643,-12.781931861293652,30.058108760567077,16.00035702614309,0.6786329949760643,-5.180185896891865,8.922976479407092,-14.571627212453722,-9.446830371133913,12.080872803744173,10.272631892258262,-4.502810577735327,0.5845053850853938,-2.5273746501082943,-29.249879082981817,-6.3103571144252095,-8.974434191190387,-18.99802000637447,4.637197766562728,25.280328152809208,-9.284336169300895,-8.064423437666326,0.5712894118025794,9.531089504060079,18.427543091919777,-0.18074640628757543,-8.890538157068324,0.03203453723747542,24.665275621122365,7.954875330153668,7.0221338399504285,11.37783523658654,11.111603843587327,17.943095617109314,-12.985582616431989,12.202147950928497,-3.6759808503947924,0.702780922285421,24.62103149240791,-0.45582120824290473,-18.213424319765892,-22.16013341482719,19.16787958244869,13.0345474162408,-19.99374495460678,-1.9172455222564195
-65.30462568304362,-19.879580681815394,-27.46717022762932,7.599201086719622,-13.502987302116757,-19.41244427639494,-12.34046673189094,0.9660804049280791,1.2684121043464336,-0.05862916357096364,2.543887740203956,-5.1043766264666885,3.658575088096094,-3.6858619799776835,0.3643490508316295,-1.6417448223742284,7.121811350184944,-0.6194931837288477,8.881605287220816,3.7016827153173306,1.6232064972103843,-11.672707973864828,-2.9013449648551513,-8.449172340396368,-0.9748032192729637,-15.278979874044943,-1.446292096087308,-0.7733127273599224,1.958776705443775,-1.4324345923594024,3.5892199296652714,4.257622735035996,1.8786863928990618,8.954865127166178,17.295736424980774,3.380247201138988,4.631026411009886,4.876840933830948,11.386350404369603,24.179534182883163,-7.587662250115981,-9.832657641724994,-0.7894685547168053,13.573353314177728,22.83211846331815,2.171477951701446,24.47333794950225,2.8255789196136596,-7.702338326348925,-8.341051482455736,-2.952834386462257,19.300928381588864,24.225079983398885,5.21746012533142,-10.943002860721235,4.051546776035091,1.6570640646215373,-15.944763372777958,-18.376982244627612,21.10933256159896,3.624274675854496,24.24314938073376,-5.111670474380626,21.711860601901922
227.98379521251036,-174.43097689069967,84.85908953521985,24.36884747257432,71.20867174307214,27.457407254072177,61.13914278989123,-49.59048377404504,64.33421334005834,6.112814683392432,111.34577158426796,-47.59926707754621,-20.39193412002505,-10.665726302591517,-42.36292094821894,-49.973144559938866,73.89361315288983,-36.72034824282314,7.817661069616238,-106.11869082304695,-94.19309420118725,52.37653537823015,85.28511180632232,-22.509749129420772,-42.0144002003361,14.439138102409908,-33.831568341140986,-39.402155255130275,-57.12284557334614,14.153237614012912,-40.108212991516126,-14.512587283379201,29.202350563742705,-31.008837534445583,5.957238204793623,-35.184712822157344,7.819941227314727,-45.941191758297215,-31.264720725885326,-10.62485454828435,-28.15810264736919,-3.6526564489296276,9.815298444838945,24.85924810192676,29.006296296892128,-13.41388470111422,44.40234461896665,3.5060977375861393,8.63149124416901,-13.984191984537741,10.020738211628453,0.10568264756165284,-16.28002661507013,-16.445125241433974,-32.75391735137516,-16.181169759070333,-10.472540953911693,4.659450968418418,12.145851489617773,14.257605464468016,-12.100538390961047,-9.73876073147532,25.43689629662811,-1.5579374003519673
-28.515688826947116,-108.03311892883302,59.11674484630522,-40.61581290186182,9.196934641508555,-51.780261355053156,80.56784556278168,47.72786799946344,28.430016232995065,-29.16281758362877,-17.47895403440743,17.78107174686602,147.83051614101865,138.48089485149458,-41.919028005397166,162.62099192130097,13.85120091780458,-35.95268352487484,6.128119441302211,20.846929642814434,20.00918738399417,20.88966757656465,17.221809657907126,50.60347173781848,-2.981783090240347,-35.04819925452216,-28.241887394429344,25.937145138626416,-81.12666083506794,-23.82589061638732,-7.996000816977001,-37.49904202249727,30.799043711390997,-8.150685787204024,11.39762783123093,1.983122472522475,1.2488450014157477,-7.092513266587814,-64.21079841324276,19.53344463881449,-26.579026180708738,-1.265188043853879,-18.78173621095096,-7.590653891222703,-27.986493752623915,8.388922722679041,-26.059359451973453,-12.480719199801461,22.011213109570825,-7.325519968406052,-1.9355374429916978,-26.03879376689477,-22.244944993421637,52.98720249784166,-7.390568279867777,1.8370366950104582,-1.6671546330809521,-22.615851381283946,-29.38986565908445,-15.889441181758087,8.914773822693048,18.487364193390388,2.0938724427477564,-71.3008916705232
-7.83215728665485,-12.482327176959648,-22.986719354706306,10.620408157184029,-25.458706434795744,-4.6659622045907,-52.90914434979292,-18.31082237862919,-70.82362536592049,26.003763297864946,-1.147587054688942,11.965759664137654,-42.21923409865148,-3.560419873103004,-36.649910583701235,45.6823251650778,-3.449215528515118,-12.419268519314024,-9.933521807773898,-8.914421680859967,-1.0779328064892568,-3.9534144069538115,0.9342484774078865,-5.142343309443169,-19.206017337621883,-0.010160831502413627,-21.031204881916253,29.545772825536094,17.377799971756414,6.386184349014854,29.165785148953685,-10.830314117282251,24.703159451870754,7.0320506914612695,-15.02464644856727,25.506115896547048,-5.93379503470086,-6.313261699948267,20.43461522224941,-12.368083630670236,-3.107813641941451,-11.335005117608143,-4.767596761726719,16.015950328626428,-31.286631457470214,23.049193792261313,-9.234390823589525,18.240168049495452,-15.795344824292886,29.632973471722025,-4.457098945360452,-32.90810667548709,0.5051520299634584,-29.08878475024865,-30.793043313667496,9.328269376230958,-11.614852331485585,15.375744266998273,-5.535417730915134,19.335076472885174,11.842960197957261,-1.9689370512515112,-6.94457661937595,-10.437112135614228
137.4874039452398,274.0921419001286,-51.87518230374497,66.48365279840093,108.37276275635212,-69.09243575489965,21.935589204688732,-17.80380683937406,-33.96638520964124,-17.809815037286317,-68.79580478453707,-31.143257854823027,15.29814981141,-16.80348693079775,35.790397773439494,9.789724362929544,48.52842050131346,-36.68503537343947,-2.516126397417939,-21.868665828750636,16.478476073555846,-16.493510100537808,3.123966882144087,15.612229835467694,-35.60595948102923,-10.295002837879855,-8.02306431988771,50.83853018267877,10.603722730594285,12.899401443702736,35.76929371691459,10.105102581320702,-26.718594000310222,1.8183429008585557,-40.79015732065173,23.139179113125106,-21.456007408411082,-46.728620272346944,3.7622080526103976,-3.0419556035154147,-4.2964547725232,-37.65104294935821,-10.172136093299443,42.21425111522163,24.249208292321118,-23.292201319361403,26.95571727816811,-24.435535685054294,11.573800807189523,-13.526790431928584,-2.1778028074859086,14.833823619710817,5.744778003913891,2.8855609948249628,-2.777274711066006,31.979223134891736,10.850640563787463,27.629340104099605,-6.077895651711794,-52.34256846082305,26.655914592733748,14.680939618615811,-14.46399158134901,1.632199813596354
129.82397307227902,142.4566051319668,-89.40654827020552,90.27485291622281,43.11344760932131,-83.76954469455593,-30.02876329211807,-2.3966996643020417,-75.02032006316347,18.498609598103346,-26.817276044369184,100.74308892179414,1.7790076973496192,35.68462664362954,-49.23545050413245,-32.51928285594628,-10.645958352276326,-40.90164018531901,17.064344397103607,-10.696403794480462,40.03478698584214,-51.06998054892519,45.06366967633691,76.67979198175263,-38.328148168815986,-22.18959129373089,15.31928033489908,9.364180438742228,2.435905701995667,84.43053853269937,-31.70742278331265,5.262926682112174,5.828882371252689,12.104432937930447,24.75891582049148,21.1005185452267,4.068913163231857,-20.992516634191656,2.0686135137536583,12.676554618672519,6.0128247445306915,8.208192581298054,18.94197649902306,15.454319034509663,20.907630870074,33.14035931394809,-45.4512328672726,0.30794360717319563,-4.846026350390619,1.6233973194004183,33.88218696182337,-3.209504738611474,-26.05569790212604,27.274266412711096,31.162358652736344,-4.916959740673723,22.177466339614966,29.99767431400553,3.477483388148881,9.648570756842275,-0.28408455064610716,12.127529113815545,42.67934958079144,-0.5039690369870174
29.58781611001619,196.6606630369654,-16.212806962123565,108.7404461498099,96.86602327046042,12.634779808460149,-68.63353467485967,53.97039822217057,10.508110730071515,-10.28738622944896,53.306674003032995,49.24046330159734,5.558949710119596,89.48094324259483,-12.974620206039615,3.0815355548177026,-46.19771222738073,32.576685216053136,36.60048898213193,-7.999590636173485,15.44236213947182,-35.62262396640102,-52.27463165468994,39.36694118288708,-26.177269376465272,12.753088377765103,-0.7655883855525151,-46.080369694028875,4.602853968136368,41.869408920397234,-29.758541252966605,40.09497876221873,-5.034705569036753,3.3716791659344594,-7.100488926367971,14.454790700802203,35.94618492098259,-16.562257303532554,-34.19035458971705,7.621622715401143,3.56367749925249,0.3277555214249274,23.78293805792716,-8.947274526859234,-19.884358659978183,-8.704896875986964,16.16413013563423,7.769707061776753,-5.377695676148792,41.96367935943022,-4.738196097986843,7.6477844393939876,11.765464817728581,18.63712615366407,-3.882379163924988,-35.07558880075043,-12.811804146030182,11.665417846430177,28.124628698725015,19.84273777804123,20.972317602295448,-2.606886340158328,-3.303418958349231,10.61468348965681
213.52331834217287,-67.68720348518505,172.21253641002872,151.43196952631595,86.25248158282676,-17.956880056670894,103.16525576850498,-185.08434152653595,10.806077705921261,91.66160588266622,-4.932653822007682,38.87775797274255,-16.887855166174113,-7.729273639341798,-15.41334550125372,8.369546971566638,-7.084560031716561,22.509948681514103,7.297846360494456,24.805756857130394,4.741257075828788,1.9855817764051953,-11.393937651765654,-30.60643660266793,-24.23541012577869,25.41785030322966,42.48873915974944,0.3926803612571888,-10.3581405909675,14.092153770284394,38.24599141003871,-0.989398038277077,-14.153774122380046,-58.0786929812653,9.922033323130089,6.521412550674996,-30.105653294434752,-17.987617336773837,30.02268804480923,-8.098713726769073,46.86663941801375,-7.920255094347132,-27.290022068903227,-40.739452664617914,-17.830775382660388,-33.74459876392337,-25.584810065115448,1.7045790883779715,32.59260236982093,10.406814994742803,-25.64094973096642,30.176199649097843,28.66589994000986,-56.08960807337372,20.82556099028977,25.952170559323964,-8.773101958167937,80.75147206695972,-27.924115168047482,74.8832646755182,-33.33378739786096,-36.17901864914679,-0.6091930738380914,-42.74317025987779
140.4155262696588,-104.0600300248975,-46.45576612277103,28.597412888013707,-9.899779223237676,-26.918851974972135,-105.84822542127495,-7.100716258365089,-4.783039711539501,18.45405952610726,-66.97878074637309,47.99550109209127,-39.43443363324339,-42.3758616202385,11.729868440428573,20.569494026947297,66.81752153841389,-19.12769595789142,-2.2127114239929626,24.296541527439565,-27.242833813759113,3.4896722510163616,-1.279605078972771,-56.91378555012826,37.66272438860103,18.16666665739722,-8.996871521317933,3.8253143728907175,-14.588326366112124,20.76064721082131,62.82538283581646,26.57866477424641,5.2477999507480435,25.875041298905114,-3.7364174959634675,-11.780710208955938,-41.66593817017831,-73.92563623738855,-13.44580337339238,-22.580595870105526,0.7448537345281648,-35.052264015093805,53.84437353585569,-8.192371815790201,-10.460629737629796,69.00676103065555,23.47969153460744,-5.075535627833185,43.43954938050635,40.067764555136684,2.500406090979674,1.197542443944773,10.882341653908101,3.9882541721364957,10.938956699447633,1.6405032922407339,-15.718057068623695,80.10954485504898,22.502747320412652,-26.001663650312093,-9.175118168021532,11.967033950513672,55.517377201232286,-4.815620899041586
-42.65458551192964,136.47260139559558,236.8390269658136,-111.210064000504,277.98790979192466,6.066596208774253,-44.99033215813576,-35.582493423862424,-50.96157267675043,-88.45856506661643,106.06501161373602,54.86598379450033,56.39336202699822,-23.904192074913894,-44.470736927517905,1.14744705872749,44.68430684525428,9.374539333409754,45.71720950053437,28.37404566620161,-32.4663314115796,-1.374704846086327,-46.67163050924648,26.123513545553607,-11.643896670833977,-13.50668033703964,-28.99650757673434,-17.06396791520967,5.217570216927128,50.76888279432269,-35.666002895409115,-45.08818210930403,-32.6726898915188,54.993874524695215,47.6297587942679,37.248167080695495,-48.642983116557325,17.671846545509524,-43.55463650014656,-73.0044581978238,116.5336305951347,28.820804598024985,-67.60036699878447,17.005364747853136,20.69395260081518,31.039317817450623,-15.218956792859654,10.94760967597133,22.400104762467556,-18.86807587768378,95.81197606286379,-42.02445546680549,22.350411216294713,-18.35732285956744,-9.606670385552952,-3.733610569579095,-29.055293038774902,-18.69231557548668,25.794444503499616,1.8220431055871784,-17.073323792573785,37.181194250498706,-32.93291336106073,7.281008284441816
-60.91765942358201,-14.071651219718616,-27.62983743165953,4.472616875446099,1.922518180295241,-16.85192147448967,-8.918611152084155,0.13908051856976927,6.59779585454021,1.8093450493042431,15.809966029576364,14.296464381090244,4.9495991209469175,-27.347789116399916,0.6098723595024221,7.0463831961470484,2.0999025118697174,0.16243723794877574,7.143621520162931,14.234195504583035,-1.5131380434860093,-6.81802052489736,-3.4185697589163686,-9.042461723884074,-3.698007210396505,-13.850952059337873,1.181186180090563,-15.866450306699713,0.5405034146053433,20.142830700745723,10.048522951293156,-11.464392618855967,-21.638601100434652,-19.166377233592716,-13.755957673111284,-1.226669550984789,-10.349200104658141,11.552487464517235,-25.24982837871701,-19.727855767830178,17.863469226066037,-13.14734185472407,-26.464121655249304,-2.39704834247321,-12.689827150494372,-3.02792545604773,-8.621318482326123,3.9653151842836962,-6.981201536226972,-23.42471834576717,4.199876076221496,4.636184342536216,24.59100177424587,-0.19837611542124256,5.792210015078992,-4.522552247943534,14.785101266131088,1.486019877179196,2.8302248826334173,-2.4067020422138494,-26.095649734640162,-2.4818730212652524,-26.16535649569101,-16.656117886460258
111.67827602154844,-16.64829679786152,-93.13784323393398,-40.04342421035184,12.357197821881602,-64.88881645446007,-32.152510953785026,-90.84078697776816,-114.65443995635894,-1.763486740745921,-60.67263533598787,43.71661797273365,-42.06097437507279,9.094782693844909,-43.95146464637412,1.332783621544911,6.523183819989593,-7.180332239778146,-6.366417433330309,-41.253496363278735,-24.636729043017706,63.28915554587647,-14.26668705529366,2.634342120050653,56.6797190794022,-7.844930943508639,20.47290753469873,-3.6474192746741645,22.000529903851906,-18.683568886945093,27.36413781035196,23.726322809818022,-15.638098918336592,-7.335964359619922,24.419816702140594,45.29450155224696,-10.686874538366604,-34.865082788820516,-19.291110361385346,-22.373384691517735,7.162384911061059,2.593381989846858,2.85749210747267,-15.610391405643245,-2.8786160984781413,29.289094705621835,-17.925368479961815,6.4234941481605645,5.846760462361411,-55.03798881851262,-9.850333067239012,1.660777832630745,-7.0660035386680935,-8.86386152621255,-18.681311976418456,26.464927966304433,15.146731649080731,8.891240567658949,9.896418045176244,37.18809848520598,13.850371028781733,16.962164680024006,-11.766996083569817,24.031018881455072
-61.08847519757316,-29.00022137907473,2.3149072060914144,45.97673926106731,-25.993356573449287,12.28341698447055,43.97711688794572,5.289748360617044,-33.3233100516926,-6.137058521617562,-35.26375711811253,33.49169951723669,22.90016553618723,-15.092851487959638,-1.2305798053539028,-28.25417862190329,-22.71777878978629,-8.178337224388004,-7.461585593877832,21.359458026828346,-17.313330494468715,-2.77064771176462,-11.83785109199476,-5.750943236060705,7.942743417436461,3.7282156592541833,-1.6145068359445487,-0.32745400746432013,20.08749703424551,19.57659463719627,-9.803316348845069,15.088479627306926,9.944537090930686,-17.307586028609176,15.476839752152646,-5.016187308917125,2.0018582719522535,-15.61157180327867,-1.5202152906204431,-0.7298935189787144,4.2026403614643995,21.06546521191277,13.534425385118487,4.827771285826125,6.508196130215496,-9.499575568259981,-4.94316174014793,1.684303658032053,-3.100080545469003,1.2694247862714685,10.060418220655258,11.137206273664832,14.467096781117753,-16.99055448703885,-6.049538265316241,-6.099854069915251,17.99853406506043,-8.422136271888,3.4748967861495785,6.443417661736932,-20.285498658872033,-14.658526574503888,-3.0096005463367606,-12.879479975756512
-24.10969143787115,-51.45506555386736,229.42783178540662,-9.280122282921878,125.02984254228512,29.449156574860574,20.84052199466029,-52.596682090757405,-32.51749043643002,76.8813536827978,122.23470261854702,-33.64783204949866,-28.662773558990697,-79.79468533235217,-53.879850423032885,-10.892739164697433,-8.456526157281896,-5.583602994390133,-18.83774019291363,-82.4540713103033,-7.441576992345278,39.17088616223775,15.366131741350804,9.392512326448596,12.13865054711972,-20.287145320759702,-45.531089802498244,15.797223499876766,16.136959572017762,2.0429325021993927,14.689496262327962,-5.392153827439641,38.26559451949247,16.12314014853707,17.05088631107138,-43.403912280424166,27.66638022685042,2.8645216228959263,25.049912080108395,27.127837773219117,-5.1895793983886245,3.3130534845400286,17.12807475101612,8.455339347432904,7.4682043124046675,26.01948799008146,-16.750876555702707,34.77903057981404,-8.19771844840046,-11.873129280759722,-52.9132037427638,0.42368050878197594,7.179376838449384,-15.58652985578003,20.20657398991522,6.104829543480159,19.151792013050642,-11.203740036813752,-26.685047123075975,-22.341161550225397,-62.05101572806561,0.8812191161182809,0.9382588207914494,15.85384610893635
265.7022424653268,-135.22608001311093,80.01030712718111,79.25803194353229,32.251344869277624,10.214014079444741,89.20678157588846,-69.00796932032797,74.43320476873443,16.302586112604597,39.49950123806089,34.50129783879579,-2.1661532409726822,69.080989035642,-39.190450635655154,4.68374882019014,-26.740565674391878,5.345508576342346,13.542062214385133,7.25062513418149,12.281693633989311,108.47449500096293,-17.415176681213225,45.72993351863379,-67.81580428640834,40.64116611774516,39.71085174032201,-25.214923294673223,-11.628857955230066,-25.986053341576145,61.44533550016935,17.155297751761303,13.33672081619215,-24.730310192204897,-34.97811509330465,-6.478101840873313,3.0078285562301366,-33.84304965763104,11.670385209369554,-44.4783240385324,-93.86081079180877,10.13400738881981,-17.434992390261172,30.127040423957986,17.638493066828364,105.77492569315267,41.137365230081976,21.84809601311356,58.84353185701983,5.491625605933872,-16.722293939459135,-27.18632141328929,-3.9567349259760882,-7.381493552605044,1.3298294937092503,-1.102007200135102,12.51626158933769,1.607330530791176,23.87620268196858,16.55328123733701,27.87747366440675,-9.023238115427935,-49.52237179807318,34.34112269131233
-39.626689910586144,54.956691774583895,-119.44603613852729,-147.00053193517843,25.964634642622023,151.4775242274827,87.26935210821838,-50.37996970587704,34.40365830672474,12.570340498288324,-30.8390557695891,-61.06554686260929,-38.96388216827262,1.210700659426234,49.857823597496754,-15.720937265816447,-34.87161261166192,-76.4444977824717,-5.576592410169635,4.759614845153091,-72.58447723129127,-36.449791882038056,-17.8352992099017,24.83227136589632,-12.00774962987472,-54.26187991648345,17.996255872050174,0.9247885003209201,-34.49075653368109,10.225409809189584,-25.773927411510716,-15.71312692554657,-6.54892698352716,-50.838573770577796,1.97114163407801,33.509098914764806,18.859764150693305,-4.140023038391275,16.850667383488755,3.8616330164071853,-21.727401701818213,-15.59277073517616,15.761132934048073,10.664599007709205,-32.690529470697854,-7.133079465598608,9.412973306986494,10.436886006057344,22.836330223719184,-8.259360678169465,-18.595946130473358,24.901861022101407,28.241636206657773,5.41649720819053,-21.990529827127613,-20.0242199587869,-49.312294137790495,26.614741186361467,-4.734561438723546,-37.938238274824826,9.02613551871228,16.18395247751584,0.03659145782950314,-19.923482737870586
71.26878416852871,-18.87161593781994,79.90511712584176,3.0686718598650335,-124.74276105290234,117.6527171694732,-150.52470414893517,-15.292841668332295,-84.30601546522567,-22.720870854626416,63.833136925689814,-5.303761201815104,-50.54819650802978,-30.449351307157954,7.169848501518116,70.16247086530598,55.313217439222356,14.410445877553922,19.631457268249157,28.621435677728826,33.253938940656724,-13.053295550821284,27.758390430351415,2.49186711292476,6.622016793101428,-22.15417646613077,-59.46915170527151,-45.50454994027732,-28.249609816875573,-4.008810854733186,-35.312378332185524,14.047439581656006,11.365710048968953,-7.677652275996788,-33.45390801749556,26.95448372752757,-48.348161751526135,3.5604331354767362,9.247105247470408,22.081734933307676,1.5144663047867548,-49.51737235419179,-19.527276028592343,-10.471124051257746,-0.051181185041131845,8.544465656383204,28.925174582118004,39.074520044518785,-14.866654346420518,7.919307770483489,16.170507025407638,-7.118714707962107,-8.925935575433483,-22.988106509290343,7.085223895262567,-18.394111338559878,17.01039905261018,-13.088271129869574,0.9735248269870774,4.9920187964519025,3.366497922996228,-23.04428140913819,-30.549189764713805,-21.365242106015003
228.07711713815291,-180.5799472965933,13.429177718962242,12.203240050023172,-6.569963894398733,35.71325207421182,-20.82829531060594,-7.255162699097438,95.63785561223547,-54.7601701584733,12.377556046599462,-44.84046158343184,59.98635108195876,-6.436470964578049,17.873277523816952,-34.13530143792544,-0.3910601296937196,-28.27808734425422,23.546238343913128,-1.0215057705888462,21.803342890793328,16.784481636730646,-14.357152851633861,-4.382076577068136,-15.114189971675385,-3.5986590238587954,-46.72271724379245,14.243296404556716,49.66326507953179,-39.35109165193789,-1.4667746392815975,8.255131391791666,-5.1135708259919985,9.213368598474377,-4.529048373025831,0.47721929691087406,-12.636144688860213,9.223680726110658,-22.71058499363903,-1.4080861454163818,1.139764410195596,-2.5721576081140523,1.3385600460199396,-0.983206605388032,-2.596363939738685,-4.236804436973914,-15.596973502827574,-10.790739737855922,-12.454989570940421,-1.4892478697332168,8.18915846230045,23.260468747925927,28.312222463221733,-4.842064120272267,13.605955821931994,17.840020735571436,5.43526058053851,2.523198735953456,-21.132758915931877,-7.926802865820157,-20.81117392013806,10.866673706745356,3.6809184047875916,-10.12210411756215
-60.771163575911054,-19.460043534071986,-25.93954486903214,23.738202191189398,-14.603145749627162,-19.425329240859103,3.341230906738174,9.12264608736847,-10.078147185331263,-8.182248072876284,15.330367834620148,-16.14462267835836,-3.5868176465615904,15.142535322895432,12.19284260226572,-11.303150437243527,-7.0326259258319785,11.665717827494138,-12.79576533456072,9.381989161558831,-25.249955516097245,0.1066774310157908,-4.865487948315996,-17.0776419893355,19.727067657963357,6.441617183405544,3.5239612802562443,15.124195421185002,0.20443667337224372,-11.154098423026477,-5.696637453127941,-16.63558234267763,9.511302384513177,19.203233229058583,-9.658127963787308,1.099507913430714,-6.952812547293539,12.12100491929281,-19.874216631899333,6.254648852419933,9.847555555650754,3.108709094404115,-0.32192557427073715,-16.563904852108585,-5.969796480766176,3.791489800125903,-6.4633925489435695,1.1042549591975346,4.97681234584553,4.292666524821195,-35.83993693799156,-21.221160930054772,-13.08779921711357,20.849491403076254,21.62679925283314,-13.600305511506173,-44.79457392560837,-3.8746190560273357,4.4667375655077795,-5.938343044754276,0.9386773990156316,7.572241876286779,-18.366876516614543,6.983749721327541
-61.55582532189369,-8.362826469910893,-25.707043189277982,13.00574536598182,-7.310431667426276,-12.207647532202014,-8.816422238392722,1.1783424925768533,10.939507356409557,-2.592180509070507,-9.081721477294781,-16.43442030390604,-1.5227785138878345,3.979679268104838,-5.2820037133645,3.7323562278084608,1.5327077384788577,1.6842510477323542,7.347434078071003,-4.5913759062946875,-2.1800193543126514,-0.3599187715968887,-6.110343435550738,-15.98817902543453,4.499591449988572,2.6529793691627743,-4.107584448714114,-0.9182785877987323,-16.124366612226044,-4.034732414877012,15.036925978473203,11.627456695160319,12.784459237429045,-16.077831347916902,1.762518431919179,-7.910927828907364,1.8820331413562768,28.12993485117315,22.570509645792534,15.298301735806248,12.98339010704509,0.01769182213302425,13.092010596272514,4.577197544640146,3.5951171177935395,8.513110849430362,-4.30146229619623,-5.9283581696394,-2.233811630752736,-14.896415813157025,4.91711682841284,0.7485172179964349,16.11645211154262,3.6279123110116913,-0.6364736290752057,-5.177728279634091,-8.031973610688413,-6.727469531708391,8.519426507007454,18.862305708588384,2.2634101746717468,-4.685834021321813,-12.179530965104105,-3.5590661583506824
-42.71553772197952,-2.5457750198461855,127.59473741304299,-89.34917157504266,-37.861139889712874,-75.48288909759597,-48.80453298567948,96.22999228093829,68.79258813032004,112.51718929043523,-130.48160738395615,-48.29880046172121,-52.36526644088526,-24.681004978406058,10.62777255918626,-43.25047705982791,-100.25450858037192,30.71743879286306,29.118782021233542,-29.072946399776587,7.085634602906354,43.826938414928605,-9.424007831944158,-33.61288801475187,-24.07191672920921,-51.3234060153924,5.204837259580344,20.806473490058014,24.281530473178638,1.5915314004928425,-50.88458233696584,-60.33321292694135,-32.5191340269379,1.4479087543087006,-17.94607977132795,4.749286823008304,-15.422038439304247,-29.43067573341611,15.36398286745954,22.130624076184013,34.529631943731665,14.82351331028569,19.45292754443997,-22.447280518914866,14.105608326209804,-29.384811024094365,-22.584839376321746,-5.941065186225537,9.643054375437455,-22.711263374021645,-54.40364256885699,39.451283845634045,-11.70716025022074,16.502432598523328,-34.06114630656148,-7.429881527442285,24.03246824160776,34.684057457504046,-21.117907884337946,11.61116145264879,-6.89881946584678,-24.93240568022656,-26.64259822189108,-11.845814318879524
-65.42729427040983,-22.29986127701564,-15.10133181179396,17.880007270690285,-10.000851272552975,-8.911848519119745,9.414542586615324,-22.617238840008994,0.8369614281697265,24.27820217255306,-8.017436428904347,-13.118899176982334,-0.5857746023484984,-1.224603849808654,-9.750598220209254,19.666069924924912,7.781315585503868,-3.0738480437079656,16.587372459836445,7.799703191732809,16.155283287328594,-17.711774302447683,-6.474864821380329,16.99721409000364,23.771748349749863,3.5407007942163804,13.39814920433361,-10.938642133491511,25.432170671366077,-4.277444245956104,-22.817016400516774,9.656266419818897,-7.571877300995676,-0.21414433100642605,-6.094849783284761,-17.934876868833307,-15.930823741554338,-6.131202244311918,-11.802218463024724,-9.044044815299149,17.24149520166256,8.99561716501146,8.046939998730135,-1.974765893384451,11.878599527142212,-14.918198986832852,18.41267726824433,-0.5838894248876085,3.8509041867053093,-4.429716429828018,-12.987109209458435,-10.50654488338009,23.381579188062545,-21.708922557445995,-4.767452488694579,-1.5854907757014851,10.819166578311695,3.927973236372193,-5.140733613715935,17.048182903355467,-9.770795619581271,-14.076370211152776,14.142083864640073,5.2119976375224155
67.31523976409036,-128.9725148072567,-33.044531667891874,-76.56593186591464,34.08081056644143,-14.719979920890736,-61.77399203542855,-23.53873270289154,30.050667950238168,-8.375594372731086,-19.71349717495334,9.231190006893925,70.13984351903841,42.813823323843486,-60.74355352038908,33.89699555172982,43.438970585082224,-27.177009560301276,-44.31287528502455,30.12952190391676,-16.59734872528739,150.10871241217777,-63.52532295099909,-45.86293111418719,13.484695554779258,36.281913597716674,88.2727092305496,-46.730839507667056,18.463726269513803,-6.632647605578335,21.803586788440725,17.428395199680526,-42.16142435028691,-61.80301262120228,65.95172573086883,33.44588864167865,-38.403747239016965,-68.98561165042595,46.08271987908832,-4.80313131698851,30.671936069927664,-17.298185973648682,35.29537497093931,-15.894779282389715,10.479207190030657,23.124167738654624,4.4565212663366065,28.836272471629535,-6.579456395405815,49.33473305480514,10.41429024781272,-3.68689502347412,-29.470283012712816,-18.787829016594113,62.786917306770285,1.9257040682973579,-39.117471011152396,1.1954427639063085,3.955548441778569,-21.92045363633297,35.62517118581454,67.99559477885299,2.2517962027776584,0.1401786056095233
-102.02030211215575,43.315120674462314,111.89888000401707,-3.705652489263188,-138.98889638761233,37.610386684419225,-1.6851562287280637,-84.67291308828382,-27.57384884652583,-125.75079941206909,11.864791883057572,109.19041163260427,-54.78998766240822,4.420950014062269,43.9187062688125,-7.040237843800023,3.6975112874638807,-66.87620013590204,-33.89033996209251,9.437582441644576,24.54973056013458,-20.043449222201996,28.864442155222225,-56.877490392766994,-39.41100245266766,35.74258688846191,9.23414891779785,23.037672414944968,6.306498279940279,-0.8283785205628643,-16.84425958227527,12.64521346696651,-43.19690622805388,-44.64180593475175,-14.190363269604035,57.75876880105054,-18.79159494813707,10.999866266639005,15.382053637888951,8.986832690677799,19.546343250290036,53.17375157885638,35.54713700846809,-57.526695309658066,-31.443317730856524,-37.61902545473755,14.073952190765224,55.07510994938564,37.24022355844571,-50.05525419599695,40.42432732493061,30.983929650948998,-6.807884769258449,1.2923759354865203,43.12084688123255,1.092244906702613,12.821066694570797,-40.76291452697943,-24.61604331911017,45.983205552484876,2.8478914222848357,16.859433652159243,26.752297138291045,26.585004452296296
-63.827664637802556,-13.087435503944864,-18.8515327955347,8.323803822793032,-4.338844857757714,-12.161408857119577,-4.777512863582776,-0.25762807764272094,2.504521587115865,-1.517425377422297,-8.804343421155432,-14.623275682490968,2.3467492831433425,-13.453229664881652,-7.692002899161492,6.154892601042381,-1.459800743398651,-9.381187464209125,8.04794491079181,1.8702826565904374,9.622682224779373,-16.859215109443216,5.465976933939193,7.878922888204332,13.804235718567686,-0.14436507870458593,2.395905196779823,-11.180975995264678,3.6186816448896226,-8.33463031042429,-10.713538030851847,10.687451895844706,-10.016256201115587,-5.247084388334011,14.573108899356134,-0.8263362356923322,-16.351572204794454,8.939269291474746,2.536890629971382,10.410350449048156,-11.529805228553377,15.753817369907756,17.925890888796154,-5.864694499352126,0.1929847105918749,0.03152445892350041,9.103210675330923,13.29413852303552,20.701754642157052,-10.020537319087703,-2.8561624552191716,-26.768251609167752,20.971739133588926,-18.318536541382237,-10.807333373285596,-3.264871291887846,12.039112712963146,-1.0316122889395423,-13.112323116271092,-7.764257146238775,-8.206362840637828,-12.34311633475586,18.107610511117546,20.600273880918145
-23.153103430386338,59.673975587263484,67.49340228743704,-60.30757373899618,-90.25395999810226,7.783403715106037,-62.77786894477595,46.8531848866797,-30.564326738407292,42.15697329885786,-31.081761982456808,-111.13051009188756,-16.123389581257147,-98.12667260306678,-118.76750554618167,36.100960778043536,-111.86903271205435,30.811246524649963,67.38578831133896,21.264400906532185,-16.19917898271899,47.22241017120816,-2.969472509367226,-22.667179021357,-85.50529584501818,-62.59725669782477,29.342459881575103,70.47185572455169,36.87188913903797,-14.81953339477901,-0.39853802636218544,-9.431300905791888,69.93909967655904,8.090744091224192,-34.82429197631815,-17.47255128956229,-59.55575372897659,-52.98039515567016,7.665245880739596,-6.1433409793189515,3.815559757990518,-1.3171880346961373,-0.17050383466372168,-8.788424802689441,-38.669979251616425,2.1565514803908403,3.7965422455439843,25.589316207216456,-10.704280173768113,-11.357291641634683,42.39185898186778,11.931838858401775,-33.635500021700196,3.270630544546967,-20.03933809297051,18.929067959934216,-20.027060446927386,-21.73461384894864,15.56766385786515,-8.371290731480487,34.012909969669245,-41.14319164512457,5.3363350524163105,8.939292072367747
-37.66572865275426,-22.536750388881497,-42.5282115620386,7.744273232820185,-5.982171256046477,-37.7821408040936,-18.222020096265013,-18.821953166752678,-20.363725357097636,2.9141821889872483,-23.364663591144527,17.494169913840263,-17.259053334238175,1.4022333672663616,-0.9183239440427184,10.246294132909677,14.98883830498895,-17.301170257533837,0.13933362615134215,-19.163221263589175,-6.667098665188956,-1.5274979345935968,-4.208936259220783,-7.396590461272265,-1.0238984864960767,-6.708873093040594,-4.299345688665579,9.637205993623018,21.043430085881745,5.980488205345816,15.592973056021748,-3.5325920576221455,-4.965375780363602,10.834482465676428,-15.770621876395385,3.3664112996274786,11.340755656801736,-2.5104329145725237,16.627388335239083,-7.662624730566198,-8.373958110476266,-4.007558072952477,16.28824256271065,4.636369951434464,-9.602330969869442,34.10275114423135,-14.109131531925058,7.919385909411678,2.7601825048876885,-6.748918647278312,-3.058566285907237,-28.917366013317206,11.410761049321128,-13.23650466175369,-0.9305497794185581,-10.161489357464948,-0.6341999179324498,12.011065160677397,-25.442428271817885,-4.7661252238993725,14.708988965411532,-10.492412318551581,-4.9365740967702205,-7.235913316925577
-34.86417855272859,5.851226916406923,-29.73317484346026,33.84272206607807,-7.543191207657753,-26.8128296065519,9.858478831652745,-7.135408526221811,-27.56207443646983,3.9907426205434327,-17.903710908619875,34.30971686969128,16.68134700428255,-7.562734707594987,-21.92659589914146,-31.945501458918837,-3.583461792344717,-27.879587192341283,8.20723954131909,16.18031510710096,35.76099226003354,-7.734938307615194,41.96499742409121,24.805046446853794,-18.568158770701974,1.8260106068195898,0.5364334269665935,-2.53444549337035,-2.0359176394772973,53.76285012633117,-31.082471808960317,-4.961692277592683,8.142017338076915,-10.351599175772439,26.512497250588023,-7.365556797136311,-27.556326255971356,-2.790767603764961,-24.4071488987835,39.74208116027503,17.888375968251303,-43.86735134074732,-9.881808359936109,2.3633365679377816,17.23925356517851,24.296763457304557,-15.787617947679744,-4.077964389857566,11.596903221665087,40.219311515166886,38.159667955575316,36.41860124703834,-28.703003482497113,0.9276243802028219,44.774136066106195,-3.1256984123650726,-11.567586484390413,26.220624489875767,-24.96986972257308,-6.222612828532539,-12.256131542881832,-18.230430459747613,-10.37393814887954,1.111682048426432
-60.07997299935845,-15.02283951722749,-3.402446558375523,-5.051783543032238,1.644692839908986,-23.184412878574587,-10.49351496930741,14.804834246112542,11.83183658214641,9.072948656071304,-17.535459249088337,-8.192057042265729,22.587973166031468,21.706836852877544,-1.9632451525965913,28.90573254511807,-11.080635316269627,-28.825051404333646,-21.5738265511607,-4.174272748933638,15.13268502920975,6.238126040213227,-9.545023914724998,-8.976104540815781,8.2239466488659,-29.61678826094048,-18.007329318389047,8.794782519407958,-54.43994636025893,-9.497202124397788,-4.789135064708548,11.560003454301564,25.18196432324511,-18.77111666540356,3.937057782198863,0.47665778314987134,3.9321398128184866,22.87735964688829,23.794294830597337,-4.953520688203793,11.560083030489778,-14.443326719449557,-4.3612146396361435,1.952700681643124,-6.617354076869706,19.026067003891264,7.942048584482045,-22.084215394169572,-4.6846053921102895,-2.696302211206997,15.282141782619314,-13.301208997281032,17.889981268161105,19.641983474693582,13.181725796602858,10.992703054965803,24.583128349006195,2.3252475246778532,20.519801771952263,27.485676146406785,12.769770469606543,-14.311558798048864,-35.27358441435608,-3.731016542914161
-66.92690460123437,-19.699192486313315,-9.773489493987604,-15.425210352854926,9.821193580895043,-16.331407240804303,-14.116536762833212,4.116764494378664,-8.814528988102065,-11.125811809734275,-1.695015173261717,11.42117617276733,1.5536576177323749,-0.4571341479595043,-15.015007934115301,-13.983692487462756,17.311488000266227,33.81326135012877,2.9252579821374924,-11.38477029176316,17.337951134233453,9.169140102179474,-13.19208417304605,0.05259706114147726,21.866676275114585,-5.877060329959268,2.550951176677298,19.32918709636893,7.893500883263177,2.4992170537385587,-11.180881421834012,-0.5443261949666295,-4.152387481081144,8.303385678864023,-0.9449477097600213,-13.872371707437802,8.386096072915992,15.582615088181322,6.3800936206465995,-22.8813230783926,1.8410852081522755,12.815310165055312,-14.671242866298448,-8.670776378593898,8.76496487610817,-5.122084408284893,16.322040438307962,21.30691320428605,15.85008782506818,-11.517154113959062,48.910246660422196,21.171595365974056,10.787269469738206,8.82408194144832,-9.79387856101433,-6.753835329507143,-22.591542836813257,21.37293166423297,-15.70537444416517,-16.116548430357795,15.666512980527127,-5.8070129310654846,-5.3826883490904,4.847906950275355
-26.117165418953608,108.0213032601159,78.83329241264957,-99.05674065691645,-168.49200484495756,13.802710135558677,-36.5828785057257,30.376473238270687,-6.339412707110478,40.905469093402886,38.63893277940638,25.834107954339455,28.276017089736083,33.09235053076252,76.09595337124523,-7.896600190070112,80.36278500722422,-40.92507489328795,-44.23288027554166,0.9136516841844464,-1.1006613864195962,22.17036143672413,25.17539758590852,3.8932808515105832,-22.305943370395727,30.39277610891995,57.90207250030081,41.55414326212636,6.891404812272323,-31.704073862489082,25.692566960254393,-72.38330662766218,-91.60335711768732,-31.334049153070957,-2.3434483963794595,-47.159793614218145,34.0785674380401,75.36778394091466,0.7515059212167338,30.684037300771593,61.14547864480571,30.508475947225726,-34.77747898484161,-27.55016555242355,2.906007887219103,38.85639555218089,46.1035330386329,-49.481859940601396,14.207265115272556,12.964843127783537,6.9899286638168965,15.350783734014776,-57.23931145008408,-12.35698436230785,-10.929152200355798,4.529462175201672,32.3610838605175,17.2727922490914,32.000514409128236,49.28874422744461,-37.33985213221595,-34.63526317113194,34.42640042255662,51.24241732398521
-14.486244412800495,32.32674369493901,50.36810865249565,33.20797667192215,-38.71073466313319,108.0743621113979,-133.6166876309777,42.57970423518281,-107.05376851364564,14.787115506384348,11.386264536608314,-122.09415888130607,-19.786213748320513,-55.051429564262904,-91.92800988562394,99.48757039633773,-27.948016779658666,-23.034561507214942,11.61880511768226,26.817198280152738,-11.869905132438753,25.637912898572974,22.434763908243987,-8.015070069805525,-68.22264526686693,0.8251590237314484,15.677080112241898,-27.152421836345155,-18.00487766316784,-33.7375900161566,8.570650131367342,-10.580878814845533,7.440258193384092,-9.644725221872235,-35.715233838534594,25.30146064128809,47.304034949940906,28.26021385317725,-23.524658529744343,7.195412627678775,-33.968153343524186,10.492811396048948,-29.014922720878698,71.74382397726438,-9.053709656362384,-43.60925567446431,52.2950438705612,-27.758937777666695,36.5044600642788,4.227222720393293,15.919508945401367,-5.7964630843349,20.28680616775594,-6.576127414052123,54.06538583013104,9.643767184908551,21.0452515797643,9.115108645840149,-11.544827446346885,-33.842184713763075,-2.09053382140265,-4.331202170057851,-1.7199070783810726,-22.526937539569968
1.8814311821614769,-50.01253762788915,17.513792982882247,33.55387059503389,-35.4257958133912,57.681909462839,-38.677575700135556,4.1252090392954015,-35.232775469149274,-4.032237904471121,-1.4690269525907653,-3.151580532360395,26.902969481759047,-13.076436033689461,4.619132858318369,7.739270410936838,-12.34941881222318,11.919703620138765,-19.82988884031796,20.711559696376483,-19.498615731151094,-5.555324795791525,-7.436130830242695,-13.469305323051785,-1.5076304914413279,-5.711139830427389,-27.22771906079189,-1.6356164636870765,-38.49284856232706,7.945280856661159,-22.678341383798916,25.552353523933988,-20.276021787718086,18.509864560964736,-30.07764107394858,-0.19986593574616715,-10.08205343229196,-6.950766679225322,-9.931799821943002,7.95644248084596,-11.85592172649595,-17.6036846061666,12.290451192000454,14.720719143124715,2.3422835862914506,-13.131393518738015,-3.4150148041876744,4.620828598661344,-9.268283717136608,-26.385225983455793,-13.124238274474381,14.885001110442852,7.793312412236708,-1.533646738316384,-0.9693748643207462,-19.771301187483797,-2.786404976961417,20.17680909245967,19.241535192388532,-13.90986184059016,14.040457762458507,9.142901171731964,-12.373362317129638,-17.617924160846563
-62.02202305136458,-18.65096019584597,-21.2835019694271,4.564054092716969,-2.689161289102656,-23.899286678714805,-16.654370887851066,-3.889463097229619,4.365209775822522,-6.644183731749349,-3.6584831585192483,-5.832657740682975,1.9494006813935918,-16.205040978737788,0.022726547721973345,-1.0209729849314493,-1.672793492103913,-3.5954341781072103,-0.99581527359381,-4.010237450983962,-9.25859196273698,-17.164991001806825,-19.296558406870037,14.196946133835743,-20.994399610398894,17.513289275250504,-6.207507822338769,-3.2325659261050115,4.401027354829022,-9.238892911232293,-13.45903821148603,-18.92349885505889,-9.296004472970473,-2.119432951351706,34.758228190136464,4.541093319066274,-14.213767176311238,19.283273994021766,8.298488328459966,-8.30422960627729,-25.204442267192444,10.250166164608238,-6.163699333159697,-10.25967412721454,-2.5239876742087013,-2.4913927213386065,1.6207753710482231,13.196706795184454,-18.039546137968678,-25.637860914027364,1.817652903552839,-10.909723916359559,-8.316994251747877,1.2176602329498107,9.648924643264433,7.629047855470578,0.029700623749130354,5.994130666528693,1.8186468682170864,-7.2494716447949035,14.348648704079967,-12.429071435520653,31.165098708670342,-14.238781459056831
-55.45629963188153,48.02364352719395,1.1945440715639508,14.70044085686322,41.892826932996854,-3.0504472426329574,-15.725019547140745,6.180206095408549,26.196401329153357,-28.924118536956556,-42.89431572607507,-37.25873494444565,4.494086104042341,-12.31574243648255,-10.71206616612745,4.72144939989174,-10.345899594037899,-21.31217767398543,-5.286736524786819,-12.484189585512153,-10.186660701826758,-7.587457591790179,8.19728291871487,1.4667244229957765,2.011893261185416,17.001003216954512,-10.895475370285164,-8.13242110401074,-25.074613378097823,-22.190082184814315,43.8078133253147,20.353448430618,0.5164379761864861,1.1204399324213579,10.889823533248315,-2.4679873180858793,-18.704567342913606,30.091993525575653,18.534873245566533,33.42947067119102,14.6445279857351,-4.162939914715625,-6.054363792501282,16.09041367898924,-3.813754205034719,8.608681818103182,26.034564375556634,8.255522920198393,-54.00163109197505,-24.555742513254646,15.440814399652034,-17.801966222757002,16.144655566779754,-4.0399293881013225,-19.298588104917243,-8.19727989804847,-10.406576965505506,4.74978827543311,11.04223115985868,6.792922616253931,24.18494877858236,4.157762870263408,-12.241470640156376,8.10398290758004
127.26835177388097,-78.2101758584106,-60.24174366960858,16.55878773592952,8.145332765216512,-82.55523790327665,-51.077730858124845,-49.3084136115595,-40.93757986817881,6.339390588036835,-71.56840450988193,50.74115976353654,-65.7348788436858,-9.152198399699117,0.5918225072761787,7.701200859879029,13.931400755004018,-31.95798303914479,-30.670358220703594,-33.67225184382578,-17.323992223060543,-16.28130448014666,1.0567920874960472,27.18796958427772,20.461852471366413,-8.165144272765176,-6.0548139971028005,36.27666433449614,20.33200191839127,-9.9757587047529,29.95915253219936,-14.792875456894278,-0.42409946061961656,23.65148504834338,-37.97932888429202,-9.576537057008577,-5.524547627073961,-12.98028694473357,1.1186991791748633,17.42546768510693,19.968500023847394,-16.592523258512546,-12.352249607124941,18.26856549837184,-29.525376267215062,4.561432206163277,2.1404670658755105,-19.7868166506071,0.6038710365613559,6.184570902469454,21.871353248353973,-8.785133448902577,9.27696381065256,13.241208818216863,-11.17392608090339,-7.341134339428954,-9.992183093498642,-1.8522122635620653,-7.665325436796495,-1.7044945876786872,-11.806286496959032,4.634923526100096,17.097858130125807,9.733878470520322
-25.388985973616304,167.24346377294762,42.0163420441527,-123.23595818105079,-103.24633702503307,42.5934793839234,64.69733384155538,-85.25841077108238,44.89395712270447,-55.15440843128322,-6.937539276501477,-19.662337981961326,-50.14363562665638,15.336188396546754,37.82933740996773,0.8366831142203001,45.38434101032609,-24.18123811151958,1.2097075482580295,-19.362063769262598,-30.799036267373932,-24.01094358339816,-80.06851467871627,-7.303873791136756,79.14382180352574,-41.18989269644592,-4.516860357346641,-9.98809967775834,24.31863386600919,44.29338986004235,-5.4280193393962834,-19.953041864147945,-13.300339786176224,13.659829051880424,60.34319640568806,31.859318022987388,-22.49517815478529,15.479348854464995,9.76283837351379,21.981248313961796,-35.077227433024085,-28.167386153279736,-33.12986387054069,30.531582012136923,3.9777359173442637,-16.34777786721176,-22.870141656530553,-31.024820502990348,63.39853867268595,17.532053349721785,23.76150900427055,-18.72264170000501,-4.938137548574074,0.4210270662623076,14.75294346752722,1.3594397630296393,-16.864194953471742,11.579838861007609,28.96616099523382,12.196273666888727,-19.850373155895753,-6.606789446619962,-19.419657195611748,-26.6309363836634
-58.122021180482804,-4.370515208859587,-26.296011691431133,-20.304678414206133,19.612451909842356,18.43351689752772,0.13407726118218355,9.577122080889675,14.46941012226368,38.33834788245336,-7.1279047853334205,-2.3492247632655503,-7.093898623381465,1.1979145400896132,76.11493481258567,-11.280026615062303,-0.7807782409154008,-14.498065802040678,-18.062689867059635,-16.141755843972255,4.220956253981983,-15.196356648035414,2.3533455627028848,17.18579346375617,-29.555030444836035,-17.47073241335038,38.768715085564054,70.55699765200393,0.412358537558516,-14.496997414526422,5.665688675678287,83.3138354421721,35.51284623772093,-34.09090470072159,-5.995489388849674,22.54610232269977,-16.4539006893109,3.5013415031895767,-25.37861858485007,-19.706470314384454,-14.74389209198364,-24.149314537327193,-24.889611612337667,31.10517048514672,2.8965239934086395,6.379101496504873,13.149363574484202,-2.59549180942501,-10.058640913991553,4.094552076356227,28.249999484404167,2.5382705332360005,-12.15548892230204,-1.2174078436419544,4.6291548679693735,3.878286363303586,-32.08671181831701,0.6593922639934876,-3.1930396388615594,-3.076442628579254,-12.696563648633314,5.6231474091005635,9.617416457610561,-10.562077443128448
-64.14219020668055,-20.939830279533385,-19.01509920238402,9.71664669507063,-10.59608295432224,-15.101504151361302,-3.4448733797457756,-8.188834977383898,1.54269699789134,13.770959344026771,-3.9284504423508335,-5.593256923982173,0.08706337354892271,-3.903481956379392,-0.7384673064346963,7.180463354949213,1.929277958348782,0.8867200289383215,9.674840256380593,0.738226801712848,10.395094037946459,-12.04371038344561,-8.648276743180915,0.920387272582391,8.339472300519537,-4.415821198944749,-4.2180580561233425,-10.466507105205146,5.864951143045403,3.5258982285647016,-9.60831502633829,5.7088612452194285,-3.820383190967728,-7.9690253260698904,-1.3394547471589695,-3.139569079528315,-3.677916601017216,-4.519682189830782,2.209049323825049,0.6530714692746705,17.30652135928768,2.4301484736445405,-3.2596017237595296,5.508901111620386,1.2443057024126671,-8.616778876373228,7.1414345227391145,-1.5792260050192117,8.027522146659939,-3.553309622455108,-3.887787632961653,4.4295585345697726,0.9940982139069153,-6.705043206284833,7.190658603728235,6.670226476768431,15.357969508536026,17.126518890907043,-14.869917807143322,12.437315415772934,-8.097972344431316,-13.018707761886647,3.8104619804056985,-9.380306222139568
-67.74133981466301,-20.648682805135824,-38.53332966593216,-24.093972780136788,7.637971787175791,10.908244025689974,2.3498986267976867,-2.116402117753391,-9.38808727044185,-8.690087849779212,-11.517361390469432,1.8567606666890346,-7.456663867867726,9.012958310394126,-32.85204322752445,-33.13891501527262,37.86534386701949,34.80823732455998,-12.801591541280924,5.485612537926005,23.482865180345964,-5.679744629169174,-25.075083856119484,-2.9062446869331353,-26.0531156489509,-12.207836499682559,-9.661177963664842,4.002938547923074,-40.33576568623358,-12.512460411779406,0.14130698253628587,-18.424714899581144,1.734002786956513,12.258540020326873,-18.57620923239662,-4.860382308722473,-4.954662058042377,-16.83956237916619,-11.564044714313695,0.6010229949857614,1.5787626845664755,1.2377654599848715,10.739092255690093,10.102517653010858,-1.636595293585477,-13.423577894127805,-22.234180750887994,-6.893241722352,-1.0124458074779659,-3.178672374332756,-18.156111869797915,-6.438115432178984,7.149944142383594,-13.53676274267838,9.786334559018124,4.887181683337977,18.599513972548934,-0.05030500719656224,-8.340794843986458,15.450760321428259,-30.733359608697402,-4.047295608309483,-8.735420373056536,6.6944535653437045
-57.773235221852694,-24.25441110662833,14.725078537040234,59.59795730210658,-18.538053569852536,13.10203646269648,43.07837663249895,-49.7305208747955,-28.845010683195326,37.58224793389536,-26.92198306537876,30.89499075285487,16.14243449021516,-1.0909389017849431,-13.657585325997347,-23.00793854849169,-19.224888506061127,-6.009620760843482,-6.629748304526758,18.958232864526448,-0.42109839971565277,5.361642039020711,-4.93138859398476,11.648191200783478,0.7338831605980859,4.509988732936688,14.964839822369054,2.6795180668122076,-14.299404612082341,12.88053709865927,-3.7890007409067765,12.561897752278119,-12.745759834483325,5.623282499136101,13.569774980125448,-9.479750558122014,-9.176210039116292,-7.370810498699014,-14.090015126724555,5.029950164164927,-5.208787923571759,1.1016813042302924,-5.343553500455104,4.846456022065459,11.42672392869152,11.822585060831234,-5.625347129456798,0.3152094622976188,-5.470685097111387,23.30917378274768,21.72662900136888,-1.264014136744305,6.822109108839085,-0.2409788248600324,19.357093594893982,-6.906578926603014,8.695929726608501,14.0293723025257,-4.726370031168764,6.4438047602668895,0.4736984477788861,-12.351146859744292,-5.584346987719712,-4.19090578997047
-64.93035585264604,-20.05825234186263,-26.77214028299079,6.776960623073548,-13.465736175412273,-17.81258335895615,-11.438316325990234,0.6443941394599226,1.5011067683169317,0.2707716242692559,1.5554335038309721,-2.459265789507608,3.332534936161332,-5.311877707712988,-2.4900816653581317,2.0242213197266596,5.034993827937082,-1.015086516952209,8.392514623767797,-2.1482240451415757,2.9754477553694554,-7.31055132048498,-7.613188557837805,-3.454763265576146,-0.6308286385523915,-8.053489622459782,-3.688196363474299,-6.046478926129407,-1.2313898557535086,3.761917703226503,0.2347947616498714,8.341200124074765,-4.5091421841756905,1.0898784846933691,1.2543601590579117,-2.4997394572167564,3.7369201646536796,1.2220295181796552,3.2177502601235926,-0.9345633482501616,1.683925958834625,-1.920092339006509,-0.004353604310403849,-0.9323690159878297,2.2706477447644984,-1.0481663478409697,1.0291694776788298,-3.9785943211252963,4.644684998014473,-4.135011673820853,2.3231968642530614,-1.9118344679017492,-1.912772297171986,-4.160540576014639,-3.720045725007377,0.4233392598365489,-1.772643307189962,3.5874638370731815,-3.915471764255797,-12.189323265192092,-9.47046865983402,-1.7206999763993875,10.674816055889616,0.49869549303286653
-63.95556986381509,-19.356420838332365,-26.77643250977847,7.328414097624146,-13.077972375453017,-18.662896284810362,-11.766036932952407,0.9778714693641326,1.455046120812539,-0.2046370815220757,2.409831069128628,-4.888925451365339,3.8033455269281964,-3.7067025859722396,0.492240398144944,-1.64318281235082,6.869343135540564,-1.065048655736899,8.88063724118933,3.2601447350165937,2.173830482264273,-11.129050513720847,-3.2325925262124104,-8.081395002458853,-1.7129449167554598,-16.164739808070202,-1.997726366479587,-0.9008759051802903,2.3392683154046576,-1.4381309357335974,3.7767504483755396,4.898814764353022,1.39850885977036,9.239077230798008,17.41478711644577,2.5965319904885464,4.8765105576551715,5.602261974428215,12.862287826382994,25.036965387794993,-9.350075794025543,-10.912960931510856,-0.7147682261977814,14.898801340307111,25.333907564215682,1.7837750172060343,25.62338894496825,4.239804321887853,-7.769982885172956,-8.97631680607969,-4.238954772217173,21.01093545917984,26.34915102770471,5.835371920793603,-13.000674589903719,3.8243641467831613,2.807661049125284,-18.919070751726135,-20.107645774450113,22.91706987006225,2.646644871957739,26.724261325674032,-5.140144414734116,25.27495931261375
-55.4334199567728,-12.595803566474846,-23.71201795737516,-12.603842964731934,-23.86472018911609,15.04194578332105,-14.217844810838542,-4.652169034739435,-10.264269832866683,6.711735513915113,12.614017200585478,-2.120697287682258,6.169909029236501,2.2171742464004813,14.12933717570007,-5.184665485568997,7.795634083402325,-11.700941999311187,-2.8105056189734907,16.06772397989409,-0.7628638983934029,8.078195659346473,4.426034390085678,13.583593135602516,-5.696021586446906,-3.487801274009173,0.507276790779967,8.42168260535064,9.628896569001943,-11.917657771816206,5.2622615691738215,-11.07360896866806,-31.843121368098256,-14.805160951735704,4.848261215582461,-24.38500687702949,42.895073628806266,32.03407220581649,-2.085304909068694,-9.791704243324137,16.179713857240824,11.104846370885223,10.515669639142766,20.715843417551856,12.731391778148778,6.713800495681997,-1.4943871785030922,-25.07344056973719,16.417659910710103,24.36649871629568,-17.728300830961196,-3.083283181563261,-22.82448826525812,11.707297130434624,-21.8840664184759,32.823677538590566,-2.7427929352666798,-2.250813823066946,7.082511567841576,17.71791459681709,12.505994274194487,-27.59560796287986,37.87364866559047,14.721468906360741
-39.85634265629953,28.5296009143163,11.47837083766088,-0.5677623477537388,-20.289125114167607,58.8511987553689,-44.6876515568276,22.084945102760773,-24.351337368701884,14.21743015815489,-9.502271293937573,-12.962178470017395,24.10470011892324,0.6227893082595337,33.52871939464238,-2.480647972924871,37.60113779598673,-13.653941676695354,-17.962179825549168,7.665290652006594,-27.781841040144563,18.19087818463509,30.143930779406418,32.47354436849149,-6.737495648875611,-7.496832839407416,19.575229544982676,20.729190473296235,2.817950791730739,-45.96547264018474,15.137006812734333,-63.13406881018963,-48.284128431475025,-22.562845267566892,-3.306959824394754,-14.617005784542794,47.993327743359366,38.02294066684125,15.457046622329155,-14.10424065360837,40.95486896247245,47.768876215558315,-14.522934543941748,2.2480824806171,16.349360944530584,24.037628840058794,17.121144600712235,-17.535229330351303,36.47425705928064,5.796578514481658,10.117341398605422,11.5890706670433,-28.800988885149156,-1.9019735115058758,-1.4483276949361863,18.707323021348515,-10.198939241828773,0.8249605071136613,11.596499183220955,22.088247561508506,-16.638637406721177,-17.53237880589421,30.3629195307538,10.156960615971746
-56.032290993356426,7.878875897245312,-8.048986925469757,-11.87178159707676,-48.44755640126825,-8.019279833265937,0.9128868341354601,-8.721049959568836,11.309199166876034,-17.623706052698967,15.40273830470102,-5.901769093125588,-23.873762791935658,18.738771138412158,3.8465069384828534,-8.360338828930193,17.843638766115298,-21.912681783490616,17.583216102574685,-9.979532081190854,2.357398314376694,-28.361151557321264,-46.54085713534952,-12.202475009107097,36.387926233324485,-31.041919971425482,1.070891891829715,7.31931176112562,21.56473024696476,22.66415899906456,18.274545847311515,-12.543557713628148,2.4039916485898103,7.439857548657645,40.42643863651665,23.08064644779895,9.204772613798314,-23.905102549521228,-18.91337744580369,-4.463036099132782,-24.242327946341586,-1.1203680894398587,-7.048165034880752,14.287574851888678,-2.5153438500018543,-19.391663667491454,-7.235913072428548,-11.73329664784338,-15.142014151817735,1.5927385807009333,1.152010613598889,9.024195606576031,-15.446266371799737,-17.093243628627015,24.557428681843646,22.467528479404404,7.803188563356004,-3.546226339268995,23.19258044363936,-7.068513524981774,-5.052607617745981,-6.717125164960598,-12.149561072115308,-3.3673305304161034
-63.51501262016178,-20.30710017772037,-27.31016594775135,7.121771849849905,-12.95549134552651,-17.123034973060545,-12.861316058629832,1.0664068489071354,3.490014612258194,1.1048162380147035,0.5433413475052116,0.409439505712403,1.80994406614938,-7.080490859816143,-2.519143508881174,3.5011530417185286,6.985568282320679,-2.577685900992544,7.738838426434848,0.24147203245294224,1.7730257588753726,-5.784692751024069,-8.667015646649913,-6.902937542873344,2.7709017687320903,-7.100689118280316,-2.542680151267838,-6.166792011994122,-1.5463776734771701,5.305365801436096,6.3914690680446755,10.042446525919987,-4.866925771033244,1.8475485323717058,0.5045436619671756,-3.5626596203862824,0.33933918997300216,-6.534575926313452,3.6887570246373893,-3.64454384967228,-0.5503905620704826,-5.72680681271583,7.699251881550098,-2.0401124053244413,2.791258770536861,8.783471388694451,6.732892035057939,-3.1045253740846057,9.1720049577774,2.5707762604021696,0.3768341653550983,-1.1043135900326004,-3.3818719891409463,-1.91320953393852,-0.4905432270836476,2.8538097467651804,-4.923121306701606,14.918255960469999,-1.5405159033540903,-17.646399715114676,-14.087954968543718,-0.41388962207604474,19.240045666421025,-2.176150704938677
141.6152661580176,-76.73289612141708,15.750648061314546,13.10376477160922,-10.116684347858438,15.202942174546214,-10.138714682969177,143.23754028996947,-75.48091452496904,-43.79830035055926,82.37327579061945,-46.83942228249915,-99.59030761047634,108.19652683225418,-20.52832663258325,-21.186790481801815,13.959968479326367,-73.7440090682207,60.8045281335994,7.766268119746655,8.010037250761984,-94.74586397835058,-33.49316297831561,-10.280589955732378,23.17755250423234,-12.207044567302395,15.901758346247593,49.023325036816686,21.625616069901522,-30.079947124237194,72.20936447521882,-24.28502069574522,-14.48907196681239,5.08398313197582,51.823551282522594,15.874192172766332,14.911769840455346,-18.48137842468079,-9.723515714710325,36.22944249689291,-5.6246226191142465,0.20710241914382335,-52.1786511745772,30.924076978057577,16.06281784458483,0.3314534533985523,37.97067363570537,-24.732853524306467,-35.76926900432048,7.40590769710111,14.292083845987468,22.82077290652898,10.829186861085054,-24.011290793012094,6.153654044074257,2.3626161985390017,54.95457121646044,-2.2226265268878134,35.747853899646316,-20.039802621458925,0.40983677652447575,-29.99256225702419,-2.7643977381750076,-34.20757855474122
205.63173300072208,131.84473769837194,-87.22479048777865,57.22359103796084,57.571698848742756,-93.4691372031849,-41.38173515062054,-60.18260719550642,-104.30321435030962,73.63685168161464,-91.9518889017904,46.16836887372106,-14.139453262354253,55.21607940898902,17.18971798845371,-13.879549731111807,76.18361373069308,-34.14740820844147,62.858241791204115,9.69198983410557,17.90250192245184,-15.90231158901105,50.6403048169367,-1.5087919854044478,-53.89343394751379,-20.22593993050053,4.52378744154903,-5.011521549611682,31.618712776838084,43.004742308684754,-38.49900041641591,-26.08859675614785,-24.33859562182718,22.333018283729,25.07338115686778,1.1222452308560602,29.749765365448752,-3.8263488587689802,23.753311194306093,-10.200159359757848,-2.3655393952200967,7.16001129641959,50.550505284827715,8.835520771064099,10.738386914360479,10.3191838267629,-33.30590744411583,37.35440887291545,-6.115433669615959,39.05235422127059,49.85841387432016,-31.419453495703074,-23.01949071318575,2.88728970404977,41.74463634860693,-34.03017404246077,1.511101061783711,-22.42003667192117,3.292107034728451,-17.099594754001863,-10.630028965849496,-19.10143404160773,-35.104134996326806,23.76841002228906
98.31143246168219,291.4682521856648,14.36593078204849,-122.39214495553797,-108.03700723889148,11.878142024751135,94.08592519048796,-30.97610052254405,62.2696773423016,11.263447215975992,22.256070537459497,-21.271515678499,9.76320359214308,16.45007217357882,-38.05523200600238,-5.468003139671305,-7.450309738182745,-46.0989039891786,-9.21789796308155,-12.448643950483126,-34.818003841537035,-48.875234947049606,-80.82548152094542,-16.14301959016483,24.492705577872734,-41.972465863676184,-26.632342211675525,-10.012905471311614,22.482873017390727,30.993984848800757,8.653264370977379,7.694559271175401,-28.803909075620442,44.49370757970767,27.53065588205762,33.08081498348526,2.9800126046341817,-27.094151277937158,-26.201056631584898,-26.82473208728612,-39.20016252440268,43.44593606188376,45.386514187584766,-15.015790955938813,-3.6588739927915155,-15.628420003834123,0.05933415993522097,6.598225466463207,-1.5164630780916308,-6.28073974273765,19.88403747550922,37.349882643919905,-35.487243673474026,-11.642598597648412,-8.296504759981303,2.3543130966068833,-2.817383117328226,-2.461701247297607,26.205994003236857,19.17757898967836,20.787279360327965,-22.09492996987661,-10.244747961945265,7.451554149831355
30.375382744174114,293.8860421498874,140.9185402088201,-96.72418859382626,208.6759469113404,11.464947011997532,-33.87887441180429,-34.369420248788884,-1.3459770531893416,-62.63943430901788,-59.181610693192454,-70.55835267841813,63.494453277938895,-104.37564160317426,4.596946852989623,0.3683214645706015,-75.04254311145613,-20.961097291038193,7.649656405730095,26.61736788635167,-91.38407115119544,-68.88288876282337,33.68902229801941,3.432187118092276,-19.48268903414581,4.368481684555445,-0.8223918759555922,-16.133608860421624,1.1630043054499495,-66.96613975338549,-10.526955896925402,-19.022356229848754,-65.4596181097127,-8.123675083531982,19.43123799932215,-9.177214901158798,4.508707217851465,34.791186111812245,37.18654368544825,4.367730674785355,-61.831843603825746,59.100135193119215,2.8646680724215736,28.26200069354223,-46.14239246387722,42.000585111504535,-8.25953020397372,30.3418134702492,8.663427994458432,-24.474803373412936,6.919302507859166,0.6111667491137434,-17.634788826775555,-30.479549213511635,79.75107776094974,-5.454620032663016,-5.987697978228034,-10.608246721029525,-41.41235172520703,-6.493513184239615,-56.16402068965605,-15.504354570203747,11.376460949157963,-2.058468954651356
-59.87679581926417,-25.84183135597324,-13.674344063563213,22.772938229314004,-5.550592037782983,-17.395353099795972,36.429882494542866,42.47569590103264,-23.78918506246933,-18.161731814618864,17.812570281251464,-27.67581918523746,-29.481871026493337,-23.1584572107793,7.146228887586372,6.916030819725241,23.387382727983756,-40.27492398077902,30.736529490391977,-11.655998778442951,29.6666447472901,2.218609674256398,-26.546814063192954,18.27012135612597,35.4390244162533,-13.606745400269949,22.487312056972858,0.6538426580554809,0.6735065972991606,-11.957997290240677,-10.971858685143022,2.1177203373768516,-0.08476129532995093,6.50884381258894,-14.961947336212937,-22.740759466105192,-30.958214678273176,3.3310779273828626,-11.740981010184385,-4.206114353049264,6.213462025380715,7.648173833751051,15.124580091198007,-5.849833591512315,10.87212273160563,-1.2226383367153932,-2.5709309540007625,11.617743103320286,-1.5184988486366051,12.749559258317616,-34.15343884952032,-20.828108644902173,-18.863863360647382,12.587253217299036,-5.7629978512457125,-7.136571005530937,-4.0533808973796415,-5.094264587456422,-3.8731300498244887,25.08941320103069,-5.203688091246453,-0.8587629636225422,10.396806255978298,22.023922620453895
-64.47768402262383,-19.97670638812461,-24.70916654806992,5.565570681413376,-12.693386117015976,-18.299399891837602,-11.354546406313066,1.6097513331824496,1.8242184546352989,2.880414870377019,-0.30444548097417784,-2.0390089994522254,2.2687550693842304,-4.749831713220817,0.20919136734489396,0.31568318439465504,1.9107205611831517,0.6197275748929109,6.182156784514453,-3.6947994680603786,6.912688645950774,-7.444852489831304,-7.084861618533608,-5.441466095214013,-0.8032464466728931,-9.267323982193602,-5.830793297086619,-6.63026314682982,-2.365549396783632,3.4208875758453043,-2.8642448734002333,4.852833022020474,-5.970365261166811,-1.8928001443758773,0.8601066757578696,1.4600772658639745,4.4914214361564,-0.46745736689062445,5.558032226992877,-0.6857012989767465,4.130320464075043,1.0933859949135285,-2.8059367660879317,5.280079209456966,0.21202069393610776,-2.9951426066523914,2.7636794096146255,-8.364660806445231,0.06300639794480295,1.3957355182836568,-4.405056218118238,-2.0893041788914815,-6.680350679210889,-1.5057063959123405,-0.3662337431327813,-0.882173723695964,9.176417990204781,2.0351535706725037,-4.5706350530704185,-0.8734815897318752,-5.971488976887207,-6.882204816677416,0.6751133296966996,-2.288329515706699
-57.99348146477261,32.02573645443524,-52.496421713829506,16.66474044681625,41.42497367741511,97.76875584229694,-64.2640209789168,62.507260611868034,96.68888583857114,51.852594746775075,-34.92121891139614,13.196223369910797,37.60479454538822,17.391135367228955,92.93765330173557,-46.00668497171574,-20.8349311179514,-32.460445270769796,-3.0214572559389827,-84.5840144770957,9.051751372464732,4.232910215932215,45.39917416324013,56.72434134130977,-17.846454491470304,8.042020037076236,65.73601927854865,68.18115963506155,16.75217871440704,-57.08871937423097,27.717266221873857,139.7272769121088,74.11485337254447,3.3534380116930973,4.887954695394283,98.70787389477805,-6.925788475672795,59.958361059205814,-59.82887086506653,-69.64151226516988,-7.654274791669445,16.605064179297354,-45.970254643490115,0.6335591415816002,43.99814768265015,-0.027900649964863584,-35.414608922857035,41.87805754232405,11.440306268979148,23.271967560311758,-15.817039207624681,-4.02907495004473,-19.296360550250473,-12.986145288662007,-11.263989492849669,25.12972993478861,5.4527875809526645,39.49352023365504,-20.350522321209993,14.237425408361858,-9.772469833887648,8.485875804022985,-9.29233958583188,-9.193668190577775
-64.99185737629105,-19.137037415238527,-35.264117547455,4.231091064935509,-4.16546514589965,-3.9868136818399362,-10.709041195070794,9.014657097266468,20.26045803283036,6.131940951556196,5.664062677238256,22.52133832707916,-8.475557030652697,-13.101975575280271,-14.498067555723313,2.393730699674089,7.217958134751432,2.263532540755609,-2.77108336663965,9.26557134217466,13.947781352321286,-6.141694079564853,-11.930463673013609,-12.419677981273864,0.575841871517414,-5.127790821188016,-6.984855201588768,-4.753363260796852,-12.575923561053033,-2.7825451854787526,7.254901241899381,-13.515041010868558,9.339332372805933,11.729626611687316,-5.672667395662571,-11.59740829521706,7.6446927858511335,-5.994551908295335,-6.603374463045566,-7.473519226398198,0.9502188781926431,6.789605644126234,-0.7542598972940189,-7.685733751272316,-6.280279106608129,-0.8982652691156516,-15.779550213540226,1.833664248177682,-7.2134255569558166,0.08559891151701865,-2.5046857388924937,6.069591608531521,5.592518914155411,-2.055876425883156,-1.2001624806570463,15.719825805547758,18.461063992018325,-7.852506080484748,-5.457319290012483,-15.193053806998657,9.393243452103585,-3.4472849766034943,-2.138830544010648,23.153561819881514
-43.917649270295065,-19.618119879184714,-18.93620209708449,-31.774131135151816,30.24861082822363,12.255160817404223,-27.359078976137365,-19.55693574294084,-38.943250966698685,-29.332363097622657,17.693554171267,-7.290275947306579,34.75835771548528,-11.886106624169987,-14.612271735986972,2.711367587631071,-12.091862331893305,8.381632377802186,1.7863152515869032,-6.728516815725943,-33.28576630826989,16.263684169201237,-1.4877984694433577,7.388632914116222,-4.900952476631251,-2.916745172013476,69.9516578799873,-58.710368052321705,31.711244975520756,32.55556035430961,27.56078509621022,-24.520192970594305,-32.172640808015615,-24.83761683008142,-17.723107241169522,48.301286186298526,4.9858757716183755,16.298496350951083,-22.62307938219244,-3.660418693977409,22.846601273943698,-11.419684835677044,-9.238377039341712,19.443009160086813,2.221369663706259,24.151929378338313,-10.14387510632652,5.789634424862892,-7.404436349216876,-19.824713718709308,-26.119238215572786,-11.313527142999462,12.938827231667352,28.249158435456277,-8.623728295625748,1.0834761817511815,20.66582141837026,-17.95081349224485,-21.61037979647705,11.674479417656322,33.01356901479003,-9.367124100512113,7.447728126393778,-7.783435669391787
-52.241598233601664,-72.63143569066109,141.12016138207014,117.4195451189681,26.544255721787454,63.025032120397135,121.43885605213133,-130.00938884240082,-30.317793771786107,124.8404100593591,-28.481770363576786,22.10235736211974,2.1495184541842263,-1.8947046079440817,-10.166969492063663,-28.43179039208858,-19.279772794251326,9.235845594632186,-0.8984647217964367,20.014597065089404,8.765207354687131,3.6044499993693067,20.39997916119181,33.603012190010034,-20.360028284361867,-17.495785079213803,32.1701179166496,-2.3330254613915393,-6.471079857312177,32.55920406902649,-27.109934205596385,26.582220706746664,-25.75091259623466,22.909134733086542,35.67319001355434,-36.42175627571182,34.27795497023835,20.71602578261128,15.87983700997804,15.989603010644924,8.648778916161973,-20.42370512520709,22.278006045191777,29.234401531661906,49.25731379394755,41.31095494898222,-40.381296854520514,-5.377684996534734,-17.154348697377106,-18.349268399417927,43.40132514414662,17.343175499706906,-21.62497573710949,3.6384360230721646,-32.39419294435176,-13.673681391475727,16.27683932601741,14.42228384193426,41.30183801724187,-66.57470103797937,1.32317394368901,-8.169400757196902,-27.255183482118767,17.354489835593167
-29.59896490983165,-27.025870531309963,-19.422202503910786,-29.774539890576765,-3.0255483217805037,7.769902232817933,48.9421295989988,29.56328999922652,-24.101644951565934,7.499520295196089,3.68370960176173,-7.505780625680209,2.628548872508891,-0.9143858330588512,29.56420333744055,32.39826794119769,-10.038536433858543,1.9939049033856981,-2.3219977321524565,-1.6809878156970501,-12.158082080267786,-26.303243497013227,9.0669444825514,-13.721332672619738,8.483328774573287,52.77207277154677,19.231306302613717,-49.29591880800611,31.70262493004049,10.519073256008625,-41.939335044066674,14.46991286422006,17.65421605968927,45.286924487589424,-19.268491836256967,23.210108975327365,12.798946742220203,0.8986641598666679,39.18444601064192,28.509281437816462,26.745276948770428,1.946372419690385,1.1681184727309581,-1.3439927380613204,-7.932497920700528,1.6194013178525282,8.083053525805488,-22.54912051682599,-25.314824247770236,16.953837451922464,21.07040478414497,-7.183515746679411,-25.898181281243712,38.112873316623286,-17.58300727140102,44.67048577747705,20.25216695504549,2.419679960945398,-18.2270643798995,15.023390967505701,-15.05383685603971,9.624338423189437,-27.437728231931267,-29.954940297361624
-62.016106024046124,-24.41669602689577,2.8228708377590017,-10.502622549848052,-5.276542836850121,-28.836878434574295,-15.112822112044281,18.89685545940003,5.304122556018806,26.8689160712898,-22.480640493549917,3.0459434510609493,-7.58759347404618,0.2836585937478319,18.712222090972766,-4.850309944454765,-18.092265580833075,13.729858801381882,-6.423758227306138,-17.744647702279057,22.735881850318115,-4.455371581449284,-3.065160126479051,-10.781437196998986,5.670150501696257,-19.311142218654084,-11.915799507973796,-6.481155261156837,-11.082510049889994,-0.2637593884696069,-8.82443175668351,1.1366755734484928,-16.091185978372085,-12.858303275232412,-4.477110303003435,2.2210733707362467,6.203794575190423,2.5603223300632685,3.704506808669116,-5.433366026456761,4.641852531063293,-9.394630900077598,-0.6345421475560445,7.313643586880284,-4.361305475580704,12.215000572539664,18.297254222892565,-13.078896436886351,-7.365640441658901,17.338647205912842,5.891853883832367,-4.320062433354294,-6.565207851921466,9.472848655867818,14.54978861490924,-8.12214069083358,19.590756979893737,6.100272796079264,0.8727994483107816,14.635995491038363,3.266170032085548,3.6843293764996257,-8.660990954741333,1.5927467613990254
-49.147680710568764,-26.676090731014042,-31.046935527347994,13.354057653790457,-11.721020900779536,-29.80416678106389,-11.202496883462873,-7.197163773646694,12.123587646044676,-5.538336200825408,-6.413216984001768,-19.003815522352134,-10.94957389966622,-8.715370064909294,5.811358370066566,3.4054162136830994,0.5175228253098395,7.911753098322676,-41.42296335781816,-12.456177307819559,-13.411040603229335,-0.512911595275629,-36.25021154164263,37.20300399226334,-31.54419720318049,43.306585355500594,-8.484086546675227,7.348722574411375,18.197518576686797,1.5733256783227514,-31.75989872096873,-46.324961131652266,14.114196599516893,3.818259250183524,42.49863742891044,18.084277507790038,6.50351753063883,38.7308933729625,13.079400124502698,-38.98878369768791,-24.55569312185261,-21.59363012616214,-4.484257155195741,-27.22149813467187,24.143899896874487,0.4731151065996184,-2.754920327307442,14.666964213871767,-32.998218188815486,-18.327550500121706,-31.27299295885859,2.585469954275757,-6.902452130690483,11.289618073824082,23.39469004205001,13.172062218058121,22.678412847500155,-0.291030162530707,30.98292436145245,-17.058736618659083,20.10454323182392,-11.156478547327742,25.752461421651375,-21.614517041020452
-43.221162086151914,34.32270086892621,-1.0012385564492836,22.071871215141904,3.8324795338296584,41.896164375331935,-45.52279365752398,22.652502855773406,-15.177172841820008,-14.033791644129758,-30.166118296807273,-67.53560881745915,-14.051640149740876,-24.545041315630648,-42.20941677279906,36.991797376873244,-16.489366215737174,-21.74819961139087,-5.995609913476509,6.811743024595843,-13.660623279951853,7.425370502496658,12.617441223938325,-2.0994912247100643,-16.969679957222564,-3.085471678597112,-0.8733288467024816,5.173814975578042,-15.098555805217835,-48.513088456868104,18.721004625973535,-12.485205372485156,-21.099095432282876,-15.41770820905508,-1.2132545060241602,8.862388353791413,14.227516250611572,15.633815247063358,33.26357019537311,2.0893358943533618,-2.0898380556085674,7.1768698730848195,-14.572113904913504,37.987551698415,16.58115049750949,-4.584097552995569,4.7005386212522495,-3.2160396696123197,33.39296587534513,-6.006607404139852,15.738676347381501,6.847939029070802,27.933860851869884,2.49213986247816,5.661565372737698,13.584304354662246,14.183336963338185,5.28337408599992,6.032770421406175,-34.972724367801206,-8.961958013242365,-15.922060224160282,11.801173762493137,-3.133637031979306
-51.050472639694185,0.7188108804986045,-5.801425761142448,16.441171972801815,-20.309733830542232,13.864233659549308,-27.093630475543563,13.701395269072805,-29.68036692431589,23.655527746788348,-0.6200733604487091,-19.21566858586351,10.010000718352531,-19.423354571897807,-24.571196806939497,13.349477196516082,1.5887968836710928,-3.179770284906756,-12.785643169239064,6.123688320528049,-7.553938847071155,36.78636255558122,-21.504947554980514,6.470699489466598,-27.373115112406218,-1.788563122006891,-8.486550304158333,12.570788799516823,-0.03948896087947537,-2.8284260137248087,33.47681200622385,10.002761448241165,9.67226789046659,-0.9481844910064889,-10.93170874595507,12.137076471232293,37.90574063899942,-7.794437023578684,-2.495272724822001,24.340271980877855,40.004741193421516,12.767610758667162,14.430728870494304,-32.393262381477086,-17.801433766262345,22.14468122054064,27.04207008998337,-0.5210589979512426,-29.650414227638176,-4.706644384175622,5.404737561871058,-1.5540401515142819,-13.724595835651833,-0.7828925067299715,9.706986095187078,3.2459599461174453,-18.822229026206966,9.9084853273403,22.0075680703558,-2.5766582655839025,-8.917152389406779,35.75225757336413,22.258666711884693,-14.964166043874403
-55.63907103851929,-14.90182961549511,-142.2891452284359,-149.92754269295776,55.29280824146384,165.0865634965727,75.33566788806803,-30.327065419043983,-4.076704895473941,40.76104739603072,-26.40327552540456,-33.59808495397099,-31.796008583284834,19.97479880390101,39.39395627959754,-21.35068185677821,-22.434170400348915,-21.807251641128577,-13.247192131802016,26.2476403832526,-18.82982997146785,-31.46368397568998,-33.881703760051856,24.191216900823953,-25.920720683887016,-37.41985016683982,-9.315503489601447,11.017277565599846,-9.136204627040163,-1.463311705529502,-33.10752289531817,25.050798384757577,7.722494060886997,-27.48291721332243,-7.465507474233965,30.819953807803426,2.563304218624641,15.768005188202165,38.59406380589887,12.484880464180064,-22.850011747864265,1.9752215155286874,-12.568130519168989,-41.68993483810686,-23.50275855392953,1.1104474271873168,10.644103585570884,5.305738600177376,9.523001621223997,-8.031283419509757,-5.3581251093589435,-2.058117425818699,0.07029210112431018,8.677124713147364,7.098641009740775,-18.690381006272165,-20.72653887191599,17.20459199184529,16.189078408785363,0.7002317862166535,-33.779968102166976,24.59732079101213,1.1024735903150098,13.77301209827639
231.4062066917009,239.83775375208594,-65.3601767151655,-22.855598844313327,-32.6197955158582,-67.88831747666386,42.82071860861268,-20.843195257726588,2.0694998202714205,1.7504573250309796,-7.547350673620735,53.52871560443905,-4.216128662781403,-41.7965622284472,-20.786754749943327,-27.789253472446056,-10.83531992682878,5.348993733040897,48.569893781376976,21.490464259672233,-11.54214638220859,36.69180372450815,-7.385978858341144,2.328081170201605,2.5904875775744642,-9.333902616290679,-13.114134461491686,-5.153356326144818,19.60497983969081,-57.03204132785212,-27.43053210288863,-17.23439572509581,0.005254434691813931,0.022743616687901074,25.09499841474038,-8.410843129471095,8.31673899785179,-57.87709420925092,-19.85525649853483,35.92413120210062,9.506902693106339,-58.51119221567431,-41.842147101263194,-48.764067747025926,9.078169671496642,10.865860070986718,17.713244891465408,18.265694431456545,17.289053929068533,21.85412831693315,-13.687978351680352,17.73395232233268,8.328549440482044,7.004559063437428,-27.997465952219958,4.070851145388025,8.273382363850017,-20.943489199544462,-8.510601641969204,16.359263515065166,18.040409728050893,-10.695937631297843,-35.43951522255109,-1.042023583447834
-9.918581006031006,36.55560748281158,-72.64206255705687,45.10637643595649,-13.313184668567292,-59.08992231851561,44.801417538753924,-49.762992268963664,-4.607491473099277,21.148475078359066,26.573888470930314,-16.544227777227007,41.26066551260079,73.90008831881542,-1.9125188488831162,-14.435440962692105,-77.43590181982482,62.27978448819683,126.0158572247444,-38.37661466674395,-10.94541149470577,-21.443597020078833,-16.05974899056378,-95.53142459956739,22.244612760629277,83.26130680374364,-60.814022058980406,-1.4695775577981733,-40.02588747634807,-13.562740806430824,11.217868431460504,-45.901265556784764,39.186574540317054,-66.77196956796062,-68.20103775247897,24.080530184986728,-18.81131147602775,23.152567872810582,-14.391501541345846,10.469127977127307,-3.3088687425600827,22.878664573579407,26.214416985299493,-13.340777790678079,32.677107530074906,44.53829445142306,23.942371987405824,27.292051785382842,42.3634889364045,35.54807995000933,5.907828639316946,13.105391657301874,-23.20140640516263,-36.384199298290355,21.56271426029973,12.70408086922274,-26.703391616803174,11.766889760462616,-4.320604458403308,-1.761365648274247,-12.445558191010228,3.378754652801453,-16.823150718344902,36.22897115571861
-26.533846414571666,-15.263001550783844,-35.02938988406817,6.943353198666962,-20.06246149219128,-4.086387477720834,-4.031316912142153,8.362167141782347,-18.17443844841576,-13.837426087408964,12.734302550509007,-15.512271495523178,11.736012585447138,1.8707721840356313,11.370084811258563,48.35240287101093,-27.55209345549149,49.2404715688457,-54.30483127680642,-24.276409504221636,-3.613471352155706,-23.78274646184121,-18.333587004397867,-9.961248821532196,-39.32603369446585,36.61804454975206,-0.7257286711084945,-6.443056447123554,17.66141647050072,14.896944434531209,-41.14751123038635,-28.574964201606846,5.598332517855451,6.395408932745449,26.50296142489861,-7.8772240261308335,1.2810439439728436,15.302624239618401,0.2952874244586057,-28.40613430593905,-24.09698014098223,-3.0724896469319027,6.781746803509591,-16.524130847026797,6.92114219874993,1.4692268590237474,30.660612894765404,-36.84761538597686,4.1253169694667315,-3.7720980275469604,-34.71321230961256,-27.729835377641784,5.285986745949076,5.712701554067682,12.418490501664055,-0.8472890894040276,-30.6253012441136,19.22624428586434,-10.665348431618611,-13.807532504339557,-3.8211877508987007,2.3960806699380877,-22.577163451586884,12.807614099708728
-67.15490214768417,-14.625812403056647,-14.351405051918876,-4.49878012560016,10.59785648938648,-17.638961889037198,-16.956821613127573,-6.81573232100192,-3.635832662253278,-12.720131066209378,8.965187381651647,-2.317889873890776,14.382735865085214,-23.23519578531044,-3.167634771782466,-5.075731666590891,-1.770179684891533,-6.124922908574752,12.066556690820393,3.555013175412059,-29.32278062955538,-30.751075106699663,-3.8143318943847127,6.4427322960916,-13.213606480239607,-5.409056868889564,10.414059898776246,-29.575450716917025,4.370269556131266,6.762439774745205,20.973740840981478,-14.843717164214118,-22.63238105286886,-15.369570313612396,-7.422240673665767,12.018679345312046,-10.85255277422605,7.846917491032532,-22.522213502121943,-22.462195659663646,16.27504646871239,-6.820179935517271,-12.08036186744487,7.241212756582757,-5.963185351275426,18.899789112147147,-9.948513992877912,4.61565936504254,3.68009113637059,-20.257164872222774,-1.7585836092584666,-3.5062620353245806,15.216340596721823,11.53092766900126,-2.6475701481703586,-10.455025233292279,3.4242650150998024,-11.124395842337282,-25.32972792801584,1.2064539564818613,0.7171466148849096,-4.231463929216777,-14.239878018442583,-18.844843058727466
95.1195903702636,-50.19186383996356,-77.00631414117053,8.602209465453251,5.227044060344638,-82.54120456370626,-45.69157606177019,-64.05224142260458,-95.53160828260108,11.45116409238682,-62.33903134970555,50.986995910191574,-64.4797616202408,7.454167627802129,-5.161679600831002,16.1463334927309,18.97426053912391,-36.88463518544431,-10.09280103904757,-45.74278120960152,-21.389534807258208,13.855435298193953,0.8636408655855518,12.32209788944104,28.103470367326523,1.5987518187699974,-5.468858783617984,24.158477900911503,32.57477337158175,-25.754543146807325,27.663553793993536,-3.250786128787597,6.393983308766003,16.351040192598774,-11.04750084370903,15.57389456409359,-18.79619704884917,-25.392723245756276,-3.8927102455505738,-2.3330814793369155,5.940893205567089,-15.91672165530339,-4.045099207811341,11.507631891597281,-20.87391614424494,26.182023387502177,-15.853771042036024,-21.820411534732884,3.561067580704838,-10.149093051331326,-3.5701447170355056,8.146102096303672,12.382038500359622,-7.3723736020286825,-28.232442625393297,11.23195457941142,2.535757936191141,2.596488508138897,-8.505849484050268,18.244519784967554,-11.671209554520422,-1.2754134074608248,17.230399214197433,9.337062721851769
-60.05106526565016,-23.677562087596165,23.33097696320636,37.61706575260422,-3.4366075499273854,5.3202451517347935,30.93562715332417,-54.06255093567807,-8.66371738815069,58.565216652896076,-11.537783327701222,-10.740960204280146,-9.597123271578557,-6.986016404650933,-11.594938398632404,5.295443305545715,-3.526927469138686,6.140093681876667,-4.679739433524603,9.366934587213654,21.77689558114977,1.8996823763474282,-13.338088448501024,9.384745309419195,17.02249639334004,-0.7892920387909378,9.115694272367511,-8.853597251637746,-12.134039569350904,-2.1394675842785302,18.6483272666124,9.134069058164062,-3.670287353124615,22.639563541217907,-1.1699264951602801,0.7042571081697743,0.2527741909171294,0.39172309301683533,-6.009385929428457,-13.954661844546697,-4.468520570195474,-8.958822822069475,-13.702138284798012,-13.40042910737214,-1.445011783405676,14.441806827288366,14.562614565130733,-3.2655833065089497,-9.289697616842945,-1.9524896257900668,2.6509553257878857,9.095045796553194,5.68679335550047,6.095125095359909,11.428865343205407,-6.011791420576834,-0.7899532538439762,7.036279910268749,-6.497151827950757,3.295799697789951,2.4061551886410246,4.781989529422965,-2.7563069040176034,10.851183658422636
-56.19792974292012,-6.636176502911698,-39.339290977745875,15.50833954035302,9.281194027939964,19.573723201908763,-22.69664025807728,23.997082807484478,47.198020606068305,21.523367973115075,16.48934744957203,60.46518555957296,-22.110345518001612,-20.483609002407228,-12.751602951495043,16.212409109096267,-14.234263270507425,-19.161238574954975,-6.096610330180943,16.478796502510342,18.467856241138982,0.5457023764945488,-2.1640321024009426,-20.350082169535433,25.304474134050615,7.658462718997779,5.319785072989218,-5.296457351614704,2.0264645579800273,0.6780956258371201,16.767030796395506,-8.496111773452158,18.859543515015332,13.796508353256522,-1.5452139265845062,-23.81564048521844,-1.4052309526661926,6.323420165171661,-8.639623974324746,-17.271515298090197,-8.617812249912259,-14.480431287345652,15.054080965677354,-9.090753023841643,7.573462829459416,6.518827944867122,-3.198026391945554,-9.093240012812462,1.1242837642665704,-11.802174627228817,2.380768726893654,0.2973734113843125,-18.40795871394685,-8.027960638455081,-11.812887233269652,8.898013003933071,-1.264620958984164,-8.682541696363888,-3.398791136487954,-18.26508930348858,-5.331696522561725,-6.092264685950512,4.236406291449635,-4.599350422537318
49.774337168020956,132.0683547573796,34.80056200656406,-96.12786822103337,-155.27042966494201,-27.36316723848419,-10.010102226731652,42.93253285628378,-54.85983704297648,105.95674522951312,68.0256996214079,-39.85984152539328,42.06924401211477,-34.97339801845559,-95.93338901135044,9.90579606977905,-15.841002308508145,-1.9333170227745717,10.418107803751749,27.644180863395768,-4.107768776707432,-2.3491816567432466,-9.137537536799655,15.40105601154267,-16.21733190442313,25.69670306970112,18.28338489672561,74.90691277703273,18.06126897154612,71.45764724467169,38.324087197843355,4.9002097262819655,5.218365108032501,20.36559893404272,-25.383279957444515,-7.84085444623358,-6.428971705889373,12.511904083779228,23.3813445941301,8.254713420723307,16.510478301215596,9.98209844253511,-23.71619122835383,-5.525566293050857,30.45360427841772,4.680653473622492,-5.91980125550186,3.354856792897493,-21.545790290192212,-22.798308386487196,-10.338237345841389,-56.13426880847487,-4.03086508391057,-5.534623119208161,-13.135589336554979,7.133238574433227,15.019201915023213,20.61792542113164,-8.313777036856726,-2.1979708031236886,-10.448273472025654,36.84580270967501,-3.9194433839221925,-8.56134464285366
-8.055431059988162,-48.54547026298553,36.93236093324862,-10.818926179367462,-15.220136119046062,25.24576954566688,-64.12864986865404,30.374340852133002,12.71864626104435,3.075410292928679,-15.574290969049972,-14.088316981735941,-2.805300359318998,-0.41321699682835855,26.959897632588532,11.793826433189878,8.725146427396247,31.444377899316045,-16.402876264161517,-10.480835094726215,18.06108874410586,-15.25410988533577,0.6801089417423547,-18.981416893194098,-3.4679502637124053,-12.70103187385654,-28.928622430221726,-8.279224322611999,-3.922471744912679,25.342985245354047,-32.67493299833096,1.7302902252078498,-41.37483418491064,-2.390298352444801,-46.88287080711347,-14.240250484612078,-3.741787377175613,-6.828828042267959,-18.381295617576583,5.078526321701212,-11.38687866391722,19.440052860556804,0.5623691231107247,13.454630402798083,26.05563650997617,10.398304728232901,-23.454453537236976,22.587565600745062,8.894767078317171,4.940587930176648,2.2046388628121516,-3.1211521221461194,20.046094604548372,24.401688713259514,-27.283548618182568,20.27957604952088,-7.767234843414222,0.5579358088012283,41.413631206518666,5.151256918077602,22.79281358281864,15.30647399251903,-1.6361373858449286,-17.630277940190116
-8.84435310002941,227.11487547764858,-25.691558900471957,20.421446407938245,17.990196449482532,8.148511311706104,10.555064283522075,16.956799465865302,50.917920116291064,-26.82194045800129,-39.44331722000482,-72.9308793850284,17.620835570549847,-33.13477809718024,-8.840725452992745,31.381673916701367,-8.087503064461613,-29.242413370356402,20.525897939242896,7.781431467466658,-24.135801177151322,8.130545586191952,-45.19347922489061,-17.747716578804436,22.76474028804409,30.557841108602407,-12.564420304154778,-22.714065484261646,-17.38490998738104,-9.397018190634249,-23.855794040242568,7.955871363382279,-49.045534134590085,17.806927557205967,19.361031649288385,-18.6037231738986,65.09834938614532,-3.0200316484944114,-14.840916599408624,-4.844540926296946,13.758353194797534,-59.19980486695554,9.390404947401352,76.73270224710156,-54.82238578670063,-24.326861655842972,-16.76993071071927,-2.1320780705304903,-11.644090235119139,7.944793867957315,12.805254600465888,-6.967202872615347,1.5438396806021912,-18.62751309136616,-36.18050217634505,-9.156876453758555,-17.985171987521586,11.949010680081402,-8.88918055670947,-9.825021976844553,-0.34753456665248483,-1.8775838506772542,16.81190225813679,11.629001387452117
-58.621532403331614,-27.984800913696873,-12.0610608202396,13.693990257590643,-9.01533930366363,-21.369064635914498,35.40746686548475,55.118987683288395,-20.20735716450558,-26.407430270097624,18.61565924274552,-10.667050183869053,-30.017628359339767,-12.502276707226637,16.15251651123131,16.383100968399788,22.19016186549888,-15.709665028393255,30.79943284746621,-11.20912851448977,6.7786657723269474,6.568548041986321,-24.82264762442059,12.411731471192692,12.804746578213955,-21.731173420624085,16.7231416087763,-3.342862135744836,-17.721551497450594,-14.233190546918916,19.12291646707081,1.9023945007446184,-5.323502156418914,5.918184973403142,3.4523760999315543,-15.258969687975622,-16.719548136232838,15.73084522344381,2.1216026034288213,9.440035237974271,-0.024833274593100724,1.6929285507478338,15.933932415616415,-5.4637243995665585,10.539849185036715,2.1329953235468535,-23.510701670129034,11.30758719285348,0.5573449832420561,4.934483644880648,-8.216624960503577,-19.463105515479043,-48.578031666138884,32.21310346357838,-22.306676538121373,1.0394582763854963,2.330116819507446,12.415647478408623,-16.747253890524537,-0.7863144125712053,-16.095637176787026,13.310287627473553,-8.203215505128599,-10.95666299967191
-41.28328846433819,-11.694948495714058,-20.357372646044556,-31.33667193700703,-8.654914767952574,13.82166034874993,61.467616446191,-5.42303433550868,0.12958843231619716,48.320030663537494,45.8325812007562,-12.21231378956964,-11.321137854775358,-15.188117459904115,-6.407828359101996,-23.759394241563637,36.97674876011917,-22.117845551712726,-21.485722931396772,-54.76303782173854,-30.877240132779598,-29.919381195558127,22.84150688843018,4.401080089190653,-31.970144734555596,-4.610524151130631,7.446167804619754,-25.723985975055033,-14.529586438147176,-10.167544054664114,-15.639175237894948,-22.982879933479495,34.85063447457248,-11.511244871336324,0.617716437368386,-20.500654858332442,-0.30408750065356516,-39.84639618973051,-26.88169236812727,-4.986033697878789,3.4897430405691767,3.7212676937667455,45.98392188370132,32.37462800890689,-32.109852280422324,-19.359873224893793,26.329690320843042,51.257118949653155,14.785517529259774,22.124795914096495,-0.7010663514494265,24.55033423700014,10.784731629133288,-1.274449369135811,8.055662232577086,10.936864828171379,-1.9818555262331148,31.733322560056617,-0.3726777077068552,6.916864998645766,-0.12252243522111002,-0.08135179937079513,-17.81389375648231,-29.625351541488566
-111.32182974607326,24.418020937507194,111.70289173294837,-60.026942900043366,157.48115928999468,-38.79366560028861,-67.47906385212976,-69.97646502641365,-44.213653449363946,-71.47510302641278,56.81304721095181,-9.348184868798189,53.055790437534256,-77.943259843123,-22.10741105400687,6.893600360135844,-27.11403954822779,-28.710911838248084,-9.56222950307634,-23.892124308576363,-86.74373376924238,-60.26708464370894,13.556790122579383,20.247771598646985,52.59374918014219,-4.795190998519626,6.390918365497223,-12.068834346730414,9.421068168771104,12.029444195132381,49.0485148617782,-19.3694981423653,9.918727800537503,-49.34527147498972,-46.341990352319954,-31.994331530659643,0.961305075605457,13.604263234447203,-26.4250448118586,-57.54378278600313,27.629565403784273,-35.697540434361535,-9.884478956817707,-32.87042453981996,34.8639354894177,-2.6790888502737107,-16.125727618000127,-37.14784204411463,14.444487679061938,1.0802143005872864,-14.339316047900256,5.651233898840048,17.47707076467254,-15.780826778569335,-2.413033097012335,-15.108980778826659,35.78531763604491,-5.169635619654647,-6.366898238867508,-20.53492783321707,-16.910768557638374,37.019558739415466,-41.57577870430789,-3.7564968105163925
24.230419007347002,-77.95319609719343,142.09795761037023,123.15616125727128,2.291048176698546,73.18288277945935,90.76393230235644,-171.94565524783246,-29.374441448232584,90.21290859234952,-24.93122522349163,46.916151191243614,-40.81738383421381,-14.216793371139659,-10.727655282749707,30.409788680515735,-16.178267198315776,19.930546875855672,-1.6496242920332223,36.43305945128466,14.067796824456067,-8.157247174820897,17.087363526285824,-5.160337957071819,12.729866918571352,9.38957488563561,29.36502140126386,-5.173858191604489,-21.823360694998428,-5.312927191165764,-33.825306065541255,31.42414210271169,-50.91392456798927,-2.0479634474759436,5.5192341517586785,-1.5674073886986777,-34.3410081321754,25.74122514031027,-18.748670417947466,7.237136548962174,26.64886969780798,-1.5216279693197647,-3.298410958223086,10.471970194554169,15.192138677588085,31.87619255179296,-27.403879198183635,17.75993646561717,-36.178036747330154,-28.608553368971346,18.629310933319598,41.52829093371666,29.0301690725275,-5.435355854089258,21.62945629342161,26.038623792411684,-1.9945911747463834,49.487690347710746,-0.32951102763816886,4.614550290072274,-52.51789923026663,-20.304561371789053,11.714134769010114,-13.88050571917028
125.80256240710257,-146.7605086876477,47.67834944139569,35.99724560101449,-9.872907590902404,49.60634821775298,-53.52434601014629,-32.27158508930588,51.240221189414726,3.0770016297322766,-19.083438550796423,-81.5966492970679,6.9898475030205605,-33.648295567214134,8.548806913171084,-13.641381368012715,49.28058218865049,6.281348506884101,-6.797773573410949,29.761561794167815,35.66726289785491,-39.68233454980218,16.127950307779994,-66.13997893062718,19.680535365238995,-18.514225697815593,29.755855585769588,-14.274556606835356,-3.273808222419974,71.23962401202083,11.458727518285432,4.318315032989692,16.038493298424974,4.35951343731641,9.066847618887588,-11.368717293103986,55.894289207604416,8.091673815238495,-33.562034198455855,6.136922768805591,-15.225067017314482,-30.178352337149374,-25.220928350915536,-15.906155036821525,-29.462309352950594,8.123426144384783,-10.48040894796127,0.22163813047859826,10.700828980930154,-48.215383543545826,-14.061518021977843,-16.81832958506829,-24.351314169985883,-12.66329292551024,24.3454111311135,0.3030536235683169,-7.355174989884405,5.098507168100704,5.835976134049722,-0.928690744265406,36.44971952234222,-7.435604540023984,13.697831359792406,7.045881413000295
-65.34794220949915,-24.55841030700167,-12.928327425353348,33.27842462884155,-27.521356092131303,3.145350520133687,15.00082403750106,6.309663527781746,-22.706178457435414,-11.548275901343953,-24.27530035518691,34.468045556581565,28.10242373236257,-9.763309769081337,6.433536025333334,-23.85768040238601,-21.427302098465805,6.415709447565756,-12.21094970622146,4.830241068381691,-32.814791621704515,5.053655088129565,-18.368839477806237,-13.567455263190181,-6.243558424858225,-9.606349375874865,-12.157721875394483,4.635301711764694,4.815507520833279,9.238541094455957,7.360509075068166,6.876268207950148,4.2646014399039105,-2.0190474225277333,12.850305910500104,-2.2661659427507943,5.512600608989416,-2.6525138115713656,-0.24097707610225994,6.763626490279321,-1.9736633119895042,11.16598422561259,1.4749001983635015,4.388397129988417,-0.47456410096254603,-15.357932499660924,3.355605865946595,1.520522678785117,1.2748789905307334,-1.9161327761011941,1.7052993560040872,-2.137688738119392,2.9389799094992437,-7.554091950028997,-14.3041864699524,-11.53706094526491,8.284028613231113,-10.867094571121326,-4.186861560203883,-7.326375357040481,-3.5654954970533317,-4.219991613490364,-1.614582104010351,-11.514828305855424
-55.453696944809806,-28.470506568722183,-24.945503206256078,-4.3634320027924955,-7.344601967913008,-13.656993218832103,-14.40351968168773,1.475541322864425,-0.2184860634807629,-1.862689938137057,1.7116154351163955,-2.7225430611933183,21.040063860732843,16.4222611317066,-19.871890178345332,21.59137668668736,14.779059759890675,-11.255616645675595,7.137895821395611,8.166599990173289,-4.982473560230515,37.219150927111755,-14.697850082775616,-0.23188511140425042,5.126075125818522,0.5433811340489261,38.10190963220491,-20.49149121926651,-1.535028865364958,13.958574543898353,20.431206399821832,10.903455738184388,-14.869614080716858,-34.365441388484506,12.755405026348205,16.82119014056032,-6.5726929237522,-21.59210550171562,18.83743109917701,9.895228205295354,5.05092070229347,-8.31822124001559,25.810168079104162,-20.14333082144613,15.366360403013262,12.595658173623764,-14.886850067807423,5.060380697915764,-14.43081134513799,30.760083853798257,7.146098310178038,15.400873427098277,-14.561760004191921,-6.219075369791081,6.1633117404803475,-10.990212517202606,-14.237032132978818,5.803801473449619,-5.242410503269606,-16.975688441851158,20.6584959084898,13.748002050165276,1.9834369193860573,-11.611603130391911
-17.682327603157383,1.6548730951153687,-46.27260701245485,-27.88897457736983,-37.90093015223373,-23.990397918660594,27.45977170077229,1.5831008658826886,-9.371390711203032,6.638170590272124,22.653980262788934,9.461785855625772,37.75840066900588,-11.504861965135927,-13.19824282855949,6.455878564563776,-8.424912826607486,34.95421200369726,-58.58288455383535,-43.62264840301647,13.998070075131146,-54.29984461961115,5.460731618060059,-11.564056710288959,5.119764226046361,-6.7667022229931595,33.52163154044355,-28.582591068842735,-11.289402865606798,-20.416933620337655,0.7850822297945452,-36.811354958439566,32.22957713244311,40.819467065558534,-12.758870768453177,-9.025214953716862,5.744474114331927,-10.120899368280291,-6.089644388942522,23.301395311005816,16.658844119021314,21.401160479903147,-4.3309033906835985,16.2532739326138,-10.679767278872317,-10.280807137648631,-10.015560714251487,34.09008229652008,4.347550164052573,39.20892048322719,3.3236335576085922,39.627688823704254,12.587686452959266,-11.519601723046595,8.522611536315669,-7.390541750046552,6.362657014227436,3.4596454666021277,20.536384647418476,-13.379651706926307,29.576550594116664,-8.734415837148012,9.145750665789684,-3.220464406019613
-64.44343587650619,-22.350365526550547,-10.37648694868924,-2.569072582206762,-8.065462328935945,-23.217899674594065,-14.561848530735256,8.298916084904715,2.0811912398268184,16.303578391038823,-9.004991242279205,-1.0224985505222106,-4.712033580200573,-8.224749258972237,6.690155433480299,-7.282982203054292,-6.363280425104737,12.250244475215325,-0.03910114576444036,-15.157222767445713,12.624284304522421,-8.472766907514378,-5.4868143686157795,-5.4325059840329795,5.387569935102273,-12.906246167618939,-7.93055389789883,4.383835526407379,-5.085462325805307,2.767560772183185,1.2203307891798474,15.050836645916679,-17.436760095024525,-0.21860245076437224,-9.286216173087865,-0.773666943766194,9.76729325316178,12.25577354443463,0.35558500259830406,-17.250597045237384,-9.336156676710496,-14.790689793823864,-6.456122718719479,-14.34856521804602,-5.927354414639477,-1.8563269781602898,22.84719472097449,-10.192027833234151,-10.470319448390567,33.40298934544227,24.537934004936048,12.340133095628177,4.000210525726121,21.259875649758534,9.995665290297886,-19.012505654798804,1.2701303631512928,1.0252795929870895,-5.062416707283896,10.018878696473255,5.438078185261833,-5.259762414281194,12.466834572287604,8.898853733521994
98.85077187681591,239.44639754488557,119.69478482333629,69.62676400813304,199.56280443732106,30.64383885417666,-114.94000709333147,20.521555244098796,-10.853627471795093,-6.4581120650401616,88.37783036445315,145.33867855047168,0.3977468113730872,93.04769179039937,-19.886529101851767,-45.180693700526945,-63.35811648871206,4.2795524376901675,-8.379869028045883,-24.723355689135364,59.99242913489846,-81.37355036455736,28.949655769559268,23.789081567812957,0.6068201491875258,38.148706653970905,28.98639157550975,-26.518327788808612,16.948239891766573,-34.92775737067268,21.83815612816081,63.47694933019775,39.21594933749174,5.469064044546536,23.90984922676759,-38.49819071253636,-5.953685427049995,31.953227517798407,12.517928303330875,46.77812019357853,-56.52143258461545,-42.15838609942509,42.16128628451431,-18.04125930826886,3.4425446707264005,-32.693927570794536,6.751664987341634,-18.680385387987464,-10.888976704050508,-12.471332668544807,-35.23065904776865,29.911892749481368,-39.700919673301655,9.119878553050091,44.68197690289572,-10.446407919379146,-36.11901393047148,-31.921841671508997,-32.42595536359802,-7.9071245289491685,-44.94877929395345,-48.57618353711542,-18.74891532337759,-6.00045344092641
-63.61066802023421,-26.324598476731857,-10.081931599153778,33.19234987610196,-26.94542147826983,3.7220848544780667,21.442526614842617,14.631553718121992,-26.70284247877129,-17.042010334887046,-27.1176656548653,35.244279139972186,25.22328266046253,-10.400742029469903,5.9098841965242865,-29.170891003588707,-21.721481153320834,-5.0858963461531825,-8.69230809942958,12.334590640132397,-28.06377407582106,1.8208629931997877,-13.194219932148076,-17.349236270521793,-5.160954318631926,1.573463276327067,-11.310571480907717,3.030673645479769,9.347475129472437,10.39049356646382,0.5520646641141101,7.954773814162404,9.800103664576783,-8.147688318405072,5.6220157038700584,6.2610033971073165,15.0155702310372,-12.159308875864177,13.747801981839382,-7.468315979783622,-0.8498023402004996,23.42677561240555,2.08913587294847,9.296910858982725,-10.982512136365447,-20.939550274234517,0.49608767087593486,-0.3448728743183626,-4.128330636752587,-7.563905356384699,11.041446836918325,10.502986266944077,2.78045852913306,-1.3862961710705157,-11.94112226065104,-7.3808919433956515,3.2324572198516615,-20.936219313327395,-0.3162530743338381,6.507876624983369,-4.657234104589275,1.6874646325551295,-2.09009906802467,-19.911908570454703
-75.67595917468707,-5.08513898616815,-131.6896536634392,-258.41074840101294,172.87761896287822,175.57562740651073,124.45263987198712,37.96953517937679,-58.61477035629199,-36.30015036650796,-102.5173277653417,61.676693037425316,-85.46961680148304,68.20323538609176,-109.41148037294907,-70.03988051944098,110.32951502069352,95.70724815606933,-27.136710376579824,41.437265573347716,64.90450680948226,-7.20978816327254,9.969660856879102,-16.312441293933404,-25.430875787468686,41.294197341699146,-69.39230306180878,28.7287044269476,-57.81136910776442,-30.64707775075499,30.986581817161763,-53.838872835442224,22.107816792076235,9.484677102148092,-4.748046852099854,-47.182287060279755,6.914135745016292,-33.77975400434411,-38.086952318087874,-10.707318715543666,-4.278205877864159,-0.7888393311171311,-32.08401897808914,-18.441593190842134,-3.3078046412130813,-3.5489813898966354,-11.579523220709024,-6.010173793825366,7.481687508140106,38.00175948650851,27.8433095139668,27.05344524194176,0.3976033202745382,-27.003107602689127,19.549300414482257,-30.914335354957476,35.403736093985906,-8.084710030414831,-30.604676708874305,-18.145461868685118,61.13017787939619,6.556992733135468,-30.005968358876302,6.7957938316571
-12.707276671573764,156.93520322662013,113.68744892715618,-116.31727754328557,-134.87825406833602,1.487815147705004,40.094329511195106,-85.06952300455134,49.11440334788142,-84.12058476898517,-6.776714799832789,41.23868884329813,-68.17291343969184,21.31441896347754,42.457256375077286,50.95695370124201,-2.731083338704351,-0.6011634308937969,-1.951230442684878,-14.43090458165044,0.13667309209474007,6.291531677854532,-29.999852941301658,-19.8568843759424,8.963307576076133,-21.789807099254574,-8.842060440916509,-8.103387789219802,-6.937483140520146,32.570847186639455,-36.10103317133848,13.956610760025955,-10.892416743139906,9.211781580558288,10.213222479628612,-9.043585912598411,-11.780519630161038,28.809322210193482,-3.905404768576108,4.225908114829767,13.98010399832164,-44.42898485863403,-16.922178335018813,38.047484127203205,41.15460938038741,28.956760969818834,8.46612034233989,-11.336721654564148,22.40048290833138,0.9514705741001815,-1.4047793040571033,-11.387830515733473,12.13312150421054,-3.473249748415126,22.32762137291118,28.259014475420237,-0.967653461419768,16.012940672596955,-6.224969012019162,-15.501756518629534,-26.369063882319324,12.57422949932957,10.641652151705888,-3.617762551976527
-60.941278549869075,-23.585215221245026,-6.441313204215936,34.551165686469034,-15.340039841179804,4.263133333698008,28.018945181553104,-27.277498882845794,-13.438815708568677,24.763289973581482,-20.30494732470652,1.2615715165084556,16.36811181627018,-0.606821430063741,-5.172432005353442,12.438720561160745,-4.640228745932875,2.706457332170196,-3.509116850596431,5.113700454643607,2.4103091579863465,-13.437504585914581,-10.774471613872,13.510955878964937,19.12520396774323,13.95695500434024,21.594637070843643,-9.224897125106445,23.732955714982694,-2.2118297230572344,-33.70479738128076,2.4371522647155035,-5.6198951035733735,16.49986947517235,-2.2609062836148586,-12.772076470088932,-15.331964484034385,1.4500109777966008,-19.014252157728077,-11.452923569827123,7.0623599127106,14.688949539214999,8.996914354467203,-6.7847385293301725,9.280635907837354,0.37897610365747636,14.853813098429018,-4.168235037807357,0.2511356978686051,4.370887863889313,-15.567818747147227,3.371583407671654,32.62174015850228,-21.21594565195241,3.1364930489895144,-0.5922602695490713,10.589210092153532,-9.778586013093639,8.53436534471191,-0.9802141247170422,-0.19575011091123648,-15.988050381850636,-7.0471871280265415,5.517594631665803
-63.84664235079314,-18.35558864248467,-20.054564738899522,5.104220162574281,-14.452534991204661,-15.01162000885915,-16.412512653495554,1.8094954552346856,0.9448400254088748,3.1520514613287807,1.5641450940017267,0.9703465640380681,14.052490488391248,1.1443708202036942,1.720459520830556,4.864844366453149,8.811549835813722,-10.111797666070427,0.04196243629291552,-8.166340531460094,5.541137963730576,-5.796584674131556,-15.32843570912204,-0.3438254628971099,8.55380011331736,-14.782966811553854,-17.491045632850785,-5.988052348198863,-1.7936587464075977,4.742670654577576,-7.730783102278187,4.194485615455693,14.991816433908761,-6.348604572651149,-3.0270549404063125,2.7769128584150358,-7.50773378401574,-3.180571235246089,11.38004959225539,-0.1333348053550327,-8.61756359797706,-7.827066753217205,-11.860578590054434,0.5994343930675103,3.4874717509671918,4.096166186663641,-9.194483687891722,1.1688370332536158,2.5143822156677196,-7.5937603325988805,4.773479349315532,-18.448092135762266,8.66148989178154,13.262537144038477,9.762634553442096,18.339731768557435,4.453556369841781,-2.963575744573928,7.988419367654736,3.6873501868706935,-8.716187563650841,-19.49189119701334,-13.01205520247187,14.492375972475044
-76.49840600096505,41.004575363279145,159.72245584144918,-79.8074546922693,189.9136799650899,-55.44501388288803,-37.64422210221999,-3.00576266788493,-47.74995691033685,-16.188196078990188,55.582070417939285,29.81310903800088,25.12902309859366,-38.18835898679842,6.555021936485905,-9.247759162845627,-34.10980627256778,4.796108466848,16.20973381037115,22.326766640971968,-27.811329352729956,-62.89032847019396,9.532642211586586,19.86333991222026,-7.316624957280954,32.28352381167103,-19.20213310942331,-46.78577282825333,26.724634230729745,20.99935824609183,48.71447105769482,16.451114151755593,27.902592029473826,-42.249076960326136,-11.576041021561485,20.908887418657624,21.96007694266007,-19.426666254810986,14.92117622192136,-23.64877463750528,37.762636976685414,-61.3584543294648,45.64912198615196,18.15533086385985,5.91509934086209,-37.037006320322206,-10.786620079406937,-15.638618621085156,32.13734384105203,-13.339297416729007,-17.103159667276326,25.07868808139709,19.464648641761173,39.79994837841069,-24.841470899430636,-3.603825523838026,2.0374174452665197,-7.1959478404245685,-25.212990033406285,10.273589068239717,-21.71915677639716,-27.211485657327678,28.5596112920616,-13.194495400262012
-43.607189884558906,21.62803532716159,15.499489939020194,-28.444162285655572,-21.354152011041215,-23.35774877567208,-6.007227148674652,34.88375828125292,26.699924150518292,20.532170860188995,-64.38562155294129,-36.51033068424469,-25.66759821952136,-21.532204903863764,-23.26051128826805,-6.356454317661768,-51.36559114427752,5.351543137510962,42.752674643431035,-2.1627116211750916,-33.179818292945484,42.95170418214135,-6.8391396949275505,-20.9824571712129,-16.118282366588538,-39.619010218864545,27.018570987668486,22.265609597211856,0.31918758603030645,-2.3486644800740697,-13.77169140270788,-16.789256924659117,6.700696398506951,16.724980104284743,-19.292037169349545,-8.033377252714486,-12.07398915234551,-8.805915412452618,-2.926466731684358,-3.235960896641735,-6.784174166503564,0.7241687796999015,25.97673752856194,-58.384564866651054,-2.8472535137695814,-13.865965052468939,-0.6860736487751351,-5.060166386332612,-12.590814020073083,-5.217965153269452,20.15930426424087,38.70998497677778,5.115305775561937,22.599648913302108,3.9052359870217574,0.11987691358675265,10.467674935601977,-18.64865281151843,-5.520238314190893,9.05985677593671,-15.857561677975632,-21.93889258519551,-19.581533676422794,5.128861393994948
-44.31830759199801,-16.08689796728812,-25.494066702814255,24.237798872078415,-6.602673909983723,-14.473142663244488,-25.16513055301145,-5.946446982092999,2.003631071473151,-0.08578030428116314,-18.389189872702367,-17.811150281135998,-17.351169435247197,-1.2098333246426034,-15.964909323922665,28.762798455555373,5.575560822058841,5.668448626894647,-42.72038564988525,-16.534222453181485,-8.68376880022747,10.429174968741323,-51.912538942737356,15.382649638147228,-38.45606870577461,65.89848311517385,20.579027896380104,4.177950492240759,-6.042882359851958,-6.063579883369806,6.801517380455374,-12.569700093912092,10.256953882140747,-39.540779699302895,60.435222584141314,-4.204649493166672,-4.621840777662916,26.250282381567867,38.56707730220891,-23.758985233759567,18.702765094395716,-4.097741350439416,18.65819971013236,3.7433048996572524,-5.648403614045334,9.723267800572847,-0.3020452951332874,-5.580179237962297,5.170778674104907,13.674083450242481,-19.20733052360072,11.321925712596,15.043319422243785,-1.9387466786488396,16.416650934704013,18.327126051036426,-12.324953606823899,-16.522511134098547,18.283229878186287,12.662896536724187,20.95043628447489,1.9569996059117312,-37.557637015883564,2.5392174338027718
54.37538412668863,114.15874873929295,19.264592153018572,-121.23917665379022,-166.6293132091207,-35.59664221411235,28.874819487571948,9.947839072159308,-6.6198232164190145,79.44067683345348,82.00355840501881,-1.4422671606448791,77.48904840558046,3.583050499536616,-49.00993613001699,-49.33814228118865,47.45389712633159,-15.43207211318008,-33.733152854787605,28.905701558695526,14.44368043758499,24.70475214344015,10.170993011453465,5.368827748276469,-40.53266448413179,61.65223659157307,-46.39903859387213,43.3674716007802,47.23888857956137,-8.21351841862298,25.522839157694186,23.688982759435447,-72.92103996613464,1.31488871208733,-48.22698372439477,-58.92027763033396,-24.7889806270666,53.03602191662266,38.95439996428994,-18.26866746342942,-17.020990483935446,18.730827746147575,-9.703627819673832,10.680957899504115,17.01053595060563,23.149701118526394,4.359838282401326,-4.823097808968417,28.33360584574922,-11.122627340018731,-7.850467944808295,14.793946658640268,-13.21395577948116,20.400497897657246,-27.53391370677727,7.994440797981982,21.513829903557372,-20.110777531499227,-5.4395635341010635,-3.3203325553997316,32.97799266361572,-8.930690908414915,22.041526238494193,0.6119294247950232
-64.32437641110084,-15.813332206923594,-19.55325836261838,3.095809496792231,-2.6434979418913467,-18.689709911100373,-13.837184383412112,-0.937966153738356,1.4752294534219557,-4.849778612213505,0.7198475462130243,-3.588018104811974,7.4198605956451775,-12.115066554342873,-1.2616752593748666,-1.5658626020876967,-2.2331029926824666,-4.3133068258432905,9.941972899864865,2.5950353989900385,-5.03072071815459,-15.67408366609695,-4.054265802984213,-0.9957721234136918,-6.668525841494725,-2.231904751952388,-1.8087951067739976,-8.427734962660777,-1.7073767311366543,-7.36001636753351,-3.214228665450734,-0.3958433374755226,-15.047301007206977,3.4544276835043544,10.6838990704527,-1.4940848024083722,-14.683319271587141,4.999633842128802,4.629774715667282,9.038371951525114,-16.199495700662624,18.215840985860154,-8.594773940478126,2.2787209471230425,-11.900483168986883,2.6758321224682446,0.7016072485511752,11.288877641985652,-3.9125534026337743,-15.632794097123467,4.684604985602137,-9.29145040698653,-5.166299922152877,-5.696927572977215,1.5986103141383976,2.1410265869359066,-10.305038941670247,1.6241478672443281,-6.909611981123167,-4.4065262225049056,2.467799334086435,-11.833099453031162,15.975153391958322,-2.4200162555655074
-63.50705075210598,-27.19441852588664,-9.411390154112864,33.37582293051418,-26.43256771633631,3.921755466017703,22.49563006880909,16.935368198632446,-28.60039959619503,-12.930534645302172,-24.08656476951442,34.42460147834966,22.534594049021763,-6.903452000567279,7.56553759069106,-23.336783392264493,-18.13901605508446,1.8957266774675154,-6.053067398651244,12.110269951933928,-35.64846680107175,2.4234229797989935,-22.38355875965453,-11.367688257290393,-4.018402117316731,-7.870826445959012,-8.431280727236647,1.3549942801869863,5.3020317529182055,2.4515742069406548,10.5524078636494,12.176715012595366,8.260850509097448,1.9717379221215903,9.913783741388462,-8.472771294053993,5.939229830047076,-6.626371345470274,-1.9331418270418008,8.69461478166453,-3.6032495097248303,9.647906956232477,9.245964043290524,7.173446147456193,0.04604368644706978,-19.191181300983185,-7.774846869806593,8.515013758983523,-3.7547385665770907,-6.707196004033191,5.385076705686881,0.9452965145207506,-2.335228221853769,4.192511343114977,-6.85317847938455,-9.341389914858354,8.539873589834967,-7.402883818655687,-2.311293761997261,-3.4482839725234973,-13.497745479689858,-0.5305555872696367,-2.9394612043792,-7.068610048197651
-47.1964382180657,44.76485171090272,-9.760140236946224,39.48151457997951,6.272317501783857,13.07606577647282,-22.008678771007247,20.80571216431815,5.403956678282279,2.907273218912106,-44.373564475838926,-25.884135117547153,31.266350868873953,-7.789651801127897,28.432994326816786,2.2996253204983863,49.80878813895679,-10.064788080835621,-13.631487679771292,-8.729720109582281,-15.515336150756614,21.47672282425875,-6.484751157495975,20.17320252949248,-2.5684728680699864,-5.1216532618726855,-19.31084034128142,-2.8931741681947782,-5.212908852233331,-24.95096113233642,36.57873149572703,-4.325362468661018,-3.3434232558515453,-13.000837984568586,-29.50301448911626,-4.040230338541025,35.731122806634545,-2.4905296458484463,14.803349851890848,18.38487249011386,21.25575355288443,33.658254638470176,-14.227296111707538,-19.135448948533714,19.41977769574455,13.057312513685147,20.350960944402942,-17.659300664238426,-11.09863912977737,-31.161148788588665,-12.037139365728455,15.600247235402255,-21.437030351655633,5.020100458022942,12.680973891691512,19.77396514997831,-10.312167347055972,13.655257198589423,15.54031265501458,0.40880799790278427,-22.335549619329623,-13.955247642867826,11.010910850206054,14.247692214105959
45.38419107119061,-90.81428299625469,-72.69937840998156,28.59488516221418,-14.592483356622832,-104.49074029752379,-37.729754214721844,-61.90289048011216,14.201585271215487,-10.584822269829958,-54.77326347508356,-7.811105651086067,-47.13302046302462,-26.538740446319768,0.5407363152221787,17.15318303535084,7.085064865067898,12.199235004275062,-69.80658490855362,-52.5937157829148,-40.325185471967764,-11.911480299792172,-67.51860034022553,62.472928729836106,-57.649443457685734,86.82676052575621,-6.921348894103328,3.1789372268444445,10.296831562404764,-8.735653815985055,-36.000418776177796,-77.25973241276536,31.197004699408673,-3.0333226377393507,67.58293241195882,16.349347063446015,-19.151471459268652,48.34450054175463,32.31436969700883,-52.182913142143406,-33.4716787022121,-30.83913339837951,-15.906199522263211,-25.224843357086524,23.518888109118688,-8.448684795228854,-7.154145400755581,6.235541201557201,-26.10200764680381,-18.632602000740885,-4.903062388703959,11.973956744929062,-21.50680936313043,11.705918254510362,7.87798650738598,-11.917786193749079,16.5485163037806,-2.4130915845312058,28.127941615909542,11.370906056503996,-3.125510880271735,22.49397818087238,60.1117928738729,-27.676522762067226
-52.54146553710701,-30.362075814179224,-12.093599048285771,-10.860151707501693,0.9934004984217383,-18.869852572945156,-13.296902897321363,7.997924705653456,-9.549848052851036,7.576318961515802,-3.634427756578809,-0.22353298512997588,5.15079168188752,14.192383495136506,-1.9133496019985348,6.127336769433431,3.5303970455154725,-21.528419365217147,15.72971810887457,-2.7649673460160327,-9.00887209271618,37.830918241173265,8.833462974583812,-22.314879267852408,-6.458063498052114,-8.804046402673887,16.26244178337695,-40.38436294947017,-18.203069979087438,19.16634980271021,-12.594977444919557,0.8165924806747185,20.045459038203212,-12.805718328374692,-8.710747065988599,6.186616400370146,29.079106210023983,-11.861840458721876,-24.459464036240895,1.0306494372650876,-28.65212872689455,7.367909610284233,0.9856769193242633,17.355111814740717,24.500332484171754,-20.283978025997715,13.558532472890324,-3.8658881941416112,3.046468479580686,-10.268236393208381,7.462953384077979,-24.744486192722974,-11.07222120987733,15.517142550055464,-5.669022219765054,-5.789331047420934,16.06609250856925,9.736002062760237,13.34529451742338,17.756571590942556,7.8036529868627715,-15.576786375461067,4.857962922963692,-8.443916113502228
-53.674993177809974,-5.747314798161244,-23.874061611833934,30.314349059261243,1.7911919790045736,-8.8634824277441,-25.56504049688701,18.798426065839102,5.687010370307335,-5.675305701732634,27.936111000985335,-11.661120132389833,-21.63763109393976,65.75089762289305,-19.99207576950864,-22.98777326599074,-36.019018083064566,11.01322576291826,-8.64988091815123,-16.429928976589345,-15.23014767313383,-18.273261474547326,-1.9858537626671613,16.27236551689409,4.478196723768625,3.282900521898627,10.688390409884153,-5.86244279152157,11.21360890302038,21.422213415777136,-19.977303851467113,19.15085173572087,-26.153794124948767,6.567688780704607,-14.459094930365026,-23.784941330746893,0.5792661506275452,-23.651250764607415,19.553306681492653,13.004347444924742,-2.0950544885150393,-24.548963905033595,-19.804664700864524,-14.684024202515088,-5.7117104174747375,-8.167143424126516,3.3530975076810887,-23.651682786219254,7.281345757286685,-20.004427285964997,-3.898353169061648,9.493207542334419,-2.9010946478273603,-21.250177931423607,15.00488855882662,6.27507081588025,-3.9254257412036586,-1.1218944038381697,19.360929187734097,2.704530976905103,-1.6805277123911448,0.8341151401905659,-19.27011658662393,-15.844472491586327
104.08951120029474,152.54229826194594,132.80985695032064,151.84050524403276,-11.464194214009407,228.22210109366972,-169.28261895995763,84.89710786191638,-67.80516014027972,49.091559985471505,5.548031482232297,57.5016608768606,-24.338781637983807,-8.116020123654554,-62.338917887337765,20.72407458872141,-37.57043663636696,-15.059697661491589,-47.42204424181636,-22.487178091231215,4.4967323053652155,-1.8300469849279113,0.5066806889611237,-19.595933502913216,-4.185215415725582,58.11512303961905,-51.80599273996525,35.40487190525029,35.57164320175611,9.135471489473192,13.351243274782831,11.960024238242953,27.16961951638556,-2.3217893818589155,-8.21240126117571,-41.69175255414873,38.97909362370344,-23.792821457564827,18.785741875814924,1.668646564965727,25.01466890568668,-14.827322189421063,-12.22958073542493,-10.024249817350539,45.15574574467637,-29.076164417441788,-58.792238131655516,-36.66276740968522,-22.812116034254792,-9.609426271960285,14.674337939637013,-32.15047862401991,15.9965531040506,-39.28656001123353,-53.69238096887641,-9.859925463021911,-11.88421256426839,5.6429871102816715,44.81486662762863,4.4647199588352695,19.70603817948817,13.162503654687624,23.032177827213705,9.495362827909894
228.14692408355577,136.9719876674385,-119.05619196454144,-50.76916030896154,-28.42568503042674,-77.29740186829925,6.250933500782997,-68.16795061927142,-103.53812010941553,-27.321116532944956,-48.6943402706105,45.95293785758594,-15.351540512474779,-40.70236068929886,-39.445812835275966,20.522873271670946,5.082179153209042,54.63585629885788,12.771921301547547,-28.069924733441294,-11.863530245786452,67.46228619651087,-9.136966815641042,-31.902312170790662,64.8978262970167,-25.980397513316476,44.67252592383593,-21.11647198522785,6.001612412140637,-63.2771436324709,8.286137576346372,62.02803692235456,-33.888268713758634,-12.939373206411922,55.65067885644689,-18.641815805158974,28.878135865994526,-75.67902902287516,15.423217343073674,-48.668186284630714,12.671292353280005,-30.232773224092103,-22.397260610251127,12.913988784219255,-16.18928774533278,49.89324800615235,-37.204163777483096,25.964545222460846,9.439192905104978,-35.559556720444185,-37.830397889591794,-29.281494813695147,19.062653684954043,14.059559030077372,-19.064323491748556,23.910505033341206,24.691512878942582,-26.856220606696407,-10.83759380415644,0.7063417017674315,-0.35605061079522127,3.354824847985817,-9.356873637534889,-4.898926458025474
230.32405781533615,-176.46428433725515,30.82694478841405,-5.005622077264246,-10.833567920665871,19.781158482554208,-23.128817040673002,0.6011687966495087,97.34934627874982,-37.965829046324814,0.07226968515913801,-40.33505251106454,49.191775408284876,-17.143459687280043,18.991102886578002,-44.91138453758622,-31.07306407125617,-5.53416956122832,15.35187965037332,-10.77480385431186,46.358999880385134,28.438633381979475,-3.309817581541404,-9.763068366598759,-22.495281075199483,-31.597188310957467,-43.839813718597256,-15.560736746195497,61.04233138269236,-90.64301478852016,-2.7644467118260647,27.07463117188465,-12.69214679095118,-7.261088216664854,-2.0252269246447545,-1.808223483513036,-8.384702590883155,-22.05045730486383,-11.63066243508013,-2.791102824882427,25.09381323524206,-9.72613567393234,-18.031526738817636,-7.258291155975424,-1.248287141969157,2.2224472372871604,-20.2286310433573,1.359498761078213,0.8881952734965621,18.748477879265746,-10.868497144274379,16.939368784591192,5.700986278463328,-2.6191021270473387,16.93197671713532,8.269199724332891,-0.17699889249487968,-6.390856957902373,-1.9437141167310945,-8.486980059613145,10.808514334339803,3.6410458899737956,5.621013623365662,-7.274221529095567
-55.161770419707175,7.033059988202098,-20.153220849462077,-8.832443397110666,-4.197562508679565,2.0789264159721337,5.02820423896843,-3.2196431256702414,19.411809657831494,-1.8654363262313485,-5.246472051026649,-31.96135657977577,-10.853494493892688,-4.696498128510552,-12.928704483556459,-9.550176772574046,-9.190945937240402,-29.98153364632051,2.6098185216801815,-12.740233134668733,-36.914536126318005,-11.927922901266907,-5.6812802163113245,-4.978780499105398,4.6500446047388415,-30.30266495456002,-7.802855346059739,-2.9115766817786497,-10.170856868226478,-8.82109845808311,0.85445690236194,-0.09983718875474996,-15.769629622651548,1.6261566548155857,30.559716247561738,11.487105187665428,-7.652426637036475,-0.29500088244036604,15.210414913321499,-7.856498720096123,-35.18766598204249,6.907023737574903,26.326782979439606,8.704553929164291,-7.552580212985235,-11.802890909976052,0.6645682727602052,2.2523127121109643,22.364252382056875,-12.92814503549234,30.65525911058193,17.64086879864791,-21.3200014670384,-32.177100664389314,5.940576222739605,25.86016246392412,-9.388919702763946,-8.280140088371414,17.05809399172225,4.517850865494622,1.8879861496472048,-53.00546850929735,4.317677223532029,2.8486989931503106
146.82525509421507,-81.9903393429908,-42.15961992546749,17.80226124138362,-15.724492518199657,-96.60216337564363,-25.74384236741247,-74.27890397935253,-12.290633675811891,32.631315028444995,-52.83613856354749,42.34481009841524,-69.67532808245737,-16.72431764623325,-30.045922276184932,4.042292249304348,-9.978163785677662,4.293843713238151,-34.9544523734836,-36.28483638546116,-27.472956647921674,-21.22843966824362,-22.968927339455696,44.047858545515034,27.188598535402292,20.030818683180552,31.02876562800741,-7.761794127235,-41.67444702537532,-35.412711310893215,17.434479202303898,-23.130836103184752,30.866146194973624,6.116183833647769,-8.030641189428968,2.2912198777978205,0.205331563108334,-1.7244907167422174,-2.432030909415389,16.098317231270485,30.51886627314743,21.595907648483724,-36.509534790169745,13.994358864317018,-20.202533509943862,-38.261237502197815,11.254620428358141,30.94767581756323,7.755116172795781,28.245016350542194,-0.42843617579163623,26.488125951309208,2.897421841527505,6.618450883597548,-12.561010465917324,1.4252287058978605,-14.445568155591769,-39.74910920902274,9.038429210023663,-5.006385072293878,-46.162177386002234,26.017937620748352,28.30517509568208,11.661137752211737
-43.942423255495804,-32.455089797441396,8.23801713377207,6.176167584964518,9.184027800774516,-19.75153565125463,43.25601945047465,72.28461528072523,-36.68138151588975,-51.891865868522544,27.507685397407478,-1.5767547218564886,-32.48602710667063,-8.513479880217497,12.153139242559329,-0.5735271000589836,7.422855439928396,-29.56310729934321,34.55849918666666,2.92156934249014,11.472576447098504,-6.190585036067842,-26.897664930357788,6.779360452318643,21.114114783717305,6.082413106546758,33.007198772399576,-1.5557146286514139,0.48828743105439604,14.241042016352994,-1.7738060874168966,-14.260082000764578,17.671193820499496,13.965358669489454,-5.398552905670483,4.5507427051131,6.712493390927389,-1.3162979013860123,60.123041536962916,-36.29199221301791,2.220834944891876,38.413156843022044,-23.372619016762876,12.291020647625716,2.959999310022552,15.356018250660222,-4.570784446445889,20.04274422138419,18.283975799698307,5.811713989839177,8.322652095389866,9.088235812289525,-0.8409361744390174,5.432381725298047,-18.426524384766513,-1.2135209920177115,-8.144310516922422,17.967716453641213,21.443648079243804,3.984903099593463,1.7467673835909936,8.525741223793496,-20.429773280710663,-1.8397287195668597
-67.2522384034809,1.0893292431939985,13.830050799397656,-14.61971635396882,0.441734877424985,-17.67820223013739,-20.13378299655064,-35.70840436821147,3.520335436494972,-50.248718701545165,27.670817459673586,25.07258873257066,-11.321687617780091,-7.905598549811925,21.179331532039754,9.102973115024085,-2.7585190967344126,-8.783754302054541,14.07538632150832,17.039261580954445,-7.504492016960563,-15.397573275467785,1.520693911837966,12.244287698261939,-17.262544208304153,4.182381269592384,10.539229313662327,-3.7120361440803875,-2.492882370339897,-7.6514978724382905,-10.760839246625986,11.414095155025919,9.260611685944019,14.591121683992737,12.278532768546333,-19.724949923914505,-7.250682420204962,-6.9974452588713145,-0.12164409433676936,8.107676411623872,-8.635095476922016,37.43656943289916,-8.119647646693217,6.717041037600249,-5.017334256564033,23.23910418817472,-6.296273933710363,-20.414640229598216,-10.178235271795582,3.378647788197224,-13.722580199003609,-0.25366539125348825,-9.359240134341475,-13.812964085887776,23.6843502884231,-17.394208654603634,9.525911351692251,10.672313009380145,-25.260059810833027,-22.242209908151807,7.771991443893508,-5.296411955894841,9.722223513800122,25.493917274123355
20.08581823562387,221.90392120904244,-39.134504466301046,97.90070478240787,99.09394276742677,-23.212931107978253,25.18494022443287,37.5473802248917,5.275115684137392,-49.14912959578642,-19.44341902467941,-42.6028630537644,41.23021954383273,-13.746522622537237,66.97705967000309,60.89730678974187,37.97765144146829,14.57136075441712,-17.713687514639563,-12.345604423597617,-6.04459638529389,14.035516000372175,-38.32650262102144,-16.982189268918923,14.45540483975823,-14.240446920461714,-25.046992351675165,-48.61143743922365,-14.198580768121218,30.32879537621642,2.0806824635468817,0.6528139126025168,-16.755164070410455,11.682564806674604,-36.199874425894734,-36.8711548510464,29.267611269382108,16.983274488123097,-9.013828259001704,6.207587757525312,60.64266812287226,26.528838541587675,-14.567781640150203,-0.0736165692538678,-15.17115074874753,4.339582090192881,-9.15911041421672,-15.396960847609751,-35.05402269858249,41.87655220218973,0.8185635231552223,-20.283724353530026,-16.38390114126008,-43.43082818885904,-12.59575353808965,-29.045206886653567,20.236206434061252,-15.15229255574754,-7.777174479255589,30.80200208737354,8.475467091894012,10.687439842185404,9.779075951161687,3.4292254766273413
-63.245987969422806,-21.156680335965802,-15.170688146757271,16.207664702428882,-9.602442369345498,-8.492561802294512,8.628151059514185,-20.079287971813088,0.9367682162591838,22.10958939942074,-7.19817077693327,-12.61828504210046,-0.6254767910867484,-0.3909036745873951,-8.766167098791268,18.427407017870443,7.455492723991522,-2.972299350433744,16.33539811698593,8.227943441643617,15.202146464192571,-17.397338885977117,-6.456218366396786,15.745304951279326,24.17746170532732,4.019865954537219,12.452187520389437,-8.25838842700594,26.10192955461236,-3.948607890576649,-21.1963322209055,6.909928915192918,-4.768624023192752,-1.7219501332150058,-5.830186681853382,-16.760498818589998,-13.728689448984241,-7.676127647521006,-12.682632515552754,-8.202079876687076,18.869130735332714,8.796472452644023,6.2355474051218565,-0.17568372843363086,11.608087432054582,-14.539347069284792,19.78311010520433,-0.29019193313045294,2.6925066870781444,-3.62008093518838,-14.319125111085807,-7.185392744967442,21.59051575310484,-21.12134127824488,-2.1559190822941883,-3.3855057186214412,9.76586073142036,1.8322572225884821,-3.7739496702242814,22.205731918402716,-8.475656766119767,-10.070104357702053,12.099957412725185,1.901315055980035
-38.73639434443493,26.615076843997866,-27.04341318456599,41.1410191150198,27.636390667241667,-38.85093187964654,13.577461548067655,5.74964657123277,3.3901823146917756,0.9569029386975627,29.78536168925984,-55.52730653828708,-17.399455826051,30.31102622329592,35.23260785712985,-0.7097486248310997,-1.4001968691047424,37.34006251957655,-56.85919967998832,70.76850497661054,-2.1779460806552877,40.91610960499397,5.0726348932752785,-16.53841012812811,-4.686335851803413,-0.1156155488408152,-4.8925886584664084,17.479602882872552,12.03388267252984,0.6887612981130615,12.875750375634345,0.2444687726441093,13.89134951863028,-27.83455091972674,-32.52580325606077,18.13129895658374,-27.98149946915161,9.759935776643031,-5.288624488999473,-4.6067738239428175,7.496170029465304,15.931691378576057,4.734482960207473,22.750667722635804,-16.0588911921496,-3.106169615496255,-1.9815769893883513,10.241589470902484,24.233684151120652,9.418786444327417,-3.2577175366190514,12.179729004344,-12.009892251605967,-10.536335260418387,-16.550935334701006,-5.9659244904505835,24.12541885711553,-3.858476081783157,-1.0323436684745704,13.912541829835149,12.876507677101518,8.844132051919695,9.183171185763923,-19.235899826475187
-86.05158426834173,-74.58050406888596,9.239814746604381,-12.188326703302721,4.165387942767026,-32.939392498745335,87.61188321256307,68.60013385997985,54.306899429445096,-5.976495516722808,-49.23059094151887,19.42711190151413,52.8739962703598,96.37354410737635,-89.48362591367015,201.55018642718278,63.63310848393105,42.87355568236901,42.11231418601428,11.803329470240941,-17.2417199286461,0.49289075922725567,78.78000042059449,60.69474113088576,15.678606549297594,-17.164970472083265,-15.532923928496567,42.26311948866606,-21.508820269363593,-9.790260825526513,18.11296641443203,3.7638657551809316,-11.657851496364378,-63.87671712444235,20.711673332621867,12.333415747448642,17.83700014012252,-3.7134180244275425,-10.62463061108982,9.080934552254393,-12.658396559536447,-26.46047832024821,9.877216540136045,-35.145364369682206,-13.273131384879294,2.314030303564992,-28.565450424406503,-21.186602244429807,1.887162595053075,-12.616224254079413,-12.488874776561985,16.588626191611148,7.38441808587719,-27.965283126863813,-5.031373452644065,-13.099961072180683,-15.382397038616158,-14.872207792228068,18.068074440845994,4.636928048095475,26.363890968605524,-0.3883876821514244,1.1636441315961923,-10.743689971399471
-46.899388770919245,1.9626627371824334,-11.59825199369841,-17.264654223449398,-47.22601087987541,-18.340856603148886,6.033006680313703,6.97015783922868,9.438242625402975,37.19734852704719,40.87839356105903,-4.36568947349085,20.72801895557765,-16.612414615379052,-13.621783589571795,-26.33992184159165,45.5806069037746,-10.856286178882634,-14.762488357641157,-42.11821836793815,-9.099080484403945,7.325695047462087,5.649316156007018,3.156736469152544,-3.3638853497306958,14.353522993680558,-22.329855340088994,1.7927377429073228,9.324450893575577,6.78157196359266,28.728669725252615,-7.337960685835681,8.990461243373305,-7.119379549748272,14.609034572720306,-13.786123200875542,-8.614553499356976,-5.903961403277605,-10.538665346847942,6.010245732199925,-23.65890151920931,8.939869404346927,23.523748543217465,2.5688129083800093,-31.016263869879158,11.338832209006094,29.245162517324665,2.822309406755386,-4.336524334376347,1.641614059799321,6.9040189483153345,-15.700113818394437,6.163999476367706,8.256058385526284,-9.288175319091424,-3.648187661813634,23.39422143503114,22.071299392423466,21.245123548755963,10.246701554639843,-24.798235392871057,4.381856796697658,6.476445236418227,12.190849668148381
-48.55315261193981,-34.36821216303337,-19.248132750706006,-1.7072376469065327,-0.8882055320498508,-7.307630982243173,-2.5449670041477255,2.3945631784815222,24.959524309161832,13.978115104605877,11.576548088612354,-3.339493272956271,1.391944863167493,-8.700315140307179,-8.537881597712165,-16.029201294155296,11.452989330934848,-23.093317846774376,5.965696038699708,1.0753270025016186,-2.768573408457764,20.957646689723187,-7.79518249315985,-18.645581071881576,-19.44618232513948,7.666875284560802,-26.357733337361783,-35.49085774504405,19.311252715496536,-25.74974225481042,24.81788099349418,42.40540732889881,-19.322807696941233,13.60787496650321,7.868081418333213,-1.4141985001468158,-1.5870213265819573,-47.25282009965579,20.925166204110344,-13.606792853586688,13.159013359888876,-18.547775623829853,23.466862687868616,0.1035213390192031,16.13820034652968,23.084609905969756,13.055375349347269,2.8586221101238247,8.192995810747245,37.53679058332699,5.6257270356429565,-9.303588548722738,-20.189737645986508,-1.574116392004845,35.61352910152519,-20.469191728969534,-29.38069630209174,-15.202479472999023,-0.1126147006667113,-9.259456748587493,14.3790039907954,6.744227238696154,25.777799411915097,-11.74650492634872
-67.98930146117405,-67.71503551722436,-84.91171802675733,-19.8173335813203,-30.765537018721897,50.62101102782871,-8.178937244047612,-63.55775916706384,-29.53183658541415,-10.572272176777743,16.577973968559345,-48.02040464528398,97.98606863688246,35.75782761798403,122.46815186363018,30.537791952220353,-126.05534086532914,-6.31583910221967,78.06523054133625,-46.43125386447579,84.5483551095864,64.30617969029879,13.139061294758829,83.56454504714142,25.52100812256752,43.16718930727261,-46.75484831004677,-11.762911265616209,-17.100661886175796,37.69321111493659,73.24044724078121,-63.777100010198055,3.6336870041315747,53.47297726864377,17.966896794280746,-33.17067831802283,-12.581741710805284,-32.797943728790656,-13.144963397208814,-3.746210346109111,15.971489505777077,3.3207167156305943,15.331790058839545,21.366106964887692,-23.303596539226564,-2.001201815020178,16.17484583768312,19.870321988390636,16.716545790964165,-19.478868382466672,9.674239413986923,19.4734820314179,-1.805076660204362,25.278425615203073,20.2734458148802,20.927366957111463,20.2644002771792,-22.78302187337027,-0.8796687424067262,-10.627868445785177,10.926520060075266,-6.563819939140018,5.628903752805695,-9.537702894437377
174.19563997103307,0.1132753467968379,-85.33180941754634,-23.8092305375657,-50.47998698867508,-87.57600595237076,33.42100726839878,-44.10523768164439,-22.662637551219937,-16.433082237465225,-21.468466305234482,17.83035578999009,-6.768657702749056,-47.723457607831435,-47.39925356844427,10.842949822223037,-49.10763669590308,75.62228392976519,-74.90428306119634,-69.43963128682151,7.070556507999782,-90.21004480808004,30.470423067569207,20.428515372537433,-10.898205642536281,-38.28429157860002,30.35912218574175,-59.162785943114805,-19.711259474800897,-85.5592365903715,44.45704509406975,-17.79144232768549,65.85265726399878,-1.2699235935886146,-22.93863990959673,-34.76575531851583,-12.85404990269197,-29.51108676130304,9.993806570482853,-0.6558491586590095,59.06420920929628,32.71428713228649,-31.969846845403328,20.898787953544183,29.43528533303436,-43.156094431140254,-11.515262652811673,31.85609644837051,5.638806865048231,31.067173950565202,12.221245060173027,44.286367466437625,6.226399651448965,14.146459686846862,16.066349229044473,-5.108380621578161,-23.56682492558531,-19.311048868963052,34.14119131203798,14.22863449363434,31.472649516914256,-2.97621171743286,20.453462023910024,0.827487553967225
-45.94626599406506,2.072318838055247,-15.835954202173749,-46.94076290740669,-38.27489553125138,-20.217913562006753,15.299823968229983,16.87480962231674,-6.390486626872078,40.30960494984418,17.915203862270143,8.390507363604444,10.479175837081986,-0.6012974030245809,-15.010824127759376,-37.617402882205305,22.55597331660207,6.73948612789851,-26.95378678032835,7.9031771091170055,16.588568292148413,15.262419921340543,-5.105706306773607,12.320795363566207,0.85394171115672,17.003206295801416,-29.641100175191664,22.546210267302303,28.089035827962302,-5.724214433648946,25.470592697052243,14.958301659335339,-38.813924245096466,9.071660773443126,5.3714654505956645,-24.760798314606316,-0.8792245928802415,47.649488236260346,-27.37581761112059,3.8101613574811637,3.0232035951697926,-0.6667843978986219,14.15458683346772,-22.65637760716708,-31.22376051995179,3.1128637568497544,33.36505855957209,-5.012418854948712,23.098065887044918,18.72401019561115,8.045432997331739,3.49721375848937,-8.24102470132664,0.9725591241261402,-16.461788722185485,16.96550656279078,11.660433000819205,-24.377319206540104,-6.6246209694921045,-18.57238635804766,32.620635189657776,-11.206745633525733,2.130335044087011,4.493951744107177
-62.026326481594516,-18.05526023362317,-2.448351180404887,-2.2741454407471466,-3.2449940074875503,-12.094205366775194,-24.194212491424242,11.550531012471534,-6.269078338925363,3.911963526921917,0.17716220299546348,6.942098763825619,-6.772771573818564,-1.3705765263789351,-1.171850406869041,3.584321681749157,-0.5148604491864471,15.097897717965923,3.4296788820901356,-11.376987449478346,5.948778148364258,-3.324794282450055,-6.40755154276814,1.128726587501971,1.6948261200665544,-8.363656133548957,-0.37328075585082704,8.899403707947464,9.862177743045002,11.29497508339948,-4.126016446118525,-7.5844410646249285,-11.929667601686372,2.531804118483958,2.554830994576196,2.8118873048541504,-6.0146430456872455,4.514781743026983,1.89321717418726,-14.427370972334131,21.3609460384579,15.012173947108737,-16.075277138857444,5.181914225654321,3.1446810934534373,7.181343306234496,-0.9347856365815235,6.630120912859107,18.091417127038348,-11.677449834755624,38.65579453029255,-2.77206307467025,21.357977776772938,-11.802626981907185,-18.82704475410775,-5.081886152549332,-9.87612227646691,-3.643190659736796,13.00474955387345,-20.847445852540318,8.188182221442554,23.820055538339194,5.363434857723894,25.724484243152045
-93.06092600274759,-45.37494995918957,139.14348251394375,-81.19899183290839,22.64295339729363,-85.99727798768957,-43.03681109102779,69.32113226273464,15.688411167628415,108.03363584658672,-77.6502971589534,27.28785787533334,-29.861259629059,15.448049289354266,71.5865519842475,-28.712068487816545,-70.21911030454491,27.8016130252182,-22.817406103956426,-29.25456813283979,89.5239412442421,-13.513406818067935,-1.800289774253783,-49.541935824262644,2.676415657782424,-31.92985940468105,-39.382998539199995,-33.29910308498201,-26.78725917044715,-0.7273468073476863,-36.22193587282076,-35.72075412923746,-15.57440710269237,-54.985168010902065,29.3949712956425,44.81018500092409,14.33734935881131,-28.72979460991748,29.439450866908164,-17.672331670837174,27.94192937470129,35.03259189918789,-14.162729888754967,58.93519526478442,-3.8644888480217006,5.338874023858085,-7.5561740338237815,-49.190423730698356,-4.409293189964835,14.246955834683188,-33.49257370072908,0.5128792250399861,-35.76849973049811,-8.848839676739864,-11.787608503576859,-10.930872252003725,39.966107145585205,26.10903493663119,-13.852127962852682,40.10149819572454,9.19085264545624,-13.506307660995224,-24.286187076698113,-17.023996001583367
-65.43635658731158,-20.30079617343645,-23.848607436736312,9.203945746667054,-12.516983772346595,-15.564500324787891,-5.613612659743717,-4.271842846724304,1.6181971775161266,6.53375293706727,-2.0159112753230515,-8.869975354025996,2.636722372620363,-5.421322576091581,-4.4953327830111105,7.834037509330808,6.755717186550278,-3.1034118882952337,11.122814743828592,-0.49506869697238903,9.758702005666853,-12.166516466532785,-8.408333812748712,6.2375475740314075,12.31462027676033,-5.682767314341757,-1.8003893164300608,-8.791819247195338,13.267487244318549,3.184317307656076,-11.214451802575546,7.61992424085078,-2.402057122973178,-1.1753522454227692,-1.767204566200925,-8.303228421790081,-4.677955524873991,-2.0844720747196117,-5.310158267269926,-1.303583641385475,4.870023593970095,3.414548947909618,4.98846910877515,-0.6405509692495616,4.106311015986597,-11.62307094746229,14.521170023067,-2.6372547916830604,12.01625379616952,-4.890354682015459,-10.822367241277398,-16.51801035299713,5.684678519073947,-13.655894979626106,-6.238710342505185,-5.346722468160562,7.174657971174121,-6.13770519318306,-9.756960424908605,-0.993144663668004,-10.615852943906841,-7.323912810901237,15.416228448998455,12.325059494070933
74.52545901377228,38.09402477173908,75.03615139127785,130.28208254749035,106.55913219294307,-52.444087277472356,51.02426074717006,-144.01101423423205,37.69481679910884,58.030260664136044,59.12274265818232,27.865461167310087,38.068306961178884,-21.59595936971148,17.796082511103247,-59.88119110820448,43.81164159200108,55.39440077143101,65.53142504415518,30.83099309484685,58.55424450062222,-10.941683705955306,4.722786489677057,0.3910092241446345,-93.16961105931634,-27.803859515444046,42.049172038810504,-4.189231451373545,-25.945788771387736,-6.431749151104761,8.009936713358435,-12.93296138966745,3.17951412309387,-14.55553606231427,8.066170580046172,12.760222332066444,15.01527415451837,29.52292874326279,26.64393783638462,6.256715377567988,8.74572676609512,10.651464932763641,22.050633876012643,-17.526456167848774,-41.28140923140065,-62.13758136132393,16.662299677092808,-44.2290302184585,13.345921366633341,-14.293230139658862,3.8581666836880535,-28.071319819559847,-33.20705595157861,-12.452889530809687,-11.03823177941258,55.26461862308971,-28.626344053529223,-29.102496578931163,-9.226319058738602,-32.05890519597122,0.8315254678779602,44.554981695605086,-12.43626860851749,-18.83224339719117
1.435635289074275,-1.5250848737275966,115.07626491521866,-157.3960654003125,0.9803285365160656,-28.214981693710946,145.96256920509654,94.89304335130943,-43.30001948502108,146.94318689859801,50.716644553233785,-4.991013118586138,-29.184693143065264,-9.204565196359498,-10.895462361410887,-53.02553493148279,13.291344892036891,-16.13558560901559,5.45918946938437,39.64404290722904,-12.085901547470861,-35.651764937383156,6.819557319993852,18.98769110508245,-38.899304798428744,108.71745060707583,-81.44194978551123,-68.3451953170627,17.53546005843564,31.21826078465683,56.8453491762138,43.22108433874467,1.7160476341686168,48.162080929898934,34.339578941161946,23.10958046303829,-10.86753504360603,-6.931742133875906,19.89049763510676,8.606584185438287,34.5609174366489,-39.03726340313465,-40.353490249195886,-17.681351917448197,42.4446653092443,8.99751329141833,-42.36875445095519,-38.70714814778112,15.518897694139325,-37.03682264784425,-22.509035275150463,13.32241383939352,5.437858977600767,-17.117443567768518,-11.220176738640697,-10.656282738095577,-26.115794568836755,-15.264772119469125,-26.344857094983663,-0.37031410636183243,-10.315089032218483,-46.59153757539562,22.58141824133181,50.13305358970406
58.98527431859977,152.95595473120983,-35.77578246617058,72.41840530752465,73.35260226317817,-48.781835516808584,-29.099480625330095,-5.275618560208669,-50.31168862602799,34.1930217929216,32.07820655570288,67.04370727959667,76.89721889311451,27.444789689445187,26.03377863138874,-24.720687198863697,19.872596771189002,37.1456311468282,69.15262511694552,24.14154105487618,16.602433351067468,-67.38468088487836,23.6351980314287,-1.832903408533415,-39.27378691016005,-42.21579610071881,18.992262728034603,10.932935130291591,-6.138154611030529,-1.5933574342062962,-6.584584733848424,-15.647724767045242,-12.97088328809708,34.177573331856365,30.33448442093579,25.942656306612875,-7.471953297685944,-22.75623871796676,66.59126694350113,2.6783605169795477,-0.2029842743813813,-14.148882760791407,24.7526729124497,-28.944754999358107,-11.06165658697674,-15.177447926178207,13.873777743764448,-26.387966196242377,20.192715212915086,23.239803017732168,-4.953935506286489,-31.017450653494407,24.320371532020676,-5.80834153872535,20.831323527042187,23.653548400637963,32.0073056772963,1.593044605077294,19.21113884000866,5.994006180480523,18.911607741745392,27.510053845802094,28.663874217862976,-13.977736415121512
-51.191444863787176,-6.966247858490999,158.03409869244777,85.04812938943962,-72.80204676093115,54.66531564683223,81.80748635717518,-185.67285120161426,13.961905183285761,40.77163341539596,36.374185171839436,23.501965404475733,-67.09286691541787,34.946647395605325,18.347357679961586,20.401966666511914,36.30067602224099,-30.217701938182326,-19.13284341642094,-16.852830237081598,55.72523318597277,33.77025304953387,-19.521035784633114,-38.6387732038602,-48.39823514455119,-56.41613276380695,32.19054374635401,-36.47783238040404,-52.910706880123854,-3.665795931507098,11.027763486309153,16.94428043042598,-20.724452955275268,23.44302124174759,9.8054927377126,44.18866869639441,13.037598422023313,21.723541333308333,-14.460399480126139,14.459979951023584,-51.53391619933579,23.56396828267417,-18.20629917064976,-57.522833832728324,5.228887192062208,28.019250649981036,8.423623752077855,-10.329092079928618,-21.727130571243546,13.680248700994152,-4.497470647210773,23.753883592606073,15.725625158000213,6.717259033163148,4.794968326628986,17.42181862665738,9.725405030300301,-9.738021962445034,-3.6598183662307786,-0.8453301478269684,-2.875683681476057,-10.329931951981395,20.896980675400258,-8.969881650671951
-36.80637528922455,-16.167592755289206,-39.85636453304922,-11.015741058402648,-17.891883828106828,-8.905307303575851,5.543866282722198,-2.6524423608228638,-14.092640257193038,-5.437755267993402,15.414262674764627,-7.43449589238915,35.76146887216588,-6.6895471899783505,7.894887329972213,22.977463977463493,-11.181326224606847,26.924647802583582,-30.52873630725419,-39.897275682669715,1.6744111727922004,-23.83446168471777,5.032097628350694,-24.600075231796275,8.954406431879194,16.704708824539978,32.93160004740954,-22.962468455227825,2.895120456450924,11.530911196538064,-26.51293599662232,-15.214964001955858,14.873528961140995,36.18868206043918,-25.00915902806317,25.51535261659708,-1.779941449914008,10.103131096990422,9.200016440546259,43.42716462963825,8.76526954056905,-1.4760293899216883,-0.15582118611328127,-1.7358341008133682,-3.284452754704483,4.9997153103435705,-6.564187581065024,-21.47170234822843,-17.617523337188132,23.231099111057624,7.728636510520523,10.362673297952142,-2.3698642392032956,5.783135401016486,-10.824365243860843,6.432395350805244,9.221817448051022,2.7965239539894253,-6.838290008066887,-12.237216843388,5.1016182115140065,-3.061419951746074,15.179196931300634,-11.672994091546402
-100.54574777096755,4.932426190334825,-39.62078110431571,80.59302204992464,-0.3870724286953898,-47.575750859573226,-28.82601458430186,17.970892952616822,0.24403951878680633,-28.673178279269223,102.92746762553472,-91.35791555980909,-67.97346720529887,121.08612011297367,18.582167054627785,-56.140227283605235,-51.81148991777768,38.904070420031594,-137.48527663841102,54.18242168487921,-83.36156129228814,34.17838682753875,104.81965182940793,9.326791063985207,47.967411878966445,-10.378531399896705,-8.00086424166042,-11.100624721528343,22.43845174314789,2.3738251816281326,-24.09297751329764,-13.088722359766887,5.794225677311147,37.12307935770845,-22.20580699929998,-27.34209311176702,-30.348429585806798,-24.322256649399865,-13.40655019387513,-36.1354458386183,13.589933213797407,-17.406994618062935,-3.178635677244196,-40.406902432526664,-23.11131573671959,-11.673296883001942,-25.79084744824686,-35.93237316982658,16.080550911710635,-11.214378361103904,-16.50708295952893,-31.219355455628783,-22.58571359435031,-10.932167984114423,16.77874619090219,2.1216893001670876,-40.88307155560341,-2.743481517111302,24.079467966810668,-23.425103845516926,-9.734926329979352,12.918293708209488,-17.200143410522106,-13.903752902982887
-57.79989368557106,-22.182879650080714,-31.400614137467393,-9.858349552746919,-18.228764677186934,7.7026538421577975,-13.523291260969346,-21.31364643283876,-9.45034584908294,-15.192780015281818,13.106286586287816,-14.661711408201425,21.312723554721714,8.282949703196048,51.164311046610365,5.493623120314565,-43.69738842172509,2.3523183070629727,34.97253058684144,-11.278699892128891,43.38425011405189,31.659346951361137,16.35253331577171,29.186958706653044,6.783189076796678,25.099301513612364,-7.215492305561065,-5.7094316059715,-22.01740363828078,36.45441096986077,53.90735853638183,-35.745095307427846,-10.896793677083869,19.696840654086213,11.649919506541753,-18.230067515140906,13.132397436354966,-24.589334486575783,3.3990179630886472,-11.689351883022505,4.217683506107597,-1.7647868131163287,15.248684161820465,2.047969826797302,1.0797118212109105,-19.176832334177718,-8.161473130217534,8.75057530603379,-6.924257001327259,9.81944115158052,2.7105295629879604,6.56482860037356,7.072588574247551,6.894448888316996,-17.677410134231177,13.003613137856076,4.131169765747516,-6.086167114645648,-1.3892634213839732,0.5331416868545564,13.274316856804086,-13.580693128640629,15.493058679717594,-4.797790589971836
-33.63258000854068,-0.9868393855520224,-55.42927040657438,-58.480026734055166,10.294342727245386,56.022550665122765,18.333974976868102,-15.830914633834075,-23.62153775246378,-16.64239104138877,-13.045385351393533,-33.77310067608627,5.188771317749006,15.595026238514164,-3.121285070375215,-13.730388845664063,-13.337598143289652,24.01478731086924,-23.638637841352693,-4.7286235855596495,12.635591971755161,5.354903997576975,-25.347659641480814,12.637035043671515,5.717956277878602,-39.3152813013412,12.156747889032397,0.9099562337506532,-40.710483483674025,17.390432510737686,13.48179450512451,-31.52994359349082,-19.688674859186943,9.068350525101701,9.123599984820316,17.79494749808856,-1.84921075969244,13.770168411830921,21.25334579971183,17.018839598540332,-24.478762269274707,14.999798520886886,23.9475259626064,-30.657099585556118,-1.363839180503575,-3.6586051999955025,-27.61480467043076,-24.550596056976847,24.217678306067054,11.567605179739894,-10.819879525214116,11.124763167957376,1.313063302821756,-24.36291560527469,1.0126054794767154,-10.05527858797847,15.756841892856066,-18.774441993158142,19.694435674740728,15.061453041634183,-8.703758345585905,-37.084723008089064,10.659716013309547,8.076752410862953
-58.927944108224736,8.352452039849462,-25.14588759931081,31.21009465922863,17.112492542436417,-27.8723920354919,0.7439416760940322,2.195089507140025,7.3418349366405,-4.091838302118552,4.274996476362967,-58.647610724883485,-18.184032190365937,12.68488377864036,28.890983369090232,6.954324662233191,3.123294500003576,18.230562228445276,-60.19253484304056,54.035090160467654,-9.775114839767426,31.15669090746776,15.82824463890319,-0.5754490072890632,13.59964235044756,-14.663277914803958,-13.778702366847119,8.73094666476396,8.94857988268887,1.4539724033289756,11.101401551178688,-2.9026862167747525,17.7938025103597,-9.508330976118394,-16.874688537519848,13.42925570495907,-12.099254332220465,-6.2727995206216045,2.1044764990844556,-1.3802968821791646,-1.4185528547406365,7.389955895390605,1.1066297223259567,1.6168301337188238,19.113693197526583,7.050514578757683,-12.609215005998,11.95089261269675,-1.1861102208502372,-3.670913333676296,16.24390611667944,0.9487243413218193,-6.544064436946939,1.9067594766055882,-5.203658188903543,-3.68142982074431,25.274769339786754,-8.948636534746381,-12.117064142289232,-2.41516533586263,-12.86978609482598,-11.798898084729613,12.367889418196413,-2.6636195767737214
62.65653095831558,91.45159173723457,57.40288388751761,-149.34865396521727,-118.51007422176679,-54.60947794042595,61.0635233922934,49.64515578501321,-7.994999018692981,116.12759330969648,69.36187929880073,-7.443731940076177,93.8069755310704,20.14238034246755,-61.1729349108411,-31.191007426515423,30.604968287016515,-30.33430723191951,-37.597066754097355,46.98470572908505,12.214081757426863,16.864132758201396,-20.982150141836314,10.273205120766503,-31.867644613644885,66.753651982315,-83.62597017816574,8.938469416993424,23.469132505284513,7.076999243311081,21.027879534593733,47.357659482834606,-34.25526562076167,6.329990039069989,-19.258494088557807,-46.72306305564687,-24.81764838120474,25.465539944754806,44.68461700468586,-27.340864613645508,9.70357698278751,-19.719583595010917,-10.949073732264072,39.53568299105336,32.3070355355504,22.949487469063552,-17.28887650296628,-18.147805936723095,16.00199293904634,-19.651545781500836,-10.326939381418548,-12.494151687665429,-4.282704608004276,38.62682522850493,-1.4016530088151702,11.90370214544316,1.8932720277822837,-28.798990468545227,-26.230969920271498,-15.78027262666647,7.727010415404936,11.305312835733972,9.759501752795344,-3.8727034792572455
-62.07103678780955,-21.176817487788657,-20.969781767885955,16.061473060013398,-8.543944780194154,-10.808546374691275,1.218571606120891,11.617263229524626,-14.127752618950666,-9.65920891464021,9.305323985941639,-1.1969084322106172,10.816527703040709,-8.270014555500422,11.17220638071125,-2.205265027682197,2.829786619698683,-8.784713800918722,3.6610017516288953,-25.16424343166145,-14.220225004328734,-4.926127417156697,-16.010120978190535,-2.8749345886674162,13.259263688455363,0.6491861422553713,19.40339728268828,9.472864166737216,-5.216603216393914,-6.179617260475596,1.1352210373622924,12.160638871271098,-0.3235984072758726,36.99032794431741,-12.012757606001607,16.050846045282682,-20.782314402287646,25.024650128061754,-21.277039860334234,-5.484380325669277,29.527103509998536,-2.362903175411362,-27.03560062643423,-14.536189689498581,-0.7387169434072273,-8.51369188176946,-17.553127614565508,-3.5609192173333652,13.340605270467606,2.7897943212621983,-20.397510652318854,-9.342475577553666,-24.391531328032524,2.2995366764066216,14.076909276277663,-5.111836606183005,-5.255800471357286,-8.68644776996763,-0.9912623701142603,-10.448230180127467,-5.533044937966387,21.57059473514128,-30.243625027125894,6.681587842227127
39.54328153547401,256.86661018744536,-7.8351165426799945,23.27670536338423,72.62850703309073,7.989797102403241,38.556247500817534,-19.485940323969103,12.072708604928556,-42.86976732280706,-69.46546016467111,-62.795684194384584,31.827435452363893,-29.24157050695302,-29.06394410747948,22.414889972423325,-23.32643001553843,-21.294203033425507,-31.9961137397618,-7.380790061325709,-0.9003279463708044,-15.175249654753069,15.050102312665075,-11.308564478624906,22.13043330981741,14.113277819762871,-28.09178165397792,2.127160308066918,-16.40829433179429,15.792370406193973,16.89834949450607,14.48431109718467,-15.419988187773079,31.845047319209677,-24.086475588423912,4.49680178908831,37.2774436840033,-8.020106562082209,-6.863569755129553,-18.69359312160454,16.741259992668205,10.452391986722576,-0.22698798485816124,18.727183564268792,21.616006691155103,-13.646486365273677,0.7632393614831479,11.578030083690027,2.045608105885596,10.727894038386008,-5.438554375197551,-12.77804443849214,-10.334465592138669,3.186509845958016,16.099257051497055,-6.136185368696102,4.367798183808751,19.3271589723038,-13.264184593302616,-29.458563833711075,12.308471728929138,41.61896123366313,10.29674007833002,-19.136424835369557
-63.938096545787666,-19.66502089486526,-26.016584100012192,6.682091857223926,-13.07206847807391,-17.25967803618943,-10.77189064231247,0.19494879402371607,1.5068684226588211,0.5365700492257154,1.4649207360256633,-2.8053354755861855,3.1352206988238924,-4.9088527674455795,-1.9825531104477363,1.0482598884967462,4.3858357084971304,-0.9816996664481744,8.09859308161438,-2.2878174534261637,2.6131382392309837,-6.601680665988769,-7.511811602897634,-4.219494846985743,-0.6564586149535645,-6.666809801041993,-3.110237129558093,-6.027416016115364,-1.1481590909326929,3.8483278113814876,0.3213904272325756,7.679325622458355,-3.6929367607826267,0.5801265828646571,-0.5319208727676856,-3.005177601560313,3.0527317772822573,1.440349010526314,2.789517736010635,-0.39974720229129407,0.8842411125494618,-0.4043482739409197,-0.46873025830221904,-0.4652289386995575,3.1146597340194186,-1.5816715498689176,3.676324714414154,-0.9945869252805999,3.4478587177562425,-1.933211474778047,0.07462627653760247,-1.9594719909299836,-1.5523618232830185,-1.4978984665166843,-1.642960505664735,1.7234874473205175,-0.8410980494341238,5.074499724926919,-4.599218528481924,-6.689572692929449,-10.06814314757671,-4.434716365794932,7.946367357765463,-0.5213367825003223
332.70529137362354,74.83299008889563,-78.33034570871851,-63.99548864331463,-1.589695921605644,24.812649924422274,86.4784027414448,-1.020468781327971,-12.157050611452124,-31.19548392893502,14.649743463940947,-23.158533648378974,88.27015003347583,1.6320207289402058,45.960323435106204,65.48470058249687,-14.866765753491505,74.6135234564913,-68.68522018624951,-60.27949040357325,-23.639626989054175,-13.253797756574517,18.13856198652204,-44.695375851993354,-33.19058725411835,119.04854084782387,46.136654884056696,5.349945617645872,18.039471282311485,-19.46497685740741,-71.19371847332343,-65.08047127972753,42.39141137713466,69.8446281601999,-26.991253782074335,43.70135159334321,3.7367199183187383,27.318942174828067,5.706334550068515,28.045751393580467,2.2146431129754,-25.615663534513526,-25.23605797279395,0.295633700184016,-38.06223136975833,23.88468159221995,-27.852391836886568,19.024246664665128,-12.583683385108195,51.54902301226049,-48.02680091961505,-4.932046569827216,-8.440610396233058,-15.410363954456901,8.77111490547922,36.57971797393026,7.809699369551099,-26.959270837933033,47.55927882424882,-10.095463453579878,2.7493339743958645,-23.784521482241153,-27.399390639572744,16.92857280532246
125.56014695939203,-105.1788675473824,-65.00142314330316,29.71648920686558,-22.99864016173457,-77.07344286723334,-40.396891924901055,-38.734668608893266,14.486918196480879,-31.42760720477523,-42.87889600977601,-35.582824160962716,-39.682377094778516,-35.77783865924454,6.411277030337887,32.37023469433922,8.132122871908539,36.74420498353262,-81.66785805573184,-33.22110494597125,-32.813776375971926,-26.268564872532096,-73.82007866343118,42.72003646716775,-74.53790206015054,76.63114565186574,-25.222633977751425,-4.074974283616241,26.070056576253084,-7.103469507256014,-48.15357582111545,-68.52139807552736,31.63491448448916,-27.299197920566193,86.46654093564355,2.6007086194321745,-9.733415155257081,36.71679470843056,-14.173316162213824,-64.62742607821357,-31.502551307343445,-15.396766025342801,7.640789076218499,-40.51561897521635,26.87363251848115,-37.46841728303697,23.393178340783237,-19.682253528792327,-22.102581448584754,-19.918742365146038,11.64873483916774,12.13228510788536,-16.935020156904784,24.095168925980964,-3.721183941750936,5.059472013939171,8.270074934868273,26.256145010093885,5.180675919797304,-11.321589463952,1.3312768891029272,11.544119010946519,32.86321645235539,-15.862696114353131
-64.0811237173016,-20.765567120213106,-20.86189989343444,11.324493003724557,-11.057962226198729,-13.790496516757013,-2.6649301973507713,-9.88806073842259,1.4094594898658466,10.955200256837129,-1.9277494217418312,-5.999514512076554,0.807398903265115,-3.9167636815442726,-3.5464875575956096,9.128449841268758,4.758852301082146,-1.1886382646902585,11.498930280006167,2.855507677213793,6.378517551652011,-11.973902101525901,-8.715592653200819,4.197866797009668,9.987574702668496,-1.474429315469781,0.18266580922363854,-9.155964812925005,8.951478086037026,3.111031424094158,-8.04149830512272,6.948933722326446,-2.2091726719348714,-4.1772572364149765,-3.131404865180528,-9.989116025737934,-7.437428593180498,-3.730570578399721,-0.1869370789530803,2.6109856304850703,17.50231755117995,3.714575795590663,-2.5062556424281057,-2.0127125123832297,1.72549134938639,-13.332459493473605,4.222888459930272,4.445466282019087,11.431545571896226,-10.55412906848459,-3.811806656403417,3.501754664531142,5.955226825445377,-8.783539035336133,9.381467371754203,9.144502209632643,10.31026179681566,17.13998348425005,-18.76188188960463,5.652502271612182,-9.435320624563829,-14.765509270063266,10.504289088945296,-9.131482155199144
-54.703964919868,21.36537920285118,-28.127766005977094,22.59128009564876,41.75930776009442,-18.234189729521102,1.975597152464298,8.403239645492128,4.310546694350106,-6.134332589294791,-4.213018563189034,-28.632689241928542,6.447305063507052,-25.009964859126452,58.20009378966043,25.540922900168493,23.727443755758603,-5.826837557486057,-23.618511881241623,14.204024206660595,3.6849618269301234,15.027504487659368,-11.936080515971652,-3.137652419589838,-33.58684527804756,-10.447164813244791,10.474623838306817,30.54929898945556,7.908236540828623,-5.61333181611518,8.366171855345174,19.877399940533085,-4.231213059097953,4.920517036287089,-14.613690746245071,3.14831164308049,-21.467878187094893,7.846590241920242,-19.603160129740704,7.2803497764146545,1.9391116407973896,1.460230790625907,-26.066394239297495,29.495938918388788,49.92637052179725,6.474232180255462,-3.2392819804086104,5.380360600470267,2.28783641302541,-0.349911813868041,24.493381679356652,24.157270203554173,-9.343690705755643,-12.951939603415502,-13.647204823721907,-5.526431925566732,-7.117854768272812,-20.752623815860044,-9.873114658117657,24.226166078623454,6.441866340337164,4.407664067604789,-15.631480940965243,7.138729488386146
36.49367093700035,220.1852828591488,9.067739877389407,-114.32198340958679,-111.62800600923224,24.93649085026624,88.84035529494386,-52.12068948460019,51.79795318697612,-1.166007326958868,-2.229336038552525,-19.317865076204527,-9.40815579516467,11.07031880221958,2.042332491238857,16.316166467964905,-4.242570161925493,-16.884296140691482,-16.216424169104663,-9.455701615576984,-26.636253176688985,-42.04082006739433,-51.42099577786832,-18.74436490557848,51.61703475886255,-26.371286367376474,-8.923867418715977,-11.314094856150376,3.0049894388852527,50.01424539328593,-9.700543984324485,6.779313856360754,-38.28921248925001,27.446360806395507,10.058674069577043,19.68377980003542,-7.751926041072171,-24.507422393064527,16.071374176742516,-6.430883883047033,-41.382244859497455,-1.9114455791722063,4.602713146224154,-0.8480677877162337,18.226468704530344,-16.948258076722077,-40.54668287140075,-1.5425753887115394,26.558058027229514,15.720796784011966,26.290452068296066,-7.797236513797994,0.3946326128520088,8.94727797915226,9.927324887710645,-12.106462697187474,-13.90071229309445,0.9528432978533276,-23.42672542266666,35.23587201790627,8.955179797205206,-6.185745984718291,6.31583515805202,-4.773288705511449
-54.51237478277746,-62.66689902716429,-98.78638893205493,-33.9649949145092,-26.476266662549804,37.908753840406774,-21.309147171508723,-61.309587637541085,-10.388222382974991,-23.78156440340917,37.81512205600984,-60.55240163735026,72.19789181249338,36.75616023754909,122.54553623173899,4.711064254533365,-128.4234827059173,22.629757885870475,108.19261012483845,-46.016718768823665,78.66144685602649,55.02480563604297,7.351329644351435,22.95792435080323,6.49910740885735,73.66240131222,-43.660848324686704,-5.246179289688711,-14.450616041513946,41.74066780659623,88.7603839368813,-58.097644613913964,-5.556168549887209,14.004985771723861,8.372798396123429,-11.184464410884765,4.718376139817809,-2.1655704272386465,6.105682639172449,-4.518111444837732,-5.759306822791294,8.765223257530973,14.839489389095968,14.646876564645684,2.2120711475816623,9.026560609451328,-14.068100968906018,21.37915502771234,0.8688995951293729,24.72316856900794,10.720636685595226,16.808366491196992,-0.8416392368423443,-3.4026049811098447,-15.904661144971593,3.94218815300551,-31.470337130839603,-0.5818923879740993,12.505309341524413,4.4861743380070225,-17.108544432107855,-0.8934913685800477,12.502142160048791,20.161135149555133
-67.02051469162596,-20.63670374470869,-27.88228185524478,8.594894813425634,-13.775796522473776,-19.060015110425816,-12.595206847320453,1.4662342680690748,1.287231110141406,-0.7640771639980904,4.1402613627626215,-5.495396112492964,1.4860353042279126,-0.041807968484280575,-2.8439459802852185,-2.5430287580300304,1.4151224506807973,-0.48770591768368865,1.5006507093881123,-3.522369165094413,-3.035822458166305,-5.7928648345125815,-0.8444729566234596,-4.8902126100968974,2.0332846886333176,-9.148124662984099,-3.5756599677016014,-7.299222066356781,0.8102806676272463,6.108843174042702,-1.8769247465623382,6.585981537998422,-5.636140132695533,5.1933411556864995,-0.6054284865685969,-5.510523672056061,-2.315547819296121,0.4633660759452796,3.934896493389524,-6.988116462758702,3.2262195160406897,-2.2699300924043575,-6.091099262076065,-8.060435820989554,-1.7756048727230147,-4.041017360539945,1.6354751320427257,-9.422892257694993,5.286154475747998,-5.876019405213104,-0.8995225251488488,-8.084017530236247,-1.6399319626625684,-3.0910553162981707,1.4175089765788813,3.780563806990962,-5.91602072641648,-0.37338063369639957,1.2281304620634161,-9.154110463017373,-10.893483677918887,1.0200719502059308,-0.4571974980786966,-1.3484772853375953
148.89222024464337,-87.21135204121343,-2.6716817468329066,73.86255171118675,26.482791524918532,-60.48956823221783,8.534053760477926,-128.98009020107924,-0.4372361838229432,44.642520123138986,-34.18541457364513,19.648311029245434,-57.71534336570828,13.89521899443656,-33.70251624022414,-3.391899914390212,12.284924451011243,18.668383447728463,0.6539519469241416,-6.4327138850763665,-11.252027979452677,-13.039068587252613,-22.75307949345982,-10.696935700450645,-2.889016345107786,25.854237322122348,18.945713152258126,7.6532093644401,-21.657342986822083,-27.264208645162572,46.35240823568325,-3.3327139922974385,38.11979111274887,-3.786520953677219,16.59782954129303,-2.31169159258865,-18.84123350650373,-13.287663212292895,5.611620219272879,-6.581509134737759,-9.553809095481853,26.723312816979337,-28.969584481195977,18.896338992427385,-28.603983796100668,-12.333590434755106,17.02957964724373,-23.37985063865082,-1.7351185666233053,-15.907032518292253,18.248736740436943,-1.8384154098590255,-32.0293807911166,43.293893278913416,-50.073561352149646,7.467818224132257,-3.5774877410230226,-33.2916163749543,-10.37368962413047,-30.14974308845541,-38.28607939479604,10.05628987069922,20.980507248452522,16.315260831187572
-66.3011664873754,-2.3442109439824677,-0.8675450315289636,-3.008408836482028,18.588006695050673,-20.818283473436107,-15.811465520798745,3.8391472091756427,-1.854979814512834,-17.851567461231596,-14.195990155642813,-21.993107695321118,16.27448432758519,-41.57514939783321,-28.313546558813073,-12.579076800537909,-21.487374312727802,-18.712450879709575,19.139983642262106,13.1914491590462,7.680995066752714,-13.341390094168377,15.495487820925991,-3.9157348387271007,-33.96400854513774,11.079677961562592,8.120809692265308,17.59571965839058,6.972513964026598,-2.984380863148902,-17.690258561511826,-6.2316425490091385,-5.062170458352004,10.197258278033855,6.834020831309617,-8.887745942392643,-61.74731538420146,-11.743143648873419,-6.168721327496428,16.48691240019816,-29.748776715255737,27.22422521184224,-12.422167692921278,-9.171766785930467,-39.57534195812981,24.901049772450044,3.1264271376514303,20.540181753009218,-25.109559669319108,-12.17308378812157,12.126371587311962,-10.37133721170929,-35.50359115795267,13.42609868335195,0.45578239416910626,-6.332309094927033,-24.840619583907344,-5.302856808033667,0.6818118944684589,20.614428782439326,18.5456152150828,-18.329505068985,24.444511246083337,3.769106262150463
-48.83041359093338,33.24382525599071,226.48655534490644,-77.30740079354436,192.7239465789441,-73.1713279177664,-28.02925593369398,-9.142432140759128,-16.707576878203945,34.332058202439335,0.262041989245265,31.24916724890003,51.82799395243494,6.492885163399657,11.838887794877518,13.8119540805562,-72.20164869512948,-22.663270023499024,-20.522591162719706,4.1376630199133295,39.5142756814319,-22.05617504003161,-1.555844841914813,-1.7272347426607517,5.887120720148395,11.871841602409367,-18.76287524571698,-8.738773564178517,-10.944039140784206,4.437738443767169,-8.144764935097522,-5.317347790730604,25.23058303119705,-15.324087530289013,6.8088389607322855,27.568155628358262,-6.188455923191367,-10.439798479103949,27.964657391426197,26.762765794501185,23.59854344512517,-40.59168656004047,12.656484226154815,3.915718037677096,-6.137426010557201,-5.132299915498331,6.261142617754817,10.258924587365202,14.547883911819538,-29.380371271164044,-43.82845692588909,2.6492648845521893,2.785655266788085,28.255498177565027,-31.694943782922326,9.065888207009051,-4.749930606397264,20.560533866261242,24.81508525465074,-14.956127570699325,15.110690906024388,-23.89919512324527,20.328392173353855,21.349480876600133
39.11764692335136,230.15394582662827,-18.583079215354726,-64.59839184792762,-115.26093995511418,11.062254894324555,61.42050685798812,-0.03835826896958105,63.27486958305447,24.196141952938717,9.70050106258645,13.372542471383316,36.56529037810532,-2.1700347364645234,-34.82561273458302,3.419156743130378,-25.554740662691593,-30.717308549963086,-15.629719126176257,-8.84578585299441,-37.796321957785736,-41.14541707471067,-34.716995780955266,-23.980672219355345,62.475026428369425,19.187997372309425,-10.03923573045694,-18.0210473857801,-5.879054426440417,16.46513492952746,-2.0041156757794485,7.716429991200119,-34.660590463203896,82.70535758661664,17.62236380333482,-1.0441940804368135,39.26631094024886,-21.701118226297055,-6.815586452900759,-31.25035213544742,-30.273518566797826,16.78184880594942,23.134784784564907,-7.955944165807581,26.742354986207246,20.021534980979204,-17.44477630389073,-9.085625083451738,4.933773277763759,-7.3078347952710665,-19.131592541117133,-0.2407719784154525,-20.82077006120291,32.5596331651227,-2.55246207759909,-14.652709188785956,-20.669798385956877,11.084344144618363,-38.492842976246834,29.42627028681414,26.950117825390187,26.583183245178827,31.3567207933302,-17.456516821046502
240.53077411986905,176.85741740227618,-50.123078086362746,11.405136660970282,-75.60652106804308,-129.87453296532436,-11.110173822931138,-33.37589148808771,8.760236987380448,7.460795212151243,-1.4761567997184653,53.133963042189826,-64.2963620380931,-41.88859538896554,-58.571052737736665,-88.02082966436042,-43.14063027985233,-3.728621129952203,19.74844838902026,31.64329813181021,-6.298390253181331,9.728855131082051,32.39051408659056,159.3196684604012,4.43323766099336,51.38783413568284,22.420323749411583,30.001787398981737,-91.10736494873565,65.8717390702882,-70.75980793608754,19.41242209834932,-32.976538854650464,3.9710523622715868,-2.5436378854048467,-36.692621948439935,36.26936674048903,-38.182442779241235,-5.441461672427575,47.203754421805804,-3.0969628988474556,-27.80336153530396,-20.26768525452346,14.222430531121017,52.758478834032786,63.40496620653439,-15.45792969068279,-7.34531402444865,33.750480480809514,6.064479144964668,55.22020295928669,-9.154246191570738,-10.979925020704727,-9.321994365374156,13.5716962301726,-29.3429359592242,-7.900550633720513,-41.290559013734104,-9.771476837855882,-7.2748790805189945,-38.290356422999075,-13.757149858205114,-24.242075879501186,-29.734227912056998
-58.2969440966168,-17.851419641279296,-17.1426541550699,18.943937721729142,-8.214063453559207,-14.176219692505788,9.464999368186218,-23.2630235328783,6.480546988634999,20.03291437431276,0.06173426675459579,-9.227922179783143,-1.8551856275161436,11.482185496860904,-6.276430481144693,10.050939983416034,1.0445104978434485,14.64685544534565,35.015405258114725,4.0057236824359475,-0.7192200130596063,-13.278220744355968,-14.015781870752525,-19.64585890130342,13.567770695066153,21.54754912000723,1.0123233870648978,-0.26275752147597786,-1.2494367938841688,-6.605072862360785,-4.692812168777741,-2.1385327055291974,2.988979434745689,-23.58707895127779,-14.06495965551154,-1.4402828125915246,-4.827878174917513,17.40503265852151,-2.50182038889929,11.334496585436991,17.105980293548296,12.181883085408343,3.3239476741306877,-0.7788002385921452,12.850777635667724,0.23416129189284784,-16.040756392792733,14.435692958303731,7.091446434297382,8.05150225683306,3.522543282494115,11.42672442917422,3.521345813435304,-3.2078013886919727,6.130590917751676,9.692621036362663,-26.904580243887626,15.33023118005592,-19.53357492222226,9.430525236753791,-4.18878491376404,-6.673289092431857,13.766320298202244,-5.4017444143541296
-23.190177731408543,95.03786531666809,130.04300581260608,71.57830854033737,23.87687937760266,12.460878018296416,79.88131271602971,-101.90332905960395,54.11771286879014,108.52039941869896,-44.556427565877925,-110.04648770257573,-24.810858046940663,-16.86916215054135,20.049051062134925,15.251620892059028,55.4848109220502,-0.5111802781656052,-59.949597891082796,-8.243027147575264,47.96674882683971,33.486124090528996,-60.49100171761091,-0.06799217850649508,65.92283937095534,-4.501881430720166,-18.269140039707338,-71.6529986329247,20.871072062193452,30.461145425847363,33.828717171943296,-18.80255206411443,16.78799239688409,36.25093443672964,-3.922160998279039,34.10685963120351,28.890051159370095,-12.033727627440985,0.11616031084004698,-8.177853859131298,-78.60583695678574,-25.76331347914414,-52.86774411603059,3.032171297377937,-7.735414722162735,-13.930452509136336,-19.831661144231994,-0.1611886910327003,35.320315451382235,-14.806631832000377,25.227708574090084,17.934957845707235,17.27175978591324,-24.37700865649978,-15.453379888680729,-42.64244194710788,-12.748685517974065,-29.492490454112183,-7.391991522639169,-36.511929172496885,-6.860813089178614,39.09261722257753,-17.367334421296572,47.68598983941626
-63.59037366852753,-19.847948147037794,-25.857620124026347,7.23426207383243,-14.439388557660797,-17.498951995412362,-8.246522831390111,3.560014175521412,-0.8952605900021486,-1.6873086177244665,2.850870170378404,-2.314671534421619,2.61865123343326,-9.167663317710588,-2.0086391789041937,-0.6530397777942746,3.0703543377888494,-2.013739224956721,9.4127285525717,-1.9286380014386457,4.650243988848723,-6.12360586662733,-7.43076018566713,-1.1325501989005422,3.2889931133060317,-8.698207727640241,-5.413179312924946,-10.57654709250563,-2.4491575974862103,2.700211271137003,-3.8568368708473164,10.890847069520744,-3.612315842512929,-3.038159607982793,3.61878998492856,1.3281072387152395,2.664783808290439,3.6413646032624314,-2.6525599966986957,1.023018660371883,-3.7381286700428036,-3.6389259756673136,10.198987045809467,-2.0575476748193573,5.576375534579541,2.283742091143528,4.744280139441624,-3.639801766808786,2.2673522540159876,-4.884757621688385,-2.4422786902688256,-8.079669402503692,4.637406507094033,-9.833300614537697,-5.603330692736152,2.148848515911911,4.790847006791013,-0.38839266111400705,-6.913269214007906,-13.72014385172083,-18.26313729983641,-9.268431044770178,14.155848101031392,11.522578825427741
-58.62693653390464,-0.37320597875067113,-5.303525557940563,-17.362861635659005,-33.7262693362313,-5.965783128237179,-1.475027984973571,-31.690444444788124,7.328469960239282,-47.00682858570872,13.716710194219667,19.727881011576844,-35.275440252744026,15.046957861836733,8.367518883545136,-10.851524046778623,12.719267981784528,18.51263342456643,18.257949821622947,16.22144170438699,25.43034139307235,8.274241457477368,-7.006213269856662,-10.574133683939838,-1.258793510236178,27.216961197838227,-4.262932378007842,5.099105210500584,-32.52606979028599,-34.0630675208382,-21.1209950784481,-3.019302207868096,3.2480442608722444,-6.532740386219113,-12.289754966429536,8.149788696569674,13.472716410640638,2.6196192882259717,-9.92918473315976,3.0049342980006513,1.0624990584586955,-7.977098299840646,9.927545767638788,38.35725816440008,-7.883046969892889,4.098444880288189,-25.323500465395682,-23.740341786657694,-17.98706715626924,-15.29649103517858,-10.329654214306942,-12.585414314104153,4.856632167770644,-8.147705943134639,12.959234432770902,-8.975190484888556,-16.14324839612703,21.292281870518963,-2.748249004204202,-7.347292143632875,30.637650036400608,6.2184778803252065,14.071501800178545,11.991259298140717
139.69882501846374,-141.88133475137653,-0.5305849775282264,40.15464734147393,-32.61001489389304,34.11501654611038,-41.862791746335404,50.173057683831765,93.24886141521203,-45.47650691848841,-15.598139565616727,43.56820532673388,-30.98824158890345,-91.56413591649857,6.161679081813513,12.406204553609228,3.6220527600904893,52.683984612766146,-9.302994638508647,40.958636896871525,-30.105833959554875,-14.201868494340397,-16.675969925535806,22.203936703342617,36.826192535219626,30.56520040159868,12.046437819025591,15.84817905854664,-16.83821757909713,15.061946719229624,28.297744139850803,-19.8055127388347,4.610291052884338,33.3391796146566,-36.277493834912676,4.695319116579202,2.0990941997567263,-20.91178237577104,18.027757632407702,12.426018701991856,-4.306868176963181,-17.38499465611595,-10.24110712365048,-0.32340146713035606,13.830941230307763,7.707847366335554,27.790370980206824,1.1957642381384526,35.100868135566195,18.72776171872929,2.8285351116978137,-12.865037155932965,34.055836306104446,10.802157668447636,10.024742159586323,5.021355497132267,-8.491246351483168,-11.90566746751969,30.102434862856278,30.895640628878603,-11.297670726341172,-12.12441431032788,15.877479592920135,-17.412290659108418
-68.03033892555491,-15.944993525729851,-22.60020383703977,-31.597331799370473,13.521786705563867,11.264325816166764,-3.075979269367701,-15.189921709621897,-15.617288140530993,-29.13091994574904,-1.1835692598301728,12.30611282995984,-7.677288583827783,12.769406744559793,-33.56411741961009,-32.988388933145266,40.78152631907726,43.11227620671085,-7.018033762064176,13.800860511710441,34.468035534052824,12.481350343356048,-23.070092723251825,-2.7939570041220447,-11.202453339339401,1.6947517751718302,-9.125107822617258,15.352345089002036,-30.309060292679153,-18.44652959430425,-13.288779302485402,-19.006121038479467,-10.810410726846841,26.798152882209866,-4.86614438958879,-2.6880709620836294,2.578411473075314,-15.858803948746528,-11.815207436447876,-9.861418572846663,-1.7086170081779473,6.496846285822472,-6.188519388997556,30.687955816272673,2.2133273324113807,-14.762356608870098,-24.97496138361864,-13.549685269724954,-11.844153248461199,-8.455626056077316,-4.108107724039342,-8.58421812866921,-0.31707112586027353,-10.189989505833235,2.5809019671687037,6.199774078669049,-4.833035618200361,4.225702935951697,2.4509478648349012,8.696440861705135,-7.6280643043884595,11.466930487795594,-3.1271387336940264,-0.035677933598103805
50.0115056913922,338.34308951632295,-5.006535377684969,86.02812812899066,97.45640332896357,149.99712618612267,-35.714961180720714,87.42612599877965,54.978242454597506,-19.037962717280482,-36.02203180461396,-37.74483782803814,-31.68384484709675,17.775358319167328,-41.608379580876935,41.850514740660806,-46.58015977529212,-43.006360113193175,-32.80615270527169,-51.438657555322116,-49.918952494217216,24.827864428701286,2.2211969757953125,12.576288141821827,-3.9788208278772443,-47.920927159358165,18.030285286194424,-14.448332009009544,-34.868514429352985,-16.663233576716905,40.48010919949228,-15.428578592407586,8.864163608091562,-4.001807239242505,-40.78039336365695,-36.935164883549774,-22.037967661327727,35.10564910104512,67.20084403305309,16.92298824444218,2.7770434021122945,-43.89070859903299,35.19043743677058,-11.571059558600927,16.59542263221859,-39.906960305313355,13.681226925399445,-50.58749140437634,33.92505507026541,-25.626246061129518,21.261278575801203,22.87654726161577,-53.54000141297605,-56.92437992778902,10.919476026101883,-14.011893569668908,3.7560978622730072,-45.67646146706816,15.947246223574119,64.38100126883647,38.98736592826458,-8.308188507368616,-52.43926968231068,-39.77965841262894
-43.786519222917626,-20.758794880013536,-20.233704965664923,-4.07848169907816,-28.17178666808067,11.12654379657307,-31.99730799994236,7.706188592413691,2.7520763059021847,6.89335002616166,8.486457389873019,-34.13086509285307,16.308986720101455,-20.187211929470514,-10.609179621811133,0.3197672709163054,-26.241025249947594,1.3967016230747962,30.292509984121352,4.105438720245761,11.366528515284255,44.590446698726794,-11.933765287822412,23.885761407836238,-47.57736884406002,-3.5978160933953434,11.078847746593063,31.033817017152654,26.842430739756722,0.8458744664003458,20.4781237828478,18.03817606950821,36.017977838819334,2.0387926836688615,-6.123764656957692,-11.587415752733415,3.062575751444643,8.997826249678928,-12.706755546272298,-2.3837382327551078,-6.6034419712763,17.983000617911593,-6.009638953953235,5.544426787140516,-7.990639599713388,-7.6658340223801815,-36.01621538702164,-10.759505571335218,-2.2400139810846618,-0.9534122192097604,-0.8657042776485403,-5.568900600797019,40.55425826691333,-12.188004038729842,27.115444647642352,27.159506019515977,14.35061652381049,4.480512476280054,3.014060015564909,20.105568361641357,-0.2198267338537545,20.561727958278063,21.994678825344295,-10.873046891269196
-60.95780886403286,-7.0153245046368555,-21.9264013262952,10.096840163961145,-0.4162948536167508,-12.583554505311634,-14.520158969699782,1.508371779712339,9.562735415587962,-7.351090410913587,-18.17799029143777,-15.967449889957864,-3.980891799118561,-6.766457701678872,-7.555955546194396,7.80045265128027,2.313754123200921,-10.938042528654423,-11.916999685374876,-8.565349311523518,-1.1805086145780468,-0.6085000542693428,-2.893445241782988,3.2733642948299346,-5.371843658532659,11.884276114054872,2.5794090888096743,-6.785091508847383,-16.384176241974867,-9.26875142111349,14.995603452194821,6.770593838636194,3.995267011689221,-15.367550656100127,34.72669176784384,-9.65736175359037,-16.833751855695816,27.37524309649037,36.97782218805764,14.473381842979732,3.517493627213718,4.164477161109171,9.892335750637459,3.275053550274062,-11.683486287703452,6.776839576604396,-0.4724438487314076,-1.3529671027841206,-12.716107051337133,-16.044113510465515,11.158164911241085,0.05069452760261044,12.069197242013258,-4.43653594362413,6.388108600670413,5.911495850648859,-2.3323265132061852,-7.020571937631664,0.47812970487884215,11.407028651246243,16.355193249716855,-8.714567509108821,-18.245793588615776,-6.189913528099343
-62.43400732287609,-19.369726955999703,-29.21679753722692,6.255572364309723,-11.81185418167711,-12.093805744961669,-12.552892055075885,4.3366299364978325,6.605424300237317,2.081727685452451,-0.20176717120815701,-2.482389740306425,12.15003553012138,-3.7803673377405214,10.078636598360383,0.3668345673347309,1.7856647947608846,2.218169187201673,0.5214478856163892,-22.2548571150352,0.46480416116346757,-7.993873729034588,6.6893999888093605,-2.7484732487555594,-4.127472244215266,11.844461640399132,19.80638597162883,6.886008461693574,2.5313021852652837,-3.3329745405018234,-4.535943324051688,33.894270369667005,13.19373634122497,26.67950845559724,-4.8358251625256115,33.902899598261534,-2.661529979531253,19.149153973528914,-13.480209181745328,-10.014940850966694,5.513531073014156,0.24746342231021803,-22.280089087312778,-0.18152647323788385,7.665450176367884,-5.666063857977987,-11.678275258278324,6.132734835876444,2.7275603739464147,10.612230513193953,-15.830076038585771,1.2465713507828502,-20.73308594236949,-11.33879964089952,-6.409378524712943,5.7852457610308115,8.530359322956674,5.5629976833493355,3.1985246537491303,-9.171316197551379,-6.217981956871832,-0.5886716456403519,-17.004509432588744,-2.499681794203233
-62.405578542679635,-20.24547383531044,-25.177652925574016,6.947078622053155,-12.690202624804153,-16.53468743245341,-10.81128045900871,-0.43203811453265134,3.1218590382736733,-0.37139979543244106,1.985964761074941,-3.05794821496785,4.009238156169087,-3.787630503300445,-2.960374774694582,-0.026764069468515086,4.770723464841769,-0.5237376776077303,7.093829517007198,-1.027095664060816,2.580502331253284,-2.8236270919119786,-9.421742666432747,-2.721425530849906,-3.3602995126561264,-5.526504351569149,0.5132954795929822,-7.580756569045383,-2.449923920099748,2.5810778928869147,3.9369712938583037,9.301041812692874,-7.694530734024934,-1.45143468952389,-3.3244064726249016,-1.6472175507058053,2.310741747856507,-1.8559162132085545,6.112447732461774,-3.30047418252632,-5.849668321575952,-0.7212363168337986,-0.8830492478099585,3.7770189643735033,2.6081595472984445,5.528214450921753,4.571093815001103,1.9141519775374887,3.4832221681499886,-0.46939190758437277,-6.1852712996252635,-4.457044411523455,-2.5439990916294057,-3.7336456253607158,-0.2272361470695882,-0.5221732977528697,-0.5922509191639561,-3.7857964705588323,-7.908607525477271,-7.444726171209192,-2.480550229969223,-0.5417003577903237,1.1325877590136586,1.1135290636912951
-65.4615474979021,-20.003269766039587,-27.49149862089166,7.557773800870317,-13.498737437945437,-19.344073543660155,-12.290691289515662,0.8835656516671356,1.3159186573041626,0.03557297977758057,2.241441832014643,-4.813068134988448,3.7665525043947503,-4.381311978120393,0.10226357601746565,-1.085686371999088,7.201099509898642,-0.8664419118283966,8.89011063166444,1.765912567259348,1.64335947297406,-10.934562866299576,-4.380791596009395,-7.599375507844955,-2.3943260946871847,-13.858772692473474,-2.0270023059726956,-1.848129544497705,1.2880933600575954,-0.7147000308690111,2.296788338690762,4.32585344743646,1.4541147628023288,7.967336210825499,16.344490099418458,2.4429376806857355,4.511257647780461,5.3019253931810715,11.129601712446826,19.446843602040467,-8.370054389382299,-10.408901734591588,-0.7296023143534928,11.255986099826048,22.026895086429796,1.011800432341682,23.083851277833755,2.3906951293980505,-8.367460468611402,-8.873927060906098,-2.446077870577438,17.667639220701467,20.22671226060353,4.168024196019075,-10.140656583843137,4.561036200670873,3.258829877685075,-15.958195069207054,-16.601264825407483,17.949262265536202,3.2823486317659807,20.107453581522346,-0.951096388358639,20.753979480581943
-61.772596420007424,-22.785932185786354,-27.07752345963694,11.922013724513986,-9.89497472847174,-23.1361195969949,-9.714735219039992,-3.5472864399850286,7.6470835046491015,0.3890797516440247,4.443961132210789,-16.855741025153325,-7.829964599688817,-8.328797185895942,1.6687644262388408,-2.8362555474589186,11.31506641925658,-0.0019321345364562126,-14.631259994482729,-10.366360290900813,-14.835139068831799,3.56029831303874,-7.220721402124858,8.612403403645832,-17.50109888990241,7.522283027282113,-14.405180543719126,-2.727563710884266,-0.7406335462610899,2.107989034618899,-14.761356424282212,-20.738673508829734,12.324770724375373,-3.4517540701010954,35.198428007585775,3.5226244766525623,7.538034746252252,12.477656208042244,5.746914311978227,-18.188916461113337,-18.114264541051675,-15.732196349111792,4.002638396986462,-7.2319556710955855,27.804998554716864,-5.94693471542811,15.89618882494609,6.782652389106839,-26.550886678330905,-21.484962816762078,-0.5505822277797057,7.012870426813274,0.8240748194197045,3.3061099719347338,4.162992635093137,1.2333789468674912,11.7761214657354,-4.945234844520112,1.6240616114210893,0.05136133816795047,8.10558808787944,-2.5530729400487355,29.00769582697607,-2.0341199290118124
-56.3699000223033,-25.254175086854463,17.915114147988017,46.551105922824945,-4.071474187491674,6.926511179644068,41.190653176671525,-61.79116795325643,-2.2621700361711774,49.90301178275487,-1.2669349640423524,-7.328283805293512,-7.1889169566590905,2.952591927062064,-12.54032151506386,4.01025128811207,10.346368103961126,3.0669417765909808,6.663800645589578,0.943602791840285,9.009012153940283,10.626052405513807,2.229965067284995,-0.5139886166974917,1.0045390025976135,0.4540727034812025,21.408508133592154,-13.524006134531579,-30.039279832209758,-13.826281980747568,12.49133183344698,2.819032814309296,-10.699526150943113,8.765247564038459,2.1698043352369005,-4.012311875947045,1.9065457970472435,2.0495431875177714,-3.8551954362495713,-17.759346506534342,-15.755281418816558,3.775684325604281,-8.643824461870421,-7.2180372210701185,1.4594181043866645,4.219277266668872,5.537203442863209,-9.85317988050393,-18.937493453520837,-3.782706346605817,3.6874910525145177,14.148857715694186,2.9704045168191646,-0.3883001472899305,-1.8900460365622063,8.704466147903881,-29.522399157595014,6.711728942325518,-15.166391677110463,4.666291387072888,12.60682132489201,5.579514925762842,7.885715422999548,-2.2220193776294312
-64.90606151030327,-13.56840560014007,16.95909206380084,-18.502181537049026,22.68819939122175,-25.915370965498056,-24.555137853004712,-5.524589203726216,-4.647382222401556,-12.192092983814248,5.014731723437424,10.4857317540471,6.770215772724043,-24.142435172189334,9.588598377874899,-2.0075704911648597,-12.907038384426498,3.589195509132662,6.952371741938431,2.6844415723180486,-17.76565836645433,-24.270880455039336,-1.121863795649824,8.671670689882154,10.952477326137286,-3.123627793881441,-7.613077257603297,-3.3510279000092176,-0.710341863967304,7.259819011826524,-1.5032015019608267,-9.582284459313273,-19.36210485095475,-1.1124555247825652,2.7610516726740064,-16.980411880914286,-9.257731502473504,13.377328630071993,-22.260264835016656,-18.463722513801237,6.695119751705983,26.23424145244474,-11.368335271864174,-10.874935104222558,5.393440069723865,5.245382511486166,-4.587335506687861,-19.542622799752348,-1.9058130285053878,24.671874768813336,26.73250364595194,-17.27915830500034,13.78397801838563,-9.990534915068025,11.4286012742286,-6.5109029382231,11.091061081990123,-18.723318972095043,28.441507622215443,-14.593853354484722,-17.831863739695752,53.30081297019403,-2.7422920667845654,4.786034533688971
-43.357555492170725,-16.81063774375539,-33.915172879371404,-0.6496722204792006,-20.87635350976829,-17.82350579252706,0.39092642610288253,-1.917266238526857,2.481587588574826,-7.091762225892599,10.256044751786275,-2.634414070871481,21.242481276265618,-19.40172161413276,0.6928678640894939,3.8703802367099263,-15.419430311787078,19.363564777472085,-9.360677061731542,-23.984669434399535,16.9385339230937,-3.0817903628368986,9.31684491183027,-0.36055879741662056,-5.662799152403827,-1.980497942837502,18.96306681116643,-32.24228579566626,14.303836401896588,-57.19228078065002,-11.277837662857769,34.85960092971984,16.10395683898011,12.47949343598861,1.942114085810223,16.14366171989972,3.8060981198389174,-13.401404976721523,-5.083886552767618,2.2806527493299353,11.920406996208373,-19.600003316216494,-35.10114554681706,-0.13009292204526257,-3.6199707104158008,2.000354792199094,-15.927585004417192,-2.004064444196793,20.987963205063494,7.588144917077397,5.2021453567523555,-0.18301474965234893,-16.916598199926423,-0.9432537514768364,-7.583089066540833,-7.104097696179775,2.667651896931805,-6.236435205605898,19.720213938222827,1.9220746855052024,12.695162576533965,-1.4461361324921027,-13.015601960082991,9.337195385747348
-45.278937646373976,43.60942165184979,-19.205401247578592,-11.647741993332284,-26.968729892537105,-19.80489740486908,9.70643474014944,-2.4687602717511883,27.226716667607842,-6.688253781657602,-28.777172041325173,-40.20424673874022,-3.858002157725672,-20.80330365876675,-36.89675028537336,-3.226560728461368,-27.396928140940883,-25.73321629128417,26.601282392989933,-4.404480832006694,-29.254336904093442,19.64217196599603,-29.827071540109124,-13.115410940757249,4.979773743613878,-29.719597962710978,-11.290530047847744,19.93233653279501,-0.9020857265282076,-0.673340299448123,12.241061477496539,8.165580569985828,13.166749298072903,7.80528500891588,-7.4007632581515015,15.06952801161491,-4.279014472295758,-18.35526985100386,-10.81635122902522,-10.517072486436767,-4.741777727874287,-13.577790910291416,22.102139085501424,-13.602655854518607,0.45753014551652826,-21.552208205523595,-3.3480079280717043,-5.362186931917033,-13.23084533054641,-26.15619617379067,11.633592630184086,21.20669190154892,-2.3211281014287257,-3.088766253587248,0.08044084278940557,25.21741825259746,7.028730108638452,2.2578715462352608,13.569952814921367,-13.357080288251618,11.483816501279874,-36.98090640787777,-27.541744877773496,14.545687642842012
-63.90641592243932,-20.47800186703876,-26.114791712121956,15.607906670680713,-8.68356022402899,-19.81768679707764,-12.013495957740934,3.69533632161309,6.141304582162032,-1.65301527921097,24.5730082254291,-22.544433902927537,-14.33923967477155,25.036563502589857,-3.889597882857207,-20.929310460769784,-4.473335926292565,7.041897296056084,-24.523221751727153,0.6268017612733766,-32.23843582635635,8.82163377756542,40.82290707772831,-4.4677695774964326,9.07262136505052,-16.33745322138899,-16.316236273106963,-10.396718407363835,1.0272659944749727,9.26318955062215,-14.521442651719934,-4.663550163754678,-0.20199109859030995,5.565869442081074,4.288598630692226,-11.961469485530055,-7.71836563598851,-21.553770380972793,0.11593876743096948,-10.798267893102238,-1.2501365101314308,-8.360176755722401,-3.1971869035434715,-6.623585008285341,5.613188112798867,-1.0193157228860836,8.92289389526026,-8.931785281902867,-4.192646736888201,-12.037407633020177,3.80400161469769,-11.983422333788488,-0.056929270343497984,-18.633042060631684,3.3074712584823835,22.42042558040505,-19.899181174674368,9.86989266654083,-1.4038986490537315,-3.7373535299580807,-4.830230567152138,-6.707137358884892,9.453284617169247,-5.561784948205501
-27.694564957824404,4.354721880544466,-17.10153192143856,15.998397337076945,-22.57310232930751,-9.054881030892634,-7.509899016562125,1.2382218683310249,-22.39816017657113,27.348419239344988,32.468142969354325,-28.66944660532396,-6.893683791251648,11.509804187938332,-34.91538157399318,-11.108639223160866,-20.82742832586468,20.76017680810947,51.15677544050761,17.932374440863807,4.130316730185026,-22.033024916581233,-23.97093781484273,-72.52186624536702,-17.06193750149383,31.129628420422293,6.155083204278276,56.70383797925195,16.016669176287717,2.089237722859091,28.767164584341792,-33.803749070577865,32.287962626131886,-23.720126638361496,-3.1607008809025343,21.288889512242285,21.10188746569238,25.83077427861593,-33.14115106006179,23.3449319148018,17.33623966516994,-26.738662002774465,-27.967620394446076,-27.476023264053662,-5.31892321121339,33.38169478779863,-3.248871510147279,19.150540199663503,-0.43909466442458694,25.280042590415732,-17.374841791273877,-27.79371219401197,-19.733677458096004,0.25999301466383484,-3.1838768673331863,-16.005477675585514,5.376068609369031,7.460267362001391,28.237521148856157,-4.068933906376605,-2.3348028762911146,4.779220799498557,-11.370504155595127,12.27172252705021
-55.310499178435336,29.82037796952086,-118.72007682336383,16.789238215896102,62.32121287907411,122.60113248000015,-30.665872413662775,66.6746380383678,136.04783087325742,60.564983008893655,53.746796937671,137.15799870592247,-70.54645944368842,-36.68036386119629,-15.445780428166941,17.482454048239838,-49.202303407540775,-71.01010038998255,-7.257492787752184,32.89189315088647,25.744058264195697,12.43523880002295,-18.704130647814704,-28.086448617850866,31.422647438458196,8.669996797925975,13.28840172266905,-21.62343888801375,9.761751814904978,-2.404577530929459,6.776816207121476,-30.30246795250806,39.44750013347128,-4.459340010630314,-6.1043211977143965,-17.327087069463435,-3.2991920546087963,27.600297347333942,2.784546155102062,-9.245828923317173,-13.75657412696827,9.881432616649308,3.1345621099677325,-28.579038084072533,21.6167872214671,48.880122502474,6.155064005729852,-25.329965487725083,9.798947551835985,-8.065293774911694,-10.633380741865196,2.9031451609768784,13.859618031821787,33.528347114735254,-52.478947200719816,40.40332034916342,-11.13729969249194,1.08523636008585,5.455956543960678,-0.5640030268645655,31.48369178860222,-5.12444553665607,-3.583877859006533,-25.98722144916026
-16.17608720728811,215.37169441076216,3.953256664001575,40.39344519323687,40.94025237117291,84.31072019529158,-43.78633620682407,49.39882602171815,68.09734729551957,-67.0546689020678,-103.37346022608388,-12.458744896827755,-17.27244449864543,29.083504953877483,-34.58677845190963,-2.2148290788141614,-24.118887310936874,-46.396798483749926,-15.207353966949722,-34.973393399846756,50.739416342739524,-33.355900135860225,69.96199786794797,-11.682215311159293,13.790458922227671,52.81835093163591,7.721139709929462,-5.994956817630613,1.6197281394065322,-13.50898679994015,0.29468677554037814,16.856654772939038,-26.967530469784172,31.916884407296838,57.02110095581062,22.97299890956032,5.348101113390822,-2.0929912801024173,-19.721976618351942,14.463417604459417,-20.426391818443097,-3.5327468548783982,-6.497517883442143,-14.046150640397336,-13.000884120798265,-22.803889123356416,25.342391329880588,70.4462337608899,-0.5838883744940486,19.762556407214014,-5.141367558189837,-31.47827797248919,30.807450998682498,13.886001968471874,-36.18835452699224,-5.425584504757831,18.499114034470733,12.65457936308769,-42.19403296461995,-42.35597301077076,-0.8861404046058583,32.090533851822315,5.932462876134544,20.32913430963308
-91.33875010326112,-72.96827791113677,46.87505771521747,147.85452759153253,-70.93771110685658,101.1758377689321,108.68211941094387,-16.472755838627453,-83.36473186748142,6.237556885149964,-57.27655413241974,115.21009425315023,63.82513595648098,-14.7064324734424,13.698773134387043,-41.65332317365009,-75.26188242798433,-0.009332820934806802,-44.71827236251771,20.60343513974079,-74.78665058340644,15.539484946741599,-45.06970257693225,-38.618155332246864,-11.533189423130372,-20.87350101780288,1.482281364536321,49.83061825354034,35.80971398657252,14.449792849536056,14.608916468285726,11.872158593517717,-33.88080649283319,-17.83509752446308,19.23605243759316,-16.446346132845203,5.082283457962699,-9.23500839561121,8.207741860649913,23.59955802233894,-21.679682605030354,-7.634616328421124,-14.960447104131712,45.13762706159425,10.63163554437987,-52.81530432704025,-18.73381239162992,23.654795738578052,-11.137196898578438,29.838139973526268,-14.800738394778035,-35.13408808621406,11.537881271292065,6.981725466558941,3.261460824874423,-4.24918518953195,9.688693517142807,-5.728575522684561,14.362210196255369,-2.8617078647307976,6.321382901915896,-9.842606444647,-0.10526934781291714,17.605765087897318
-60.07464225528748,19.063771780859188,-17.90038965800452,15.317190375801445,11.285358539813489,0.4295675449436701,-15.04202864978427,4.70521427986378,16.785532599259422,-22.4823740555429,-33.8782441356397,-26.293456576543285,-2.0692351501903996,-3.614710088513788,-16.501968355902733,4.7649153929890105,-8.80065695414855,-25.792366824402443,-13.250908877678704,-12.341697957285506,10.063658782236981,-8.013649454405815,30.515118666616743,-1.673329584701739,2.392423043067593,14.10921332296726,1.7650127478014892,6.46851560127008,-15.216050304888737,-16.0733532700245,27.410779721807796,18.37449177303117,-0.6249959378367007,-1.6600828024873786,3.8959703040037814,-1.6060500526195824,-5.913405970037211,18.407804747631936,28.295517747558083,9.261831537191838,-6.413537266399461,11.966017909375827,11.288000536915586,0.404552701819742,21.401484873111187,-25.523481949174833,7.741073388627536,-9.498453390517938,8.901767734967281,-4.875231728127562,-4.450603933770492,-8.944624074040386,19.853519503034764,-3.9699046684628327,-6.234703518989704,-18.971217212842742,22.378448081160233,15.364534869586862,-12.904545368249789,-40.927711004797814,-7.626470063827533,-2.818431041059423,-8.082276979254017,4.655243729513389
144.24377658786327,324.57514776894504,5.459556094595194,-65.73389589268814,-30.0826624929823,-15.074958085770161,45.23497623617048,-40.631463515977835,46.887854343577295,-17.497309715243965,-61.572030396001644,-16.095537193519824,-40.986251793964406,7.491208317160208,-36.78716505249925,-35.76284017697817,-47.68181868542091,-24.926486656389123,35.50220332644153,-18.881665284110383,-37.119626999018955,4.473939484383598,-27.681361172663326,9.574677075602107,4.754672551629871,-34.18889891595166,-2.27701366534917,6.980502959026258,17.04275846893698,-20.67018367588929,26.024265982378942,-23.057661490417264,8.067631350716818,-38.546191369813236,-43.35460434114278,70.65181018863458,-27.160542229680903,-45.60155596608739,-9.119825381877773,-23.24817427505576,-3.6080870695948466,8.431152971322478,-24.019718082175356,-61.96396351528308,39.75753194980163,-30.09434478994505,0.21754582167845982,-0.8185811931259475,-6.558588280924636,-23.35558605778715,-6.905613473454817,40.267885593098924,-9.32800585131133,2.3139507794368828,12.31002517332415,6.420445335928479,20.344586291722067,-13.082806445659578,17.946741191117546,-29.410967798485384,-22.190752210594876,-35.99941465571631,-7.189686384982928,49.20583553220394
-62.67020018790564,-20.881047994357832,-23.40689509158903,10.088115721358442,-12.143332361254746,-16.78731784155368,-9.357055932234902,-5.838821436880192,1.0168337677968544,4.75222982158129,-0.4560142394736932,0.12376112890823249,0.921937971623841,-7.408227460429127,-2.65606494267935,2.570848059897527,5.547874319838491,-0.4627455227541888,7.1110932663879085,1.717419930282348,3.125973782956301,-5.7550580880067175,-7.680098129119011,-8.879181490642047,-0.17266031195358297,-5.071523727520798,0.9524029495731882,-6.822862099502929,-3.2990621356076977,4.680294957261362,6.772348130621102,12.06519280208748,-10.36969210765047,-0.10907790279827255,1.5658792824822785,-2.6837390035515596,-6.7788163173220015,-4.763059740312592,3.2286553878768585,-4.085700543416146,7.44318761447349,-5.205304395223768,0.15893443124047998,-5.428773079053667,-0.6481859444677053,6.194010435226987,0.7428355882552653,1.0625006872323244,3.819700613057062,2.048758739220652,1.037003106737066,6.250893642802215,7.119134992086916,-8.340281157881702,8.358174788249547,8.136821543443551,-3.3891011129309723,35.11461704007519,-2.6735218178430586,0.3746553726989671,-23.664723162575957,-7.735622349508604,13.153970686787888,-11.287492169746496
-10.145364273734486,-36.243538154954756,-18.319768385179337,-35.139762553624365,17.64915878029361,-16.566374464980647,-19.617831215567143,8.526369518626932,-49.173357649147235,14.270179317502928,-25.976912407054936,13.092458054482949,-10.772842967738486,31.720861591197398,-1.7065801356772343,19.994526590373642,6.326629992838418,-17.335971964472662,14.191998657116592,-2.233991435593153,-18.40718471797919,82.68094878739888,36.014562367236806,-48.26402510493233,2.55852597148365,10.330039117812639,58.81194516075003,-72.15527604724812,9.004157883225151,38.028974350891495,-8.74576429060443,-9.49461141235748,9.749234845632204,-5.930428747226168,-19.504999532440973,-1.3878816279773527,42.78520467761778,23.037857810959213,-30.240474858372455,11.447880867660087,-45.18431791324705,21.279386822888966,-1.6557539440832778,16.47328034957606,24.4849030834551,-32.28229828854236,16.789658266724498,15.854074369230803,-5.367580981113703,-3.7561279732397757,5.8251219671869245,-14.224584459719006,1.8142231188224065,3.59275066079819,18.887431699531035,-12.024518870680055,10.998879571306238,-4.01006366438308,23.161766680814814,12.971491097676346,7.797844883029069,-4.206860671741096,6.9549371395433415,14.36034462587705
-63.99770572894222,-9.772806999046033,25.036809908773957,-17.97413974821098,38.6777391875336,-30.758118844866573,-25.4819602848722,2.033428775088508,-4.6291762803848,1.0980923876715463,-2.572909975319143,7.427470570431239,12.444794450801744,-25.073525028562692,11.905838099518265,-6.900625047209121,-26.78923758135216,1.5248835253949917,0.355165069876356,4.173030972520068,-8.007780220471865,-35.653161029448135,3.0526301873329653,5.604893362063707,-1.5168171728522049,5.7163282863904215,-9.05107956792341,-6.8190507195293995,-3.3535907191421903,-16.01330881285105,4.2804442021795515,5.656087364257559,-21.556925704163703,2.7378551076593483,9.639678598541133,1.8605372091200834,-29.941473532485347,9.433987173659126,-5.626965617547172,19.89331985969532,-34.64625517868981,1.205402976835998,1.7174529553021551,-8.240073500700246,-25.481034273279832,14.230493617997157,13.053455567345214,22.51870925462175,-9.614079126252566,2.8375512806948873,14.701921120322583,-27.32437040962351,-1.7230513029767895,18.811327817150183,-0.5025651392789526,8.581889562799825,-17.26283635757612,-13.31998910100572,19.211910051646953,1.8193553987454678,-1.9746775646734427,-8.787300855852903,14.882770775791736,5.813760614412958
134.26457810626874,-153.0144266995645,19.99157520976799,38.78162358356529,-17.298429472082667,30.45763182145628,-76.37080521768588,-26.88577234597477,65.54225482917981,-10.101267645780824,-13.799918129662004,-61.19968912327455,4.850276155451347,-10.449597305791125,11.316730118620384,-12.693017594731025,39.16083312556094,31.58729342828098,9.533849867081907,26.0586151893913,-17.676460105839578,-35.50992404937973,-24.223286534639456,-12.336714445552776,18.311411472259948,8.680012726752599,9.589226829054276,3.4375518105760206,-43.61045611806918,20.370079351659705,-16.040610978639997,31.886589878659898,-13.868195522664786,-4.397318889872641,-23.298386343635165,-14.502469271741221,-1.1327149306490816,3.550858463608081,13.61914720250156,8.226691536619015,3.0710572317897378,10.865784984706986,7.55509396578214,3.9111264191374,-14.245255648258174,-19.316607785230755,-8.40352827164038,3.5527231809199753,14.888962763671453,-8.932594647889246,25.174795240983318,-7.102847014171865,2.410482787602295,-3.1355294216025476,-13.981700902415252,14.657354241854277,5.315784040902513,-2.8140532979771145,-12.36188607709072,-1.357001126771522,1.4647341455318441,-3.7855132331441754,5.578105089775986,0.28089098822810843
108.34651717778814,-100.31452221974871,259.66025057028145,-134.39628554124607,-34.63470622892914,-14.108305458189887,103.42815698306346,179.69133711595248,31.79354130677742,-13.735516684471929,-139.98452514006118,100.84669523486177,-75.75218514798318,83.0615764414538,52.97306534402349,26.594237670253147,-5.8880051095514,112.53824874512183,-24.037637656164794,-49.99722145317222,-3.6155179389756222,21.13800703179186,27.50263832060253,4.368263987495294,13.949890310516352,-23.464440765750247,50.11420783335963,2.590566467873854,38.0540893934887,-5.78427049396806,29.09783063605897,-46.05660146977577,-4.194293612148141,-30.68395559267687,0.7708976695365213,-22.486606178882838,1.8827538515340547,0.4043975368706383,1.822267545656974,20.639638863138938,-13.697177925506395,25.55373981065395,1.4481956872261321,20.434800324671354,3.8090885406563246,17.94454146050855,11.306902805701059,37.532609323575876,9.483239315114364,-28.475018895479387,46.752760117983385,-41.44620183379859,-42.78612980783169,-10.335698363971497,-12.675613125284373,6.921616306521074,13.28815342448409,29.479311269917357,1.7006005477684825,-1.3950986413310302,-17.932677762742046,16.57462585698846,-34.97016796134414,21.742489509274044
-58.557152680636285,22.259176795124233,-31.737856021494277,-11.90656346194434,28.33825555586149,20.344474532068634,12.464773073266455,4.931884008415246,7.156939974521518,-42.217053553808945,-69.67940954288136,-40.14236835815265,-2.4269433607050948,1.1674477024909493,-62.57410166622491,-29.7966140835058,27.185613737709573,-3.513959267609763,-19.700518730414053,-3.2269292388870303,45.64603143757664,10.27796489163439,17.306786704754106,-10.572019391150992,-5.110841980483601,16.6541234478695,-20.43722352005677,25.042072033829015,-25.529042967740597,-9.128003685023298,15.445507210791842,1.2336339557348757,-7.797671859497292,-2.9473850794566223,-16.621764757570904,9.537683279315138,-16.88959573453984,-5.938392089996204,-0.11542065351247002,5.194212982091551,2.3619579571384763,9.56963451500983,-6.529691294292236,13.52120525954486,20.519109138128453,-11.86281383701446,22.78832036952378,-7.0028644883068445,-11.289214431530345,-10.463375713475498,-21.567516109047766,2.466432543170724,-10.622725554732831,3.0231344424074615,16.634521866933742,9.328751371417052,9.591589645771636,17.099283889381514,5.1744199367420105,-19.065739682619995,-36.10503803990414,9.57744586304754,-17.017282773366816,7.645153954803002
-62.742091009624914,-19.507166393237917,-23.424777061707985,2.9159134510317273,-22.05492120824943,-14.213362964859643,-12.609843223617151,-16.12136074849033,3.0704138783581567,-11.92439260002683,9.145319860553938,-2.3373510223794516,2.4929478046466618,3.16572578535199,21.701275159422224,-2.8882925333417004,-23.778637645269725,-4.860255748291065,22.675139663397502,-1.6652037461519533,27.22352966253603,11.750925725579814,7.546714965579489,32.429019287784534,-1.6691604331486771,25.63955841112202,-9.720745991871965,0.8664836011676278,-22.56175715796896,19.663055498355135,26.359695010907437,-16.136232000984766,-18.572706263617608,17.80777660792776,-4.436576873694717,-23.751950445597426,24.155217129980098,-28.46864258694935,5.512276029409919,-3.00508676268259,-13.987469560332089,1.9038590018029746,4.281594900625269,16.593960615071182,-0.8958447144813879,-6.686572526657754,4.396538503985155,3.6856597182369164,4.49299244055548,10.155437817938628,-2.253639101641,9.77665596761673,-4.640730538897758,1.0435367134282887,-12.87288908456768,3.082728440313157,0.5891179039656141,-1.7200513378164721,-8.903529887901835,-12.996989644269819,9.129049603508989,-2.2107043416697714,-15.72397382462207,-1.0151737836528465
47.17212493306128,-63.892657554004344,-17.052308375486984,5.835029183169276,-7.794748282324118,-13.832154098370298,-35.60939443440228,-33.13610921363686,16.821578931877635,-30.62660869690052,-19.45032724143853,-0.37087955136522927,-6.197671177136093,13.901413445344854,10.85813843865054,4.299492412271082,16.314487778216503,-23.044411403593823,-0.5690379449048997,-1.9242285177493959,-0.265955465722739,2.1234519260826943,19.9455016766461,-19.95386468651273,-20.532683355512862,-16.330751718548314,-18.216154665857154,-0.20733063075750813,10.189986475300746,3.2867529046362094,-9.979981016657106,-0.2788341474912626,-11.95266580918218,20.38679565278684,-25.24186590559138,-30.51287377245711,-8.123930866131769,-0.19736208692868135,3.637638652169213,-35.35678787703603,-13.156479482915687,-18.184172099797152,1.2462767552691094,25.955918059258657,-1.073558986132687,-6.82765799973346,-20.874969430361332,10.504532826459585,-8.369807096698233,-14.54639530770824,-23.471612010004907,29.412553311820762,10.030675882433332,-6.653905804827,-26.08219484063295,-28.225889110379335,5.058563160321923,-2.960931439928119,1.4121730835989845,4.837538444207088,-14.404821606712243,17.826762065269634,8.680069545358089,-15.760458208363469
-63.45354410572723,-21.060266203749094,-19.673949131529984,-4.200422966116902,-6.1875041966182724,-10.13720632468961,-11.040994582944768,5.696981219012171,7.009441120538495,19.089862089664866,-7.711222317532223,-1.4626707566894637,-5.151797126398319,-6.638508703283505,20.379572394809223,-7.455420701513231,-6.283915624557901,-0.8727303951784519,-0.27073597342092837,-16.20012598080914,4.345481024574787,-9.83461450046163,0.26112192130984885,0.8896804005018379,-3.9941035973840977,-9.77705208583015,6.12692721128679,22.61146924240368,-2.437206517563167,-2.5452568810427727,4.784552227323848,42.18779367942852,-5.993818854044007,1.058663007976157,-4.770135486650562,16.31769612259116,-0.41497492788325396,16.014752088487683,-14.199365078515088,-21.138344105401167,-11.136209241947963,-18.166217096996153,-14.182249704426662,6.010446746969831,3.021435051206211,0.38342520689788157,11.641076953474276,-6.560485442956963,-3.8058891092027283,33.85787842517793,19.05186512296042,0.7433413557891785,-7.535733078011279,7.560190136174672,8.913935817538453,-3.7445348600724806,-5.629163239888175,-10.608035828594527,-2.906878474342829,2.6868266970025254,0.022107481252263722,-12.303752496798252,12.279704663586953,2.423216773975982
-91.33875010326112,-72.96827791113677,46.87505771521747,147.8545275915325,-70.93771110685663,101.17583776893208,108.68211941094381,-16.47275583862744,-83.36473186748138,6.237556885149964,-57.27655413241972,115.21009425315026,63.82513595648097,-14.706432473442392,13.698773134387046,-41.65332317365009,-75.26188242798435,-0.00933282093480521,-44.71827236251769,20.6034351397408,-74.78665058340641,15.539484946741585,-45.06970257693226,-38.618155332246886,-11.533189423130375,-20.873501017802894,1.4822813645363386,49.83061825354031,35.80971398657251,14.449792849536067,14.608916468285718,11.872158593517744,-33.88080649283318,-17.835097524463077,19.23605243759313,-16.446346132845218,5.082283457962694,-9.235008395611215,8.207741860649898,23.599558022338922,-21.67968260503037,-7.634616328421121,-14.960447104131726,45.13762706159424,10.63163554437989,-52.815304327040266,-18.733812391629954,23.654795738578056,-11.13719689857848,29.83813997352626,-14.800738394778037,-35.134088086214035,11.537881271292088,6.981725466558954,3.2614608248744212,-4.249185189531937,9.688693517142836,-5.7285755226845465,14.362210196255367,-2.861707864730808,6.321382901915872,-9.842606444647,-0.10526934781289787,17.605765087897346
-60.87553709812125,-20.66681512477527,-17.553590027252703,8.362614527984432,-9.502094332312609,-16.315476958508885,-7.853746984633182,-5.729236190200457,0.01197783455179503,12.517795166475707,-1.3870384932354398,-0.6398684044389829,-1.6756989916373193,-10.173463542523198,-2.353560111557666,-0.04300103988887427,1.2548194154005599,1.074706995306865,3.276144445874947,1.4053572487506685,7.006293986444099,-6.590991822574402,-8.62838564002038,-11.336893398121411,-3.0912363730526646,-3.720852538486223,-7.652553919678801,-9.643981629561782,-5.582344475844785,1.2945626313217615,11.569744334011206,18.456275777552115,-14.501737752762237,3.038590724177507,4.313856432286995,2.75049177087665,-6.479882400683404,-9.808786380341601,5.392082058048954,-3.775366698833841,5.800940174007604,-12.972517477890158,1.817031531379222,-7.623571789510628,-7.413565435112053,12.077680398214078,8.211458654203627,-2.2921963500810265,2.348710449217641,16.048730801736177,0.48032867920802913,0.4125084211094228,1.9046405277836735,0.4099114208214154,12.949548429701814,-3.013418396794439,-1.4467799152969683,48.4523105210297,5.890265724267687,9.424624120045383,-17.350767245252317,0.5947192799563817,17.016609096813376,-13.3381392862975
-62.585255438796985,-23.963047520101668,-22.862233576965185,-37.16184693617369,17.28893806387417,8.38772418433135,-7.544010589106951,0.7749865851460876,-21.383048258063255,-15.752882835891471,-13.832529200381131,9.260904453593774,-1.2925863777000015,13.549678237698096,-31.849340954719224,-33.497418548331865,31.22469009250019,57.901705959449224,-8.907508950886704,-11.411086964363236,33.6636295653804,30.3318882221577,-19.629313077937198,3.10641448890329,24.41103611420772,-11.042192662732452,12.40601233164552,23.649182681547916,5.435901053146901,-0.4763510336056433,-3.6791461762154536,-6.346628547735851,-9.338145050048333,6.824162439685482,-17.26085020430991,-9.38707596029691,16.43860495912597,11.802523525929924,2.6639988743022567,-7.736711045261096,-12.428233812176579,-3.22507377911446,4.772034905110502,-10.836101047016724,15.743851456621412,-17.84256295657916,8.553233922007008,18.45125894956731,-8.102449654613412,-4.238765718294098,33.7133681339802,23.3251769730483,0.3402924734570229,18.95815535803997,-4.763178574089463,0.42987228978622927,-5.139187167484103,27.13328624424458,-22.343895304173074,-1.6203065737135325,-1.9420486462758304,-13.98031506009295,-3.574617021968175,2.4049693584833385
160.972974669794,-123.75717409267514,3.963914427461348,38.134134060543886,-22.174065487404906,-21.948876417696958,-28.232664948147654,67.03485021815798,-10.098119193127102,-60.15056863410107,-3.570534303356143,-25.1477516803201,-83.56984846505983,-16.82452282631951,28.02355207996439,-44.4759088740989,32.73602303977284,-13.263672894675176,76.01791282933108,9.82694654596688,-7.717781650065845,-54.14970729898899,-9.486357818187757,23.27410621978353,32.999993583004134,55.55026644538924,4.0150009610885755,21.4315157674829,-15.848910645036623,-36.746588723852554,23.723126320396997,-7.4616652678136495,-11.929324184475533,1.1020225505247845,-40.64415279790256,42.4998491938757,18.51079205514669,1.345349512327045,10.83377620318409,0.39459246906421275,-15.214491150454855,7.833649869022733,16.634206436266535,15.236003158146962,-13.861088547766128,10.703530308446709,-38.724974789589915,-13.420603862338783,-4.130179872274729,-27.280009845160425,16.69247541322871,-11.680779402817015,39.67994075223735,-25.304655136124182,24.144635869842322,8.418305827686018,2.096859485455842,27.914638722495706,20.672603542246975,-5.881990203948362,5.219827416205534,-20.93051690479236,7.612478257719185,11.753201305298564
-65.4363565873116,-20.300796173436463,-23.848607436736334,9.203945746667063,-12.516983772346595,-15.56450032478791,-5.613612659743735,-4.271842846724307,1.6181971775161312,6.533752937067275,-2.0159112753230253,-8.86997535402601,2.636722372620347,-5.4213225760915815,-4.495332783011099,7.834037509330811,6.755717186550311,-3.103411888295236,11.122814743828602,-0.4950686969723579,9.758702005666866,-12.166516466532759,-8.40833381274871,6.237547574031419,12.314620276760337,-5.682767314341792,-1.8003893164300755,-8.791819247195368,13.267487244318584,3.1843173076560833,-11.214451802575592,7.619924240850781,-2.402057122973175,-1.175352245422777,-1.7672045662009355,-8.303228421790076,-4.677955524873974,-2.0844720747196326,-5.310158267269978,-1.303583641385533,4.870023593970098,3.4145489479096174,4.988469108775144,-0.6405509692495869,4.106311015986613,-11.623070947462248,14.521170023067027,-2.637254791683065,12.016253796169524,-4.890354682015458,-10.822367241277385,-16.51801035299708,5.684678519073989,-13.655894979626078,-6.238710342505166,-5.346722468160562,7.1746579711741045,-6.137705193183051,-9.756960424908597,-0.9931446636679955,-10.615852943906857,-7.323912810901197,15.416228448998448,12.325059494070901
-9.270144863856617,-1.7910634322565553,185.59266616294775,-112.87998789084132,-22.060043397618493,-44.8139119858939,-67.20899482822125,105.79257200978434,43.33609561386587,75.31509967155009,-87.14063401849145,49.37428986412441,-53.20745985628859,50.269998518743186,57.58203108003277,-41.803807664301125,-10.99574908805947,66.74551339133157,-26.64122449301904,-87.89760891672941,30.735199908502665,27.355823638967934,14.977096785222049,0.12837185655526032,17.02195182454049,-20.14466646527866,-4.052296111172749,45.64339867940892,56.158194996238386,-4.2435514609392895,-21.35016481769204,-35.93163189459507,-41.84874180432813,-35.28458333014685,-27.13961466526783,-6.308623406877534,-14.057674088338556,-10.770816652749804,5.008636516170611,-9.805391882608433,29.855446923995277,-6.083824541625878,31.35491818473105,15.554383977510135,-29.23818478122741,32.807032419493694,5.598623945859967,29.885433610922345,32.48784550066318,-27.78717071780237,1.0169955965452682,-0.23202792347773188,10.260672018952274,-12.69454463443322,-16.504623997052892,52.28133570367506,2.3080046627346014,37.59157361972057,-57.329945999069956,0.17537040147793218,54.629438092847295,13.592503197534835,-31.983247082925867,12.226312983253846
-61.88448045931013,-23.044109777784733,-28.419294819636157,14.327654815094077,-6.6010974893839505,-12.302490666065054,-1.722048325682102,17.464642185767932,13.186198657266084,-3.5137885108323976,19.55885646070648,7.628501820035322,-11.830225523008666,-23.117460472782724,-1.5807508551596685,8.282077208546461,9.262544708786066,-12.741086079534817,13.18199726618521,-2.707335548653461,5.8105481144558135,8.064455797388375,-16.513842873710114,-3.0226519784144448,16.7006867949422,-17.555796472275514,4.6461069447266885,12.462337196525214,-3.932637299895521,0.095231867605431,11.423906277540057,-5.52938218587746,-16.382389011970044,5.0565492838289,-2.5099583601158075,-0.650027742329704,-6.87230887245831,-0.08647408389266506,7.838332202320497,8.640361568777234,3.680721727992915,6.334638657807608,-1.4553294591241248,1.5335369945923407,-1.2569506824160153,-12.754496602581316,3.963090186967456,-3.7622039573700006,-1.216685089235767,5.6583755323699725,-17.610234453542724,-12.62019024139424,-9.815414199393356,24.81130366520747,11.531898126296797,-15.259082724685028,3.0986397540545703,-7.0914809530002465,4.90350408277936,-13.039865018838924,-16.888116018704824,-0.5493129116061511,-5.53007923480046,2.819246556276764
-56.34012499675161,-27.474463344628862,-6.803629756715819,16.1625444610336,1.3911748263568122,-12.612028873898277,13.408238554349436,-8.324152151452523,6.255070953725571,12.30106270905508,34.56491301716048,-13.228483426462926,-12.505518345953652,-24.287954690063568,-12.074871107426716,-12.202056597832678,21.190702503960484,-8.207525041011623,9.377973505196117,-54.88164214263879,-18.17073766111536,23.92749530304307,21.158308758553407,-8.692456377229743,-20.950413260152935,-8.559699006351442,-22.845882372240975,-12.077453785796964,-31.635217144838723,10.703551876116272,-4.695057180487245,5.156969207527524,1.0887963615601837,-2.283618829458827,16.86025038997644,-13.115046481371895,5.2087111037921785,-7.844379648967385,3.173180272624074,-2.3176021035351266,-9.41734028258499,1.5307865368122968,2.6090393893060013,2.9430100225527,3.03349233614999,1.927761904521452,22.313963624210558,2.8049285962257087,3.493329637834314,12.657365416400829,-4.810726603620911,-19.73961342304539,0.7224645671967035,6.155061385404747,-11.282489337500538,15.840706601070512,-1.423528445553711,15.551871741789656,-12.723023611619148,14.899790312717883,-20.54305217679507,-6.616057775371971,-1.777368619894401,-1.1925907083454308
-63.71826205786906,-19.42755254500369,-28.10450289387341,6.316259693249703,-10.993245491131349,-8.500791000534994,-16.463932811118532,5.2652138311148375,10.260728744627508,3.6611639930280693,-1.4344723926203313,-4.502263831565091,8.497760296151709,-5.08128941209431,15.624480365167887,-5.585867705716925,-0.7606204337195652,-3.26321497636981,9.140655341002002,-16.819974650085296,5.341510500793682,-3.8316843667748466,8.302431056794056,7.004705029668304,-7.204494190835213,3.4027486910817526,13.504976464718084,17.935091077714834,-5.615191391848708,-4.088249954209996,11.220387823654962,49.81206804122621,17.09729410257188,11.386521136336949,7.239557511619753,25.986057527208096,-5.1870288409231025,14.671856881290672,-20.42997470356223,-26.417604691985083,-4.145081689353851,4.161749172903995,-17.539677354090582,-1.8920800726420532,18.497402841705853,-17.702778638077444,-13.34089126440612,11.972520374402738,5.748862624501913,2.4299691087894733,-2.9479874872706224,-5.294799577118405,-11.274137990279458,-24.592283936216962,-3.432889528516225,-4.703190060645366,6.040045984883404,21.194983589680323,-7.163511793301689,7.078767761172596,-11.819705451653554,1.3824629576555045,-8.416271742655558,-12.13970582763071
-61.83696847367921,-18.211493546870955,-23.1464938205883,5.01507397509521,-1.394959627240207,-13.070955774582782,-14.13558799394587,2.492657423710221,12.12818543664401,-3.6471297566165615,10.94305611738144,12.71681562976197,-1.104249695590801,-19.595858475467324,-4.673158892507007,4.019586116197011,2.6812441373063414,-6.010189534065809,9.989656174355835,4.829929484159279,-5.9705805931144385,-8.400041954058223,-11.977239666196997,0.8479699023395442,8.735540916275623,-6.482204588070188,-7.061677019579876,-0.08152829754273112,0.6964860870307292,5.899793725070133,2.280191115753331,-4.468562457839176,-8.526541175038103,2.2277328634591145,0.4500349043071418,3.7035692757382197,3.8541330271452123,1.4092049986718935,0.7904777668571275,-13.20408899484388,18.968948581745384,21.190866234103574,-10.454144349611939,-5.767704717701624,3.627565530461885,1.9549557773307766,-8.30255697907858,-5.452661619590317,-6.6901745606985745,-6.417416028756403,4.887757310769182,-10.49785802547116,12.379407535619544,-3.8021376325001546,3.549261924636825,3.422712195776833,6.177414725444956,-4.479499184106254,8.735699086693312,-24.676391087180914,-5.591288483639112,18.224224989207507,-3.291615835627146,17.511048551610614
362.65464943817926,-72.18312968342401,-57.88349793301307,-84.47482851883733,63.76665456771283,92.21260237057129,43.03169775454644,-20.55336641170993,-50.99253792935642,-70.93414139427266,11.854343049054197,43.73745295912417,74.76187647705994,56.285154872854825,-19.68468163925988,15.354707987188839,-42.10266607665275,8.049461684632652,-29.009951172861978,-33.024523268225614,33.32824508436581,6.419121322653773,13.675106954011195,62.01126534310251,-38.34152175978606,-83.34028748683659,43.97392760314669,-43.209048283390985,25.414939653305055,84.15150129429438,42.25312636024942,-36.30627915755339,25.3960542557291,5.574524164175475,-66.90404741941398,6.260280204619364,24.410174765656347,51.754877319792826,12.40290029667821,13.655151815691204,5.302044534974711,-3.0541020066841664,39.76721093669422,49.57495567036034,27.72113299176165,-10.023540204148878,-22.655041448477945,66.66515566286107,0.5998934073557534,17.93789856891721,5.066231908679943,0.1705671842744845,13.104077223288359,3.246951393856859,-2.2927662211284376,-54.11766717507237,-35.251961825759935,29.283606057291163,8.302581503921717,7.86974260395554,37.63283011708665,-12.3914090038663,21.54226045389018,-13.446916937750233
46.29833963442109,-29.399751215436915,226.37794557521292,75.15406422800154,63.41925662029314,38.38437760811956,54.52724575284105,-129.14233633577498,-3.555752293633526,120.99507274901153,-21.803468974641692,-62.523904994972824,-33.11604367235641,-52.49214938046546,-54.34903926411281,-9.37123955818379,-24.084486275564174,16.41590876869566,-37.388911540736515,-4.780458739473212,20.394717585345845,-2.812399534394712,-42.27890989036496,-25.719832760114468,17.115004223118405,-5.025913424507166,-20.54128974038239,-2.4598418448348642,28.8758920632695,37.94075478229944,40.79763096555121,-6.842527824578141,27.377323049966517,12.103424448557309,-12.646778027992102,7.484387652720831,20.29116572243969,15.101845589095625,42.88557252041971,10.448391444452161,0.15469157854820134,4.021613436729148,-12.388243498990777,10.602336442330262,25.472827751359425,-24.9077053206115,-39.41660453671984,9.314966334372716,27.81764912628092,-10.759680652782883,8.90577246138329,-3.8285650695883384,-10.89827126135834,6.7543967902045265,4.164196516487688,14.807900092030902,12.939520123298868,10.256036671398645,-12.245843711498951,-27.231029967393074,-9.542046848160732,19.831290131600756,-17.369177478294446,2.864162263104956
223.12565606878104,-82.90747375005127,-7.345969968314643,-103.30915219116488,32.51882187667518,231.67401728520792,-98.24379818444342,-21.31240885320947,-171.78961155520128,3.285300942295834,77.57374859184317,-41.327989812526965,23.791872165980113,24.188540967053665,-1.0679825134018157,-45.4502040363508,-15.001701605104424,12.293753364189222,54.04730467089052,10.104547569549958,-23.47743724861101,93.01001704243002,-20.349824324883965,37.45560998554196,18.181838051184474,-2.474612209138668,97.41619143653068,10.949205363590123,-1.4596151688931023,25.332597840523714,17.887311212653145,-19.614565102875503,-13.290598991131251,-34.313342892315234,-1.9504761732351181,54.21222282860228,-21.883402554213212,-12.428377110971446,7.947222598623989,10.638200779559483,24.45738795449501,-50.75126492254543,19.477598952485902,-48.95827662043807,25.230960173323837,-6.201632133578496,-10.108288030617887,-22.235057196590862,-51.91886321789551,15.517180173945775,-1.0915227870363344,-16.81356556777039,37.27758328931964,42.172568116565266,-57.7964572591566,-22.91404802440023,31.775759466699398,-12.038593015892943,3.5327654900648264,-3.6057239234352982,15.273298167057693,-55.94620838377271,29.358315884357324,-41.203417061618815
-57.824474743921485,-17.9310342450475,-30.208402568786237,1.5286288404218928,-17.447761518043585,-18.4044080440781,-3.7417863585706987,0.7367341739903218,-0.6672129602888546,0.6847572918146004,7.670881617193537,-1.722771997065513,13.736127774423943,-3.5933597292992525,-4.320279418183084,7.121641707291808,1.2128330486271521,8.786348213099112,-13.926205725572395,-20.59819188062801,3.7170054966450836,-24.036279420213887,-1.5703233937563505,-7.604719862536749,-8.976176501545213,-6.790178584463179,15.546049674691034,-16.53018562532282,2.700826664336377,-1.7789975600007009,-3.5141295148967724,-13.485347048881206,18.68981047729945,22.67740838318506,-12.275655307163849,-3.53781165191926,4.302156698269461,3.673591739437621,2.3484010781318254,7.53685975738991,5.4907564749901345,3.603987870802413,-0.8313319588276805,16.561967802154406,-11.16313962758271,-4.855661038823506,-6.498635953701839,27.771009051946002,-1.9073494744819857,27.189089785093355,-6.462374865027213,15.618513704090942,3.1624425636859046,-7.9089138824077665,8.709128487440788,9.383727116292327,3.427504412029503,2.8735877679329245,19.81306401512658,-20.845006310215275,4.363353424137416,-4.608363375418845,7.154407505304873,-2.59311556283119
402.74789049534087,2.8292777709258563,-14.647717200753176,4.810840771523671,19.810869342902116,34.04672455754432,143.04470871296644,-9.250655447478572,13.360634310985546,-33.625305139427134,31.135150286525306,-36.64785565478305,95.41919430616673,108.32013962140383,-22.017101106315483,53.26228631753189,-59.713775686977435,55.12079374672424,-81.25004955896969,-71.78642736749147,-12.193087016215085,-29.92454194293158,-9.010112161211138,-36.900730154477884,-20.369863932061165,34.589929673935934,95.36654493147196,-15.40813712045285,36.87726507257452,53.862513895900214,-58.95712580886147,-11.825720173683548,-40.12711611123119,85.59380663337626,-52.94787967858993,-3.243870072832739,12.458947213422679,39.169124532686695,54.70409092089379,23.19267697828479,-29.660201401082634,-32.5635236261279,-46.71761854953876,0.2409588292362993,-49.341523205792434,27.255292634251212,-0.8471718754533702,20.972659885687527,0.10264282064780172,18.34153724043525,-48.67373586179706,5.641768693471657,-21.09609407531306,-27.6655552154549,-0.945937442193365,-4.469704800260349,29.500516483015062,-9.255952959821062,23.967875062419502,-32.003029139331915,-5.008524841345939,20.785193236065304,-15.100610606515076,0.5140338920726462
-67.62260392145753,-22.188247093529846,-27.198203958574013,6.868434053428467,-14.086261391760768,-19.90835324063079,-6.555325652620329,4.978214610042348,4.388887524993197,-0.6392472018795708,-1.427440068218972,-1.28780183298341,5.783140225844308,2.6391759233101646,-8.997543533547613,21.572950489187946,11.096742313878297,9.05039991522051,16.93483516403475,-3.0426576072958316,-2.210153211154362,-9.97533147650157,5.7695067949313446,6.269621822512883,-1.0062730279111407,-10.127876061926496,-8.01090309178876,1.4317185654143973,0.5167561809575976,0.41599211428146854,7.9870157293129225,8.493301510026084,-12.448142043899441,-12.330087714766698,4.088173650457839,2.969333406630385,11.66665818947969,5.2073002751300965,2.696724593516738,2.9951592563932223,-6.947015078245289,-9.548115776495726,1.270592721056655,-9.97206012818578,-2.3599042145354026,-2.261410817313112,-11.27978506163237,-8.102207926508822,3.547048118571844,-0.06552868121759303,2.8873833872137435,8.063337051356857,-7.988467784176084,-8.637592282151516,-1.4899478788375329,-4.92655494429869,-7.1078835847541795,-2.953047988812863,-2.545061934129812,-8.141980001791042,4.123477226578998,0.9263712547403852,13.242172387678126,-7.445792245661868
80.67858957361598,220.32370000411777,-28.592660389064548,105.97286190582096,126.00223332225015,-61.69390431912814,8.377608241087714,27.523609945585953,-32.13402341153371,33.20057769649853,25.756349956796594,24.848324398769048,20.397499741926843,-2.3342353902753796,88.83785989875383,22.405161123441744,39.333695039220814,30.829629405047516,-38.066989606321116,-29.48582074361271,29.598281575378316,5.9508571299498945,-21.17500407580036,32.595077504051694,-14.3026675049925,-12.816908251896937,13.05837666253569,40.108962051416874,25.267758092745897,19.677794584055537,23.53227207889156,36.02902790953889,-23.312867006816294,-23.579470523576248,-42.87207875931212,-16.07245373529611,23.150295741428042,-32.36431140334828,-11.006752228899975,7.358920341707756,15.26348050899199,6.583328768181868,-0.06762942896332949,4.9069702307338865,-25.377203072783452,20.283909658541404,-2.392600814903252,-12.545465303139771,2.609499811627571,-8.239794346479725,12.421453748354029,-8.842823562178557,0.6578039136347875,1.2962393496779134,8.862571392106444,37.29755891419893,-20.48940476891105,5.4341858370337235,11.362136394973719,19.654873579054588,8.69065114471597,2.142852695392465,13.067169745798692,12.935962487258582
66.71153475432146,-128.0699881069184,-40.22863509399009,40.686107848632844,12.611297900706221,40.161365483898514,-56.38960304333713,28.379304791758813,184.02926277680908,-23.608825994029708,29.015613935399205,69.67279548516738,-7.468258966662458,-59.20540809266607,-42.58239022436892,23.39440349300145,-13.834692434674297,9.997850666396968,-36.30155700983567,38.78970131111381,-5.6900389242547655,12.186036922980671,-45.02414115250996,-13.398816424719813,48.0429256821063,39.74385408493265,52.86560390301432,-11.288454437607816,7.295117305992726,12.854553305395948,46.90066637750641,-26.537450359942536,-3.8493054069164754,18.953225190275276,-41.51307726005127,7.783335342861713,-34.47893394583948,-26.078766740906467,68.2501775753303,8.5189854742608,6.101579367802929,-20.190566690475286,52.408239491776946,19.12597821825678,33.74083206182808,15.240134138156687,68.74304307327965,-32.83994277208328,21.877507584668155,23.83531389556892,19.826115196260176,-21.457361641910268,-30.671744845775,-10.37721159238731,19.518695849529603,-16.79894514835319,-22.936329771178254,-6.707863018028022,-12.798718252961704,-3.5977074464874694,-27.088209306957825,-12.60637675648922,15.245481661992104,-46.48583917521672
288.1643351111482,165.34201213719186,-21.749280057282537,-75.10207641034758,-123.3481150535151,-9.912353544337993,73.91895481163074,23.665716381150386,-27.857840467572593,-17.34593708121555,77.05008349324899,-10.167046764029788,47.191708458576656,-83.52395003037977,11.839289787069534,1.7563670158770177,3.5946312431093554,4.197050655097101,-36.338171490825104,-40.262547013494135,37.89689203045949,8.595223211732122,-15.854487728953028,17.11592755515341,12.688355648333077,47.89037312087238,10.451354827267417,-31.901713397913728,19.294382502569395,-57.36557388244924,-62.68322134777537,-13.461240914828718,3.327742176363938,-1.842300019510449,24.329962714970303,52.61168961883012,4.09819315502624,-1.8164512402370614,-37.38233294866055,41.35537305415183,-31.5277075082091,-58.16133808816832,48.13051176269636,-8.985049528932999,-51.61236818486118,-25.31400968702754,12.744824151528011,-51.957026213852814,19.867017800441392,-33.875384505399104,41.99926070746638,2.652864374228921,8.233348987969222,-4.417980325079939,-7.657442289585429,-12.066340715038786,-5.1641380364026785,20.557080646148766,-19.986980619510202,0.8673066708340057,-4.2063935716420096,26.38828065964206,6.872020640636717,-8.234173797379057
-76.70444270250213,102.4431974987747,130.67030895287837,-42.691980849581746,158.3328638910696,-75.0301814874737,-50.40560929767052,-7.769379773848935,18.615042104076515,-35.85239444506842,-53.225763345106174,-28.97059949437011,38.72573682339043,-66.56729448943605,-3.482155435612869,-13.868834938062786,-66.51323435417589,-43.100440497999365,23.519126015077486,10.693206416413714,-18.667103840706375,-71.45378954358436,21.151762528813276,-12.30453679621516,5.73091617936985,41.36679273577408,-19.849073192700786,-9.789567553644355,-6.859301839513727,-32.45904844061984,10.891281763542453,-13.472946248417715,-4.174403394287334,-18.892071531975358,2.7747471767264633,-31.34212794696538,-68.58798612290842,-18.02268527642576,0.6503532079220693,60.58563924784622,-77.80643036917535,-25.38029418722137,7.339963512336191,-16.786584552084204,-36.7914869240958,-21.54473042422863,-5.210317551268665,22.636134506713972,-68.85357526381138,5.725773197085431,11.385075018144397,-17.451585940844147,-28.511292977682952,-44.737305755987485,-23.49345259332283,65.83932878126451,-19.609790820672924,-14.462371976965517,43.88556214438381,22.269506906732964,50.88499427765951,-1.6173322198043918,21.273591347320597,29.93147055243379
-111.94633482799833,-27.66784157808984,-121.34722390105435,-91.85334538884067,57.1347525047194,109.6453539786429,17.226490459128833,18.96669863898403,11.248433900168672,23.309050578248055,-18.690121949368155,46.98928961846303,-44.81817803491274,21.01727060628021,-65.9666852825759,-64.24420095479229,55.99758451588967,51.91750669316028,-63.44285001419792,15.678542368394634,51.89191782508658,-46.05907002714228,-55.99252235923691,-11.270394972937314,-66.06378722865486,-10.40832591304243,-1.9107725630739933,-12.789871341928539,-93.8138492064122,-37.75469541032397,4.034593026526075,-40.431488345390385,63.92833149529673,51.69199181814043,-44.41927694952587,-27.85396462555801,-7.139799194676506,-3.7006793626605936,-1.239991487826521,20.18895608331878,26.094743620884785,-12.982404463426274,26.24554081409585,-5.406614168505073,-10.31786204958071,-17.03864172780773,-64.11419035290297,-18.602758704909306,-9.586479022519798,11.628757919296836,-3.9240257080866545,-14.105638674663002,14.105819370371698,-34.05568017329217,10.232349891828251,8.60462053282405,24.017193248473337,-21.787692730460464,8.338277692214476,23.656813099098578,-12.912059597891323,-19.01537694639433,2.6960842221410752,25.5322234087416
-63.984877430953695,-12.850459065727984,-24.7362119884811,7.783372110015763,-13.680022796814931,-10.81930102381987,-3.3908448347080813,4.034330519117801,5.768459299614913,-14.672674119643625,-15.034660049680244,-13.222893336662136,3.1358395857879082,-8.940285918707664,-15.145655015841957,-8.616920833130788,1.5522806589392002,-25.502061293615437,-0.11434448524878243,-3.5260564448326286,22.493688410092798,-16.87109747654591,10.265048160438566,-10.820037406214924,8.678595106462001,0.7610373361230189,-0.38922969591770407,2.073019610095171,4.206081381759073,22.595974877094246,-6.7834004298332005,7.888692331720583,-3.1190180888096486,-8.757506505426932,16.175313605482526,17.417597949709098,-0.13836033880001844,-1.2697770094730239,18.613923991686416,-9.735204362266115,-5.7883991512391475,21.289868361136662,0.8492233766509224,-7.936090448866711,-9.563897822914907,2.2383446465708867,5.87465028713936,-2.3778216630405833,15.730189569030433,5.494834571998877,6.894759596226236,5.042351263705977,-0.06522656223690766,0.8166949802387046,-3.4753949773743735,2.6276242764593736,-0.027528496064260062,-10.324715748907199,8.082564581548839,13.017422934742086,-5.094489006044632,-10.422419207795961,-13.61438183540243,-6.34400631258757
124.06834857871162,-142.78718298208204,26.381044169155032,33.28899503079809,-0.24851994479073927,24.9922533020124,-59.09429150861813,-20.429311531295085,36.78612349155286,0.12208243132213857,1.6501846019726498,-55.976042669074886,-12.47129909256338,-15.823102647491591,-6.432246097777938,-6.670915582367304,58.18049603762746,30.949154831192114,25.533634702550717,1.7921252849175493,-30.812613001737944,22.72847151318125,16.044357316925073,-74.48287266093658,28.171365642649857,19.83397802604745,37.750273918939186,-35.54031585255101,-68.86335258362813,54.984804928068016,-15.692854178660124,39.880083537896724,7.990128240588256,-2.879642830744842,-3.0299669560002402,-24.287478666066498,49.447184330349174,8.210269730127237,-32.931650796463046,12.805994024430403,-44.70905272042313,31.855574594095057,-13.923053852522356,12.600097800455478,0.004596555929693738,-38.126694493292575,28.22211128012889,7.261925494564594,48.32346853352959,-38.1250745689495,-2.011836578658198,-38.74544174889134,-12.530957482956142,0.9679949924525296,9.075973187362063,23.87319413117291,36.735892572505094,-15.501353854659143,-4.928151724072781,14.160068344308565,-0.004519058786364231,-16.153027522306626,12.468049632938861,2.078751581413223
231.31731142906855,-186.15543033501197,66.61831769339507,-22.119278967677,13.901420501836949,9.660391487444809,-30.348235772090206,26.90614381561835,96.13474658078869,-7.476535105810486,-24.326619272293,-35.94727899185457,40.16988802156741,-0.5255048615503702,41.08005359093044,-47.02416382252159,-47.00974019485088,-16.650492105711383,14.162429939534313,-12.475866675622905,47.30784842250146,26.679768240711578,-10.670983089823984,-25.033200199446796,-16.035382473804074,-9.264019989790775,-56.303934875724906,-2.4103206711263474,43.27659373207313,-38.86090563188558,-15.673146260143449,-7.47505400373276,-25.605750910252073,-1.309322988462197,7.708435563069747,23.59665650689109,-18.16802551387,-5.490905176685168,-17.087022513159994,25.82721384576445,7.906581055100361,2.0899016662049936,5.812757906293029,6.590156945456476,-3.104923081151319,-6.715980745490041,-21.389449704540016,-25.45220598211063,-4.609269439044773,-0.8779574533123541,-39.15649322857467,27.84544075127029,24.881511794714324,-3.6023158039619103,-18.696105987541475,-8.269642772177397,-2.347950561278524,21.12175457998922,-18.35939153177902,-8.648919212047845,0.07325276257761971,1.0226792175068433,14.560309225342005,-24.45014729429527
98.31143246168219,291.4682521856648,14.365930782048551,-122.39214495553804,-108.0370072388915,11.87814202475114,94.085925190488,-30.97610052254405,62.26967734230157,11.263447215976038,22.2560705374596,-21.27151567849899,9.763203592143068,16.45007217357883,-38.055232006002356,-5.468003139671337,-7.450309738182719,-46.09890398917859,-9.217897963081544,-12.448643950483108,-34.818003841537006,-48.87523494704959,-80.82548152094543,-16.14301959016489,24.492705577872744,-41.97246586367623,-26.63234221167548,-10.01290547131157,22.48287301739075,30.993984848800775,8.653264370977361,7.694559271175441,-28.80390907562034,44.49370757970762,27.530655882057626,33.08081498348528,2.9800126046342017,-27.094151277937176,-26.201056631585004,-26.82473208728616,-39.200162524402586,43.445936061883685,45.386514187584744,-15.015790955938888,-3.658873992791509,-15.628420003834131,0.059334159935223896,6.598225466463184,-1.5164630780917017,-6.280739742737608,19.88403747550919,37.34988264391996,-35.487243673473955,-11.642598597648375,-8.296504759981275,2.354313096606884,-2.8173831173282435,-2.4617012472976683,26.205994003236857,19.17757898967836,20.787279360328053,-22.094929969876574,-10.244747961945285,7.451554149831351
196.04891616713414,272.43387665636317,13.603433995257806,-77.39541812907858,-121.59310508130372,-70.35625466812151,20.920597469720793,-20.923421146225,-19.661087594487622,18.291720892604538,31.087989407499563,0.8860330230412509,-47.18966155709233,-64.61150128003347,-80.64414796976764,-9.587735773080807,-43.21927056980278,-33.56969867083815,43.96833353307541,25.202454666526652,10.85425287880223,36.83300669468472,-22.753480422047677,88.95331640649222,-61.49815040776871,-9.653356861459104,7.297419216166555,39.03627092253907,-8.593803126052112,38.944763107012015,22.318164760564795,16.766601964420296,1.6822774900468402,-3.8623819313931955,0.2849872572966305,17.62906180519604,57.59717014980478,-6.377458258690835,-17.34658065991331,66.72358174573318,24.08541033089637,-0.86587653047759,-8.453646530810378,-61.059678887122,-20.536115757089828,-6.711052606660562,14.667349051713966,59.67667242864885,-6.3332967277436705,22.61402281841057,-30.082829541923715,-32.200410689446365,5.653149467209885,-40.270243149330945,-13.382182544413666,52.37824929346255,-25.30764838510606,-7.167348023359137,14.309049057949522,17.734363549701914,-41.060695486313676,18.311594958671336,-16.874995353648682,17.853014101291485
-20.676387728347446,-43.308910348759944,22.578273095430987,12.70939847716304,28.678941506754658,1.843399735494228,27.592555319322866,-23.128379198823264,46.36108933661816,17.693350742922036,64.24071201886164,-14.707482749468703,7.159780144134022,-38.176721722156714,-28.00265388535051,-10.20683514162892,18.557348819175036,-8.79593027477394,1.1307621569564068,-70.53419785989269,-10.261260630142006,39.67890002470021,18.231751787024997,5.980682585274494,-23.820725186938834,-29.174816327544267,-53.206992517572374,10.575738415954486,13.539110311186258,12.01460326609277,-0.5152858433035529,-16.224114483016752,-4.113950837913793,19.715848974789115,10.463254800255179,14.712724000186403,-2.37112469810125,3.032290735608897,1.8043082884125612,3.788272711837946,6.806347070718944,33.201246342597535,-1.649062031633349,10.203354765981064,-9.551497201602134,1.9680622941701928,5.775632063554579,10.011822449130285,0.6299429399145682,14.998611434961147,3.307332119311657,-26.565965367341125,21.96840868196907,20.991129335172957,-6.424777559376614,-10.511958935675391,16.52733101391054,10.266796368702499,-6.202061994809479,15.251549478988819,-17.24616478594696,26.298959443109275,-2.25428553669031,6.014368888148846
17.232762793663344,48.845106440686884,123.4437763146173,-70.62293806339126,-124.18187235194131,-1.1490874458282365,62.61268900833489,-11.084936717049617,105.95364926623918,-160.27358660936858,-45.976788806230424,40.19018746996989,-53.27593670736147,15.68805409490269,30.375414155691885,25.796770180599303,-38.61428549910371,45.99773829375762,27.90565388673729,-3.569707695226637,-43.931571022226706,26.516758929102622,-12.102802902492146,-15.990569596486052,-64.18152145369817,-58.42152574034669,4.831654517246949,-13.040214356269455,37.61087829472139,45.85533242039016,15.894659860485048,20.630244729272857,60.3328645765661,41.20268104038875,-21.231720411417033,-21.203129958111,-34.9031150807008,20.466426163134937,-7.7045431939730475,9.164950984597002,7.641440925133114,-9.337762635644937,26.33900359586924,-39.34157743617612,-7.540656170762876,39.01042913138492,48.64970072643093,-3.811710368186584,-9.888936171991963,4.180880799944748,20.80309299794783,4.930570573449336,52.608523897034935,-1.9715192623455782,7.140189346211365,-9.903117975382003,-6.473963984556432,-22.808223758685276,16.66949953592402,15.282853821042831,-10.789411365263735,-20.13114110692939,22.589015095177462,-15.3259159118213
292.6165386079982,-43.9726395479006,-39.58839205665317,1.8800513310356548,-2.301920343702811,-35.43415733356945,23.296681277204065,-18.216538028779674,34.37195039356983,-12.97734639360509,-6.30274872341846,-19.88442258376357,47.58301763410744,-30.827528699735996,2.857492248462656,36.84548347937426,8.54239806173606,-4.063524373804917,-54.16835721647907,-52.08194006523585,-14.181083015769,-40.183739214853986,-0.9142111803058232,-46.463484403213116,30.730714087016803,-32.95130962197242,-26.20037227140254,31.21108644932078,30.355048930795245,-19.090465320549782,4.11450194280094,2.7011766278308444,-24.425410430677342,31.40422870830089,-26.25560360671746,3.8849500558154353,18.396208185573666,2.4500888924334343,3.0212277996584933,16.361442983112106,5.682527879195531,45.964488704670565,56.79509133633807,3.9747540948173463,25.57194175989245,10.716799801570168,-7.430652591334704,-41.208069558739346,-37.57227576973318,-11.577344584704724,33.4024611452428,-52.28548875058872,42.747374977313456,-18.265127669099417,18.197805955664098,6.012996903407388,8.51937996743039,14.999678847323501,-57.392231501550505,21.021656192715206,-8.02157632365514,-10.8166526946979,-10.535230538622649,-29.73154635122552
-60.939474244042195,-22.536544734280668,-18.1543708157901,-1.4424626858926928,-9.602890498901434,-19.94402536081391,-6.088371029955902,9.452791415067662,-1.4140531852292906,10.16276218078687,-4.7456612003442125,-4.498545304465805,2.26656870496235,-3.312590380499307,5.626194636612715,0.13998607005443742,2.084450267968565,7.211071217124873,1.4344412571455643,-4.9565323592067525,-0.5154483440236703,-15.924460988417836,0.27916002297622294,-11.571395924915992,-4.7247379135992045,7.590584140587029,5.724271657409821,-8.174640183286064,7.178886513431419,1.9129570110018945,-8.917888750384027,14.343972590739256,-4.630576676691295,30.202936008542075,-11.400689443176907,18.895865160313573,2.59887297266554,9.536229326843824,12.691501548696749,9.029051448538244,-6.564677351530907,-12.016959325315803,-2.6411793470340807,0.44626340073521303,-5.057243229123045,1.389258576063655,17.852490265384137,-0.8691486332030753,-16.781859697068803,17.845264487299552,4.652666492961553,19.415807457750976,4.136930930292671,16.296454117173518,2.1459636659094135,17.133442165678993,9.586734833572937,-20.52384866507826,5.1819084057197475,8.879105265215182,6.97703516196229,10.423857492392083,-12.739833849472124,12.293942052656162
-62.613836794126065,-20.848806405372095,-12.882156512550422,-0.7490941557857569,-8.455368342051857,-20.72916715608676,-12.961669172220576,4.8717864662482055,2.1961026720666244,12.4424240952564,-5.761888602132843,-0.40154261060773516,1.4604139705955532,-4.455140218714434,5.121579954211744,-2.533611987469484,-6.137243434201454,2.755023584837043,-1.056981583239414,-11.315735629240374,7.727703531974703,-7.045983142615251,-8.161345964998775,-4.740149638478694,0.5300216217767729,-16.657288153965823,-9.749662885623541,7.787637051879425,-7.263264647572828,1.7293039789744646,-2.5191794927733584,16.032953126614434,-6.557655869382464,1.9480665688707541,-6.4394936839027,7.585167445884466,2.7286544993822774,7.366012872926062,0.31075341690455827,-13.31677907248549,-5.33808295996043,-17.993699030131165,-4.969661010069605,-3.762050159789279,-2.7214915536098747,4.047115767719928,14.505211382332444,-5.327716274672547,-3.6102682011769955,15.211571658458151,11.423159433856352,-7.805856160144151,3.4151903244059225,12.432658012643303,8.207151455884958,2.898608144456859,5.529491587119388,-4.737178720203228,2.599976326228733,2.988211514993614,0.0746645595129225,-13.128067464328982,4.197535673642375,13.81720079035965
37.81273857675875,-95.97209882418805,47.026520715364946,-126.7709662878199,-4.433667735581774,-88.86331085432714,-5.787417050504484,69.0699645201545,23.226206658930977,27.178790747320956,29.474595597826433,12.368614129688629,126.20884419100142,106.28924807259483,-50.425668978883735,46.20783725627566,22.746125158124862,-107.48153866193357,-71.0287940417892,38.35567195724313,-10.416214162645678,81.02562002213448,-70.13615396730297,-24.81746407409787,25.63707067941379,23.964708806549798,74.35295878559374,-21.51335481378976,-24.22556293775062,-5.669079159661767,34.257351206431245,4.420482183487824,-31.631843570533224,-11.752859922187564,39.56673333478744,46.068071567177306,-14.268326455217716,-27.144061258307552,20.79877043499631,14.668393603796662,46.486927381111514,6.438620210396963,24.92272036036629,-32.56073498322287,0.2800162908735986,3.8629392534118048,16.84099103135045,25.67356924356073,-21.53031424302163,43.38369283325464,-13.719459218796308,1.2081836471196665,19.81485085541443,-40.39050454659289,-7.004226430470212,-5.667044610034984,-22.588359328076045,-16.02158020116132,-3.5198915229638366,-19.54729604299685,-14.437035466239347,-12.475423226656833,7.436877698838164,3.5913645838841353
-59.20414213058676,-7.451827931250925,-29.07463848760546,15.35281820819554,-10.239985522337227,-32.66566579586353,-4.281840844543434,4.585838358000537,-0.018631105892863774,4.979398890183727,28.46562168458932,-27.928033964817534,-10.673987088709351,18.883274009634754,14.868463506420884,-18.314200038785277,-3.8999256970919736,21.789890977983234,-42.7824946114576,53.500481521099104,-8.178687203387245,18.573804646367307,21.629040450548455,6.232845256022825,17.161450947230566,-21.36210815510819,-15.412795158862302,0.18793232664987322,13.711266260133224,-2.466481363114719,1.7789260718262165,13.50028855819846,15.61469991892849,-7.85121255269163,-9.863526623624159,14.715554393232798,-4.7239518994317065,8.01226486329699,-19.987525058892242,-8.764874589458541,3.904181290723955,10.243023271567202,16.6636754724012,8.118025173356578,-26.734046001696235,-0.4633952729162281,-1.8700488942803222,-0.3767654359688571,-0.4447679587648001,15.888647516727447,-0.6820103744877866,3.9680003621438686,-10.086227363550472,0.5847838280334864,-13.988864624966132,8.7003367321161,8.193226888386638,-7.791708259496782,-10.665062686999018,-5.098896706895959,-4.8948990966745125,2.7587200040400957,15.350054616771349,-10.790417004769134
133.45559375845926,-86.2488558165405,-53.26452820186676,21.693469038335273,11.948879858626901,-76.77435193892221,-34.55559738379202,-21.42626747625309,-47.090173527397,-8.552019996942454,-57.70936096416958,37.85559519522001,-76.42479158011682,-7.402162454148553,15.209080466074731,-3.3480072558307077,20.822337308557387,-42.78828009527438,-4.543314225099979,-26.987501251394523,-11.893873086082888,-19.562654251924926,-11.248269722739918,19.170883546663685,37.06324681081474,3.8712664443256215,-4.618269505988949,43.07760406904465,21.26543205197485,-17.31434209462204,31.528495094315698,-17.670488499712995,-2.971370962463633,27.750631879539984,-41.96172454828995,10.485857673162814,-6.994162256017893,0.9493895747989426,2.56181591706164,11.606301334462907,10.129232276326585,-11.086348074150342,2.097368926502819,23.993987982074362,-38.508291377193856,11.877377597776878,0.29132233742114644,-36.120111656974586,-13.090853130394802,-2.659828621309369,21.995828711920197,-24.502088366377805,23.126434582030523,7.57792009279476,-2.3066023939726645,0.6273150328868269,-7.647761058322543,19.327379622964074,-17.31192246408903,-2.78903557181306,-4.4942297910565125,-2.3620654275206694,18.534410104660463,1.520211096914427
-32.724982770871385,-20.11323625502039,-36.52674129004549,-0.2572429001371474,-6.5182434864823335,6.505531370181834,13.609704647087762,-1.1044163915167997,2.247963734336654,-0.42117920568589634,28.003087753450913,12.934611685073751,35.933339499310684,-20.868298021619207,4.565843596806251,31.1634745007834,-5.402654415472825,26.368475139080644,-20.623978183157853,-57.01482780135304,-28.471611659115283,11.813067463538404,35.53132488422453,-22.722530195174215,11.68340681298062,21.816905867555725,6.943126884453323,4.448002027463383,-8.321649527071756,20.061470974155384,-33.13890286771139,-6.866973309124573,-0.91944101194755,37.46586694985476,-7.444380318593576,57.01468420901893,-3.244540387791121,-0.8385817990182665,-0.7898719871448261,41.406999970652244,7.748124336153233,5.659937721712511,-4.067902104781178,0.7727424504797531,-18.220604865203768,-6.364938346184135,-6.35073737758122,-27.30687181428357,-20.896902417164885,2.064311652662196,-8.326507845896677,10.520969109201905,-9.09709749907621,22.37490824681121,6.7942243827190865,-18.065309020657452,10.927828788119376,-12.82477281278226,-7.498715124579828,-9.828729274487818,9.136928442647934,-11.773859425958895,7.510057618077528,14.31213341889759
-64.26744559291075,-17.977786820266438,6.863543973343625,-14.18234514033696,14.656108113269955,-27.392425406034686,-21.609571169797896,7.007924659267677,-0.830502019143255,4.2005665996854535,-9.682005340974154,2.788733073402265,2.6781895119674317,-18.44966352990547,9.509164134563564,-6.36427814012423,-13.669682443466565,7.9914934784294145,5.688720450749774,-2.3379580137703018,-6.278669618266418,-24.51759678408277,-1.999151437118034,-0.7482102128751928,5.28815809766853,-5.564838040233983,-3.3666407530410503,-15.103694967037102,-4.453197197033055,3.1149282209796936,2.384494898922859,-2.806054304866777,-30.34497071400407,-4.937749815186517,3.4259570002912825,-6.326277090741502,-16.59780391109911,17.370647541664965,-22.959738226106033,0.7958519436445458,-13.40184733283702,12.333425257793689,-7.712505166637355,-7.31379380488765,-1.960856352800472,7.687484637729212,1.967891114096262,1.179914680906288,-5.734735593224628,13.143400122587508,23.97876861739139,-26.40686718845372,6.50961659578504,4.054099079959011,9.573729295690768,10.037950635791146,-6.524628680690388,-28.20141769374753,38.95116232548733,-4.10611045116176,-3.148813191583434,35.65329289603003,11.241386846327758,-17.207137640599708
12.122516962288026,-54.491402632620414,-22.030451081492625,-0.43614911993313676,-4.495269689757042,-14.851665521844652,-34.279068586926996,-9.121406895635454,0.9856806962485437,-3.434521275744156,-30.508039626211907,-2.6265048892863643,-15.065883792273937,10.951692100443644,18.330434754357835,10.529273125761794,11.201700713133095,4.091139713209177,-4.234239924321937,2.620182909333349,-22.51200441964856,-9.84403874665833,11.135131127727677,-18.210332787332824,13.238739897686516,-5.4560012164202565,7.161751557520473,-1.7298071604935685,-5.721139673261341,22.457227514104957,-8.03999425112616,16.132662846462104,-7.388641276143101,9.912434285939606,-10.25684657941777,-23.186681588163772,-24.89468946646233,5.090226450814672,6.168359787053082,-22.875467755289613,2.734679358993065,10.036606831639995,10.953864464575243,14.59224406021827,-14.181964913777698,6.786905046467452,-13.520481967768792,11.374457478388589,-0.10107510105463999,2.1374832899030265,-10.757373794026059,18.63199839610004,1.808501069655195,-5.845546167250399,-18.056112612068457,14.722477199527853,-9.865527293135385,-6.1553000250685965,-2.559406632840186,-0.5558769674238829,-17.01876533491619,-12.065109237076193,-2.5240260118614612,8.659874466434875
-44.74174238565248,2.3079628460703585,-9.899849189294484,-17.101230624169784,-45.74334105418391,-17.064939876814236,7.5840872130279084,6.714844666337994,9.495742991929855,37.18845014299875,41.555097538850674,-4.354903790651666,19.492347309419447,-17.020652918617163,-13.644249012469349,-26.449713643872634,45.486454017088256,-10.991609309456468,-14.909099889432653,-42.83562511184874,-9.553413442327379,9.407900151358302,6.599544250122326,3.239544380378422,-3.3136522780893585,14.637982997960583,-21.870069910972354,1.7796471017291753,8.168135797906539,7.203869461648172,29.001921259825004,-7.741553857868769,8.901409808038599,-7.539867502925727,14.914222890109194,-14.223371721056804,-9.380709183407049,-6.713962962374643,-10.248178948028615,6.143275814410202,-23.41252415657539,9.126862570127566,23.499634905708714,2.0726989876943027,-30.06549057292475,11.632459301587414,28.268364179328678,3.462587155523181,-4.212568216789531,2.288486901422627,6.603006790639441,-14.922077781091257,6.880073224623165,8.33360633562904,-8.380818924705427,-2.0198457508826766,22.323493931943396,22.97330546733234,19.522004295144107,10.147038922615652,-26.00905695403578,4.723508588503766,5.825768967961827,11.12005372196011
-46.14593587383599,-29.913867706258053,1.3563424639704385,40.7031196810219,-31.62914249309406,20.999959730855295,40.018020617604954,19.729534604411143,-26.100925998711904,-26.74278413768162,-34.019565467720156,51.41759440094005,40.77593995880844,0.3768120534758503,7.155280614912363,-19.67890525792815,-34.95050904477954,29.712883516678154,-27.268925963873283,0.5805106033811144,-44.20774323644161,9.664049576808013,-17.408035287237997,-10.556372014219649,-22.163163246543526,-13.501907284770189,-10.490492089228331,-0.24322581676940022,14.682504755413547,25.166970209809094,20.64501275923309,1.73144459922655,14.430421562098994,-0.9519402801464761,8.83181316041168,-11.719661501520907,7.612919414607175,0.45450538455724127,3.0185910732017764,17.643885491138555,-14.693782282631775,0.8569383694314103,-2.101669687822372,9.440990337915212,14.696867924254668,9.42423661949082,0.1475869619826901,16.00003727791131,7.718101979642117,0.24641516652555556,-8.198926611835205,-11.12857837562165,-7.0915915979494715,-16.75748927218182,-28.631528384582026,-12.120659935628245,14.161346553420229,7.121190096416336,3.9351114379933914,-17.879985189069878,-11.822542960637147,-6.19972680039885,-2.0594739655125847,-1.2232318139978446
-65.12022144504482,-20.158694157793562,-26.71156925144726,6.890734785749786,-13.282548311473809,-17.833453095569556,-11.638540563025733,0.5496394332115746,1.9284603599776373,-0.08402819126225686,2.2367639871859195,-2.8333322637088836,3.563642587540202,-5.117260023633606,-2.5006916903842256,0.01536513153467573,4.265921000469671,-1.935635236563869,7.88524691030793,-4.56423967234154,1.749853670090062,-5.814048716240939,-6.56694025465316,-4.459764483228085,-2.568903838422473,-8.839480865680509,-3.826830811837721,-7.572954750612431,-0.4774088280939213,1.7516569508736002,0.21906876320483404,9.33130788867091,-4.212038870296611,1.0517316353976889,1.3736690567159962,-3.386368785072578,3.792474723884327,-0.32472237153253725,3.4805406147116895,-3.8982638890833687,0.24791245182198715,0.021776724210716473,-2.0948624941564855,-1.0873975653307624,4.962808433994357,-3.4783870177962877,3.503231046069492,-2.1224369292260525,1.1783367197745287,-2.2780556744236904,1.7513087555693656,-4.912547497607689,-5.765467209459692,-9.248786878344808,-1.218449894028761,1.6085623959781148,-0.9385756496389763,-3.2583467757195117,-3.9259062985491693,-6.596275022563158,-4.769142882299591,-2.3300458719255723,4.419565080586499,2.2730935170539133
-99.767590675318,-3.6118175534831596,-58.70575159502256,42.234434824757734,-4.845592562188321,-62.62461044046436,-39.07017822914103,13.514056803062687,-3.9480019902120134,0.4170882914784882,16.512247914868663,-40.08889563442307,12.665775700609405,17.273266205014846,27.69114563877529,-30.251043960739963,44.324967143977915,4.101841667320265,32.87799400306274,56.73754791431402,-8.551177812295867,-56.946613293488795,34.50237563194209,-46.122778736503534,-2.8705320408578885,-52.46067689653995,16.35627487640437,33.253277276007466,17.575071885678557,-37.34605646294674,21.478944174610273,-20.18189381863355,34.909445885881624,42.6982947541678,97.77009193981142,29.069623673401857,-0.33961599068565285,15.588154489107872,45.631206044190805,116.53108331983442,-39.29630856710933,-49.55225588371548,5.361349425424129,59.61076117103412,87.23061659827835,19.896935792174098,88.52800139667498,19.10543727884171,-27.241871867641834,-18.002892778491358,-6.644403558909527,77.19002806650981,86.50302712390895,17.26885043822004,-25.702013234924387,17.406362809820326,8.14772900903221,-45.85711735584895,-39.66260986029865,80.1434933218954,43.53041766721333,77.48012250337007,-23.128164198763077,61.08844419712593
-63.74589729164292,-20.673025447126697,-32.280426062092054,-0.11646341629059583,-9.44813835438272,-10.245419920279831,-7.465498805015226,1.8993000785230036,1.221050892154775,-0.9367826947639212,-2.29153230707948,-2.3472589760910187,6.1153530410415025,-0.5998560047792818,-2.44535329020145,-2.1448944652598785,10.348590863855518,13.552304962309284,-4.308058366666649,-11.96852491992267,7.650203675527793,-11.53118751254353,-4.9696394428967565,-9.165634441901089,-11.038410563239298,9.748506966589698,6.230998331386262,3.1186983481346515,-11.045252072699263,-0.9950091663148375,-5.129016908296729,12.4571263510042,9.099872123406561,31.662214080430015,-12.149341040583268,17.906972754137865,-0.012159811205010394,8.528564690397802,-5.6112271403181895,1.5689697039763055,2.4213273696761495,-1.5774955965420623,-13.723120396524825,-3.0610780536001347,-2.348744440886569,-5.71377128653948,-22.3447660557681,-8.318713418115035,1.400573197787528,17.666681201424947,-9.866503121654425,4.894931161225522,-9.29391535612217,-18.61174668434119,-0.6449007093214174,6.1959032207228235,16.70502254896266,-8.06847464370839,3.7679648121508813,0.5196917732866719,0.24326578777293303,-8.222874160372038,-11.449112114583656,6.574216606194429
101.71793736663695,-48.93619524965679,-88.21844738998634,5.584295777512797,3.529318919763523,-93.59086763308046,-52.954386818964274,-80.05147467824584,-96.07159496005987,19.16144740194297,-69.90224754162941,62.627544202715285,-63.390430615912926,3.6550390893895486,-18.627220933117677,14.354271460912614,15.21212098281011,-26.47341526656001,-10.718756157102655,-46.427789438717944,-25.894099423080227,18.0482127168877,6.649992467328569,15.51360330997353,25.231784036130218,-2.439405701464696,3.0698094577893356,14.8494228209087,20.81777253228856,-24.744523805027494,16.01781577686532,-6.333336990404684,7.267872438101565,16.94179380927051,-12.629200933094078,11.638256992231224,-14.144577969598418,-29.265607344187373,1.2622243958537775,0.25101406844289703,8.730203684497857,-15.79227473307686,-14.25334651928889,3.4965273087351565,-8.736640136718153,19.022282024455716,-15.97452564802928,-0.6368373667758893,11.694178052075685,-5.055788889730167,0.0997357811852484,9.742113460326442,-0.8205779593878142,-10.261644639754852,-25.021764106154993,5.388819833148456,-1.4746504286760347,-18.660506464256756,5.808449969933159,17.711239987123207,-22.68662007690528,-0.7545856954082666,-2.7658355778079478,9.68986802712445
179.805359769092,-172.71149744597176,162.15294062998524,-137.52231316962113,54.00113203556558,-92.39849463227985,-18.976638203770047,150.4168324071766,-22.565411364541983,28.288887314631545,-20.040093413872185,-0.525745470747015,24.79365239379261,89.35914258477828,-2.4611623785372005,68.03144563744496,21.344809563217662,-125.0341425412634,34.11284086476175,83.29262546983392,-16.693423613594604,30.968551274268723,-5.704794604863304,-59.58871212002225,-4.385074851168109,4.689201572676035,-0.5323137452686562,-15.84363968189128,-42.36058917851001,3.602358840943464,-27.581848200756703,11.724713181994256,25.04756114838746,8.424180290450765,6.927523401930497,-12.545001078646822,15.138766982428283,-38.02757210359656,8.555353230278257,-16.923176383059293,-13.595348697685818,29.731137669909778,1.992031995021605,-21.411380772434203,21.319130040920353,-12.542743010593453,-28.96381478274627,-7.124198384429707,10.758655623955853,18.34322319037382,-2.6072043447511875,25.84268695566441,-0.949057326869253,3.7522519944800896,29.877348583684977,2.7741640197453172,43.33831005206684,49.54862266664801,22.87388081118065,-21.92679257556872,20.836093728551457,27.957435916409874,-38.53091431170961,-9.137701556499666
-64.36988654916038,-19.896466746824192,-26.462208560251838,6.553905147247613,-13.24271891325813,-17.492821485178386,-10.891319806293872,0.7906830402198188,1.6912040742765289,0.19771902306486358,1.1666879180047443,-2.5612971134712454,3.3397229380129536,-4.548982625062594,-2.1347999038480907,2.7650867937825447,5.115431586982505,-1.0479698969191953,8.448442352715764,-2.222121956310983,1.888586824571239,-6.968242040673766,-6.526711801287891,-2.93434212927656,-0.9858364815072446,-8.794368650826698,-3.406112598345686,-4.6974344222067455,-1.1124454555215195,3.4271530325108057,0.9987976614564459,8.611621725716201,-5.416622169221752,-0.9151921144169464,1.533454873546853,-2.150577532652626,4.68190838337885,1.8952389597040318,4.085083880058264,-0.21768271562767175,-0.7731188958611491,-2.3995741271882767,-0.21923593138906627,-1.3681460852721474,1.8091413920298927,-1.290674606671042,1.7819091402147107,-3.3500742183879293,2.7886502286357837,-2.1702979827324014,0.5112214304924065,-1.2883930106327142,-4.150268050902086,-1.7174603920294238,-2.8508107388872976,0.5898189355337997,-3.832457369281492,2.5723113553741612,-2.737506450936331,-10.691277820756705,-10.028425941179746,-2.0171604031084036,8.670205579959648,-1.4281389431628213
-39.81902677542593,-32.3962700264915,-5.7290480245784,-36.90963324310325,20.515536348535154,12.130570323383889,44.47049022204618,13.196062367273385,-15.578319347160031,46.90949610377009,26.79729219963151,-8.974057700867561,-30.691273601848998,-6.90606427413382,15.365347403578316,-25.22934958327895,23.284252185416165,-33.273512279898824,18.57228891236658,-11.427800135871529,-29.505493708364288,28.35728270562474,31.903727542397874,-14.584884870603656,-39.670890586515135,33.265008474436435,-55.85853786516863,-24.79517385193937,-19.174418545065965,10.442949224503385,11.992041399844078,42.31419969768685,3.5000041480412363,18.04612327030343,20.745099715388207,-28.202686123116983,20.644669780292453,2.25347677875886,3.6334661681932916,-4.006636476209953,9.041109001625612,-14.024184691892195,-4.924446994748392,-20.02450316747256,23.905655368971132,1.391549483174335,1.1105409980829148,4.78241870492967,9.437485505684222,29.31908980073678,2.797430688901788,-11.270190122593242,10.5288920750962,14.145979283651835,22.512925024545307,1.9529634142681322,-8.280012491150313,-21.840450237293883,-7.576463216031602,17.566532594153266,12.019255246306553,-25.521768009063827,3.1893714361774177,-25.76186680383077
-67.98930146117404,-67.71503551722435,-84.91171802675733,-19.8173335813203,-30.765537018721876,50.621011027828715,-8.178937244047608,-63.55775916706385,-29.53183658541418,-10.572272176777743,16.577973968559377,-48.020404645283996,97.98606863688248,35.75782761798401,122.46815186363018,30.53779195222036,-126.05534086532914,-6.3158391022197105,78.06523054133628,-46.431253864475764,84.54835510958638,64.3061796902988,13.139061294758813,83.56454504714145,25.521008122567544,43.16718930727253,-46.75484831004681,-11.762911265616216,-17.10066188617579,37.69321111493659,73.24044724078115,-63.77710001019802,3.633687004131595,53.47297726864373,17.96689679428076,-33.170678318022844,-12.581741710805254,-32.79794372879068,-13.144963397208922,-3.7462103461091907,15.971489505777091,3.3207167156306148,15.331790058839507,21.366106964887667,-23.303596539226575,-2.001201815020173,16.174845837683083,19.870321988390653,16.71654579096413,-19.478868382466707,9.674239413986939,19.473482031417944,-1.8050766602043142,25.278425615203123,20.273445814880223,20.927366957111445,20.264400277179146,-22.78302187337024,-0.8796687424067231,-10.627868445785131,10.926520060075237,-6.563819939139987,5.62890375280573,-9.537702894437404
-63.78051729522027,-17.225064142086403,-30.251723649260477,13.71318838924559,-12.851859229351303,-26.324699345684312,-10.155995076802336,-4.475100834976864,5.772439578562019,-0.009007640011045455,11.539771140143799,-17.10393609738515,-5.249652230741962,18.43948658469008,3.896896607079169,-13.502956353284848,-8.09092440690561,18.703005212160853,-1.085852104151714,23.604381363886144,-20.75120016559837,-0.807327144438135,9.699222519814326,-20.154324001337237,15.03615492659094,8.241016968868848,-15.391377620875542,5.843986369045892,0.29304991353933907,-1.5564849691803155,-3.2017192927611453,-6.3644261250569105,16.595334657804244,-9.203734658879709,-11.281173547868512,8.446533158746611,5.044691525736364,2.230976673140808,-8.909714861316212,8.607783696302237,4.6241572728096365,9.432030760679334,6.442162461860277,0.5653488907118427,10.965737932324297,13.896898112597372,-6.386275714389966,8.847608028727384,2.75743661227589,4.39337085682081,-2.9297470027864287,-8.901036689787388,1.3621791014698752,7.838493901853933,-0.4353052736043214,-2.5233283344136392,-37.22062176994105,4.188797126720276,-3.700602721558394,4.483078295970477,-10.987905049497,-3.693882988806899,-7.0098227162996745,3.9543882440442957
224.54545506502703,-6.67287072239627,59.905629442295655,19.66984604118803,6.8428348965829695,151.9102028143088,-97.03335686263937,36.61410159470777,-206.33461044355246,-4.444651278917181,64.36754392416297,-59.69105969960619,-104.6167946711287,63.47935916991602,-14.477744416704004,26.002313247998615,-31.29513784559029,14.529225128356108,25.5273001538173,21.81246766737751,-7.541028841150592,-7.491378159126608,-11.064273840177343,10.493025267866596,11.20796052224262,38.62087698571515,60.41794104175924,41.71472816424594,18.116807127176397,-0.58295740790564,13.030541830352728,-34.83348167154102,2.388968050698234,-8.542829967939687,23.565293653393653,20.78548784209587,-8.471422858627038,-13.189334724349855,80.60902692791268,-45.823169121012555,1.885594390577286,-17.663580261862954,-23.46897267714644,36.421894700619085,-36.003525048765,5.442048035819311,23.46994518310384,-5.524224647004953,47.30286759239085,-15.57110108226022,-35.39771940395355,35.88560496217344,49.689406901356094,-22.29059960983011,28.086397807876963,-40.42204707907566,26.346548089417404,2.076644409078763,58.07746354565822,-26.172938557748658,-27.051111223981923,71.2174551453016,30.290124950079,25.347439346891285
70.88256852237971,-35.141681595004606,-44.25940814644719,9.494948818625605,2.065003136209251,-42.06746939699745,-25.01771989580646,-44.80648971789869,-72.55129131507046,16.312643038455963,-37.418479428068416,37.20728034119961,-46.992027238566216,17.638814077048483,-9.313902590366093,21.647001146279955,2.4899840007336214,-21.7825442036474,-12.27673242735568,-19.543126859983875,-24.285182027679614,12.13562778332956,9.148357462320078,8.392287906516914,14.50714842348004,20.42319571564102,7.090012438331585,-8.901474666264793,-3.630142991924527,-7.7332158651944765,12.590136101712655,-16.475774213106302,19.920669727608058,3.632207598099606,15.37556617838835,0.4244075585741358,-34.21901077893,4.56877852580515,2.986572672169919,-15.43110204466102,-5.847296914247086,-2.8560749767236064,-13.369377080805062,24.816394647421987,-24.177489307295023,2.546968634921637,-12.290985524446354,-1.1728673285434772,7.615185697738054,9.742750697439329,-11.972660294483045,24.76444583353229,-7.503470174702032,4.2919997729583805,-20.45133551786887,-16.47652527597715,-8.385297304797614,-6.3473783966351744,8.835863093759656,18.707854171362527,-23.16436045996329,10.789159456432639,3.6035075805651497,4.22869190750054
112.78905545753001,-7.365772937142895,-74.37024710385046,18.945553848956646,33.31794665941849,-106.73350299342592,-40.86120984841851,-55.73856869431885,-100.15501133598144,34.008774977659805,-79.65207853045554,59.7817303129014,-56.40434336026108,31.573729214121126,12.801707916262533,23.27330757598892,29.07344720060707,-47.942277714751775,0.9272428465353301,-19.365921290193636,-12.043295250282275,13.459397633319796,34.575865447920194,-1.3724405312777803,-22.250927748757604,-25.30758791339314,2.570214400150252,-4.666178325636017,26.23072176763531,7.1982308765834615,16.125868184837575,-3.9905676422834757,13.387678633987383,18.211912921351136,-26.947108219638565,10.26843408412149,3.2468368359211697,15.961202544026586,-8.626886106483576,0.998584298249525,-15.593380249864156,15.281398751764698,47.43693910489572,2.764436325480485,-20.217790582316887,-11.048024055335905,-8.202309279346217,-12.291960778793113,26.879313556687247,-1.3167965002153235,11.554866718509116,6.756759262142439,-1.1827813057194088,-11.401023186092948,6.703879520688412,-2.811543633842951,-8.106759981447803,-6.9536986555340015,18.868560074198196,-8.473129367168461,-7.888634838334635,1.480049531732243,-15.020458247619102,5.144686464242537
-64.78331386205032,-20.133386533785174,-27.69576992076178,15.398855249169031,-11.375016820637692,-7.030794223667314,-9.984543602132254,4.014731048918411,8.554728869315507,5.7916630808660114,0.5497634123771927,17.206819007796216,6.317080110041237,-12.262697470267398,0.27748065790350246,0.006921641160414352,0.6801241133975933,-5.409278468671274,2.323384507802464,-0.7342721136227576,-4.740513659928259,2.1728621108608652,-7.714929273352389,-2.531157691016743,6.275952605217035,-8.344188747467626,-3.4112052115961142,2.0449736986870413,-9.155068771559977,-2.7345047045918585,3.5143481415306397,9.044784823306909,0.593908133100663,7.911254701037143,2.0822275264223795,10.848398002987699,2.6146447449777903,-0.3816025306513127,-4.445729225377727,-7.563628105561684,7.438735532547019,11.73781528107934,-6.468537726803245,-7.05302681484342,-9.69910335460366,-1.2689335764863863,1.7279724205697937,4.181502515748944,-4.186171269234657,-15.626161105308457,-10.149792482411236,3.3783154148158254,-5.026317028773453,16.662167386664077,4.128043856457089,9.385463760206367,4.74256064956261,-6.006855866696325,-12.364157573199059,-23.518923159559083,1.9423387728289339,4.060135415018238,1.169991732464267,11.555097638889105
35.6437301761715,138.75873876965517,47.041889581888434,-97.92845824839065,-136.4877150404902,-43.29270493969581,18.480391450917594,78.1288563901031,-2.493017455950353,91.25748670043929,95.1206521645075,6.973423522170445,27.330591332699157,9.816159972047533,35.47738223980206,-36.09178895054031,41.10345410010695,-8.906547996624887,-29.97739910107196,-39.97707875034683,49.72798186973332,-86.73270026600612,37.90451737907304,-63.4940480593174,5.529857090370099,9.19725065296542,144.87889202537121,109.73545225974554,6.255920810895819,7.427438279251692,44.99058396523607,-55.26249039244758,-12.60208679153967,-6.518701603303694,71.19090016508412,-6.1551335710707304,19.34678153719221,-40.91927565044744,-31.845426734498968,6.383982055034691,21.86113135052192,-0.06633614875484702,-13.16254116466198,31.27834134591855,29.07956609437062,-19.766616298994727,-2.521623856118748,30.401576285982607,-9.82427249947116,-50.80865714376822,2.0083586744269777,-7.57722053869885,-3.249616253773486,-25.755356995412043,19.93844920148126,-38.0763891104911,-13.29648717081951,-8.29036374144469,-8.76476590893213,-2.048162820584563,-12.136772971250283,10.231505251531678,1.868320094867076,-24.996765121167755
-72.10635214614187,-14.674786215964222,-32.7503282372471,-152.267807000499,120.23230793039035,91.83799842393243,66.75303323556831,25.508021368212635,-53.98506040972054,-108.63918109127007,-99.46179513633733,-6.57260654290178,-11.348068349795115,64.19705737931591,-100.56149868362743,-38.97515658166556,86.56089319292457,103.27402619053387,-16.86586857836848,25.697582662695076,51.4574294082928,41.79320267419533,8.388819678593888,17.509599691676698,-33.43006258636648,18.246688787122775,8.14257103631869,33.16944201771807,-20.115066666154014,-4.74538440392549,25.14328891204011,4.122501850019854,-12.164093440048617,8.919069003401361,-25.754099269539243,35.29991718659912,-3.2559975675672264,-16.00661336026963,16.32668320591636,-0.26621569717228283,-12.076312994005482,-12.056038604322046,-19.063054076976677,16.170478070261627,17.06451893032266,-5.76452291940602,9.377003537796295,-2.6455637932282965,-12.749525597233474,-28.826570550871466,-0.7170212998323605,10.154743072009802,-7.966800706619842,25.029217695028112,-0.9337355998513049,9.679086524707438,-28.016353686262427,25.929930425385038,7.3012355145999335,-25.89486391904678,-27.559452820086715,13.60907312838216,-22.306761338528478,16.32820568430142
245.40699413062583,-174.08719784262672,17.885401741062935,60.42981315912736,33.47227122240419,64.27158161548229,-1.874466679042565,-38.4399747143773,160.27301747922385,12.289821012692377,38.53604832462606,36.57713537694159,9.518386891772238,-20.641452772926076,-17.545854616895614,-7.396007663631595,-19.53621918939765,-30.835383596363723,28.288556862972925,38.60579832767224,47.53509457657341,57.68139067231642,-17.97824538313269,4.180959247495071,21.469861162788366,31.4703873328528,5.586623552166699,24.955575639457873,22.51665019136476,-32.13432437363668,29.515320386066065,-33.10902787614592,10.03307247830231,35.81514128060108,-50.517021335204184,27.28906658038561,-13.141432710781016,-2.580455809867238,-32.8295051618316,4.188037895874965,-61.32703762769418,16.37321325646206,15.775451491339595,18.30375451007387,10.23369387801469,41.63531283254186,33.838925588009516,-28.591014077993776,22.902921182695277,-40.7917104276496,15.163753574086059,23.459106643581027,-14.94925631549288,7.060378125431727,6.552453815375863,-20.08544893378829,11.858721280830586,-45.94467112677238,24.254784122192365,0.921030821490197,-36.52775664025363,5.755416347379435,-25.546639851158794,-42.73618317170556
-60.15040953570885,-17.51886022438446,-29.075878914457583,4.410481463977929,-19.420401309572533,-17.58056983497279,-7.910309071049498,2.666397643794948,-4.296497018817089,-2.100161592396788,9.745016313562678,-3.512539756417417,6.727996085241397,-14.883051952088461,3.0682455200505943,-1.763398378749033,-5.076413705949178,1.9111699314557706,9.882796367998239,-1.9878883499854954,16.272437378002813,-0.7924440520744157,-0.6449423738592459,5.715857561499994,11.316383718895251,1.4819766551676037,-6.786774628982299,-18.057661396281638,-8.506119845708898,-5.523126224018047,-13.87943422368517,7.411516808110368,-9.56926676404668,-1.488520114153598,4.149780651351695,9.924558398610696,2.9528310286360653,5.651297108272448,-4.954965962813196,5.073381023393047,-4.77170103715099,-15.734327170489921,20.61550789657647,1.5167660052906322,-11.757863128473007,-9.257269646394038,-0.9312233986981656,-16.298247873384216,7.4759837647863705,-21.588914609217177,12.964124344419645,-10.688026058401514,2.623930633518394,-7.825608637172564,-4.1732723154388225,-1.8562284900354784,-2.150120190205819,6.573614275946749,-3.1223599207607315,-14.968691977220228,-11.043063579833692,8.1705936089916,6.158105909834191,12.282993789547534
117.81532915462769,-102.29455608173645,-71.35561364312349,28.149797583062607,-4.746318651046174,-58.05636011697104,-92.91088148324806,-58.46047137784149,-26.61300374811385,-15.66018218765463,-82.37905649367423,2.255826578851257,-1.7504394350417465,8.675399240448348,-54.271707263324124,21.3220906130388,63.10149743932642,-66.4900821027213,-66.99056412149802,-7.513191954577026,-13.797196107732583,47.50527581566931,-36.20415372100856,-4.550013802560059,8.79044032791275,67.52127302329359,32.58794969494724,-23.813310765902298,-8.27033532864469,23.969550266823784,4.582120461165681,12.640597540769095,8.231438230754142,-61.16103608258245,99.89739833063376,-21.1174413677363,-81.74135233515229,-1.4772719169638575,35.59418424269027,1.9761768256309975,28.679426469037573,-7.252829604568482,29.959849672602996,4.8963504225118735,-35.02667330605397,13.032222124709188,-41.530415064864485,-22.054784975070614,-16.286721085685574,59.79326105043797,13.690334467215019,59.99936517607571,-13.238693388138458,-3.365816655533064,10.470987378229001,-11.275335679171576,-25.689641274656204,-11.791529010744853,-32.65631900851679,17.9996013736381,-13.601403630710905,4.5089936227032466,-56.87040276152937,7.255539688433407
-67.0483309553699,-19.62729303633413,-20.72772128227208,11.727239123766788,-9.771771087313052,-15.915831729591607,-9.739772948408369,-2.6508501965709232,-5.8737780671646815,-6.297441298021151,2.444897248943053,1.7702541491171424,11.723896866300814,-6.543507980194318,0.41369114052260886,-5.92440186217713,-3.098797681720035,1.775526847911793,-7.149788738994069,5.902206155088141,-20.19798398233757,-4.40471523890374,-3.2653413649009324,-0.9014306490312034,3.4365305781645943,-12.567800039238707,-11.16491725536703,-5.432736380921872,6.488719490898734,7.268407822569662,4.280815258299963,-0.4772175352253596,0.394025508568154,3.2493628315400938,-1.949778443360868,-4.5856152874941785,-2.06454612487242,3.4239286359668,-6.3096956363150065,-15.008145965807875,12.085808456669804,5.454390396195792,-8.182390857876975,-7.303083210737136,14.033896308475114,-1.5982680613821774,-0.4399630495990251,-8.139247828298188,4.410274196870522,-2.1358064337928266,10.109516451331992,-10.739623327000686,9.25179265790039,-12.043190352206828,-2.2280900040641693,-6.327422475462832,6.910440889295229,-0.6921739641917382,-0.045265667412620364,-16.471917211169643,-15.605055553916078,10.853909952649218,-3.8569279458026053,-0.037542740104275156
-59.76774193749585,-14.464801702444705,37.16371210569664,-23.470433657439486,67.02820257346892,-3.497156208015686,-13.610966449826051,-34.65661532199694,-8.318946151094737,-5.175214184519179,53.205190002459446,24.369718296793195,11.935285667025479,-46.8400746087998,-27.326809622317338,0.7053290115531659,1.8831419462210375,22.47472409772165,2.038343732217885,-23.98035972476585,-18.91664337539313,18.39719045194363,14.056005860436574,16.67547900975468,40.27768139257775,0.8244677156431265,-20.939717250495146,27.82705836256327,26.02608204938938,21.933093546512808,-3.8019819105852593,2.712990849341683,13.588185193359426,-5.256989361799888,17.646106640332697,4.047741397687505,11.809566252984737,-13.22833980309768,13.64741068201437,2.3357235102665443,0.26941315343699,0.6935486433135949,8.898589758996613,-3.9143930112186336,-5.2047750153743895,-25.107092207821918,4.635343518676124,10.559481442864968,-5.555476764172108,2.3750574009219925,-10.827875099636968,10.965972926129233,-4.8795119103857605,19.88939347333203,15.65908234351129,-30.70221349627431,7.560566241137781,7.04999572632991,-10.410619627384468,13.738324430578192,-9.760861854078613,-18.36075624993118,14.51969148117285,21.809210908585687
-64.59015600612206,-66.39958704482075,-97.91417632967132,-32.356489242017155,-29.04226977982152,32.890776241100504,-27.99361701758831,-58.59661210562351,-14.846213257385536,-23.355377194646753,38.486123971255424,-69.02499931143427,68.15637623664728,39.87504462018433,134.90215688813316,1.5277254797281077,-125.34102327248995,15.96096422235741,63.33036140541218,-25.851024806287285,89.25487769296507,65.18158902256474,52.38576024615152,58.224380957910576,8.039306541205189,31.783541379204635,-46.066886270167544,-17.30046275938458,6.562685955622872,43.58333248153981,75.09448505729637,-69.56508719908521,-11.877814924776345,46.79044526486618,22.47533212133581,-9.072319003974254,13.318135422399749,-30.52499771552867,21.008792401145314,-17.92628214216555,-2.853717807389504,3.386906709659894,29.518043776587053,19.196563949173942,-0.22287595989327239,-3.8805377520820024,-14.310326754348372,-1.56849392437912,-12.454836228523952,18.3213346744552,15.679089319255258,-3.5085469480940525,-3.9302857687673316,8.035160726085783,-12.476456150066333,8.083683736581895,-12.0865791773706,10.018720012250288,24.477336286294793,-6.553846969265275,-16.992058797546214,-7.655045264998163,-17.363102612178977,4.875324509719623
242.91903685048095,-186.65490499309294,-3.068102476183864,26.79564697441199,-4.645888363759903,2.6553834944164803,-27.820370808889543,-23.67723578230961,81.63198242384225,-55.373557278457476,-7.916676399248982,-41.79078414122373,19.567493745471182,-5.91030752712942,16.30336459568577,-22.934993540736325,5.949849881523348,-35.424172510606674,-17.232228432747718,-19.563170234424614,2.09406042946889,20.004768619242952,-52.55141772405254,62.42196125999445,-65.33168408321899,45.58002120963564,-48.4654373161394,37.72087670630359,63.116458654514226,-10.275872238364649,-34.558091833607506,-35.17261608743518,8.35955159939358,3.3460951509776575,41.61407585553182,6.066660494952977,9.052578785826741,42.95029047681303,-12.129544593203391,-38.90633871761093,-36.2556029124938,-24.839188813112646,16.66730822816999,-21.854883758209496,18.019227988164854,4.9366670133978,-24.988129621513085,11.961642342771015,-24.60766730359343,-38.464612605222705,-6.980639289105481,10.326151309073415,7.466156543885984,11.471746627397675,17.889126269802695,6.334089706416715,25.41042399183732,6.108261347525285,5.785518777275309,-12.904220703475104,1.9574352214866313,4.323786659791995,10.416196730573187,-24.959113475942825
-12.115554595324372,-26.149574765535366,0.291165799368494,53.2719886065018,-27.21317544330633,30.244831164860404,-8.750855011535053,-51.21185711611796,-91.0345252987512,43.55942199811402,-25.06202121399006,35.523870704331856,-19.736159615076666,-2.1006504237477843,-16.186978224403422,25.914686745611835,-11.261894066684858,3.546557234037234,-19.259300923679838,4.184239506798927,-13.478712668558906,9.94983419359149,-9.982112738135836,5.4055141017434725,26.17817042047864,12.107543553387044,15.67450907743532,-8.824153793799203,-12.380849569009515,-21.031686083611703,11.642712077485966,-1.930151752417069,-10.65587393176455,3.1117289179846597,8.186301076200156,24.915704604282148,-39.536115532484196,7.0619332504085515,0.21334987723247195,-8.52281971677205,-2.154599722891552,-3.76027124662757,1.7318509120386003,27.668502819563273,-28.419886074815096,-0.8355693151977853,-13.992384557886304,3.745339122813412,-20.410492861699478,12.661257131288066,-10.21886177913011,1.423533182132137,17.864471803395485,9.2974404552012,-8.110474537069491,-1.8692083939306006,-2.743789527087105,21.26790197317349,3.4558807547636228,6.680290878963164,9.303532599465882,-15.52253343852534,-2.8693088277553995,5.29008119429043
4.769129210181945,156.58730016322815,270.4856713192157,-27.232595925492948,-182.84399446628876,126.06054464491974,30.40388177303336,-211.34555082085978,-47.801049723820064,-95.39384762622265,69.94983913950296,23.747579992142345,-92.42874211191652,30.801175064494355,30.827558828708067,10.65588284573477,-5.331798639875999,-29.155587107196286,-0.970396264948546,48.0616986615232,62.033792888096556,10.644665511028041,78.0051155062494,-9.729951496670147,8.159272221674852,21.041963868134868,17.432326403024618,25.401567185929103,-59.14929096812108,-40.37426603177313,17.149734797159585,-63.680108653172915,-7.899963076408945,-1.3265444535075206,-2.998322704480774,-0.6345502786659041,42.9484125336037,-71.70274056797084,-9.450614549807117,-56.381395497322984,-29.738867547769942,-16.70316065209794,-47.24991336420944,53.312294859655,4.3547366105684295,-29.693938835873805,11.696030760139106,-37.060780100432616,-57.402338632875434,30.665622279221644,-12.769514119537975,-11.575579256935935,-30.77134695696307,-1.0985288152008539,-28.62613835445284,20.136452864302175,-45.391678134316834,2.2231470789531986,-10.731839473445095,-25.922962753143707,48.21506565962026,-2.6142098813815355,-25.868581658516458,-30.999442444518444
274.5548001260476,191.85402332002448,-55.70511599323272,-23.83626896548762,-92.24394845679612,-42.49120098912254,35.8994124912807,46.47016734823889,-45.85188695251018,-4.151313106322493,83.18349356439326,48.96620107171599,-31.122930379096537,-57.59683939566151,-11.652570827484395,-44.27021646260263,-51.33708927490634,6.018404707167279,-9.542574833080174,78.7717542858786,34.332337628758204,61.74750636919541,59.70063628131176,53.84884595957862,19.058115568663457,19.687772808569434,10.213362581427816,-59.755555480921934,-20.462181237903053,-35.66139573836915,-39.02331791058275,21.941878362922253,-12.440106700528062,-16.89616230864141,3.969469844390371,13.741809179343536,-5.650081466034572,38.4635930953305,-35.694147012019066,24.293772787144377,19.851426736674888,-38.86385368774909,-2.9485791250552893,-6.0021174229744885,-69.82808291228125,-30.632888083545474,-9.010262199424753,-3.065687153434007,20.311143477773026,-6.2544449680175696,20.24468155530817,0.9361955944787773,29.826477819892617,-13.186705269260328,-10.74204012571628,-10.838326102197692,-37.53669830257392,32.7537110014184,4.225873285289818,3.0610948870970796,19.64289713776583,7.640828904782465,-2.4521810192555593,17.43153335341613
-59.44429262424413,-24.336163318949456,-12.879335671039573,43.13537287575556,-22.84992692114361,-3.3961469767451398,35.50001385565235,39.703721461196054,-49.07629178007342,-19.117043781106705,14.701593732516738,11.282781236709244,0.5378430115409364,-18.253795293045375,20.859290215076165,-24.412951648598654,-9.164926319951576,-26.110601850515984,-2.2109628489811755,-13.116216832009497,-21.583294960529493,22.42695308835275,-37.566874471929744,2.4107411286631066,36.0193093602141,-16.531544907281038,14.06995490956528,6.553115360310793,-27.99497142648957,-34.83386527578518,-4.993033009730361,2.048209617369763,-13.705701403158985,20.90400333532659,-12.58288718499164,-13.023346314090091,-34.117771617065046,17.955141725373856,-23.46772026175139,16.4342525991738,4.855076710531926,-19.62966629011009,11.268781173742974,-15.9118327342586,-19.57979494237872,-32.857539564359556,-25.003029766699143,-2.7797861368892764,16.14557879328553,-25.021881892644302,-16.458239943137645,-23.72940283484373,-32.27504719531838,27.085674958977133,30.857943379997394,-25.85507589146136,-25.71931139592615,4.253268979122223,-10.218089072836094,-6.1619156331610485,7.141767727817493,36.42318712885644,-5.600999159967968,18.868780051418977
-49.71103845689324,9.746588316103871,-21.54200801650842,27.632616211254874,12.01538994526398,-14.784358329269098,-16.63862455291568,16.467097623785616,-10.683545836359205,3.7503737712518155,18.96623178016145,-12.282225537176698,5.532102179725786,8.164119028757435,26.830442060636635,27.17918894763524,11.542731022880028,21.654245892213392,-22.82000049077608,-7.927951524917467,23.610976018349216,-10.184957889923947,-35.904878984502695,-11.021555255369123,-56.02666517159781,22.913789196189764,22.858795373605506,26.31017470845178,22.811422418409254,6.465959230915547,-7.945282181903508,14.670776211954717,-6.366531037544454,-12.213200358602913,3.2890942491192696,-17.549663062925603,27.9018366988864,-27.782607804141342,-36.26823068989105,12.524542435170781,5.161481266062429,-0.6643654530564636,17.979760558232496,18.179852419610988,9.986935717344448,-4.716771181072645,6.691837461711302,-13.075568560309074,13.950157245701945,-10.937757781531278,-18.203107776161215,20.609217660524596,13.755093706834538,23.138666385064194,0.5884474649039809,0.5657139522874817,-49.78359976153137,-18.397212808166284,10.598137412098463,-10.29264441927654,-10.859833677024092,-11.369943728136947,-19.781776387808165,1.7526848945339135
-66.75407978657783,-23.197178824197866,-25.02965202252118,5.799217570430616,-12.852233527504517,-19.915965267413096,0.05482215433992606,8.565557922807692,7.300696178064572,-1.4627861016668018,-3.149586369642767,1.1480046813675682,10.57823421979678,11.728560777321606,-16.683577974029888,41.74322807118701,17.086127741577144,15.460791610908913,22.533791066603175,-3.1172262941758633,-4.978356900624777,-8.625924764882603,17.91942608391997,16.682804962205168,1.0056137467970492,-10.78750821833133,-11.888112696463187,10.662519698021253,-2.612260748661105,-1.9257619471864857,7.993076462915186,5.040612689540462,-14.776436032227604,-17.455479722888125,6.845362854484249,8.448974904098877,14.265480016674331,2.8875461828388818,-5.35741251513803,6.835965501009851,-10.95016234697078,-11.081329734121507,0.1384615226711157,-13.632967348793446,-6.943378216799954,-2.398570619026651,-20.379363238518813,-10.487851467245822,5.678269727119125,-0.5190528912917103,-0.15310994663966493,10.113482142365767,-8.6419773971835,-6.363769228778282,-2.3053219154924,-6.437785710811936,-9.077308577333442,-7.633073876606254,2.055603320424971,-8.70911426187225,9.579500145501166,4.477873135517627,14.201858912820965,-11.444969512237838
-56.481872386674155,-16.701023701995158,-35.72519872546359,3.9437820119067744,-11.471799075739575,-9.414976895759418,-5.6351308213176425,7.8316965714527536,18.62182599041918,6.972689168783586,14.835494156335393,19.981426452790075,5.719976983167728,-14.357544904640605,-9.425734790342034,13.671489879871407,-2.617775136943272,4.677095338582472,-17.76242539640844,-10.31267316563375,8.529704894250672,-18.838423648248234,-3.7248605677534097,-13.756057150908328,-0.19553140896927712,-5.488949942392127,14.720936977624433,-15.380876865859852,2.9070564492927837,-2.1335606823097937,-0.692982009722563,-21.830631712310414,21.706947896322614,24.253770933607395,-11.200824001905394,-5.5181417614454,8.635066457559821,0.08473269074381869,-1.7088629207281714,1.0568970891841856,3.975669948628458,10.307966967613021,-0.927888639077211,9.251016251209874,-13.937517817085162,-1.1134565649967296,-13.068393522725327,28.36053816781949,-8.03921815922341,18.831336932606366,-12.29475492298594,17.06979988868257,6.337497120368313,0.6852983931062401,2.5390790260395524,23.12604146717383,9.427706872359776,-1.0956688920938304,16.018838384708634,-26.77450670281851,10.500213084647386,-1.6134958294535127,6.586058513592063,11.281455655000679
-64.82935738351873,-16.503167316775297,-20.593014206541472,15.351347706633819,-8.990470107716257,-9.262127323069487,6.681132053429058,0.4533628988595081,3.418457844238788,-12.67975562670758,-28.687614777241098,-21.544638803133168,18.149420032307887,-8.213423467430129,-28.81780019285528,1.4948428080017413,5.1266014585821,-32.43912181189063,1.7027534678643603,1.4793135160289426,46.70219510722237,-16.75178404722179,22.81735288098287,5.046409487114196,19.388803599244845,5.428761014279171,-4.944896712820412,10.327176468955258,7.496171883399397,25.783618317297975,-31.378830637749893,3.429073603488935,17.097481109950074,-21.790915901711447,2.3470718546254927,-9.042226581150373,-21.075905774334053,-15.589418132708156,-29.011593565665684,3.4987529327987623,8.862351942944965,12.492844750506436,0.2179825151122928,-8.308637055500553,-8.560939393158874,18.994466661612687,22.834474935439665,0.9000967443786062,22.983610499116846,6.337725922090495,-26.440586326122446,-27.657986662874805,-1.6135374975148051,13.819864278928327,12.518210809858072,-2.1730349418388886,3.333479552837394,-20.854027609566668,-4.410234071995909,12.593143649811049,-0.9987335285475168,-7.713394309190715,12.461486154030979,-2.9710852210103837
26.743950546290048,-57.674978950401076,-10.023140939646005,-4.722161337034097,-1.0486225245981942,-29.310502896515498,-39.16653886744455,-4.245976820607887,-4.026480106975125,4.294170468590984,-48.24788303571382,3.0011853512413054,-19.828606835665873,-0.5518120012312316,21.70066564165356,10.257384548829314,12.695573214042419,3.985549642557769,-4.811148494539647,-1.5328884083581351,-15.810933150596686,-9.572761266338846,9.561131796591683,-17.294140943062246,8.569326464421689,-0.7433263422841873,-3.4571547534397284,3.3614527672074472,-18.981368105952615,23.77689344657747,0.047260411121851496,8.262863948984199,-9.090642760670923,16.270759442433267,-19.043580827196493,-21.92015303726563,-14.186099549699378,2.1266694647799733,-2.7772634698507463,-12.34595035144997,-11.672180582319395,0.502150399659642,8.078225591565879,-3.0147841749411635,-11.116436116620346,4.722516602044292,-10.078964285381751,6.065727956724677,-8.600059023791008,2.5403095109194607,-2.0862516134324363,9.266198832223129,20.218376227928854,4.554223090327617,-12.910198978825473,-24.695507482024432,-1.1748269094123258,0.4866152252425344,10.595341894143393,9.756615685348299,-8.85573654819151,1.0003430826191595,-6.983138159138494,5.382068389951861
121.4741922909839,-100.18749932868917,279.3081461444736,-127.29681028463165,36.910917236540726,-52.04079337101014,-58.42731711117074,69.48431452053492,44.73339413038236,105.45022430495662,-115.9167076089391,3.1127020296476315,-60.55519960264981,-12.667088458781402,48.318464108572606,-16.47057403479645,-15.024258051894972,73.70517962205824,-29.2722269209361,-43.82477798370552,8.800299801019014,2.0413340317411346,29.18848191411457,26.595076652481357,36.071904301919425,-8.52948542428094,32.7941625544907,43.733011412896275,-31.49569996440752,25.229593252150874,5.173409986222219,9.035083104963075,-35.48678874328129,12.026373036000328,-38.123996270383714,-17.392797446497894,-7.3107512849306024,28.46399362581671,-33.359688987460636,-42.506002234008555,-6.2473096576505975,-19.294079363323622,11.988638766004037,-39.291083417086746,9.01393067676246,1.1442462428343414,16.78643655736173,-22.176583310334134,-20.37530664644755,14.463917686547791,59.355802547991544,50.977137950677985,32.15366469163397,14.72118434130119,25.41482464856883,-11.431185707962287,-9.629250914924691,-61.725777560975565,12.214828867263755,-8.551719821988831,-5.119084191279735,18.44657706269943,20.497644324956273,27.867446385795226
-57.73490189156967,-22.72358625757605,22.790278611630836,8.039403814666505,-9.133543133166182,-16.8556316070136,12.934348241381617,-34.95473794036546,9.534943989269744,33.37562760755453,-6.90956412714652,-4.2802482625024885,-8.710135745808486,19.31059611206307,7.267777865799773,21.850522633200104,-3.6742822674438007,-12.164929887536715,-12.112370054715166,14.186077799692075,40.34230123050566,8.216318874920445,-8.068180823937979,-12.73144102491099,5.639157323302819,-14.234195160721969,9.61350763066895,-7.091362767338116,-42.429755007339494,-13.248223052942734,6.214928555984402,-6.468212977420627,-16.564123143936154,-10.028324502095021,-4.080590893030647,19.160103739011262,16.923329746505342,-10.814035639863233,0.7486211807117886,-32.05332266926978,-32.02380156175149,4.111611330755986,-35.86918792051426,-7.555792003107645,-0.3139298958132517,-2.694151755728647,-12.424597935600655,-31.765486193097413,-16.45048161425608,41.13236283473379,-6.374289513562553,20.10882294365933,15.393139896851205,-2.5799186864936328,0.49349225674534974,7.1721219208502305,-7.060849861553426,13.78361493115297,-32.36001399323011,5.989313112345917,10.415677240899633,1.740157194079651,6.686295519601537,-13.189332920585473
-59.360003012128004,-0.5551479477710612,5.788013652507569,0.7650029283600962,32.00685902925426,-15.465258803143671,-18.181270738325594,2.3313687744264024,7.8831652733035655,-12.172631128196393,1.7721257713064016,-12.41470643357904,1.3479725238996645,-14.234664572867894,-2.629106658571352,-10.239017029904904,-11.63791638774123,-8.35189179998892,1.0211325439395809,-9.88683950815898,-21.010198013932577,-23.25353186826452,15.640378060071617,5.34031938302238,-8.59928162413765,5.953316428349922,-8.512422096887713,-15.23764567307823,-19.20863488471378,-26.56544726847482,11.95068213914086,0.6601237729550959,-19.688656665004274,-6.532282630496189,22.095624305334,-10.022585550305806,-39.16062921140141,19.304951188975814,20.84256494386194,28.815946972888465,-31.8887237838035,18.951882296570382,6.062370440939257,7.2824641327528274,-29.577675860806615,21.32160251935848,4.649057163913339,13.246320106993025,-19.565417827960772,-26.441628318270386,27.160147619556355,-17.154265888577978,1.239626877804334,-24.142226175626057,3.1514137335894823,17.342499457895617,-23.02980211380151,-5.606752389343226,15.377937263872239,20.384677145892866,21.787882759387166,-32.03130838051317,4.918038919774124,-11.830345992593989
-16.174842773039607,0.7782124699383557,-41.88907249941738,-24.441121698523247,-40.030337840425894,-25.013520387804792,30.275842420307498,0.1325492687066834,-7.963979485266559,9.489737025733373,36.12831354256694,2.7654480503811905,38.910207036002824,-18.841615085430803,-10.03615093288303,0.8234726517188355,-9.42149915421409,23.343879690338092,-50.91280739480453,-56.969691065338374,-3.1060128184999276,-48.49553887262508,18.24157744848775,-7.0133074490777,5.041415382164745,-13.783166939614262,30.30695390840362,-34.75815008134756,-16.59905831827101,-16.17929539500112,-10.554032099760525,-30.386457275881373,23.936373671952147,11.861496416799152,-5.62036854508758,-8.024286063520027,5.504566630372527,-14.361335054459476,-10.105828872589539,11.334296246997724,5.969894452671117,14.411303029099303,14.43852383870595,23.232836270495454,-4.063885967823457,-9.830728400150901,6.620588962110174,43.213139799109165,5.340605001616027,12.927916043442204,2.225314793103744,32.62320838325355,18.327692584921184,-10.685158549855126,3.817082139045104,-19.82265905494379,-9.921596567574035,11.279968199418803,18.92743252653195,-9.960031797484035,22.44961544199174,-10.672881208192829,18.128979817490194,-12.84658444251194
-2.7978995672383076,-54.04083932422849,-37.3907905388046,-170.90619083388648,117.63547399839906,60.134384790231316,-14.343098470429616,-45.143468392642035,-101.37381883676873,-86.11602672212813,-7.813661242699362,9.1317423332957,46.94374288360382,34.93187093747292,-84.32447499361058,-59.04786539399745,56.11384808885583,93.73264385652459,-32.10339785153203,-17.931437952797065,44.54570980361224,102.66069593244112,-12.394091229673336,-16.481258836574185,47.97574091127021,9.306656220061907,7.660514479736257,10.171390360168697,54.33024458509251,-31.859973728669654,-20.024485937659087,30.81148523208245,-25.91893171876331,15.278899476102332,11.352354618276252,-13.275394156097958,-0.3369619161923699,23.121796982208497,5.211762306388,7.003443855729347,-25.9287921190342,12.033446172225354,12.618684828021525,0.24077491056677544,1.3940025078568659,13.42412560274344,20.344377700668772,18.963111939954217,9.378142934863172,-23.492416931609334,-27.43631282702503,0.5708531986569818,2.9909155689119307,-2.7951518052710274,-7.961077958849306,14.957431409386697,28.70764857308248,5.369779433807136,-34.175088232901075,12.586267987601037,-21.89906819178269,5.854988987584602,-10.110135629265333,-19.813433716435092
-23.833487098370547,81.42887616102578,-113.8817466646955,42.48175720921847,54.839919881121666,72.34501299180374,-39.57298983446547,75.01673160330027,125.64400813712878,62.77098369668981,51.01167898182738,157.95172134202082,-39.902140992212765,-39.66639354839598,-28.442689972450864,33.254292676631295,-45.636917044690065,-19.285800113726648,-22.620257546785787,41.38568490131321,58.24696042527231,13.580811257033998,-3.6248224104960745,-29.81470038928116,33.04810447423875,23.172484089795937,13.041801983176157,-28.479193455945865,5.2853771047418325,-23.304278405370678,4.82638343934491,-22.38384548616247,28.645832620464194,28.059219675386768,-4.723827672761651,-27.20504771899845,-0.13211357849875363,23.455337030690885,-38.710440048543866,-16.202214397215627,-37.546303172031934,-20.698200872367796,-8.131567552516463,-1.1156786989492777,4.859568423502018,45.93315150880305,-1.6803772929531995,6.9855910501672325,18.711687381785726,-15.814398126379425,-10.966065649323294,23.519961519903813,-5.370956392337158,-17.137242536175993,-28.164240546114492,36.843635882447764,8.03626515382611,17.821868068385502,-4.0976479120625395,8.918423919529442,0.43501787687345356,2.096641475223594,-18.96305464600688,0.9962903402381443
86.22198259167354,-82.38979685313382,25.11621067231396,1.931290637038337,-15.917108382441155,55.548086346830736,-48.246810509064474,32.01910588603611,32.1873568579074,-24.003582360541074,-7.286633864224091,-34.47199584536769,12.720939012642454,-19.928413456683636,37.72606602133011,5.834939348666942,17.876823585975337,30.703962466015405,-3.5190292864641908,33.10532487805977,-8.841555309869147,-20.591431349388433,1.7159856704278238,-26.076547665209457,23.914075732274192,14.349841850241805,1.9012933195542812,5.696121267903805,-29.880249481885933,22.750753536931008,-9.188732057890343,13.776687550361187,-10.364487587088883,9.21415508577497,-10.815316740870612,-13.421224062626594,-9.196196681551713,-10.981917646536061,-8.535518591288723,2.9324383969330245,-0.7889312848556079,-8.911789212022557,14.806747131191802,-6.56378885033662,0.8243360815996633,-5.2282193572560836,1.3644511242895372,-0.18090074100000308,-7.487913506768923,-6.280194041310899,-5.301663740159458,8.511027648898844,9.182095299127692,8.948316627062392,11.070446992330702,-6.277686000065513,-5.760879032904964,16.291831075903104,20.242533700645126,4.911463488871984,15.305069359617749,-3.116190595159541,10.599766335217126,4.690262561337989
-64.51596008131072,-27.04215286244908,-6.170282456156376,14.35922513685729,-10.474431871252774,-8.558147112815561,31.351503025243957,-5.933001740671854,9.257999715796872,13.469344517388464,-23.5071851401332,-4.54420443535176,2.5981626913523614,19.058125556669385,-26.16051381478314,62.429308976399575,20.414891113875168,24.509918263369432,31.405438713857315,9.82909937256794,12.216546985495691,-19.11778090540215,23.613667138495707,38.60119802270383,21.4367059795318,-0.6195655615086058,6.28311070092162,9.961727289842514,30.12444265274537,-7.678436184673674,-10.007842354984122,0.7485767427150305,-13.698820893262026,-18.7824821254293,5.044356087750776,-11.323858333667706,-15.801562378637243,-12.41989864832991,-27.025273489566505,-2.810791028452079,9.230415696011915,2.2005665000678643,7.376517883744253,-9.850223220782128,1.4920971898290183,-10.084844263697581,3.5927547865412173,-7.454998667964533,1.3234685528070955,-10.110284335031,-23.05186929997855,-7.448818931553851,-0.6787322699168645,-18.668057811692815,-10.45040158108304,-8.513581030548643,3.6378295469047144,6.899066579042253,-5.991416957606675,31.981352288171383,-3.9048067307941787,-8.252244895907827,16.26873539057696,-8.206251699010314
22.7671367135044,-30.12938532980258,-13.719773200753748,12.363934303646909,1.8362711559631284,-16.489988771731806,-49.599116550879565,-7.269897625993249,-18.22241803083174,10.360846843899857,-14.136984528957296,-3.230847741295533,6.999794042862738,-8.599210180930092,4.967609826321943,5.0009888764946115,24.90887938116627,3.7879519789270653,19.33419359989195,25.07475242859072,-12.479852829543928,-12.751226221956971,9.489374593251597,-10.296830446021154,-36.14045059219529,-12.871169926001034,-8.005896699496127,26.533650990197703,-1.451747554982231,10.0804857921744,-0.2161418746200172,6.722282505448061,18.244313034337434,32.090332994910376,-4.613439789400528,-10.114136750892028,-27.08582568916107,-19.159845462439332,11.731409891996707,-7.70976877751941,-10.862881147492526,-4.436583919877479,18.254426360134556,-9.650054577410001,-7.104885064100779,-6.214683586656844,7.1651816369243635,0.6813415535459141,9.387430956229558,5.359551742008282,-35.5019752193497,12.403601727648857,-3.429735333244689,2.295911238549826,-37.0803460736626,19.80471631833615,-16.630967553842243,2.243332746744099,-0.09581139810724772,12.206536286045331,3.10072687343443,9.944065710472422,3.4657414525277477,5.154915311779913
-20.480969893775345,-50.64691096587757,-1.8455368594197334,-13.21884683123654,-1.2631368059134924,-29.53359324617557,-9.586000764497387,7.608473960164618,33.113696892487724,-10.925274806729975,1.7370405691925959,-3.0233648360789775,56.310334472800356,43.745270594667275,-11.921074423388184,21.7650770219825,0.6907353603166614,-64.62159127349395,-19.995147314768538,9.78597350982208,0.9671945631018068,22.92628513969073,-19.951702745178725,2.6634711182813606,-17.99327366379224,-22.26750644065825,-4.368683922308462,-4.527811285926328,-29.80605079091778,-11.852090078914673,-31.060234966337315,-3.364126395912083,10.835721775751121,2.839630672771225,-25.313300291962484,-9.810311355066771,12.243894718124032,-7.272402260423823,7.601420855081557,-0.8630126664166927,1.5256056590513192,-14.396065797135046,-13.888454973568372,3.525754149903531,16.75730266528038,5.860894292523392,-17.983804804102473,41.76610127922303,-2.611998078653144,4.130964043441486,-17.23109059424766,12.085043652854239,8.66367641706288,-11.684706398337177,-6.645208756950947,-7.48292993143746,-11.002396265635307,-22.83148923203227,21.690148116566373,-12.936285223235219,-25.88879891576376,20.537274188923536,-7.288323110597452,-5.982480065816274
-59.22035091375041,-6.990580313859128,-20.056279514448192,22.567276326237934,-6.586194318015858,-3.6743433660282228,-10.647581297032618,5.716518825963023,-4.931773583950687,1.9278486280203762,-15.351269864906314,-2.789959282894377,16.629202156228335,-3.6168042936294498,2.9850079044603155,3.4563752562081724,12.749788153573238,-5.737987164340479,-10.99260338681942,-5.380774837244618,-8.178647271533626,21.170764490711722,-16.510442682127742,0.9205886470221376,-3.6146291113030697,-2.9348358011495086,-11.21148130163543,-10.089195044310909,-7.191473839311395,-6.645330975039724,22.363476720242232,8.213360776453593,0.3266716022911576,-2.1853714022711106,-7.749256724133666,1.7303987874326356,25.87186904887378,-9.238572290479063,8.811248251819704,15.658286577412552,32.233244410745485,14.560692364323236,-1.0539770749359416,-25.20578430881572,-1.8967014636375945,15.95146184450254,9.311325191227825,-13.829305595588428,-26.903543802732315,-15.013559200333825,4.646313679975171,14.773440445753808,-12.102578338509566,-4.62171490244654,15.823163118919572,-3.9557337874603777,-21.899642040548112,9.8901373829987,15.464328960048196,-11.204249889704863,-7.897116943090538,17.356911323379318,18.273196558551373,-14.182657192034872
30.388045667271868,-90.6543112154617,103.92834713937195,18.723973988829762,95.98520784199361,50.405464130056195,128.35112866811892,-27.61496084090277,59.879620043744886,56.523855109556976,161.70892688133947,-38.745457867479786,-44.27845713279262,-23.141154830657364,-1.9809358824401604,-66.2638911136595,44.28705470268647,-13.880096755442585,-1.2248468829279937,-135.21697219263544,-74.69047695142376,15.146660530251719,92.00587230857023,-9.024620476648685,-21.493256946229135,-26.393293461943763,-42.544221188387816,2.5391152251064812,-22.749743847976955,-1.379453744484783,-29.033867029777916,-13.514438855859645,-3.291912551825672,-1.5159825763212356,22.27891914934333,-18.629565776669175,15.560755958021499,0.4983818689263097,7.032666166297389,-31.73288726669107,13.645434221126882,12.050241557000215,51.77177827673786,10.414725019359999,-17.23811178902429,-16.982578086599162,-13.362449128805958,12.135891879328547,-51.9987114940891,-9.343460593739367,9.819417287979267,6.032516896922719,6.117546087762269,-53.9195330391944,30.936788028016196,-14.65659767888887,-31.504648553659184,-38.24858915966474,-13.256014927729549,-37.37347955773255,54.875177437506814,-13.313211664715226,11.169620900208288,28.418008249688892
-45.94900938491335,47.15554332456342,-1.7761022611642154,28.597329525208217,9.420070704182084,29.368171990637528,-34.29058440530071,12.72377510347052,29.05572830111893,-33.15764252479074,-17.152307040181437,3.6219324620725613,-28.091476971415716,30.694242237552555,-20.907947614553105,6.907626012114839,-19.278988745170604,-33.967138279739686,-10.26863794417803,-17.207800959015646,27.545284488454577,-8.785513904445073,35.501443607738196,-3.5001622389383584,-4.9489119041512195,35.32895977220854,-2.880560414916191,-8.631738070873704,-7.94563125348684,-18.56279739635753,23.746953491494462,3.822950799762012,-12.164035523499773,-4.824161269255527,7.402086788258358,-7.745955770950863,4.154432932261489,1.1367988093099495,11.55452082858814,4.809104171207587,1.7712805145380395,4.674452850733273,11.320548399379735,-6.555177343318372,36.596398253178215,-43.18318628264915,-26.845286424044524,3.342553719930924,6.901344113374236,-0.6980252414736793,0.5042095661485021,-13.038709003488934,21.257269308001565,30.68837023165062,-15.309629677041444,3.164612171652708,-1.8277620418837026,6.695810147947238,-24.028364766723076,-19.25855330475847,-0.7765012321503961,-1.483229281019326,3.5012355342807755,11.971335624448049
155.53572468325058,-93.59168243177778,-59.97212840867877,12.220851245344985,6.631144050721389,-62.15365106088931,-20.71278963506986,-28.42436921214592,-31.979315972907834,-34.92986089007493,-28.84149945868567,0.3645019222311415,-36.979717353200385,9.005603861178535,13.11876983448784,-6.29025566768738,29.619867027618614,-51.869870208762975,-0.4987612461231422,-31.203420307812333,7.443340324808138,-35.93791800558993,-7.217640588676292,-8.224373394106179,16.240858873876093,-27.098533267754757,-8.893738142866082,29.468197823592284,38.27779620720322,-9.131396856194433,22.562685130330735,-16.146667700674733,16.004390851508518,15.329047140555717,-20.458702923304134,2.5266623641336894,17.862859632924973,1.0505923452414754,-9.730753922105697,8.994921203025141,-5.937558045356686,-10.733132247631517,15.55168875365458,8.203343582301557,-35.83617595580775,12.372428858248002,-16.234317851429918,-50.164490077769926,-3.0328810221657942,-28.499737292879583,34.60046993629945,-43.57249812346376,10.51370835503654,-11.936387937562392,-29.292888015154272,8.930879112287226,3.960765455926749,36.96191760385122,-28.7816666648786,-8.273519396782577,7.612257485467917,-18.10866557118837,26.399824262733688,8.347581593713446
-25.12035153713111,-123.35046158205178,44.332804354263914,-30.183799765020996,8.460349421016094,-1.4547478136549652,153.7946652234989,99.32756596917154,40.18799630682489,-43.455832791589174,-50.24858553374601,33.86959943581596,46.62627449370115,95.32593748124461,-77.51967973236708,136.07615797294892,44.39930291261371,89.82437614996844,29.56245979264959,19.218720277245637,6.673253374435086,-18.932502041921012,50.56175279763363,72.77817402127991,-1.074926876058232,-16.743008415186374,-24.820078099903533,44.693858838006,19.290638051618213,-31.364923384463882,9.079109259200317,-12.372313984251917,-20.446748836260536,2.1010052852900825,-15.032925237205047,20.335659853303,13.075432342222696,-9.251296485511354,-20.981050091914163,-19.405504855090435,-30.34310473649031,-27.39144240349546,-3.4785043870893686,-13.471092283423577,-5.1030644194109325,13.067978644514126,0.4190110026943614,-13.269706908954939,-9.069908908986985,-1.301330213129413,-29.0518869458076,-4.046634372311573,38.927141174553434,-25.027308839278547,21.692113175149064,1.8272681186897515,-4.880969733700586,-11.152628108957705,10.835619700203361,18.80580366773859,-20.334001847774196,-9.517735168062378,12.605479189724356,11.655127896533815
-58.52108126803142,-22.592837598200703,-33.10130677305224,12.036310828237902,-5.686311381733287,-4.551270475480666,-16.475669527479695,10.942471375187528,32.26043941457844,6.8920555425565455,10.866334909910156,29.848572137216333,-5.101568736649727,-20.175094349707944,-15.33752670395897,9.958489036907967,3.468394839079674,-10.787226035422002,-0.49468237250453945,17.06524845973064,8.452616141095461,17.93936103792689,-21.604580829111235,-16.0279715400671,19.872825371714686,6.627534638246491,13.45183447172167,-16.086823532427395,-2.7651125366927305,3.3730173964418255,24.985646877705772,1.8975720684732422,-0.19975652931445295,1.9489762069757437,-2.55607594714474,3.4320567394629666,-7.94174919637101,-30.911340375925146,2.158949555750954,-16.622186024920808,-13.184220876729796,-5.3519715725944605,35.39849669432405,-4.551618997344484,12.404008246731888,47.0546138690129,19.2128629007839,4.780554087167007,14.930807923540822,12.221167832909302,-4.897254127496655,-0.000615416728417056,-5.758146639376646,-4.279646613824545,7.3764790301813905,13.574973873732013,-0.4218475179877711,13.518782125366823,-3.4253779933610504,-31.779319824659105,-12.536915240724877,10.732625932798758,23.973454195728838,5.532085050133304
-48.44292296425806,-26.40667656481979,-9.194300801729094,-1.7702891438505017,-5.227679061073273,6.479912665685157,-36.37926630532117,14.228698770133846,-29.03573505392102,5.639084106402588,6.0008233386560175,-12.552126925588196,-6.0277574602837545,1.213472141229076,-20.093401509787544,21.233691506257784,2.618256762555772,-20.42204841432494,14.299446822861091,4.1182287169862715,-21.467177978779922,35.07588930608279,9.089891322998344,-22.217802720780394,-27.91153288581776,11.6044270510815,29.893075187503033,-51.111022027785616,0.9326759026518829,14.318559628561218,2.89722318229474,-3.1009869864119013,6.726655241535964,-23.139482960417308,-21.725540733552606,-2.019755303386929,57.86513285623193,1.6985890138574768,-41.44108248565215,1.1333056144160045,-24.88191808353179,13.86950143373421,0.583247395994136,41.02861287783917,29.837087575781645,-21.14853318320453,14.88549702926265,-5.52348972284738,18.066839238155517,-12.111307607971137,0.6227804981055758,-19.356994062027816,3.519765722348805,22.493554223814215,7.6947914122065875,7.84002694167972,15.872212274217036,1.3779286433344198,7.993960606411333,12.929636400586027,4.055603598863787,-3.6126902853209257,22.4586435975718,3.9503294946752776
-65.95694489165001,-26.29626879630253,-0.5887811314086648,42.85351207378985,-18.138943681303612,12.539591501771497,31.26688132726887,-29.591413688093365,-24.461530795272964,28.973151738456032,-28.18260094971459,16.914323520872113,41.96914353714711,13.749185427239057,5.6684243272723185,14.00869745717156,-24.782169792662064,-11.172198223059208,4.584758028299405,8.494797674491117,-5.449909357518213,7.687141052098951,-17.901014527326375,30.780008331120275,31.032469947985145,1.8654119394343376,-8.997557798581227,4.438520488977049,-1.7861539372307793,-9.477365025413214,-9.25552931684876,-10.191022239119562,9.190270813462003,18.863414953082266,-0.4072488610071249,-30.148701604119452,-21.95744459262423,-17.566475985095558,-32.29395699362828,6.913141816798436,28.797634145163737,4.370494599407973,9.93295178681395,11.277464081055204,-8.091789730687834,-15.777926513556245,19.92905343477983,15.80504492376538,15.964518052125056,-29.780095447474263,-3.8011809839324093,-2.1023689594190906,13.476702497227665,18.561069309989026,31.05428873852268,3.1681843448972327,27.316385020351543,-10.794677650474354,-10.168235850134762,3.1532547450601194,15.165056402558434,-14.337876839554998,-4.090584148224638,-19.244521980469788
-52.079013615395986,4.481867600080344,40.90011930502589,-13.264436266561036,11.270943673391296,21.061036571216434,-62.52172965815525,-4.110394091248864,-55.012042957194964,-5.0718166528126325,61.26808214650688,0.13702792228554084,-4.251288730417513,-31.783854072220674,-37.26771208079836,20.60877772314032,-17.636897018709845,1.4279776837330167,4.901173612539313,18.746036371722234,-0.30617861274517905,-13.695738887011455,-10.484413626930118,21.820572506414795,-5.289069228948077,1.5743642329703873,-21.97799324474426,38.128686542005035,19.658297543157047,-2.176914892827386,2.8126792735826247,-4.837086919956381,30.876905208207994,-2.973414261546573,3.5696818655596667,1.9334216522790892,9.583923721397397,-12.694190199647228,14.577389327629906,-8.103545560048985,8.801181485575281,-1.5642960428559012,-4.975706167373049,4.2385623984173,-3.8510264499421982,-3.053499579947338,0.43850973960588413,8.443679652736462,1.039813554710219,9.486065483404115,12.372802147490745,-13.890005168770685,3.8079361155325606,-28.19206969047515,-13.536961538571223,-2.38363315266995,-6.599936244889494,-7.412695210568064,7.972511258887308,-8.51968746681715,-8.440703876206825,21.621900311667467,8.524651828109654,-1.862156448913459
178.6090915613927,-147.83370713741164,43.46867910567338,30.104776122267317,-5.439219916200463,21.972620396943977,-15.750883936681808,10.548265241276631,72.28836038911359,-44.72366328111582,9.209761441820191,-11.42524483225506,26.080361911912032,9.670759834878998,-12.560291912676558,-17.358125095039266,15.57983912752799,-18.190610180911317,-0.08504390575848565,18.90331409993509,3.062935796027737,-2.5964030679590455,-2.635963958587725,1.837297593204199,-10.62761815331636,-13.866575603518188,-14.412447750039245,-6.450793103341273,16.189850032745383,-10.436986911769955,-18.35407355275407,-3.2862917678919157,-2.3975952974142576,-2.988654927163037,0.5344769430403172,-15.134795402356035,-6.244293186265,24.070375841710526,11.793549174858176,-7.086919810078527,9.18087873646707,-12.65006572258029,-2.558971039512826,8.663089737888992,-7.606226285828137,2.4854766030953774,-14.06583326599605,13.388081666357905,-5.816185703454063,7.905228903146693,-12.614046945113605,7.7253349167582,7.858274410361029,6.042934337000261,8.873337212986634,-10.274637039064125,-5.242256015039194,-31.636135524978418,-18.754674553553496,0.8580386947055343,-20.993406275650617,-9.22902787105598,6.112876373809542,2.8035428029586456
-64.98923335052682,-11.79944488775175,26.34618851907724,-14.341116652799228,46.71064236686098,-24.409068974699647,-9.016140784530712,1.5426559443486454,-32.29784596413157,-37.89974294860869,45.36690591628955,13.48230469899723,5.118668459537531,-33.646821414454344,-0.04140805368977264,-9.548973536262624,-1.8662979881918444,-12.901614157718313,14.450696699462688,-1.1899050735394514,-1.5642388230220357,-16.73708231935337,-22.429895650532526,13.132947650965443,44.170297379379676,4.484071812483829,0.7815860945180733,26.002555572313646,12.343674760518855,-9.835072329249028,-9.467396251691865,13.464427259667167,28.523689478777413,13.668459336598888,5.603488017268211,-24.906723681627813,20.45911251249535,7.909391517266162,34.10835653874667,-35.04573488849902,-2.4752607141093455,16.872048802036097,-5.531234507873188,-13.908991324330671,-9.00069439317268,-10.304624441771917,1.7971844237059071,7.910889807600181,8.300960554700692,10.687360318326533,17.191232820318053,18.14514969522125,2.5512884363357196,33.018157690112716,1.1166428968632636,-20.778299074839676,-26.810126862537683,13.635861791469075,-6.854473737380613,18.337108552802224,-15.452552198998095,-9.84094239818171,-0.6133266890518201,2.7462323766018053
-63.36116713871613,-23.178588109480852,-25.53619349879241,-2.4089865225659253,-3.8127021192643458,-2.4597353937351984,18.219476036527993,5.978663894181521,3.5746455163577595,15.292286360760304,-6.3338617853712496,-6.7866035370656705,-7.24846236023551,8.77819552978961,1.852339734484965,42.15992958582341,16.762922364299982,-3.6201089021378148,29.93362672321262,12.161848748444418,-14.159144450109086,-17.89799504834097,10.236405951955602,25.16809798317223,8.391522541859242,9.040977566212973,-4.661434264241697,-2.904312649983254,28.391113177985876,-7.528507035940614,-19.302945409661238,12.182452496885816,-6.604203364973631,-16.41714350555637,0.7489950030779083,-8.223270285328605,7.992156282410066,-3.5067707824653964,8.285642491847792,9.120988062915716,8.114619233372201,-4.416571484504451,13.82866731422412,9.586085275317167,3.5438134929511236,-10.610047803862086,-12.107977376164513,20.180517001685903,-0.3125234306841788,-5.9792935835953855,16.130807094847068,13.589463594528096,-36.83028270879918,-3.5574493321921974,2.8923667739634613,16.82784539761263,8.807292792157805,3.229430568837902,7.63214529345453,-4.768956907911385,11.973362069703661,4.066058442295582,16.05842095149114,-5.529069050195787
-51.796524223946776,-21.66466003002909,-20.641736142108364,18.174261235792606,0.27103454492059215,-1.6442901618306538,-15.096527386681611,7.420177016529927,24.213137433648352,-0.2607748007567277,22.945183635451418,0.40310990542946507,-0.7907205040750743,11.722862454669498,-22.322709370621933,-14.817293766242456,-3.4172675574720532,-12.346777867172849,4.752446870383361,-32.15348502517509,-1.8176776959408298,12.65745114259334,5.450231285780763,-10.844295578319578,-12.241874026405817,-15.310923677412688,-9.014239979790066,-27.991111735976325,7.541549209066407,-23.74959521265154,4.811934105351958,15.633236297213616,-1.9559894493439938,-5.098944458381099,10.021209692802948,-22.541772918248647,2.2387695225121913,-24.699151146122528,13.65644664925999,-14.68601568810358,-1.7160980234275276,-14.399235551370957,13.482908871067096,-7.042205043535433,18.212909261384187,-5.356041234717884,1.4901583799794282,-1.1374913822236439,0.9944202685504036,4.757020960973858,12.705525483148966,-8.933710081714873,-30.57959113308743,-42.468820606292226,10.430082930323579,5.266758245975739,-16.112648452030456,-21.348887100825465,-14.690443163360321,5.124422484105594,22.499665088018997,-0.3661793699996903,5.829897970547868,2.7710191242138213
-55.9149002833037,21.218615067862242,-20.176769643900926,23.172741375273088,9.109193784575302,6.311635713718783,-4.8316405633628845,13.253515386989308,18.891220824926503,-30.118652076882455,-55.56289832745505,-37.15227376288626,5.382573058855073,-12.777886814451618,-36.52208370205774,-10.145608622280122,-7.509433865180147,-43.3687945705818,-16.414502665468554,-15.203008301529357,37.52105879338208,-12.154939948178201,46.88143030913064,-9.704173984898443,7.172438016481802,18.336808290557627,-4.673415246672447,9.741202542639659,-5.711203281990069,15.237457985377736,16.838079284871544,18.791769623625587,11.181254781047699,-26.7266760868513,5.880671958844819,4.833579909742646,-12.527287843801833,12.270828259486823,8.532065483352024,10.840915800128489,2.0631464973700053,-1.997093912905062,3.9919677974110397,-9.754734988386517,18.8715518347222,1.4106465778325978,17.054202477706976,-3.0138250362142442,5.496837383568681,2.2561891613510143,-7.646139418636374,-1.8385947361555888,-1.045755648403861,-4.310143548222263,7.564095219420125,-11.558133758381466,7.171559509278862,4.656750948406809,2.265233754678312,-30.218672615088686,-18.662386903757987,-9.976849184309629,-7.786445557187353,7.350953007333149
-65.9325858708701,-19.394166335815246,-28.563384404049902,9.854451932777467,-13.852429547685455,-23.120997369113606,-12.826638225415898,0.16515166308453916,2.2820909886747742,-1.4374572199621818,8.728374901207802,-14.933590941387308,-4.007526192977823,6.357733686575662,5.151612174082374,-7.469924147233947,2.405926323943548,6.804716516582434,-12.585048546244986,25.586633444785623,-8.337487997396835,-3.7650155012094673,15.550107572058549,-4.310163780757613,11.25543589717434,-16.685838793469312,-6.969024014334698,5.644160995520524,9.457751566010721,-1.0373962641190704,2.558776151437868,-3.7348946884376897,11.172950448873241,6.755964852885752,14.051221842586678,10.231586610532284,8.85637783745392,-5.684820314921514,-1.586798356682822,23.26917307131688,-1.698098802989457,-0.5012228942177377,2.4407296262390816,12.527133933484548,22.063862243682426,7.9708486721101535,15.83616395694302,6.534503683414699,-8.71321628585519,-5.638318418960505,-3.7022875463140843,8.843123447160329,20.37016556660845,9.162424712649349,-4.687864644955483,-1.0883471155881945,-8.976515690016472,-3.707704962184988,-11.793943880150358,15.653820171078856,-2.813475115838689,15.76740269344468,-4.700436858749772,4.4726504038347095
-53.255709869144034,-29.338534061628305,-0.5116028969516452,-5.1040872001528905,-3.7992540343740213,-23.676381976424445,-14.505974400805982,6.69316711465982,13.192342896239047,23.644565516460105,-12.495885837944945,-5.013171965447479,-0.2837138514258159,-7.4448146042323975,6.843493287897478,-13.163138288144276,-13.014348579867498,5.8418905937455445,-5.063416771098442,-11.437532196261767,25.195224914368136,8.921490133692721,-9.18135493658429,-15.7358657394236,-9.105348163386708,-18.03920971182378,-17.042849992780702,-22.904514057936716,10.129020387768835,-25.26530482764674,14.017823253929171,26.87301539203398,-25.083866180767764,-5.661200343575304,1.3143910272528696,6.316032574971639,2.5406520803328583,-23.100193173464298,5.448086214353792,-12.805894467891076,0.7551670124750421,-21.050794760656107,2.9766840016688345,-6.236219722348365,2.201061356697495,25.79204491131104,17.475372367784058,-8.83262090902683,-2.056948224749706,49.44859940382816,4.997805452501068,-6.080092863013011,-18.005035921378326,5.482465031494055,27.30231180836791,-24.753135271204087,0.7420791966220284,15.997886228880494,18.953679251956046,2.6959421179069207,16.701600486623853,25.983432895652612,14.820335167709388,-3.2222275375977882
-53.31117257645078,-14.802668138231788,-45.43759679582868,-57.95545260275058,25.137832727244138,30.410392629452154,8.470229864410225,-13.480820972698654,-30.86207079546817,-1.8589101342388894,2.7088112831149127,9.227538266395687,-0.5167903838963062,15.420895262892603,-12.881341747157622,-42.45450085853003,33.66914341178472,30.912269589245284,-6.64404329477285,20.600279166721048,18.399865353903667,35.197442233996725,-23.811460537433202,-2.172779940187426,7.403096683273891,-2.4494594698500456,-24.693510032018644,24.3329142080926,5.765237016065227,-5.754766264385518,-10.656680568530422,-1.0648087532938222,-18.858430642915295,10.494127789687182,18.09451070831655,-27.389251696587223,1.029007989671413,38.32374805867493,-6.935604744145753,15.085756791440433,17.731371489003347,22.92198307563933,-19.72015548783419,-6.988941936027585,14.119967713115065,7.363453854533497,0.45143301437648736,6.056452040828119,14.637316296290233,9.548150047656888,-1.1931087852231133,-11.515935272857746,2.2056022972573768,-7.697108855511907,-2.9634659921210105,3.3585695009259044,6.767512586345894,-34.242589162589596,2.8876441695720745,-9.947331560548175,33.68345419430495,-24.71095708966521,15.738889796709842,-41.97194728854223
-52.09752306511905,-62.85467647882329,-111.98393941267197,-98.33924521522349,43.47816075572889,136.0946044749697,92.55022864117322,-4.471763312527131,5.461384557986761,100.53689858809877,7.007881866303499,23.84776726579917,-40.41435651573047,6.033624578377932,74.95197906422803,50.82848389238697,-26.219603193934812,-26.079154126987515,11.289339087440846,26.809518754413475,-34.10136614093857,-68.86415534400989,20.099924715016275,11.873929050823502,-8.024211597014963,36.274584449864754,43.89062544481417,-37.191780151009446,40.21127727428415,12.056345819741912,-77.40495793524944,36.982632505975886,56.90749140642378,-22.22992977163428,-31.125517621344645,-12.034377215352636,-12.695636701981844,-9.877416424082108,28.096413294210166,31.03364829062447,44.690014157621626,8.202934540291631,4.27318944893669,-28.397994559924076,-9.88031022158996,5.297985724026499,18.610091070047325,13.712714761429881,-49.786324821916494,-2.754556635070818,20.78575053378515,5.128557618517047,-17.20751819802791,-1.7486471321727606,-31.686901636570255,18.875177894596636,17.219621753625162,42.94029552117702,-16.92979192865429,-23.957092729770984,14.547671477087517,37.93866139835304,11.25610190810112,-8.346542792422543
-58.97781368781967,-21.314242621416614,-14.913108151854445,34.08010991901172,-25.765004120933213,3.5757149060003717,15.922529433920738,-8.75079658728378,-28.17025137036584,6.900067387902986,-9.196666008147796,29.419947936974204,33.14194467794294,-15.438281227014752,4.3853823621460934,-13.29269474374027,-18.203248948404166,9.550467036538032,-16.277946694478587,-9.45000537160974,-27.407185646740153,10.748586772006828,-9.42192017454676,-9.744076955744188,12.099493343050735,11.969290701290035,3.65557483406854,-0.21162000926322316,-14.366588144776092,-10.615645017758187,-22.207717807638005,9.693626499097261,-11.132226080993995,22.12663045566204,-0.9840548136671696,25.298082133226792,-8.971497193360408,13.704020148939321,-13.524622287491193,31.399005030454056,7.107527506455378,-16.317142184216678,3.824110122690611,6.062312731212415,-24.750475842868287,-10.59653600880729,-16.256829291884625,-8.855051266031023,8.63567987621105,-27.127406908978177,-2.234224498953637,15.642088767172547,-8.954619696147628,2.3727470405763578,19.03718442475123,-0.8803759728578925,8.467824103930424,8.462148683068964,-0.994669065430303,-19.988782126910984,3.051270296565434,5.930600385053778,-9.48337376155924,6.413466217389003
-60.21227674963026,-15.508824520550387,-105.16873983094071,-152.2294822226522,75.80514517612828,137.6250640433766,89.70986281415092,-38.91021816661002,-15.877805910699323,47.93594970597733,50.75724875725974,-32.66728176608089,-14.321453809404375,-36.81376676910313,16.658473747855535,-59.45131489919593,19.014747460218675,-26.469674855245,-32.85780482281863,-55.6007699341198,-81.96565768418075,-67.9591010681166,15.463311660555755,25.605457207019725,-71.81017175284275,-44.956356187797795,37.24891328178123,-42.4997414374988,-55.360628010419724,18.334723716147238,26.037654420553103,-51.08798349622061,18.158854903156286,-78.96500201465692,-22.57794882829201,24.033376483893367,-31.6925402962294,-22.6811752795718,-22.700623748371168,-24.266155132370447,22.015967558817245,-4.839849554668426,17.167800662202133,-4.303384242779744,-31.227942546524762,6.979760149116984,-14.194842114598373,41.814098722440846,19.43384545788801,-20.84460898601819,-30.163181324155296,16.693023011480715,66.18472844841186,17.551774377997358,-6.591129283196744,-35.862455942530666,-5.36604370915322,13.451713537565153,-33.95760108291318,19.822447357734177,-2.2924749716430455,-4.58578642446212,-29.200062222277367,-44.83477968248836
2.453721148689333,187.432655764575,42.98704016664857,5.153359036134099,-106.06379084689128,30.135378772860722,-61.61643556435169,32.77088964355096,54.91947811517673,30.02757515231131,-45.90080193202623,-38.51918100380984,39.35601344450955,17.5644864744453,66.02339599341458,-39.640204729017796,114.1776283281864,37.54764932128972,84.09273576934184,-16.80347263441522,-31.163168952694814,54.1293078159799,-28.65903354340055,51.71077783575443,21.141895774711543,-5.564999330461851,21.10143135905553,2.1886622386435697,29.88931872516732,14.916348521234484,-15.963062347584392,62.363134567616974,85.44400125906056,-36.710801271678285,-26.182378062130947,-16.136529455285885,-26.033855890584803,-8.089624042300557,12.758560263612306,-15.029543366282113,-28.476589918231777,-2.316574100543078,-26.40796451026991,36.236992252435265,-44.75043687529405,-1.5020437005827854,-18.37459801212824,-43.09016276025699,-9.145358118174277,20.22778286595472,-10.960394142547333,-30.709288652417467,45.7681702812415,17.66196559276726,26.461256132948854,-25.803258600533695,2.2037309413096,-30.091402517772412,-3.857336472425915,-16.240692818443886,2.2538344152486784,-5.55061885756957,2.545134138625935,-16.05641575326071
160.59954321239718,92.69166385339109,-92.00216104204102,-31.346196376405842,-72.06684713513607,-87.63802963076216,54.0898109532755,-14.734864102991573,-2.1304945030814793,-21.581591919438985,3.9255898659802857,10.802190372348353,45.22397350386697,-66.96243727724206,-28.22552155003771,-2.6836037616190573,-50.89416702378568,78.77136707778116,-12.531109194569543,-22.942771728804765,16.15206161796589,-31.45191242870894,30.72910812130526,12.865959275282462,16.003957035264644,-43.13759005316832,15.291935875914632,-48.45295454132987,7.63221859256817,-79.09291597788815,19.343054696746794,59.04558547916406,-4.834405069962739,-25.67700399397634,22.625972376796728,-41.85385118063817,28.727219935059253,-65.77315047513112,38.32668084140885,-23.37426438474916,19.649138085863036,9.825406689912091,-31.72942288771824,12.51943121065793,39.88250129138962,12.636679550789406,-13.187561749695629,16.157881024770816,-2.5120614638287098,-29.584083868094773,-7.209489194836245,-16.57087631914535,-16.74180200707223,35.45691421420642,3.589450789495643,-6.51598912711669,15.90280509435662,-34.73382171954991,28.041544425975584,24.671164937925298,-17.09428320176127,-18.04212430374261,-3.4133773038525668,-0.4040950032434271
-55.383673417132265,-16.370435561627506,32.49548831713777,-33.64941270616142,27.789617494250923,-28.669716346907286,8.883769894298283,32.57908213830572,-17.432141899197827,6.662868025376193,14.613129962425601,14.042574304895442,-0.4171858722467391,-9.826328682826365,5.5144600638441945,-7.37344068881741,-0.24949403928950709,-2.1620505252052746,10.5199909459438,42.909401700647265,-17.557565901157503,-32.64398711233084,-2.0864692320231004,13.017355733982127,-29.37515568530394,37.19355212687765,-26.896864492816693,-43.74529304392354,21.782697969088964,1.776803288409336,32.227501387181306,34.453457941829846,7.125536321569879,32.70143392616168,16.194478398100355,16.570273621334326,-2.4203537481809794,-1.4663330799701493,10.401258679044966,-15.347784623322799,17.752294621448563,-1.4074440829000778,10.153653574104274,4.205111107750989,-12.2035980336743,2.272554523662891,0.1505508729714216,0.6302136794058288,12.059932170135161,-33.995048824676836,22.183540254299867,-5.66038682389131,-6.262940578177864,43.474797821986876,10.3051582476142,-10.325645263705988,-5.944027117827149,-11.049092852108759,-11.811042809465507,13.140398025346297,-27.048297369406573,-2.6824793645342915,-2.0223705290262672,8.76897371715633
-46.40323045478445,9.802197947191997,-27.782530509908497,19.429285784372954,6.8813199813738635,-29.51247318633631,-16.865353091725655,5.7538343655189745,-6.957435808473712,6.207995086726953,6.261846479004516,10.101469165946462,23.387167430994907,4.402576176641129,24.287091707391998,-24.665901630899036,33.91350655546687,5.3480559325344945,34.83935035186344,29.433450413855333,4.174940497511323,-15.958649154309995,25.965311034080475,-0.5623498757947435,-19.69622723855257,-21.86591331427025,4.937269843278297,6.557530968465399,12.24078276566023,-16.258403606016845,-15.71224767886334,-21.443351870086744,14.262193811449281,26.363597235885447,27.291976189653045,15.291755948445505,-18.22404167623217,-10.4982883361597,23.741456835464557,37.83081577080237,-23.726646860395515,-33.01597382488225,-6.966807411129921,3.3611081373123093,36.766610208776804,-9.110470313995581,35.6809146736571,-10.21023539942995,8.118399052955997,10.478613961209232,-10.084720882616006,26.302364992540124,16.368839822789855,10.180525479984633,-10.362839147952077,21.23067126861754,0.9835148079836402,-2.313133162681893,-18.835342037545274,4.20811830920044,21.96043345467225,17.796319184468853,-3.342991486214963,13.417529584969468
47.57986213370888,-57.80104396242731,277.1686944381498,-153.81132304120476,38.470457825559954,-85.90790534169149,-56.8243570966429,128.9931233494877,45.34422730624723,77.60211599381849,-129.18859832247372,35.944144342859346,-45.59959655858756,36.62937064239263,59.794667691208254,-21.561263021158727,-32.84261955710125,61.31193115188967,-11.39320920540373,-68.4894149890569,13.14069031277861,11.547567141138893,27.882890023875117,-2.927076269975465,31.9360529459818,-40.00683485112566,50.42841579050013,34.116385089986515,25.276077042279447,7.516805265938058,9.297424481494566,-12.106791849278078,-42.27915317851024,-18.645960949685847,-36.624744253334555,-1.12680355851927,-9.440293090728067,35.73178894582963,-45.16693568016039,-16.558144742944553,-44.30626887010706,1.970824171142541,-5.4691352918379605,-39.466654118361376,0.2585443229710025,-7.197739871916525,13.006414585015905,13.50998448584406,4.900340235133381,53.244681945017454,51.83700570118549,23.62730906664943,46.626005577748785,-5.860957544425993,5.920772740381864,28.80111082046308,-21.218174860211143,-37.948588380783306,-7.6495611121925275,-42.56060985902606,12.667739060657505,-19.419882133526734,26.939938737655538,13.455868337310916
-63.2586671387551,2.9539278712320884,25.116428256774864,-19.982811510166872,-3.286269571920935,-14.463514068143114,-9.887376016593644,-25.91261220157788,12.866913492445951,-62.36658329617879,10.898710975523771,32.51238667706855,-18.51313015936656,-2.4487197551482605,26.08192351635492,12.315199678661521,-7.195858716795475,16.022205146185577,19.121432380366173,15.645352708287316,-21.250156347817285,-6.941488130060585,-4.262831606320156,6.520677309243213,-22.407091857836562,-6.016428109081272,8.823869022175701,-2.3993033752714923,5.4571200111948786,15.357844856055813,2.511567209295973,10.844594004064975,30.670424781611647,8.827810153428857,30.7000666096096,-29.750112063535994,-20.94843691698376,-5.325894861126443,2.776510349937253,4.7357581930827735,0.5681185450923264,30.862977254450062,7.05599088596887,16.843040115099516,-6.599245110596392,21.520606529900693,12.169603282329257,-21.189969914003374,-21.56644120555576,-5.290217597529116,-2.313473554892061,-10.718650856198497,-24.0786398146284,-12.313323250460641,4.191177762421753,-13.828824579514015,16.029726992454275,7.1077620026230415,-25.511029649193393,-5.422256435887898,-8.76967922662897,-3.759291683126568,-2.524895466751296,12.526295518153384
-51.380360095544226,-30.28695951984606,-18.255227014621234,-8.084919734873015,-1.870875342768816,-15.681511003728591,-14.367471364117307,6.283491514349237,-9.3978328267276,3.833395475242976,-1.9631706749272417,-3.5428982475288215,2.9152519522184974,10.568908741893686,-7.493238076183671,2.9627496035235006,12.777152935209696,-21.727468841511506,16.65002326601576,1.9727106639729521,-15.960612069761325,48.53689511669397,5.499659328084206,-23.41056313575112,-6.770727351288814,3.266775566072669,34.3303974589246,-50.82184851797891,-8.171456174851476,22.992005265715218,-0.48887906151894583,5.007693108039335,11.835019371206737,-14.774022445551104,-6.261844018487436,0.4384715297960213,24.761522603309192,-17.169190099300547,-17.02554827296147,8.05922077266799,-23.237256222628243,12.940577169056349,12.03192407776182,3.6758879765573056,27.908815889905537,-21.898017126147863,16.1010856745102,5.480977083387296,-6.998154307117294,-3.9087832180064312,13.440015437276482,-11.877931428343254,-8.91566439577894,4.362812974751982,4.726661653618176,-9.147225613678971,1.1807115163799167,5.935901037547353,12.819736958543377,6.146854378314222,3.864206373722371,-0.14193099996083752,11.173559219205975,-4.112574524043158
33.0661914084399,124.6268506472811,59.760220319911014,-132.85298240991867,-137.92806911041558,-67.56033670712083,28.13898554926239,56.04881364290167,-9.120764330412394,108.89462717121388,80.85623333453483,21.825195365472517,97.47809245496342,28.80686268341661,21.25461758882218,2.55322347556515,36.885592710727856,-32.59663846835481,-59.73272131153707,-19.360817356213698,26.704441943252746,-18.682719290228714,7.949443321406107,-29.49408886624671,-50.83463188899963,37.08245760569189,80.09258363928444,80.61974462537853,-15.494288883990668,3.196904897309735,17.88605295955771,-2.7816938466082406,-28.47158865639205,-36.15220829091219,7.963047304077631,-20.202435605886958,-26.047300452499083,-35.80490410801373,-5.987445122430696,-13.0181497551216,-1.9934764616509617,2.2118797482585992,-9.970409147178005,22.490692401041656,31.759347268868698,0.48513527313553384,-0.5344921511445394,3.0591006863460573,5.408384274243945,-41.89045510900116,11.798176625411111,5.512834131035238,-10.138077000103111,-6.893788009475182,-3.2943951391678254,-18.07654581665987,-24.775326442437265,-13.571806724846583,0.4765061857677275,-3.71013160053027,-18.560923989996702,-25.07336021079237,-18.985229339146677,-21.522262754495785
229.50789571224476,-176.11722659491247,14.41851786107658,18.50396167560417,1.8238623723529044,20.298226297988293,-17.066458581985252,-15.049164697465168,72.95699419047402,-49.78401762633095,-4.968848597003442,-15.38930335199367,30.245055815073552,7.024173099409669,-12.617503658948465,-29.00690565747212,36.90287157860688,-47.48059256780169,-2.2265844439470577,2.052774789742892,-3.8456185593880203,-0.23150399338039815,-11.040007082922648,-18.456439149144508,-17.444883604017726,-37.07975796180688,-42.98292722226682,11.176831411439167,64.91419464096141,-25.454363459311704,-26.37267748504019,9.508393134140736,-15.129751326859829,-0.56344250049661,-15.659017328199239,-10.115904445832577,2.6279264161368254,22.188646859666065,-2.3341552790066094,4.97685128745305,2.245711948148214,-20.50070166416992,15.632413773478145,0.21998858146345687,-21.039854243315034,21.46893198225919,-13.702087282045996,-13.08901781776482,-3.346782015472371,-15.20579879149468,4.282298181865255,9.637933958620545,4.350209761748531,3.2170302958980064,-22.353824275482836,-7.636900803427215,10.633756520749657,-6.98528533672925,-20.625772577145383,-17.61620659655714,-18.45985617003986,0.37196798817469584,-0.9686802690917314,0.5982724363148739
-49.418311975382586,-30.721521792987524,-23.318954472278236,11.815985416619265,-11.550512801278668,-10.2616532900989,-6.026700031553207,-6.231544893627582,14.543086376490972,-7.993468446522606,5.655859209693315,-3.7174928428122755,20.27549336506914,4.2737037973734315,-1.478554326702742,-11.770407534524047,-6.035566617315104,-13.048902933585186,5.3891073766764395,-9.718285959016518,4.501540336364278,7.193083537924384,-4.055623876940933,-0.35493736288223837,-20.891532586940883,-26.041939167381358,-18.355383181425136,-1.947200506259945,25.528729725711795,-1.0039377735957,0.6604625627291453,1.8209682095243918,-11.411915940460618,8.515173336762441,-2.4567476737320435,-12.045024451935504,4.813269287995147,7.7845976749468155,6.410634252947136,4.920084996574561,-22.33570723302727,-13.475516304081435,-5.499180022831192,31.635091431924387,17.565875240585378,-4.949222066625435,4.082166254998369,14.868414472745915,-3.3527577010276866,-2.5457451360413375,-18.003050235415774,16.151248474306556,8.404949454719457,0.7901152320622665,-11.050106024398794,-13.28489904596992,5.006619362583224,-12.088879394853246,5.227529746625396,5.049031633582829,-9.064267476271937,19.056797938511878,4.157080508567739,7.18038982718502
63.748428100239785,97.20719610178179,36.68087364486812,46.045094873227285,-51.674843851068786,39.403332280412215,-88.32685857286386,46.50200101394649,18.941071856398153,46.1191050334015,-25.70299190488622,19.116577470856775,109.57114636090719,14.547084946113898,78.70923017277863,-71.1942530310373,153.7246990012479,42.30103974279573,73.38068339125165,31.04430634796898,-30.80612423587632,-4.768203187165021,10.857141136136816,42.16003896160095,37.167339391846575,-26.441235447388724,-4.882266431592241,-24.395161618621188,4.032637089240769,11.177760741966457,-23.1782433710473,-15.756280310833645,57.16256776349952,0.26401954329579713,-6.3179600555930095,6.398087641146111,-34.11088992908376,-7.665406268359039,44.954294825577925,-25.907179829481016,-26.03628908491146,0.9301050976297089,-16.610003831657362,6.337715961193209,12.284681138842107,-2.2836531781155633,-1.3149142578858732,3.684833572004802,14.113702039054257,-20.072960894709116,-39.106117428987424,-15.818206245725683,18.610254595536865,-1.528612101338821,13.85547842143476,8.193611789150276,-3.5055679154393697,2.8966135877543597,-16.00511555182873,-8.71202491108177,31.48999923624031,14.277863264048323,-12.96543149950437,-4.022172307700986
184.47773137602672,-50.29530447809246,-19.294083508585853,32.86296019292856,-34.6812206521801,-8.679122553594345,-13.648735238298983,40.49079885958102,-30.957820546414503,-39.036294516048734,-31.647243288179126,-29.24046552857869,-8.187785568101816,-43.026029994677344,41.90479329785507,64.57126611104795,11.106938096056881,84.71925788205974,-64.47199416355974,12.269653024648523,-33.47701586672786,-66.98571013420823,-24.985909167660342,-17.01852774561688,-34.12100803192605,49.701125350081114,-12.19926473777744,0.05636020179938101,26.791240566050586,24.031987511500375,-23.710938172738665,-1.560476342477218,-15.014083591695677,5.34064295135278,40.00194561636258,-28.17517382162384,-22.965151349938903,-0.9869413793653691,-56.05536774092216,-96.29336654548676,-24.08090744457763,19.735976943866373,43.98931638292707,-50.89201941474897,47.83606361743637,-15.667851055298932,54.677719775418666,-40.63813800561783,29.055491299895962,-3.8368333106846615,-44.64388791063752,0.22935015871345568,51.700568300687976,1.3615118021290877,37.25578517620321,0.7704245581752619,-62.43740216181488,-7.0558492643852855,36.8236165513933,-0.16352192982967304,33.466262641165564,-10.123326928441477,-41.115807316340984,11.455190287027213
-23.6775870330496,-5.014849339674981,-22.922726041257267,-0.8562698613253803,-28.195040481621675,3.029084229924996,-3.9065563007858954,12.446409733188363,-0.8386376526678625,-14.92993294242531,-0.983993224018219,-34.54569069509154,21.15052066903209,-45.69584793756476,-39.16730112999727,24.48464790322059,-54.513969171348805,27.674297669299527,-12.69171737215408,-7.193615495776396,4.655902869022217,14.596208000476404,17.861695853729234,-2.6964849959031527,-41.037287617897455,-29.266861971225254,30.46567757868283,-23.13735178384119,17.338345331733137,-83.04562178639166,-12.615856766224157,0.9519836265273616,21.349852476666708,-0.6707393060542992,3.746929464544968,-25.838786580354654,9.783594099209996,-2.317798975866839,26.16546501374353,5.989328013303223,3.7046410141632147,-15.662785993127386,-13.491755072714714,2.69411527028194,-9.680536142980475,9.414012876559928,-22.977461109541668,-9.559425925743124,64.0381549306656,-3.1779958991902713,23.94553092298109,8.41667519033934,0.8909461012097422,10.885189601903846,9.268765041420973,-5.326559211258749,4.341751839301158,-14.145479761964822,12.395586042195017,1.1963638191573893,-1.3927390932486288,-7.494485515846619,-0.8912566554118612,10.999362415501407
-62.39384223951161,-21.643241889842738,-25.155400841684138,9.535997109993248,-8.874529314056247,-13.326482998926656,-10.853748774189185,2.7938260091965543,8.437747634911858,1.9800008707455465,12.117921663234743,-8.87992877389258,1.093071019642283,1.5667734562227247,-1.2503382588473346,-10.890427145111545,4.42730076737937,-6.280647888573089,10.416272577942669,-26.323981908425626,-9.481547568098028,-1.3741578331176503,10.885309789030714,-4.782277318635793,-10.399974683932623,-8.713753166406137,-4.3516028483540135,-5.162116291642865,-7.0163573926590255,-2.5183130293257725,-3.572781782119928,26.438589684512394,1.4341780283032717,-0.2174982113218932,9.58871429972253,3.139537296365229,-1.5729730629998486,-3.9776960651987987,-3.3743044810833065,-19.39434434098084,-7.814362226163044,-1.3465081451851595,-5.68057920728912,4.097361993410564,15.100834841293162,-11.528513480662888,3.9913304719313905,4.815212346900629,2.010317997442954,-1.5783728063700213,7.264514861128713,-4.626819797141518,-18.024447507081423,-38.68924837780186,-1.8038963453723922,10.947740712057016,-4.558794124633968,1.243252612780387,-9.984716324423939,3.976390957632402,1.1055970761439897,-13.785448623873878,10.06301036584816,-0.463229772871052
-49.69119809421221,34.33386710955757,-9.013162257645694,49.62496390105483,7.839226990987703,17.11679719489666,-10.173892533444251,15.218942089369824,-9.106576928403971,-3.833952758871943,-46.0965384475423,-12.549409214099231,28.61756704477786,-9.247232153371087,17.237070251348122,6.523737191182882,20.223630346343366,-12.711784169121373,-30.877139913022294,-13.342125929429164,-21.09041080256661,28.74535086845204,-22.236582922134833,6.271701152935417,-7.905036711739655,-1.96487131165232,-37.08024914103965,-3.0029596059009998,-7.992233610331248,-20.398819024972873,47.06370080165684,12.568524395447968,1.4652417077262965,-9.698543189539663,-36.34961545520105,-5.878790887964641,42.73017986615719,-13.47177001985799,5.028146989984489,35.93171455028866,36.132193729151936,33.528904782943066,-10.490610612058738,-25.263414295188035,11.481053963529012,9.237862754962745,5.434370211832702,-20.25603548675317,-31.297698218993474,-41.4140438591449,-0.37936643368909057,17.18148921760948,-11.290237708527037,-1.382645711352245,12.158341408017149,13.104545066140338,-14.447749743500808,12.346317905639664,25.339595110045458,-3.184416414829995,-12.56029015346317,5.871813911788067,18.18967576665854,-0.913799617825592
-60.78798832649452,-7.733254453438517,-17.763238912997338,14.247446164720854,-0.8548089215118042,-4.324403867074942,-20.59654520738876,7.370163553875691,4.620211526218295,-9.911963885417913,7.574558050865681,-2.5619829650297086,-7.0094495468767315,20.3772180004795,-12.527233737090588,-5.140508279839279,-15.910797149190286,-7.943774219494268,-2.4338781683489077,-10.583851514310675,1.6715636819991018,-13.60693085788235,14.28252081438198,0.9705515481902063,1.5472668674604673,-0.23142591940855953,6.934872805808965,-4.372612438455644,-0.5745316375480966,0.7627737458556665,1.162632403848215,13.4053129571358,-10.279837396179545,4.295702462606626,10.045003613115925,-20.296273921799944,-10.936514424019409,1.599851988848927,29.37955325696652,6.011164274669341,-7.137719236358923,-0.74864715525981,3.9905160184505557,-14.918525498612054,0.03952582553290725,-22.498163635992658,-4.7780192810350695,-16.73243169705944,11.24676051338877,-8.436481369557368,5.349140247196769,-7.848674000612033,6.336515746202994,-20.58074791102024,-1.8378138966136002,-2.4708637768747943,15.789165718967041,-0.9321589381586621,-16.91623070422822,4.536857720506829,8.49028319283105,-9.923869705891464,0.24979571217697993,-0.9395871996081312
130.38333939372367,-35.91483436455596,-56.82176087567258,33.15888803325114,34.5372845856713,-74.93712392396716,-28.72774442154399,-85.36528605981977,-64.15735983374759,11.728232752084642,-61.157170332975106,20.851584286532898,-46.46989068630871,16.20296297854994,-1.2908809056749717,4.036807366900023,29.78949486729267,-26.645787047025486,-7.471026465723606,-38.16772123963263,-1.439104241663077,-1.5774580222976016,-5.215759875566,-1.4084710209419835,-4.600709310947357,-18.26013225176575,-7.103711806538293,29.779020019987314,35.37401156979231,-12.296985731343572,34.34268354413288,13.619758079155831,9.61334223269308,12.902679739931076,-21.62542564629725,13.337157226567552,1.1008551145942889,-20.561901828077513,3.55301796392289,22.04978264809132,-0.6931498697125646,2.037099643570471,31.946044486506633,-11.086547402345907,-23.130969644460443,19.600325114536712,-15.639564618992967,-30.72021070162265,32.45200681277479,-15.470345828823085,13.096765185953831,-14.266944194142827,-3.6128423559940237,13.56802198188957,-22.432194327532024,6.868329094946284,19.81251360903073,-5.311898764822305,-28.203707736738167,10.198961278422212,-9.728951283008245,-2.803947305256968,9.37102913788421,-4.712928874302943
-61.87339029770767,-20.745424758383415,-20.608194722491415,18.25139314901129,-13.66717346000409,-11.794491582685097,1.9340502091989182,12.285485717429792,-13.139967625358288,-5.913140752262024,5.286663778504831,-0.20151223929513012,0.40573090832512493,-5.150420282920988,5.753518064354846,-5.848200243415114,3.7001417336109017,-12.60705072908641,8.374118438644876,-10.532314924862392,-3.5341484276958623,-0.11295962835398429,-20.5925461704289,-0.8932741683604126,12.949308603100752,-14.480083999861025,4.74128167613253,4.622555376174099,-10.163902940642513,-10.783843034304969,6.9084205774631515,0.6038169960237965,-7.76987325325392,12.58461414352596,-3.951922655283308,-10.262095037049056,-12.093652092026979,8.828278589431806,-7.709485696423192,6.65448477933521,9.765948836489153,1.0230765372279909,-3.628047681708539,-12.215899597919128,-6.043553792873181,-12.726316634510185,-0.3615265131039399,-0.3722336557092203,6.67343340045102,-7.303752028246891,-17.10188087216677,-8.37942825262901,-16.922974157276943,13.628849075764185,16.304942143598744,-9.86743321734387,-11.546573918991166,-1.324121642475909,-15.353517278662279,-5.228265717124974,-4.025721320544495,5.926891949671954,0.9960651674809892,4.005625792640081
242.0747500137529,51.73169579543981,-149.61919894213676,-30.629453839250576,-26.107241565057485,27.998876297400404,-41.20717028546993,-42.94863884917733,-135.99526702446263,19.043466453274224,-29.436315982498037,-6.327998347394728,-42.632623512693876,-9.681339137259027,28.582248975257734,103.3253300632721,-70.18261970269914,39.13703813568471,19.65143837163026,-3.414442550208665,-5.085725843799861,-31.11357035380574,-20.59846000701327,-14.597358107156502,34.9329470954869,-65.6737024025849,-65.36042367183612,8.458114027479587,-55.509017452474815,10.560210308556876,33.49716637334956,28.978467939095854,-14.26908077026208,-39.423841989598074,39.79940996830443,-24.097345598038608,-25.093160266790267,-30.974997010788634,13.534537397761037,-57.950129146791205,-46.62739009471772,42.07103883021077,-42.013991557864735,-17.348823497804347,-22.851974712652282,11.74483125789076,32.46566550818265,19.597602874680305,-46.404980862272616,-22.642876355686372,-46.671954290593135,16.374281468741202,-25.711158431657434,-14.84085346228595,-21.150750491232806,7.215938616536678,-18.49100977745203,2.7526907039055017,-17.761269946431597,17.186085795604118,-37.443270178830474,3.9023313384741174,-32.2478366650247,0.9266582127502201
-59.025144375058126,-20.292198324327618,-23.004923058472468,19.226903929034748,-12.428316739559895,-11.786297906095545,0.5679493925238408,15.120636673580286,-11.934494990707572,-8.26839858839639,10.052260750046353,-4.984063032353784,1.8614962653647935,8.092760945944331,4.13762068978242,-3.5327362874166193,-3.657360701945991,-2.7662057296871256,1.5617359468013663,-18.045328492421245,-7.475932387388107,-8.994709160880106,-20.315244092075783,-5.674217520035508,6.007004279262061,-4.313580285093034,11.363574323392388,2.7833467898940834,-1.476733875307321,-3.7899492390591716,-9.353066056561545,-3.9043024044616184,-15.92455762613603,23.695410081372955,-5.598101513793028,-9.551292306613464,-14.398493707727347,7.760272750845158,-4.124827260419218,-0.9533972910335399,4.9832781659082395,-3.8647480628456745,-11.668529231517946,-18.293865237941198,-11.726322311657201,-7.5345073026498275,4.205527009957239,-7.688130400841224,2.9941251564477556,-0.14665909265199495,-27.840830395436758,-4.909673591737926,-12.965824285403526,1.508384160080153,21.77278206000323,4.379987457601527,-11.970287892973312,-6.885670001084169,-3.843186494874942,-9.267114617094453,0.7112806726410573,1.8585548888115542,-14.028378585904367,8.908224809111557
-61.73823714518775,-21.59255218900728,-9.623394219820034,26.74129615598452,-6.676491212219124,-10.015885869067892,29.40636502357745,-33.005402452214994,8.931478597833511,35.36758199774204,-7.670310746849279,-11.81614316184677,-0.49813047009545885,22.527030320022494,-19.587268105349217,42.09152205791207,10.2830015968228,25.832703180333908,50.31793930307789,7.970817518586932,-0.04148685848485815,-19.614226602234957,4.350360140775289,3.3812511826040432,26.062613591620195,26.051052393815716,4.602902689682073,6.7471173106174565,11.309614350251964,-12.285808590809625,-11.28021328237713,-1.1270364901453043,-7.007188718956971,-30.01409342905544,-10.506323882150859,-2.289270487716079,-3.596464910188314,15.106809551955903,-14.059873996496629,10.275090180730466,16.61720599257094,10.964368874243844,11.761415047723954,-6.933052078816643,15.776874516649862,-0.8900580424855867,-20.78531108794148,7.77341852487524,7.3390283581842,8.167975284214739,4.068818926001957,16.50932568804769,10.837383233996738,-10.589298484541676,0.9590451160809553,-1.3013105768341127,-22.702118487629114,9.891732507993135,-7.094992381160842,8.362152722947002,11.492864914850351,-6.88339173539492,15.393138661294374,-0.9436764376675763
-63.96011764457182,-52.95327139021932,-163.59056457118842,-109.79185256496982,54.312497450735634,157.12108495496147,44.29684552616256,-13.354417154721764,18.17617892707889,68.20007363089141,17.822293410377164,25.904079676627287,-29.831690989434517,0.19591333011168172,68.59313615565783,8.59334504445886,-38.112152875350354,-33.950294169989846,-0.22877821177084728,16.455516744792778,-10.790606845670009,-33.024823340559266,-7.222780621568527,9.090741010224475,-24.72106832209672,-24.62114047949848,16.501322196114593,1.7211848415537798,7.358366553118688,9.720470953468277,-55.9911968581929,10.542521384036506,45.41231011196204,-62.02791829417851,-32.091026071493616,-2.9756680722079323,-5.801723737074164,-3.5964852528316325,35.712155318564726,6.810870245005181,-11.502961556489966,4.842108837365408,-25.78195231971301,-44.98383352313488,-17.72641606746441,15.434932167516331,21.76854891653306,5.940394009560693,-20.68900057159987,-31.81306987332819,-2.1797307099081773,-14.594268283816744,-10.389672687891057,-4.34791288079465,-28.505953884622716,-12.588757656913833,-15.696122568877835,7.116448482056667,-14.3742578061591,-34.105445235952395,-10.12367896563908,57.21576943268894,19.55064648990457,42.390048717821905
148.12174230372315,-138.6178745889637,3.3736448746369816,9.396950962030486,-26.35016285190534,0.5253677620216504,-90.74599995173543,-13.313665189336612,52.635637109310444,-20.691418128397473,-15.273988515215834,-32.68745699587546,20.518189964033017,-28.054813061567433,-3.7050613902773013,-20.388365529047018,46.603416786304294,-1.8188159602042924,-28.23472768017054,27.21850900694071,-42.123014829735205,-14.322680402884368,-23.72376423962118,32.50007207121545,1.9525775890038637,32.64219777603382,-0.043323032641644554,2.956032985775057,-41.33869858211622,12.479853805178779,-21.928767396963327,17.39479214190864,-42.472620478860904,1.3672301708128631,2.0547295182511442,-36.37926105250306,-10.125605794859302,20.120597443569743,8.263235058156503,8.955142821488915,21.391891136352562,5.147090010663569,3.3605650214359852,18.876887325483597,-18.275862999503634,15.291230659173833,-16.5509870141672,25.32374646357976,11.90544494239622,24.097702605594634,16.793517471523685,23.115634028822136,-4.3405394957270325,-23.38736620083277,-22.69303447379301,-16.61021440731553,-12.24059065803747,-11.157446688299004,3.45794942787293,-3.0001763182988097,22.394449190622133,27.439598357525874,-37.62662561467843,4.460544120572098
-62.2102631437723,-25.140270224219734,-20.157140791465224,15.457482844933695,-12.734318799021821,-16.399794550859276,14.441358436240446,30.640005485296847,-14.245776663259596,-26.33366683416737,0.23962695113575455,-8.429660697754956,-7.482172230380544,-17.457236281972424,-6.470494862402682,-18.42122637659558,6.812968679076035,-39.40425841015242,16.06487188739746,-0.46410846258479144,32.08113691405926,-12.229874307058402,4.930965801631379,-8.348974457483196,12.517360508344904,5.921970183653405,8.390666799202931,3.382260346603138,8.070600867728533,21.073123002749245,-17.449327431733007,3.3737124630851683,9.13526672700145,-17.741404318706497,-2.5376053549437523,11.142022568397401,9.149660726491131,-11.146595070191154,21.447954955521283,-24.081353782648065,5.426390438558906,27.70424818634767,-10.034370084936759,-0.9769958125094483,-21.40818051080633,11.39200331683252,0.49243738037739926,-12.15377383578061,-5.799746299907582,12.963517631182032,8.189464126153078,18.2862853062949,-9.129518644162262,11.335448722522338,-4.208388339163515,9.386909617685594,-16.176335922018417,-27.831375623717584,7.602767872728502,24.617883462831042,-10.46882175090347,-1.4449633992075146,-9.090599675921801,-16.301766127741285
185.65966288369643,-122.49261593687213,5.6640818063957665,-3.257792442112024,13.697127666775087,32.41364875676071,-24.52429365003282,-29.54302706930973,70.79482334640228,-8.307248529436349,13.716463673291981,-33.873111438357085,36.58409023195854,-28.603973468115836,5.54198323644418,-1.3458527255432324,22.514658197993764,-2.364633539867237,-11.926590206814385,0.4179440172858977,-6.8999985586874235,9.366148818826817,-15.329776765090903,-21.366807260265496,17.675894683493013,-22.254816311396862,-27.833802684839053,14.550933796544454,2.7349755510981684,-42.12484518756517,-31.396958017015816,-23.370386597445975,0.6901831794154998,-14.423667890067648,8.573812393378024,6.501115915724679,-9.725723882441237,0.5767362327885259,-18.15773166346844,11.628642871158597,13.28237199062831,13.789746764892532,3.9898832822507706,-18.324220304209742,7.998242833300874,-16.67217945768084,8.116462028428552,-15.72827990334573,-13.945189446973396,1.3235565460036394,16.90565129984178,-14.203437028216696,5.505336521265662,19.49022537336882,-6.440047237942883,19.30159842314283,6.346342898759319,9.765500699284447,-11.438760962631635,-19.607725943221407,-10.272247271952194,6.189942479681833,-30.093757892893933,-9.205420255585894
-32.90709643199236,53.92418443530892,14.61040885377952,-13.867000465591067,-61.558013220113565,6.481267086399279,24.91461662307612,-32.1465368893706,27.141747496344706,23.989817617308706,-4.1350464064958175,-28.695035020456604,-8.752613709629754,-9.329278253598703,0.5250581243360951,-5.0322102954728845,39.86028259776815,-15.680036682020717,-6.425197957859763,-11.74603770782397,0.45690314732960635,1.1501360176890132,-47.322379829740846,18.371934247868264,71.2004465788108,-3.5646025216758304,-37.258602034680194,-36.30682015230562,37.36503551951463,21.088465504863624,10.491509407003955,-17.717769103972206,25.88995866650495,-2.1516321728470915,-5.735851283806912,33.605667098004005,-3.2535545278765943,-21.322948332249283,-8.060532864051837,1.7061020735687755,-64.19832729136067,-19.194144095258142,-23.547957512767674,-21.81394362061793,7.684086529311162,-38.04548070034405,-39.34510996178107,-12.92530371634437,23.343524471964592,11.532766172489314,-7.192039404459059,-1.333372209533617,15.441139230097091,15.122379028417,6.548909007154832,10.696116937931967,-1.46761932007058,3.340160761076702,7.385695842283025,5.609169214938553,-4.579898642273993,4.914860300259063,-34.41748920130268,0.40690826798533575
174.70177286718547,-142.00786385925113,2.7576843645658244,19.268056440582757,15.755454584400304,26.970843198012734,-46.60225266972125,-35.134196161945034,34.1077538092219,-13.868855225119761,-20.809466315988416,-28.43289900377881,19.26606359851468,35.870642636047116,-4.291609457086653,-14.770040498247281,28.057483852459047,-22.268802516619544,-2.244725057516572,10.872569771155536,11.71004332139185,-21.9494052607662,-1.7145001463293257,-3.5624490847963286,6.4525107697355715,-21.793931837600837,2.6304977505774465,22.83532740219938,15.04210594600253,24.799070603129167,-37.25733034432638,5.072493928014807,6.272282379370377,-14.894715719781804,0.5731871010293625,-13.713273050156284,14.837527687913031,13.257157586651076,16.179232434652587,6.965137940229276,-11.712641955174474,-25.748950741473465,7.76303058579402,-6.783994970127705,-27.728133379875267,18.15743450621394,-22.81604017774078,0.9829326886487205,-12.140381811739562,-27.7060592228122,15.857288734592311,-27.668398521490666,-13.014711758249234,20.683455149391175,-12.020118198929417,11.411843125278148,19.90642612207197,4.431427486399174,-15.127734895162869,-1.0489791449129202,-10.13809064764391,-11.593047882381855,5.456051859319605,9.799844634681088
-66.04155597211636,-20.67356990384321,-40.33795840661443,-25.600857925038586,8.438690226081686,12.273481909293137,2.9801278463186636,-2.8507068101315287,-12.056895799028949,-5.765734519239298,-11.237423171079561,4.168432423538387,-11.390812490906448,10.652982233400317,-26.250875069064247,-33.57313122915919,37.25304966654722,31.889867994155956,-7.488887324875901,8.657025911304405,25.301609180854893,3.28004333925533,-25.698924052300487,-6.146765167195696,-14.875298452690062,-4.404368552906173,-19.562586140417125,15.981181600321376,-28.857480008700772,-15.462611458216951,-4.904584007977439,-5.2620654373246,-4.7189489232680115,25.074926497319943,-7.039077747102661,-19.658780292214054,1.2894476116485187,-2.301632888707532,-8.249798807430253,8.43227973314017,3.5889751656232236,-1.2059683389606577,-3.751271164427066,3.5448384705040463,5.305868552799749,-9.641214266412607,-15.779576976817197,-8.772382225643735,4.804585094260516,7.210517333005535,-6.040528672103748,-8.621421027333747,0.34949733540819805,-13.280246502809335,11.678396841049747,6.231506789812632,11.999611973697498,-15.403163327061948,-6.986770379855258,-1.3022393281627647,-4.569979347714714,-19.74184047959651,3.9564468911489117,-3.7313261749528652
-55.119698230869226,-22.749121621465033,-21.033888332454513,11.469542708876487,-20.54326064868996,-17.520191372848135,16.942479028558832,32.37209525421844,-17.752978708302113,-20.07240512566683,17.323976005279302,-0.9387865248458861,-12.873059011179523,-31.8350879360968,4.255615113188641,-6.718781981571649,5.237589640344869,-9.115641027512055,16.8157220288843,-1.3259774756842118,11.635995103060758,3.2966429633292544,-9.338586016587037,0.8448108553236942,19.849640656792438,-7.721052371688339,0.0017804750023644375,-18.165411550652156,-16.043513144653943,-6.347332049064917,-10.818126354395599,21.975135702420204,2.0975264922673036,-11.64206713023122,15.482748405381985,4.25727778071146,-2.7833275221038796,3.640788230608719,-15.800303615793966,4.781862332209505,-4.394862312652238,-15.575688811665936,39.938701047572074,-7.22844902643031,-0.40814837881221966,16.984102381325417,-10.935525235816314,-13.615131398879308,3.811198347063429,0.42766739467061865,9.088464885810357,-4.300166940758279,2.2509609025118533,0.5548983858663535,-15.372122630766931,7.0514757642995765,1.9933150449023849,10.112816414403289,-5.018813730467427,-13.607366070651143,-22.095535794897774,5.376231824878919,12.99761063476779,6.581762535645059
-92.3988489260835,-37.04774621334847,-19.370539414475722,-109.88167771006671,99.72846026090642,10.730160539634797,-35.687665100151655,-42.70054849792378,-95.13697115138143,-67.69378069718121,30.53382820710827,32.440906165119,38.81018603536341,-11.02372953481116,-67.16624610605056,-60.10233585442735,41.698852176423465,112.96225936564709,-14.376758396777017,-31.028397366616417,41.440059206067396,65.9398842606741,-42.12061440613524,-5.347478194534332,87.57784765690359,10.295767413353628,30.355541253951575,42.90717888124562,37.08244990768815,-2.3609446174982462,-46.05642392907068,23.120940802750304,-0.932665144893697,36.95944686273635,-4.309804612940822,-13.705188535859666,43.9192992534015,54.884750993856265,33.4538370760776,-5.916030949364726,-11.511879678322073,-16.39900710979487,-1.4906368559892054,-20.680189519195384,8.912309436287584,-13.969491665092491,18.75924628360001,33.49781720694242,14.131013774875335,-12.717911169045557,36.08162946845651,33.090280771151505,5.037375439876662,23.48563345684832,9.126422223208483,-12.908601985616883,-21.21995639354412,46.823053298190224,-11.44546481518974,-5.308990032776676,30.435854215234333,-37.96143983302477,10.221874069370676,0.8112830146291998
-59.002752957438304,-24.69342162823326,-25.51329962307492,7.258720524011479,-12.997253232106328,-17.20336732810276,-11.227218728199764,-2.8184587888739587,10.309052835235322,-2.9202748536307075,3.3550300289525796,-6.1321507939343025,10.64298224857892,-3.2334870079692704,-5.844894668881817,-3.86095039851372,3.269515071146503,-4.468725817516253,7.098744317054463,-3.5202283378324033,9.425075578538037,8.205083099637234,-10.457354492326328,-7.469846644348717,-10.585011349214687,-15.37545774590907,-2.004574556180105,-17.117712619817002,14.563218704927044,-22.17988261462182,7.304265530477402,19.775675307880636,-8.348062551607356,-6.017475907863212,3.1677350018390595,-3.390490017398658,1.5328901885953203,-16.146898870162918,6.47108306666272,-8.88124682294418,3.0415636185578667,-3.2999671716991057,-3.1420098528802374,-4.138172417948764,9.722213257554406,8.039089732906804,1.7588288653224975,5.345568773791376,5.813794239323331,9.790778655571781,4.921891812878254,-6.630633003329986,-14.172253912810799,-11.389165925907697,9.78813159903987,-0.7684900201432109,-4.209488625759373,-0.1528620165372265,2.245840916305778,-7.162767036583102,7.815288459272872,5.029284347442422,-0.5552037403630593,1.243241872906034
0.7595804565480305,-51.7340405595875,33.86788952675362,-149.06013161327922,173.48771942755687,38.869789809301764,-55.13583291001858,-95.53128297617158,-91.03675552939679,-71.3323350918417,64.67085372825179,39.207007994018205,63.33848972196264,-13.998636219016237,-52.27175945137095,4.585409836961639,4.730601709258085,55.18871545807239,-26.798282402769146,-38.75421258868849,19.016023117843247,96.07879446724603,0.9760030052305674,-20.653202608394405,88.78350379927517,11.757974525318872,9.909196804865408,21.505249645894924,68.25075501547862,-19.676771355199357,-21.689133120275283,26.33521798106151,5.126608626638399,-7.274919056589919,20.635084603611215,-1.7241225333574828,21.91563344842308,-24.743419721651065,27.70618023204097,34.07150819244717,-30.806322225231963,-10.419943985895456,2.6235487058293554,-5.9891742775211085,-19.505597702199275,-16.520930048323972,-5.8207591518055,5.348449441593269,-28.216188430487087,-3.6937391195247185,-41.30359073218384,13.100095065603123,-9.538629770900588,-12.532529968157577,24.499137258860735,4.163260660349121,27.018617074604876,-4.727778662949491,-19.027647147427505,17.830663025494566,-15.689984114104124,8.425241460866356,-8.512122975090554,26.50836577596672
34.450817587696534,-10.047315834544717,54.5366959600626,-135.22922569409627,-86.00735293207941,-104.38279533102357,22.97505821787813,35.42812445200826,42.861565399066436,62.501649914737534,83.74640805162241,15.916845807912804,179.29078794489376,85.9979075515062,-57.94154668900325,13.16378483513331,36.707829640098865,-115.23235457786257,-66.73868887608816,46.447296906452706,12.35646267086864,41.43195729786221,-39.10755824329974,6.232736228193899,-16.67502840129388,44.48135020436198,16.29221805559374,10.180178659134038,-24.155611996448254,16.9615647305672,17.337079511153867,3.3425956901273897,-25.0177749832154,-24.52508771883315,-12.25649816594161,-12.992287085105389,-37.02445511388289,5.195165656021168,-3.146970335575897,6.193885871342513,1.0787239347616635,-21.805776818569104,-7.786744362393723,-18.19127466042505,13.674807583178987,-9.000434692608474,-19.66534359960367,-2.2831766084113783,-29.580671383208436,0.18039057571374548,15.35926336195185,-7.272838521832875,10.50501939408352,1.8812825268324127,-48.667355731863246,2.406724401146224,-32.930661805496456,3.914756262588211,-16.94247276566296,-8.941514045500654,-15.634149994632196,-19.626614453717128,-11.644733118903304,37.687652905745956
-62.45860928299174,-25.05484863059503,-19.341775194011795,0.7159881671410251,-10.584878543373254,-23.490595228890488,1.867526929332499,12.420026404116438,8.877612260161863,-2.151928937502905,-1.5654771449832816,3.266841146650785,22.861261589542647,24.21330093691831,-19.070683149259334,51.68558698165414,16.54004757532726,-0.14954683343441263,16.598728427029684,6.1694840622161795,-4.393768087039835,-5.732067938590944,14.247561820810676,14.083677305519155,2.1256433748192656,-17.49684876396987,-13.797413475936004,14.801148650116028,-20.111953960178795,-5.854191678436158,4.844718222372638,0.7234128489406849,-5.71964237429861,-19.68199143772097,10.732473339168529,9.702554677923668,18.733753070635224,0.7604305196826313,-11.435260784917455,4.782054402477143,-15.701330964484658,-3.11477645799567,-8.586031811534166,-17.48668830726646,-5.344441466189175,-4.351953871238862,-20.971050557616127,-15.62936036688156,7.056844570821604,-0.5996063318805372,-3.64391534865518,7.588249172135286,-2.4790915573746792,-3.389701647785462,-8.769291366528156,-3.785444150272016,-3.5969509139729534,-1.3508564766320021,-1.095707271926628,-12.905649267051132,7.494250673001874,9.72899413036783,7.606705525010264,-18.323509201751047
115.57248168616472,-143.53470838117926,-43.44757531571762,-52.43084076154215,-17.191269480842266,130.18771154232482,-75.86528613094423,0.7203122404286431,50.94119061042593,-2.5754595553245645,-13.048959351699926,-88.85324640278236,32.02413253989084,-42.529517017287915,110.48085413874965,-19.14329903480738,-42.70475799865323,51.544262676038876,56.25349342532233,11.672952213958434,11.945777832175578,30.913296204475262,9.203343159674832,19.76835652528516,-3.732696043671239,40.84825588624997,16.198259697053647,62.293645061297376,-42.04376182817087,13.010451419402619,33.27628951474362,65.68393754950746,40.30606130005539,10.001766371898915,23.342701843136595,-10.984729277980007,-22.013456315337823,-15.378085737923419,-22.661254543331896,-23.23437441097263,-18.804353401881144,18.803714959008897,-26.535184930306905,-28.979833699651792,-25.208772979488874,-29.871558174319798,-33.80672319457485,17.299845544410417,-5.7386708143062775,-12.847604389702319,6.1394683378551305,-4.031923285865482,13.276450187142341,-26.12122851654897,18.54096391990629,11.647534854416888,23.362158857010062,38.693937007628534,1.3770874988053885,32.47970620555868,3.254668721142471,34.59257856609811,-2.5614607558450078,-16.053043194469506
-3.1074980407143653,-35.028058496480234,-39.87482982038552,7.070872220692854,-11.858103191818135,-33.85074493395166,-20.731378007239766,-33.57247887249115,-16.430972299747427,4.0780836025105796,-15.771266227105336,9.218545686368246,-12.3332318550804,5.951066434406376,-11.374275452652716,3.8981277489469752,13.35336632804632,-11.422394528492774,-18.90413128096672,-3.71358087340411,5.869361623902557,-9.805792772249132,12.538847337827919,-5.907319138438781,2.898135622509352,-25.49260616590439,5.193589705595431,-11.446290438267676,22.31264618926932,27.47428254381696,28.02642669414451,1.9813212907852502,17.961371015778752,4.550672197031985,9.231095007996105,-3.664924235659084,-0.5174468241433116,54.29481365738268,5.003532538733697,-32.989586565224755,6.096473955722781,-7.776857151333003,-1.3495593010521352,22.21386350737241,-75.72620721832622,15.980081688813168,-27.230178610254267,15.59240155615495,12.40081668282366,-5.662536765839703,-52.5083211469878,21.94473114172537,-23.05195475940193,2.032762718489723,-23.504742369706964,-16.202906435141873,-7.97514640627616,7.942484044676329,19.264581275617186,9.735071314933036,6.461765275479811,10.562701248352246,-0.4764781827743159,23.412151916181838
80.67858957361598,220.32370000411782,-28.592660389064577,105.97286190582089,126.0022333222501,-61.69390431912816,8.377608241087737,27.523609945585928,-32.134023411533754,33.20057769649853,25.75634995679663,24.848324398769044,20.39749974192681,-2.334235390275405,88.83785989875383,22.40516112344171,39.333695039220785,30.829629405047516,-38.066989606321066,-29.48582074361268,29.598281575378326,5.950857129949879,-21.17500407580036,32.595077504051694,-14.302667504992524,-12.816908251896988,13.058376662535679,40.108962051416825,25.267758092745897,19.677794584055533,23.53227207889155,36.02902790953881,-23.312867006816333,-23.579470523576283,-42.87207875931209,-16.072453735296044,23.1502957414281,-32.36431140334827,-11.00675222890002,7.358920341707718,15.263480508992043,6.583328768181879,-0.0676294289634443,4.906970230733922,-25.37720307278344,20.28390965854138,-2.3926008149032674,-12.54546530313967,2.609499811627643,-8.23979434647971,12.421453748354025,-8.84282356217859,0.6578039136347146,1.2962393496779865,8.862571392106359,37.29755891419892,-20.48940476891096,5.4341858370338345,11.362136394973827,19.654873579054613,8.690651144715881,2.142852695392454,13.06716974579869,12.935962487258527
113.75109102547829,-127.19335885548426,57.78687539313666,3.097687746614512,5.473630070285967,-11.984399763318889,118.31390098519167,155.68189567386656,-33.37663935905873,-86.76010438483345,21.389228542347436,11.973789752169203,-64.9415176822038,9.438735463340683,13.648638933413071,-1.5290062684548111,-5.850388735952502,-4.5927203225958015,34.019950373812144,43.85530064345971,15.02097404134425,-43.82831381138479,-11.69598726849657,27.148136742904732,32.65806424100631,46.77462464670607,17.10254431046956,-6.010771793146675,15.189996885004687,-25.596093520172353,17.127946731076182,3.5072181909532594,30.007749806372242,-13.875841627426786,-13.6035592621814,16.30555995912809,52.921339938413126,-0.32588918895803276,33.43422436442885,-23.90771652226929,18.915488161094824,4.119554460464187,-17.32071830578041,4.402725308613862,-36.14443868237682,-7.0962132927428945,11.604311011337883,-12.122991826852992,-6.679681620019735,-7.836425098469756,45.027590213850246,9.62724966669039,12.380408458304423,30.79659368713005,1.2289236167239197,17.17121209359817,-12.501343317598952,-5.2790629507892755,-22.05431969979488,27.958830315116472,-11.271011219129777,-19.700848572030413,40.17819828153213,14.38125070672632
20.121210879821028,-41.33566655120027,51.071361023460994,83.16726066027205,58.652337763072836,-10.388971092630186,192.29073105710836,86.99610600815576,-32.832463575079665,-30.956482681042853,132.32093482239006,-41.701776410492556,-71.40107257665424,-132.6337057464803,35.379134191178274,-29.0577833352227,52.654419314894575,-49.456844727562,4.306674525289222,-81.1724444013754,17.24750638979575,101.84318980473138,36.828434978127426,-3.298281992288361,-23.54804879214686,-25.891944513829454,-33.5686728607801,-33.54446980464477,-42.82218554524849,19.968997489006778,-34.43118356718483,13.769011764675074,-6.6185376390632475,-11.077441157956354,17.27746855090533,-5.639295968641885,4.6018018713689015,7.828738338570916,8.571893112287968,5.232483236406512,25.180624197732513,7.135971574062264,19.612235992632055,-0.14419024282176912,12.411698622343959,36.385075782116196,-22.881297000472557,-17.71194997228541,1.7745738019416974,22.952455803373493,13.093796857796553,2.5251932246742403,22.43635615406205,4.403725795453582,-48.12878255969514,57.65195798748161,23.5114536320072,-18.69944320689917,-8.918985713347793,-0.16790038874819477,6.940578185578341,14.25013027713031,-44.02965207119602,-16.709828981374415
181.5968140642722,236.6490567893526,-10.813484292624834,-110.48892048546554,-182.73672033716636,-68.89249072845085,49.187051411372565,55.17963161329585,-4.337780564774109,99.1610534074683,56.406490675061214,30.382689665295473,5.531537859926934,13.91917180208448,12.583232789789871,-110.86472074218749,39.83986301274499,40.27861580853742,-62.49033724550247,35.95496678870077,14.315356999397812,47.11874785599154,59.97404059657645,95.21769139548759,70.77514564678569,-57.6452091791962,2.7854065249023514,-36.602678667588,12.128816172615506,-19.389905180572026,33.41536986968406,28.755778365844147,16.560035385555413,-49.31542668958832,24.015880394785444,-12.436567303197615,17.94189922588888,103.87497946822079,-22.487068027662634,-36.963656035643936,31.73325219027449,65.41759929506347,29.900682441725433,23.865406395840132,-81.33574670535278,-15.167270182518223,46.938472104916464,8.626975127362705,26.203939366585935,29.683023097669547,-52.74835481399066,20.481792417468373,-1.7516556634239642,-4.004661549903114,-10.048533306021188,-18.324270149094943,14.373334632844351,-12.061469330477472,10.25047779671182,-30.895933936264726,26.66984961953116,-15.200556156835175,-30.98967711508672,-15.611615959466222
-63.215909501516734,-23.404876526650707,-9.05209521156512,25.599663499078915,-8.65714343057249,-5.239043262962162,18.505592700162893,-38.65313012228309,0.6611919544639,35.96531426097557,-11.220450585471113,-13.920366351866267,0.5957301062303265,5.78538204586957,-9.909696216196082,17.750221705498518,11.786092053516668,-3.367857516456103,26.236339439342693,12.982354904121442,24.90011380278181,-19.81118542204145,0.7172317403731479,17.080951304326366,17.296760985855986,-1.3265965739806609,25.40603567970461,-14.718906762608489,29.07280536414846,-16.858978700861016,-28.283015301150456,4.610185997732486,-12.420553453612442,12.781206534351119,-5.878539923627066,-17.61479728561849,-6.5373806364940465,-0.75628040431656,-0.6378673811515508,-17.852927737153383,18.83394391488472,9.124832702776311,24.066665433561806,-5.328024007490601,22.96426502508687,-16.607179520627973,4.4865139594096926,-7.329295207361223,-17.848239453988057,6.0185188329658725,10.264410805691366,-19.77707933943555,22.986177287556885,-5.349836876903058,-6.474467669725937,-6.654259910489751,10.11301738964215,9.569603400158014,11.920064106794324,5.310668487657282,-5.635757451404142,-19.839611099556848,-15.911036709133894,6.464837251802316
-35.293760243151375,-21.63400840991562,15.205890612294736,38.082584601478956,-24.302471377964807,51.4738380004373,-15.470682335342124,-31.670546974969515,-54.69270409004004,41.099016694429665,28.045849022041835,-10.30469911460402,-14.409631666861285,-8.788519377057328,-28.26997927297089,35.796022150056054,-4.307275885199047,15.11186690020134,5.9465971068702554,-2.842900229273085,13.672487161585865,3.4715472913801206,11.816464733299204,12.784816238515015,6.784307252040702,-4.253465203527418,-3.983492169839951,-16.403999075729047,-26.86786981918731,-13.372086084514072,-10.074037833585223,2.2569051321149347,-11.560622821790032,-12.511220312526348,-2.5961384529444627,35.13893333150409,-21.755059010772158,-2.111082367076881,-0.7290371498095836,-7.04431415583113,-6.551087630311127,-5.111796008915527,6.090588356257679,16.357918322946134,-0.4184429700287744,-2.6426693073416514,19.549971401951346,-7.196770957199608,-31.71312080186493,-5.055886784262887,3.718966504798905,5.348505433837543,11.16405864469562,-15.20316470990853,-5.533971523505212,-12.414498579520949,-12.626319258298848,23.98616453954761,-2.0411236686030065,4.65705391359723,9.467207349811192,-21.60718991549288,7.771995470072454,-11.788684987424404
-49.74110210311271,-59.50622840371461,175.9057336746798,-82.44341252079782,32.77963573056291,-57.713252455278926,-39.720695067697896,49.96629592929758,38.34705809239967,147.6430287035052,-77.57709691619313,-8.275171328537438,-48.809173676234536,-8.02619408952445,67.45814200055018,-48.552346762724625,-73.66763190281101,41.78071326257473,-24.217825900798537,-35.12481555519121,58.03742549888994,-4.478366474619264,-5.245228845050259,-14.25843873654535,-15.15134373033131,-27.338885711064894,-16.204815565956743,4.600700997129713,-10.389740349451248,-5.75690315973572,-32.18820999356307,8.564907055285994,-5.796498145325816,-12.264404372020513,2.966813980512643,35.722569280390225,-0.8737815908156581,0.8203734831195312,20.689534872242028,-28.923808259150423,22.64923000861888,-5.711185712561594,-23.006674614695708,43.24751409955056,15.103234098074807,16.267432598657013,-24.624336972092998,-31.23233181014285,-9.715470488855948,11.75727294438745,-32.47611037088224,37.70871726799497,-16.403018386595686,-16.979701700714074,9.32746092105733,-29.044656972409417,13.428747734882828,-8.51728581048926,-28.51067785821087,9.6671361545415,4.3840979071539,-26.477495197876213,17.213307155242173,11.199200878471318
-65.84597660161565,-16.235775830003977,-13.397900015291158,-12.921440760423515,18.798965035328578,-18.357796526340604,-16.728403084658645,-10.504079584549844,-18.496879694664567,-18.801237897458137,15.989759863975337,10.839970028494571,12.89208023741907,-13.20888873301698,-17.418430872653637,-9.697661105774282,13.648694233169302,18.33006952981013,8.328159217443048,-5.827551645636951,6.956656237034824,10.73763681773279,-18.479931617356762,-11.415607487082072,35.509819716735514,5.264783400312253,-6.580234979498062,20.4624545631363,17.090973750099284,-1.5833980356808142,-22.32204416411512,11.07467011262904,13.26554223697954,12.580391208361092,9.909084321301092,-23.08749032540701,27.337161263244077,22.691962064929474,26.152736184588743,-22.22936670619407,-2.9618047071856037,14.007509475276679,-24.490557845503663,-18.500290592574068,6.410126249057204,-6.319328086948263,11.937026123787563,27.775979680348165,12.815296163415477,-12.658904992301732,19.062109504158155,19.38452438018097,10.902011168013717,8.76437621965306,-4.436944073663482,-22.583771640626797,-22.699964938551837,29.572506996977356,-17.567498810809724,1.1934459230591812,6.94153817215956,-14.026812726788933,-3.2157180171635025,-16.022966172723482
-34.640603862865206,-21.277501596353865,-22.57104079041661,0.05903610978915742,12.550900753862033,-40.15231777058894,-26.840629595188926,-15.667334182102586,-31.51377344753699,4.471406945137439,-10.620858969645194,25.741226919542427,-4.986287412059994,19.33291726357052,-9.668623417476791,23.036142291280832,-0.20848784527130806,-37.20368668085834,-8.11895410615188,-12.961896533903666,-9.222782578315599,-5.764463427419658,-12.89523438946377,-9.614003076909796,-2.8392598492513175,-15.078174281217885,-24.987045821548918,31.304511056314308,8.412102487324788,6.78276823631582,-3.842130741490714,-5.156831733317366,14.70522375135054,22.76952894161964,-2.302951987727772,21.187967606327703,4.7494024616216475,-8.611505835750858,24.485149867505175,-20.88687928576406,14.484881306207853,-10.91178356770713,-7.34829006340863,8.192371898047607,-20.07347207265076,40.00857291776537,-12.670769493421766,5.7872268173001356,8.845127125084167,-15.58359105056698,17.171451131510974,-50.432817360154225,26.08740607929756,-11.227156803335028,-11.076105501929398,-5.556639691282926,4.771187612371023,39.657641414744354,3.5302478620628537,8.721469742142915,33.61134429184365,-12.973867488164982,-10.365132935401768,6.97437762124604
63.65492681308359,-26.16119933382613,-54.12246664994968,-4.808949634733372,17.945372985337826,-60.13857802201702,-23.457582377302906,-41.18768653377801,-54.72601024933595,4.30988122668622,-52.04506828054411,39.84456525247864,-42.059334749561536,20.248216640469625,8.863914335112007,13.848752399076416,11.04125372063078,-46.27691708262226,-11.474157222451343,-33.26606479980167,-10.599713371200973,12.21755301327289,14.101715357040554,5.570862106160087,-6.961818465273156,3.420945300078751,-12.968000660498086,35.60537648075575,43.164347109819325,-2.5817993579154055,3.88220349201189,-19.86560483341574,12.104606152747458,14.46432075041424,-28.583663465357255,-3.860404664546574,6.075805469645396,-19.99490417247896,-0.8120724207197884,-0.5138488295518882,-12.482229286025767,-28.369004646397965,3.6395471582629386,1.2795345360516204,4.615548594678788,26.461433207878873,-28.496639046820682,-14.860181004545067,-7.1982114975774,-13.128657727157702,8.52867414943472,-8.820301373076653,20.02087506154558,-11.585740424357523,-21.294812762030936,-10.663265015935611,0.6094027264066073,12.22890912803221,-3.0625880291307244,3.0542183256180406,-0.3579062947655177,5.745192661889919,11.710749247404525,-13.25960043435851
255.1941775517866,-146.97007620714464,-52.40722798269746,-112.0877728676559,96.9658242334641,136.0705997671094,-63.27729957999364,-88.7412270699122,-46.82374997144458,-20.900609426742,20.87485496882744,-25.36335035701771,28.781427301144063,-0.43189346518648575,-10.624976516041427,-26.69990615701925,-7.351773112684914,-12.280199608467269,11.168047127664293,4.314221753106751,30.598413082213995,42.42968289952723,19.944988715753244,32.663226627390515,12.734750326279613,-63.06189547081197,33.57846079046641,-30.243042464662704,18.126734917092126,69.57151703478522,15.400090643947452,-51.17303169756331,19.73287602498908,-33.97585459078792,-7.038394886134031,23.55196074113139,-4.3569057691311315,34.29825974865936,-6.200569734561486,12.560447900190068,28.983403726115597,12.060313481863314,7.921330806518983,-8.635967465072524,15.43614552158097,-11.787787517083531,-28.2774639418994,-35.283313180783225,-20.913863628848855,-1.7763996284862134,19.956309510707005,8.339152395188014,-31.10866541319623,49.57121507009059,-22.08423092607701,9.585298463451691,-10.09853255916411,9.448620891552867,0.6957269977380074,9.376013053933463,29.57590694969425,-31.390723009083754,20.47376171238911,10.146326681422677
115.93929655080424,-139.43810936479855,74.43430694884567,-33.44818258939526,-1.8562979213902193,-28.10163163574354,-99.85561657658289,50.76731910274363,29.396582927461438,42.89520047714302,-78.60375310175992,-23.90595153272468,-34.18045855723562,-34.37901000423534,42.908562009848744,-8.178822043864283,-14.983466065067757,22.931961625225508,-18.975417856508336,19.20078217581142,-12.769411864899743,-36.403719508843935,-18.477101443156677,13.664609164399717,28.150166140900556,44.94143482888047,-8.712797383990626,-11.617238701490768,-58.158972145777604,26.947861697377657,-32.20462726048954,5.401996186081229,-12.804333679682957,26.184417821642274,2.269654515399753,8.511421448437547,19.354131170935023,-41.95390616109806,0.8573913806125972,61.36526403662898,25.044688192540185,1.8734959478661295,-12.897504770824579,5.368545993254046,5.064357840582359,-13.482770880816869,-6.514291485480723,17.522403114203254,40.06717847317042,-34.230062379834756,-27.17663364273471,-9.12531848701701,13.884325939396245,-5.017901631454243,-20.11405628276547,-26.602966035144537,-14.9040638286245,1.8269501441650524,17.843099336478573,7.054165953713208,3.7087167488254584,-20.262785942262596,13.311853642638717,2.4854624581793363
-62.66021833287625,-14.857228250389568,1.2291512949247514,-8.123734730058215,15.584276680530575,-18.096077218050606,-6.2259004868903265,-1.0561130926471687,-2.8371400479337905,-19.937805100448223,-3.0875105222557595,4.969226218153146,9.583875073963995,-22.392567729060982,-2.244913165067318,3.319122160876056,-5.339231898774727,4.416069791586863,19.384118237179752,19.5436988152146,-36.534097202497776,-36.05045876971075,-0.7608927693624182,3.3185892458114763,-16.029257185512318,6.727763153102935,8.587382728694594,-31.54026798525097,13.266989025561987,-4.204946183773902,19.05760354031491,-14.17774810929424,-30.813157092532744,3.5474193705253834,4.09984388294719,0.2603040261047915,-28.210955857739233,9.61234588995909,-10.12918855694773,-18.860330692553557,10.375412350715514,18.3581988808899,-15.601967385097806,9.059877054952192,-11.776008463714504,20.642720290217092,-11.628907611609138,22.08691104200796,-16.86134098047968,-25.577307375734975,28.546072001143987,-7.889864094121299,-12.142985695485404,-17.12989670020583,4.765191976429618,16.97601753093655,4.0315391232146025,16.4152569688785,-15.368614870506674,7.1498030255841005,-25.676334123825857,9.57566605086452,-28.453979204266943,-11.748458057339308
-50.15662462311772,-5.892842249975939,-39.19906390210279,13.215496366829788,-2.970898038807858,-20.76440944298268,-1.5546091590195017,3.873423759882986,18.69919219129923,18.236981187447473,18.553450458189104,42.095802461833756,-3.5952619286380476,-37.37091428216765,-2.9099460558411954,15.517818892935855,-2.270715122650579,2.033838188921435,10.484975406936634,36.81602779902859,20.587945311793696,16.729396802492268,5.775881238975447,-29.205686319064085,8.168455713371634,-3.4623978759536294,-9.245607835809432,-11.442832427965868,1.0987335827851232,8.480923284675827,-6.860646455618924,-15.934537142164364,-21.697683831119907,-10.583606375281857,2.274831370005585,-13.568807110935019,-15.510138094801226,20.385118554465933,-24.89410993061389,-2.405902448379413,7.825376415009526,-17.134388110036472,-39.00738046232406,-14.258243858925866,-24.274827253612195,-22.701348328739424,-6.537514097108478,18.016907464999825,-19.285967545205057,-13.021127320542359,-0.48267877759828676,29.343876178421887,30.214193108357044,-11.611162953579752,7.768921662192182,10.739089406365563,9.69480340331126,40.012403171521086,2.6028483870662664,4.683413962325509,-29.73196296050825,-12.521413747505504,-13.207512663765707,-0.9122581359322474
-94.05222502351296,-64.23248107254317,-6.512450586314687,15.133473572575488,5.080773077384052,-16.242914521019838,111.2457672849191,44.83935387185326,47.96866252770966,19.64180442882579,-32.22267946909869,4.3813627627750895,-8.936587462707914,75.99909441280194,-51.9482396380204,193.46194613774145,63.5247442477358,68.510690632163,99.37885614262852,-2.889181348462797,-49.04991439738257,-12.653915094817885,68.26476602313517,43.439804477176686,23.920961635631954,13.60153664591145,6.549267599443348,31.476773951210557,-4.150683539585182,-19.353287222741,26.30053083153407,8.089697200313315,-34.9270249353675,-84.74355107922274,23.182103038888904,-8.60334015785076,19.27915824658711,33.562692913806224,14.174929497570927,38.66042813205545,-3.35655923502295,-12.635932212224647,30.7755874984684,-15.033045555553201,11.392443276144116,5.264435512282775,-69.08426767460712,14.420250684770933,5.9998670961775105,12.6854417617818,34.01757762102755,40.27236499997459,-64.32325937738077,-4.443800794473842,-11.61578870580573,4.313507016098461,-22.746655789115486,25.211021688061336,6.796636409564986,-13.688547901247798,39.818767237650896,24.065529747455113,14.868733127801905,-24.863451143814252
-62.475503801894675,-20.926184511905518,-19.64653955414966,-5.45203672068377,1.6869648201175704,-9.46289455522355,-13.636910544960434,-3.3829336715418834,-11.119188331129479,-12.293606294378584,5.711666235454191,-1.7219600633953112,11.71743012122747,-15.763364389721842,-3.814753406077749,-12.067758235035836,-4.532642550761668,-10.514297401734844,7.5600703841824695,-4.716622791326947,-6.153962625348502,-13.991461731706002,-0.138733770682803,0.9586542221844934,-1.9060421604662665,-10.215207702669085,17.01325487507083,-26.47914783730938,7.830090551280711,31.793420201689816,14.952721461648412,-18.110184137738916,-9.531766913943523,-34.421033865719686,-17.146511003394536,30.202685140663746,7.102061477671823,-1.6382889538683105,-4.983398267184053,-34.99164419951186,31.325484677516975,-0.8832414920401522,-12.165981222972704,0.6158126264706251,5.542223625872219,11.120288985535359,-5.645802588413103,-24.22203084185525,-10.037155203718795,-0.6162353819232156,3.7767772596188816,1.383725185761771,11.090865840789776,9.914691735199034,-14.14890329507413,-15.745155259177963,21.245466208571184,-18.50646804355555,-13.57750323726445,11.475938108104476,4.973494728395738,4.797304423928258,-15.873931496988183,-25.349664448713618
-63.769702589645505,-19.577966933305415,-26.04632351067305,6.436010619339431,-13.052703031186288,-17.41749982918851,-10.7432429898389,1.037267287297237,1.1154189423255731,-0.3117742857457247,1.787342868298944,-2.804390434299675,3.2684634002751123,-5.716568345615963,-1.513025538574909,0.21165865552722485,4.274235641626649,-2.3789465502209928,8.02282374372061,-3.696345911137223,3.054285002525232,-7.175791137694848,-7.029174867096119,-4.225016003300745,-1.1887886365902245,-8.435539445524476,-2.8525857704639783,-6.50522290774392,-0.8418819003859167,5.9459365674099205,-1.051627345297836,7.657291943309541,-4.594396280946692,0.957662834376041,-1.6110742898711474,1.520469588117477,6.054659862735184,2.0465110631612826,6.614259941194453,-5.852826642637155,2.498650706630233,1.4590827165719988,-4.358266160189985,-0.46989959972920936,-0.3276620545290934,-3.2343031605337957,3.9969568664664696,-6.036140541111819,-1.517729378138254,-1.5146721136402124,-0.1717137150001056,-1.677901632075868,-0.50737977882962,2.6162577259083144,-4.786491833184805,2.577338889902171,0.6853800001854021,-7.322323543858138,-3.9678418992745326,-4.496542646798772,-10.105057449249317,-5.392436106467663,-0.2794323935241557,-3.117008804701592
132.5479826365788,-144.40308865933332,27.667911477519656,38.76132728813402,-25.646465888225823,30.17157951568973,-58.415790815394324,-32.19488331462249,58.684111024780464,11.722554309003156,-4.903246773201385,-51.6012618915885,18.043210543509264,3.176231741056369,1.758858354529083,-25.721066729933373,45.77414437328261,25.841028311265877,0.6101511460464926,40.066816756754186,-19.86954722081201,-27.103822112960344,-23.944501869559023,12.220526739983905,9.197002005394003,18.804228484842827,9.259396031815285,7.223678524098156,-45.036962282469055,25.151302994884265,-14.897842978999524,37.76499350124499,-21.628110743247497,-1.670700402270356,-30.78809742891067,-34.17840218271371,4.868336102904602,34.49303978140567,25.2419245710709,-0.5805074532460006,1.7008393425453463,21.273274087477144,34.9933169068081,14.326657528049918,-17.48745257963684,0.15652896542338463,1.7498276182618426,5.118330527138965,26.299808242857722,-14.444757283157465,24.254351455108985,0.6816405582327086,-16.353070255853726,23.024959819140207,-44.55028580096603,8.563483394864383,24.27204354138535,-2.5359748816958563,6.147183268890923,-43.31599337667352,27.507947051293495,-15.37575969575976,-24.089859729850396,14.84275099852595
-61.722577028394554,-22.949707143494233,-25.8861790172101,7.5733707982851275,2.035523972689073,5.122522733178536,5.187261013765518,-10.354995351769515,21.261033558798353,17.106166650574888,-0.3357471231674819,15.654511181602446,-10.070797600669104,-13.894283698946401,-23.453997926204185,3.389947595221858,17.18429368238604,13.618020493678207,0.9670828594456684,17.47176087945431,18.02288718998704,-1.0064195754359515,-15.62291754787782,0.32731247276500736,5.272596543908232,-4.282257945904976,-3.946894464720686,7.000120723504967,-10.653359657709085,3.845454598113724,1.1120725406032315,-18.871462824089686,-7.492877858056097,4.6814655192115024,-17.327498462317845,-3.3059924314995164,-10.490254441674484,-23.711843881121716,2.518915433282293,10.607598581519852,19.70174167255253,8.25856286611514,7.569419514879608,12.068094847107089,1.1297345879147167,-22.665755361578718,-6.144470408833412,-6.698409088449076,5.262924076915647,-3.9199573351044936,-11.963671434063551,-0.36511779338118044,9.461698667342638,-3.7275111994316514,28.03072947426219,-6.494705577790034,31.414172075947704,4.160090884269092,1.4411031584658247,-1.9269095246928025,-22.59079393403935,-23.583148611141773,-1.2762570481274398,5.394162532557748
270.9748590812649,8.072884640273498,-114.54629865726397,-52.67023780073897,-33.477378950694764,42.495688588536076,-42.02294116991461,-21.73260051087056,-101.10115214626623,24.205234022533435,-11.275276440218931,-58.28682180080152,7.480906172495842,-14.96619803710448,49.03230999240689,78.15807359429057,-32.72266112204472,40.78191087292522,-29.96489872778485,-32.41724807700214,0.986349048610167,-85.54942728338615,10.989414331231746,-61.27060711277005,30.71532864603393,-11.435780877043793,-37.63985113259438,14.160482002222388,-51.12860815716104,21.34150352573557,20.360410372417988,13.233627446004437,-19.821296931224527,5.201327417716003,-1.183361103129738,-25.3154208792906,-26.385990276758903,-40.58866742797814,7.309401408667847,4.903314279594795,-27.14781293618383,55.37710913995556,12.067327056125595,-5.402018577261632,-3.863855198120841,13.703678667107432,19.17000623766197,-20.32097419758206,-24.852364547588795,-10.58775851273521,1.3332894849820003,41.71961490483262,-30.742643453260353,11.410313574785373,-7.722249879166828,-3.624470881856321,-11.761163559871676,-11.096519150499937,-12.444074759294185,-7.552100295153393,-22.934587599150532,-5.318992315975946,-1.8102173301128668,-10.27031946878491
-63.67160003709773,-19.271485376980507,-26.376424701434388,7.109907537669106,-12.850169950332639,-18.21506616796328,-11.493823792268245,0.971617773997203,1.2458157171748616,-0.04011921017830545,2.1824198537729913,-4.352979181081848,3.5809908859753463,-3.8942614442117125,0.3318272184253229,-1.1269756113794063,6.640857851402265,-0.8459182808244188,8.708870217299372,2.4467447306738843,2.072447737855646,-10.42162700030605,-3.7836194344626253,-7.34226204093877,-1.4893922075054735,-13.804984272324925,-1.426486337857118,-1.2741033551003673,1.3055575237851524,-0.8857095965065525,2.9990743639846547,4.586256865060739,1.1790807320238834,7.803934248545949,14.561290690797845,2.2248832430569836,3.998086378196098,4.293592312375347,10.56550469158709,20.268036614767865,-7.226011490340026,-9.267746111849512,-0.9068842466910361,11.377504267534036,20.22779367392521,1.285750161516954,21.457241300896673,2.116756612666094,-6.6925863989484595,-7.412079504846444,-2.607459066657929,16.955392942534957,19.910165533188295,4.112244861939694,-9.98909803736853,4.184612672007672,2.2881083373129236,-15.391089298053927,-16.446289984201663,17.869480016997088,2.595547152263078,20.220130851995563,-3.314355196017287,20.34320803287249
-12.75637728864059,-76.87042358631763,98.0004038515525,163.89192591806625,-50.339079182291535,75.00120664763182,73.36155037220105,-86.83146475438889,-134.9804590682027,47.88613684880231,-68.88851130199448,98.70110622117535,52.10165493252261,1.8359144256295417,12.017143473993809,-8.629172706293732,-45.97540919271063,-1.9103771728561378,-23.727225400830413,24.96839024825723,-30.329769742180574,24.05902758694253,-4.858880006850665,4.318718220370157,19.68262384739275,-4.878400018986727,-7.3626208125658765,24.119733245538367,-66.25776676451666,1.6682297702149553,-8.686928241924134,-2.5508435213218763,9.065407532963091,40.03781699721346,39.74236255809021,11.407119329510298,-44.51964253097666,-29.195189119431006,-25.88012933999275,3.927696077804098,-8.361114985437922,-25.92791264664139,0.9583333933900436,40.03613164676484,-13.891673312815104,8.598567320246492,3.1647812252458616,-6.222309901295832,13.206469562146049,-33.80611038304528,21.470311892118644,13.567952517885606,11.826644463778633,12.661077240789306,-12.11082572805146,-1.9760879596157372,30.99910646683846,-16.341737248243682,-16.118395045919932,-34.26081448155987,32.431397074720394,-10.017437806549326,-27.004316764972405,-3.7707273336694365
-65.51841578102486,-20.79700330972073,-26.237641928481352,8.241734968900339,-14.415455276111471,-17.686906610346707,-8.372088405040296,3.723132135634181,-0.339512884600623,-5.696285822876578,-1.0541284718930317,-2.0815688869613007,3.499244317104529,-7.641253972598273,-3.0952788337067845,-4.997441426605693,2.464859542802372,-9.200482481857215,7.597266060275867,-1.5702525840835793,9.771108479655963,-9.025112861068306,-1.5402106655484675,-8.173065232160319,-1.080273679219283,-1.3081155530107367,-3.6261663811169638,-4.292915419451651,2.9036194539460487,10.44422982780976,-6.059322932373113,4.886585615370988,-2.3529488114848136,-5.948971074393349,-3.0640853169891593,8.708639898026144,10.618162931112934,-3.2661156908576094,17.093688000661803,-14.500802901874911,2.478892146196675,11.733180144468534,-8.74599041706986,2.278911895130296,-7.098054627826607,-2.878812055073314,8.424105285003128,-11.365364764434414,-0.6384203381222392,-2.8393972750913172,3.1675399238841817,6.05933723725794,-0.7182368007762123,-3.9608058699269324,-5.551208474813939,3.4762448021043513,-3.512946661004432,-11.885933547168076,-0.5421705363295234,1.136126247796634,-7.434422685772891,-1.908327892113601,-0.2934357816308021,-9.798135624653337
232.90977656771753,-164.09212455381368,-36.49352087676329,46.486929496007924,8.999555103327186,-128.71929149831834,-46.02168368393321,-36.05139536864919,42.96650949629005,8.030877543195068,-81.18256806120098,-7.711225720844181,-119.70320696198436,-43.695009181127,18.773596011086596,-14.125877605947506,-0.24600847691588604,-4.44878393834304,-79.08963026870539,-36.1886827869264,-11.46889465258962,2.6800290264205757,-88.8820221628006,101.16566659222636,-31.42629118467879,81.72047476254882,4.584040877304032,46.38691631991372,-4.090471652977645,-6.120013905201256,-12.314593250714273,-55.63755506305804,8.135547329471692,-35.8734717544069,80.19085972078817,30.319745965681285,22.364843031059472,27.93291807015695,18.615212707523334,-23.916431967004876,13.007552941614655,-10.96453240642779,17.54923500835882,-34.80194484920541,18.780887681764906,-16.93832007973741,12.266443904839825,4.886361789488256,-35.42712902144673,-13.196015585879781,-17.133422546436535,-39.13974157365852,3.502654851693009,14.912121301026852,42.30493872441055,26.802350605578372,18.43579885273555,3.5527345029629167,2.2077211255398987,-3.869613390605119,56.9239790586323,-27.192604656936926,1.1373329910818477,-10.968516656737254
-87.2016597747084,104.40824691362047,88.15564379682503,-70.75725836701157,148.00535657383378,-45.28261161262425,-37.90008991747299,-51.43052924175654,-6.9330008470864835,-98.13661453818318,-40.06399371179613,-27.6530938738371,42.59023951009466,-97.76503427752002,-8.820362218104087,-8.16419910385134,-44.936672213819044,-23.63962778313812,28.747223439621678,22.300415662831234,-96.12310527404951,-79.37271938666512,13.866314502870509,7.865606144987576,2.5984266361732344,32.794006814814985,31.971479209188598,-50.280815238983415,16.052573708008286,-20.063675167306148,73.1397680446799,-30.872418984863774,-52.25885793843145,-2.4381004157296617,-37.638914947366125,1.8784829302517403,-29.264373200643103,13.108163275668034,-58.330242674647025,5.3843074049239155,-18.119510331303168,-64.51657396394376,13.998779851095717,-10.452677038195949,-21.789112767645676,13.346730296225804,4.983213082055976,31.060599092669165,-71.61301814312058,19.638597005644964,2.601156755780665,4.053912841847647,-15.121975757615534,13.317811514034673,-36.06338686119405,44.90494363953697,4.467523732484323,11.56913659919224,-5.729070213689173,4.259193699961255,17.917408682564,-15.430923700062001,-30.433494807614395,-21.984798305800176
-64.06350673425626,-25.240522359757332,-11.084001676375422,36.909180189684385,-29.580125251947486,5.459561835338587,21.865479135171842,11.351224516798636,-26.325886054785403,-19.686159391187324,-28.27311012792475,35.30295039771018,30.110360211486203,-16.746606276312203,1.7530492066853978,-33.754844235359755,-23.833789749785204,-1.6154056849334253,-14.653549347279931,6.420298705415915,-21.930767917620088,4.486963572181867,-7.819236564496671,-15.389978706883062,-5.191782335176649,-6.149521958109737,-14.471317376302073,4.958272718848964,5.623167954015965,23.050420628753322,0.6557073210327748,7.152882011744283,8.662655483438428,-18.733372560767503,18.71505318085495,3.7168036034153684,4.670395227810194,-5.760168999337521,-3.953328682042039,9.019454332539967,-5.537189637638715,8.591076696525585,4.999465968567958,3.987689932857299,2.9429569827900535,1.9909970391031053,0.9491981549252321,-2.6386609528687646,2.8378691521729955,6.289247372319698,4.890972711776765,1.6971375519066436,-0.19403024394629015,-13.942524447588461,-10.182443446032702,-7.009852575316039,13.499897794817578,-11.078284401343083,-0.6578200637540721,-11.933237409539386,-7.079056599086467,-8.518663715197059,-1.9581254025731358,-7.31085784371387
-7.530154281034344,-0.41747457684860184,-166.02736396716526,-218.48961094643826,80.90240322402857,258.31580254317515,126.36119069366259,-48.6186874299827,9.240655052021308,46.11353072143761,-43.881754619227536,-40.3966399939596,-45.28760449487869,36.87331820228438,25.78090165491612,-15.067321478892426,-25.587583887493267,-40.22769710725808,5.404543437991454,43.72427927009668,-27.098610572392353,-8.518372835175207,-21.7084868430525,25.2798699216011,-9.134214711309388,-26.327425691094707,-28.98406772897337,3.836550854565796,22.847454967582692,-41.38704192725172,-41.65839029637078,-2.3450784659692006,-45.55123602870992,-3.8131056029340575,33.87943096422603,-7.297528720489787,32.6253323745462,11.436939519125488,16.071073607793103,-3.3085883970890886,-7.336595483776296,3.232790816378124,-10.973016434691862,30.474901047334516,-1.1470893348219788,-5.783475470765077,9.42693793345273,-0.10895771344361505,-21.062495226983224,3.315359373417776,3.393000880473929,-6.189241741515159,-25.60268907763331,23.377737734756128,25.07166978759303,26.956810997933594,-9.969200164154154,48.68270106166927,43.17731724640762,41.47119261391847,-58.22043498087578,36.13630800704288,-21.08955343868899,28.51961143852051
-38.40581419982093,-38.9518111113343,2.635569109681713,9.60536235679681,-10.870466906848149,-0.11334535116762404,54.97284709564952,69.48993374501049,-31.335874895246665,-44.331806339885276,-13.910989125300606,18.70739639680029,-16.801020852800495,17.453055869047656,3.6290000058982055,-6.559242814693064,1.1267885221486968,11.270149038243526,14.559580737209448,19.47152398210161,-10.594439102369234,-6.613844507318642,-18.71141596219323,6.533290458543099,-6.558998052606926,5.557103831900147,11.95620175549748,-5.7866152783123,0.9312282086354137,3.6431807233199507,27.40833696452332,-9.766683933138578,16.449159470751294,19.548906748672742,-12.4383315578779,1.7831333530029914,11.438513414445696,-13.595743373401465,29.747845489383657,-12.664594061738052,-19.000196569648256,11.181876513539624,-7.4169098753375655,9.740435367704675,3.253656360635227,10.870209731248734,4.4285721106736355,11.35340523882762,3.0236903268339494,0.098268492110089,-16.614610954091795,6.301177834059385,4.037270675363803,-13.782708158027647,6.184098800668144,2.549339060960452,15.90981431052918,5.883821325954929,10.514983503889637,-10.743279197566405,-11.549363539430248,7.23567274469118,-21.50116925587344,0.9427790327614239
-28.3500516904586,-18.249566621325688,-38.7649782124576,-8.829737259457115,-15.291504029408355,-1.2442433172059608,-1.859732815996522,-2.8063074669579953,-19.880429083721218,-8.251641456930995,14.885627343637747,-8.841686040654395,33.90283174221882,-5.368360784943806,6.547510277592348,28.739735579893186,-15.930943202505834,27.108713797211053,-26.071650937200083,-31.925239005018195,2.5761345748348474,-15.794986994856536,2.438293655289607,-28.003529234258345,12.083249427024125,25.661237568677592,25.93488019559341,-15.243910073131929,7.523666697541205,16.863922085907582,-32.214042155684076,-7.81167631244511,9.361602083842545,36.576385065735565,-25.061096432313725,29.107048778868457,-1.3748065735245982,15.125583119020686,14.210762830889955,42.097211684416806,8.854594249641346,-11.91135000215503,-5.035729645517872,-9.339272714282457,-2.2024899289514392,9.529292167614182,-9.997138145152942,-34.90559206766087,-14.17359298300849,15.284764657169388,1.0945494850966793,6.41160827318087,-1.6621460292752697,-5.221922848660833,-27.43659165821862,-5.592178163333928,10.350635877569516,-1.4146748827283648,-4.4421049559020584,-6.203319555738234,0.42832623288600064,8.103161669296462,15.82662400793053,-6.437749775337703
82.000514029225,18.445499756863125,126.90158392102248,31.79739872147498,-51.271496001358884,126.91244640835075,-120.8391923243352,2.456344871938598,-108.5843399911218,36.8640720694456,67.45085051576153,-17.214059211454902,-49.33870684741092,-18.946907371755696,-56.31811345652537,59.772728624735,-17.30721994336112,2.2764432432726505,-8.457714032537966,3.118840911901898,15.04990901954891,-18.557869365071138,-6.295128876875015,-0.8820776952192688,5.248171428955168,-0.3348529387544088,-30.17011441406714,30.00318451749634,2.7921648238692427,-3.5042525582031123,-2.301291820213067,13.752307966471314,10.588399265752587,21.9848629435779,-4.091212080236469,11.23988891813094,7.494306799146165,9.548654275069156,2.654681601214753,-4.468330810924828,39.45188507347269,-7.985063304355677,22.62129347002182,3.4904688238676993,-5.7274068087054095,20.71853105941764,-14.86706546453329,15.535281070174754,10.026849042624244,-2.4135625300039494,11.431041717484296,25.56531230924851,2.919360381565875,-30.85106107635551,-11.907301635677719,-34.265080470148916,0.990816649409013,-9.361643314102656,-12.041522265185614,0.0831494327247317,-3.598983667922767,17.3074517357222,7.256658337944245,-2.2653559019303104
-35.75769822601208,-36.2240763649793,-22.421060756489876,7.9305477535503535,-7.732051598324863,-9.633855982757831,-11.401305882045158,-9.03842404493638,27.406979010395233,-13.982349374160231,9.218286580437912,-12.93134743857736,24.18719721240995,-0.8232955093755998,-5.593320994691482,-10.787706570059395,4.210851611292502,-13.374249772072142,-1.010617700580801,-15.242206573945772,4.478661276147876,0.060752125198025,-3.8824856645496175,4.730513715415946,-19.103115600135975,-27.532474300817487,-19.82494712022267,-7.011127786976257,25.25199335899842,-4.864024199946089,-15.325570323088412,-1.8566568318707681,-15.890430835819263,14.229481150352342,-22.504244846161193,-14.393000089448753,-0.5486030744152858,21.81017031537772,-3.1965136855789624,-0.8948715275759934,-10.502274027046212,3.029861864266572,-0.26283627358464146,24.19153454999196,9.355689118519024,12.973257195027669,-11.04468301026387,6.444942104562775,-7.454334489185184,-7.461498348037982,-11.399394411778136,17.19070634859336,2.310285340039542,-9.16293552813112,-13.53673365933326,-15.50060756272097,1.773809119709328,1.7015515672123918,-3.8343183068620488,6.03152444044275,-1.997852538024431,17.372716731522114,-4.514634426458679,-12.64788786553115
96.32580029692649,41.570980130067724,-35.51667687969127,104.49805001716508,24.161246223350933,-59.87659099592952,27.942658677950217,-24.648793917739994,1.6032141115455738,30.40926151069153,116.46159509837561,-95.8632643867237,-38.328293084401786,133.99013464044538,-38.21450589222494,-57.10913346181585,-49.392195830705525,70.27322771672317,22.332873480590916,61.401432707494585,-4.507457854524859,-4.799055855457256,-40.48285332223335,-58.097107179471074,-7.393483221631411,15.312114889697764,-25.195935495003233,20.670547417231298,3.6220123537141484,-13.406306489105711,7.6557315394751635,19.907913696884794,23.260078576732557,-76.11451341879928,-37.64252722449962,31.284037876255947,-46.29138788807206,49.83361908063873,10.024355382149414,-21.66270489243519,-4.018332280989288,37.03881607334313,-1.505451462523093,4.076215152328433,-3.1079377776153603,7.718002197412646,-7.3383336841363604,12.409205047259572,14.844574838503513,33.488224438730946,15.38755086777646,3.8114383785017867,-37.35844514790364,61.734122091711846,-33.990770206090836,2.4076391832418653,110.98703563962805,-27.866891657656467,-14.504958821528243,-19.24550250286489,-34.98751697712254,4.287925332511124,30.42306142436778,-24.709351677280672
-47.13534774794252,-29.69141354516162,-24.892817343018496,7.080997674672397,-10.334426910434797,-13.546969673105462,-14.88524697331739,-7.682859187181769,11.285637390474815,-9.499528997673986,1.1176933323949227,-3.858690118625651,10.580177269485164,5.388314657782114,-4.843671079230881,-3.739541017038876,6.824030013175555,-11.703865568253434,-0.22320810244960354,-3.3950972164725997,4.5733166162290875,-6.319386939100169,-5.608302267807479,8.914026398157983,-14.392625676315046,-24.129680248387643,-3.717719953020198,-4.166750987257175,12.776907951816256,16.968945483660548,-7.163972737174988,3.8605994212320724,-14.3542284552644,8.713871103007573,-20.107222515887344,-14.895836947689535,5.408412933595034,26.2854787717441,7.165259343251943,-9.345535349124933,-8.644524159166645,-15.279503433490918,-5.278103210830596,16.144734253782314,-11.828683669657925,14.371068165467424,-15.201061174396873,20.45266705075025,4.410157359866404,-11.518420460635026,-24.170593393192192,13.790582020810119,-11.753587302158428,0.8609114287968426,-26.87038206776573,-18.30127148871882,6.397895546821379,3.8538152860596093,11.586331309168115,3.982136944812248,11.31380109566137,9.394231751931121,0.12665241355299514,8.553173626727952
-56.80217346802965,-16.273381091483905,-22.967124433913508,13.576637368922707,-13.485315780362663,-17.49164352603849,-0.6279117703830354,1.5132220570703723,-2.5502105939071087,7.665248341887959,16.14778229027936,-21.027421800440575,-8.119409044890373,20.366857856773642,-2.865281664597802,-7.217367515016436,3.267253023360601,2.5201656242205766,29.98128482394713,9.45253909443497,3.3696632814305696,-33.015820038255654,-19.10696667239364,-28.17428571101407,28.453375296765117,6.161869588670786,10.556603048892976,27.80566234557475,18.360347462795815,-7.46524025633693,12.493536438556912,-21.47643201399293,17.499409671828058,-12.29799167971838,17.103661418202755,4.797872795955742,8.254056337649976,1.6704525613626522,-24.48959913354102,19.44340767154942,15.847004252091654,8.187111485940074,1.1570833852753784,12.88645931114112,4.765862420466317,1.626287082097395,12.759174984889802,13.023249085767752,7.1274323625795075,5.24136107562636,-13.481089689070663,-5.36356108278416,0.8090414310138605,-18.25620871763794,14.23860111191287,-19.86589120051152,2.8896921937283344,-8.222646467972602,4.54647332295303,9.592508406159396,-7.240083988153434,11.347088002876129,7.683283336011448,1.3869362568853945
67.7081251181654,74.37970877149404,-18.558855286717048,102.56759250486715,40.440965432276336,-43.79741370845453,-1.5234825922160518,-109.21318364926302,-23.878170733185506,63.64419813484946,0.8617468850545769,16.925194187286575,64.49070128511921,65.3005108366474,30.777392020289987,-71.5995414195678,53.10682553219638,32.278595392865896,161.7169951191333,18.01782731088987,31.09519266322834,-28.070364325631854,54.252774703846846,-27.213169399557838,-52.917547333869535,-49.4906338950684,-0.9407403673881521,-20.293171009661183,6.518358867434843,-48.48596525380757,-39.11269554769323,-58.64763988397584,40.92638627320548,13.205843036486634,-19.094962663128516,58.966842337032986,-3.8646269193846647,42.09842824089205,74.6479455927865,-22.227948883699877,-20.78309871121282,2.91737536585595,66.48814680389135,-30.269231482616373,24.620219642085125,2.9095525967949634,-10.081993066688925,-33.71369511020819,6.773617726422611,30.919042604961604,13.257207071872774,-52.313883132378145,-3.252566979025594,28.229962787803153,-4.439110162871768,-9.117429801422194,-15.92857318462602,10.871119737023944,36.62294279466859,-31.612258511144002,-23.178233615618158,-18.986126571066432,-50.34561157328861,20.327912766706945
-62.938404854445785,-21.853677784384548,-7.968589398864776,-4.466873439564863,-5.978636118979667,-22.76722544029797,-14.609287819013693,8.586910220856414,1.8027434466516121,16.5564944278685,-9.835618604984125,-0.9651840836149762,-4.845293249894113,-9.559455034713753,8.25692207220394,-8.382465185845305,-8.228099214024814,12.595882868666958,-0.7062925438034989,-15.704049139250019,9.77881472770561,-10.497815213315732,-3.943402226059017,-4.900483192463569,4.332703358042922,-13.06778511524028,-3.986401490090842,0.5872019961184511,-3.8577994435446,4.448338620186704,6.135951763461838,13.662872218298189,-21.142113018630546,-4.788509719774345,-12.927751543448837,2.425624124149728,10.997673319177393,13.048610038375365,-4.919083080437836,-20.301542263025095,-8.506809269618097,-20.12180815110445,-6.945069204140867,-12.338285219599921,-5.546484727759595,2.1934286429694523,21.626966843729193,-12.039018825730333,-11.007731049745026,32.81864073265576,20.50268614468242,11.172575520994785,3.5758534169712024,24.98135969271213,13.221546514031155,-19.48588662799928,4.50439569640112,-4.588667487203236,-8.05849712102942,11.842350690165677,9.332976019375108,-5.6785580767797095,10.854990097774966,8.557717772174634
-57.50493407435369,-16.44627773895634,51.97212137777783,-36.95881039745585,43.43622088258033,-30.890445716745973,-34.08542360974444,27.1127063511305,-7.648825555188134,15.86827079209062,-22.730552687799744,16.00920728168675,-3.6713173033010555,-10.632585888153956,22.106917470363953,-6.40827683767982,-24.17046280466574,20.385029962795365,-4.170428511532429,0.05640807560100716,13.551640981453,-20.68025296089193,-1.2053715668974685,-4.493662354343986,12.21151223194013,-2.784285596641274,-14.818375187473926,-24.12938722289544,-3.6358463096642484,-5.172437756576859,-14.71723478423577,-4.817876497764019,-30.38438711944239,-10.083625244129157,8.203293713601257,-8.168178393627915,-20.717097612592976,2.7156959014300037,-28.974290255397573,19.45580441741225,-18.79820557264389,31.09716780043576,0.6731173495738749,0.8907372358010445,6.549675156124876,8.156221457331924,-20.206810085337924,9.041372144803253,2.8037581232750552,8.822932123383394,16.067797473022967,-30.893998772623185,-1.440474328716573,21.13466671351271,0.3320871073247015,10.472340569570937,-13.896665943752994,-29.698841201156544,54.391621216270224,1.832747163863154,-4.162607820788277,48.5445495787377,5.69868260317062,-33.804979732730246
-81.66470757336474,-61.68029724332836,153.25200101229152,-46.75239335656162,51.755162292453,-75.68345195609263,-22.705790646355382,26.02409223410279,4.937624508990926,153.7404492063601,-46.07040432137966,-15.04563738324821,-47.70710274259822,-25.17131269497844,30.708572752346985,-27.494179590189994,-65.98717449207004,20.870220685031406,-15.401790005107376,-10.842114988078952,65.55470109452837,-1.4323197492715358,-14.157122639826545,-53.65600583618975,-20.21121444702495,-4.9002168781575755,-46.51767715065236,-86.3684548823999,8.811465990430392,-33.06859979178613,-0.22989104352990675,21.006883574121193,-20.228717254945405,1.0141692578839796,45.29949048969203,38.25660817725037,10.739852493271103,-64.35543103739056,39.23115694118431,4.5118219031005475,25.506622582018682,-3.766667462925655,11.83854675423373,25.815018110216876,13.58443519246366,34.691597192342705,-22.21929646934484,-25.134657239410714,30.505128211887882,9.149221578597807,-37.499805721875376,20.653377086323943,-35.15203443970611,-32.6887126974086,4.226505705461837,-54.72651293576378,-25.498153409882455,30.078669281729635,13.22607697317416,-20.355871237695908,10.114954251326372,29.711237263784746,29.578033026201318,-4.791643924500964
-66.22066036801142,-13.666482728248859,-10.0042267221919,-1.9432446953746125,12.330781341444695,-18.7832048705689,-19.096540193173524,-6.856156341106747,-4.700540088813657,-16.86710523990093,16.062078381187497,-1.2746586991593944,12.484330680861412,-15.599637398833991,-6.255665996581863,-1.857183616382581,-2.6893430532631,-4.738592266276704,6.679108298407988,1.499225825295717,-29.178661001564112,-18.418287258535173,-2.022832241881341,5.524386516896153,2.9650264643074578,-9.552407205427292,1.6101083573751596,-16.016741255729666,5.5295547396775,11.089885456685954,4.710209317594699,-12.831189589533587,-15.143722103828637,3.4920534310565583,-0.5036867733450543,-0.4618297491718252,-18.25401809894934,10.907052940164588,-15.986755459861115,-33.03812369669333,35.23338653484533,11.596239400384821,-31.452249112043535,-9.746634920593536,5.7821124719234716,14.065674117292593,-10.292363371948415,-15.394924028933994,17.775310811259505,-18.1361019556614,12.159117503104843,-15.189166612219223,7.539365311443943,-11.479978421270275,9.688322342093882,-11.721376762747433,0.36317025240664963,-7.552650278703423,-0.7249961872755576,-16.728515478817553,-11.860112397778023,27.27106275359286,-23.794253077706973,6.112834059336494
-65.62039134501643,-19.9789592546218,-26.932317723233083,7.454162314821957,-13.12644902301169,-17.55929421485931,-10.300996436649683,0.6593703918513413,1.9409746831355152,-1.791505982059649,-1.7846614784160242,-5.542627361257245,4.484232013358927,-5.998149600470149,-6.538545596944508,-0.5496447955423835,5.211046643999276,-5.228067813179684,8.490442965748263,-2.629425207255547,9.154023119600653,-7.454138863113536,-3.979711428739577,-3.2486158582147966,-0.13814796797295129,-5.7868385483001425,-3.330912903568824,-3.201322972430426,2.2474725794875736,5.7328075266462255,-4.4715641448303245,7.5828163617332045,-1.669271755912054,-0.6242814693789158,-1.0571632321661009,-4.6809866368868525,-2.481014111762476,0.7777012321526209,-2.5047693827335658,0.1174404962407381,1.994917266918246,1.4556326517153386,-1.5317749647506629,-1.429256113935563,-0.3654057300546365,-0.8067375623138401,8.141986640974114,-1.3214148322509438,-1.8080593307241617,-3.8916210191207616,-8.743365360956652,-4.734655283747855,-4.241708368503853,-0.5288722879426031,-2.6929531640549906,-2.8936292944044157,-4.836907847574471,-3.6087146578935605,-3.6884483087573563,4.285180529693836,-8.462822417911427,-7.126751588527334,8.922104506388177,5.98195683458638
-53.108788990769206,-27.756774264335263,-10.27572983985382,11.957866467168099,3.401775524567795,-6.47560655708503,18.94122836275692,-9.735865696651562,5.716398470679245,13.59614846810749,35.35130442853833,-14.359087392047083,-9.454856790871023,-22.889825476349294,-7.819629852199431,-7.002923480354339,18.849489901571783,-4.664112767668718,3.7829804524405737,-60.86577579364628,-23.104604092331407,19.998304177259122,23.530476872610503,-14.973282352486407,-21.590186530685077,1.5293313218691764,-12.519866233718796,-13.083816728385468,-26.248972728139865,13.220227109238985,-21.094237515830017,5.889073814183542,3.034545728571519,9.761403433638572,6.231299589328323,-2.3745215447679984,5.846407128407112,-3.0062344302829835,10.463384839807597,9.664135919171828,-6.19777413476967,1.2828834572468804,-8.086009543086803,2.016666611927442,-8.412497056246613,8.122362777386915,20.719617558470706,1.4351816411020233,-0.3072147241706801,19.87062575449116,-14.368979220128043,-17.854917044729337,-11.39750711145466,6.402489025655057,-15.328488060701746,27.064288895426092,-0.2112626068853627,13.439300641303394,-1.487586279013946,8.636517994052003,-25.582076707056775,4.657510733777775,-12.026204496788019,12.468720414629752
242.61699843251537,146.42242093941,-79.04950864992541,31.672001020600327,41.779747624140064,-65.57425308815893,-29.095814345825197,37.52628965818054,-67.0558277730457,25.708160523924864,-11.211217345089095,109.05629272402935,-8.697487336161505,30.89217128552386,-43.74760989096339,-2.3022127567175117,-14.270272081001766,-18.88107013881065,26.739878606461648,38.81903763522428,19.25260306079543,-14.900258680016341,57.43847626918347,-0.5164961707702413,9.945022677880326,-1.13624264025502,-17.380299696570646,-47.089835901288694,-17.228637240256162,39.76464850086091,-9.817324415464885,-1.4480371476118206,14.142097375932062,-10.354781541498294,60.550521591046085,-26.766982345980207,-37.34471168968025,62.37335628945966,-29.74029310438693,-22.66686488604143,18.453889655228462,6.144015405943741,-33.33218113174414,30.013084555293787,45.85158153172301,-12.813569740491522,-42.20484544750729,3.7536897001848533,-12.111920983326579,51.3994030128659,15.315129484843863,27.439168862934096,4.869942907262167,19.02100127538987,12.530670073779755,4.644564390629918,25.021586437557033,5.645846983000963,10.909485875929471,10.13816433803878,0.46912902238774756,5.686828725147184,48.514851032048504,38.643385064784894
81.38292016794017,-130.6945815858804,86.66614246688425,-39.76967113739759,-19.05517023709182,33.84963852737354,151.18435865000367,120.05522772619447,18.13037057615868,-96.50013748872705,-56.54359746312387,48.521975721509435,-20.216984920934042,16.89394431083275,10.007246173067108,33.48896827148652,5.540261216089926,115.95007896666021,16.503760222084903,49.24434705963206,-15.895489113483544,-45.373210091904525,13.527036425909014,22.108939880307364,-11.98879725087238,13.115629900523293,-26.543008069051602,-18.428579416347635,14.671990366357427,-22.490183425382675,40.514914949008975,-14.236315358008907,-14.812450580647567,4.921315024976658,13.607171203535055,5.799937585447195,-10.64685411254114,0.5639790929938056,13.56485890218766,-17.4378235466066,3.1928407839589816,-35.00598754172755,-28.433292096791096,35.930400969292116,-10.599158244962625,2.582497475154538,6.485190605792974,-7.377330549263226,2.463168959873545,-10.76348615325983,-0.12315318009833005,-23.52913412038138,-17.02145356859908,11.547887878242102,-22.386169660582244,34.185486481930226,13.686378275210474,31.05506199426381,-45.675266036523865,13.936292915310485,-14.208743855570829,4.0533696992471135,14.011728324396563,-13.58813365628973
-25.891472068340377,-25.427392202930577,3.2243821339106775,-15.171245075693815,-10.029129077920897,-32.492671800907715,-35.833354037585224,14.309807904456088,-30.283010401423315,42.66165856005798,-37.87261677840171,16.409408198540717,-47.2023172725295,-7.974869370165372,-2.8170977422095373,15.09713106553351,-12.725554027298259,13.987534000799924,-5.840593659653048,-48.272521290381505,-8.810798440382028,17.83204228299373,17.481394935973796,-10.900449242758283,-19.30695390899348,-19.39919238829633,-8.87481312527131,48.54866974091573,29.099520077972205,18.0084002725384,5.821883763910115,-29.258829923173078,-7.697638858440584,0.2322922972270985,-15.74090452472942,5.261799129482559,24.627932466306966,-5.861790661162727,-6.5006471917058635,1.4796822051732446,9.430903435041994,-1.282163474858551,43.438959142642524,-2.377206181051345,-13.484157341052695,36.733392322661054,-7.177607704510398,11.394105893108398,-12.040405628380137,4.0099466354467115,8.661793943072379,-31.663194606069,2.0050055918192085,-20.122352029368198,-25.637493731871285,-9.205216933514727,5.26708831701306,6.451455657100534,-22.5961989976629,3.1053050698051994,8.600452091735363,1.7596290479141996,-5.252977141959756,5.505554663408735
-50.60510103811203,106.24345284477066,98.36301541268256,-68.06584663793761,-130.18931278671263,26.54588277545499,21.37702981525716,-86.5150761640095,68.62403642080206,-106.50984665287578,-6.800062616585498,25.92946525445365,-104.23175996260282,24.428326697392457,34.133014156824146,47.29789545087593,11.166997838703013,4.294730204832268,31.436145295996443,-3.168782688681473,-29.35607243495312,18.638237294929738,-62.47637341190489,19.737032653661345,-23.98240744860422,-31.429774907670627,14.999014925531046,-37.30112186275175,25.592345315167226,47.19148343011857,-17.666258172530114,25.20031421094553,40.224511446030334,10.70210288670492,6.007437702054982,-8.327427644397003,-17.27730956722463,26.452190236072283,-3.31207840846279,49.748095332604684,-26.073713878170185,15.080854398776829,-20.632787576475803,25.952643363539703,-20.640798354392135,39.41051140543043,7.469493000039135,-39.19407894233373,33.83695906210219,22.055749936888933,14.2167521744004,21.13460880896972,21.954546698660447,-12.50951066217739,24.440657278231953,11.931130866520702,-26.34455739197301,28.655787116050874,12.54393818094624,-16.584959040914327,-1.8787727164608017,6.417877380734785,-6.31717937622471,-5.303452310751417
-49.936651094078144,92.79632302724154,-39.57048231699494,85.01548654984632,67.40378553963613,-67.44036883966236,35.4263834468201,15.886949747433789,23.260637650339547,-4.495229791162647,8.168515418974083,-127.122653705418,-39.85223480274256,6.421926042333255,49.968363478309,29.792763672706645,7.265785985916374,32.069188499400255,-102.03240744292093,86.337268473717,-11.476090931834882,69.04323585455188,-19.83320198736983,-6.883622050826369,14.380105784076825,7.503651298769848,-32.68086897087817,5.225514419607205,22.750439130851497,23.548368699797543,-11.126295931511153,-24.131342493103013,8.419543869049813,2.1825922130009134,-11.593799903378091,34.18678756914526,-26.653743245111293,17.38179746816931,5.695273485073881,-15.450803489605326,4.3328628796313025,-8.938872411332644,-33.809742656696464,0.7330519993693482,-13.045188878927773,-30.14942798423082,-8.740062765733708,62.114454331168346,1.6003226662249013,10.17683944504979,28.85868834031738,-13.862209917212333,-21.757191460078108,-13.939268194979952,-3.23982555079451,-27.11586526058515,64.70125371281341,-1.0707425768613898,-9.447648763716819,-6.482770579245155,5.791712568450638,-15.215985622784647,24.358393719844287,1.6844639090760818
-36.51228291086709,68.41525866456891,-18.1885282071881,4.939898699990955,-9.250604997271164,-5.000249671745346,11.547201562588638,3.276765861707273,34.29078989467712,-14.843597430693867,-35.11045271705323,-37.354791323267214,-7.777673951913804,-5.444681927055906,-25.671940497221527,-0.05825276260156132,-11.623064733887222,-29.047286555408935,-8.145438969875567,-9.096976190460545,-7.455227841376776,13.88855448790177,-15.387358889307764,4.482882321380403,32.08698131427095,-4.3217265241933465,-26.700256060310956,-14.746841171869262,-13.2282140339321,-3.5035494471723814,36.28470752622387,31.79429310166023,-0.9974204012736644,-2.653081050196817,3.69339432329677,4.905091391245307,32.77911902656659,18.32064822719423,-6.18230432110221,10.828560836083643,15.494557932068204,-23.491320809302152,30.808411771134534,2.0489521104290027,-17.908555467122074,-32.171472121953315,4.01287888023984,-13.50146274041102,-19.079235439978607,-7.9062909156941314,0.03255686801751567,11.914586951504893,9.114090039610065,-14.548579671257814,-11.537815685388058,2.0527347324493297,-9.92018113379374,3.7271725353390086,10.984009968169778,-8.664525441563505,2.6494519301992248,-13.679172728300632,-22.521385948622363,1.2775529776891075
-65.4975331351492,-20.60849421046356,-26.679958632444638,7.0553316326706135,-13.505304323066374,-20.528618057485176,-9.757629105375965,2.5635190122383507,2.628613573521281,-1.0100806829767903,2.5613294747418145,-5.623399406510397,6.592530007417935,4.7281224358292775,-3.091082605787755,9.10874574631737,7.893117215619744,1.0565149389320345,5.741326794751912,9.018785634572945,-0.059869335930909665,-8.353176511868456,4.786817002947299,-1.8270843809594395,3.625437831741344,-17.098420292477986,-4.915615272269177,5.584478915100882,-2.7786909094402463,-2.6641873306322985,4.8084486375902245,0.053949496519602194,4.10239358033366,1.169291316082326,15.631577650427989,6.080042336827185,9.152469891729464,0.46331337944712875,-2.8640668651566044,20.553480781844666,-6.580450342881568,-6.007319079147214,-1.414460543548611,5.995080579783414,12.175582312910578,4.062985825247646,8.42419726849253,-1.2666678436957604,-4.0718356019926345,-7.478230394921048,-4.4388482615538045,10.235175793458772,14.47682385566828,8.508121799058221,-7.298657930614469,-3.0902325895735263,-3.8854882912842417,-11.52102029004876,-11.663623849655872,9.490863985803191,2.331177903753869,18.374353006259998,-2.072570946061245,-3.688259299926127
-65.10383771512285,-24.615792298692437,-9.02037004031256,43.142955283201054,-31.312184836612797,11.452352199073403,18.93702220212723,12.706890222805159,-31.061946625350693,-16.95000094673168,-31.474066894904173,40.23214765163925,34.21131348211724,-17.059656267821307,0.5100677877146663,-36.761807462258105,-23.785169294751594,-3.839962136793077,-17.179124061642774,5.961628275710391,-26.331108861964687,6.496842655070978,-8.621852949218422,-14.44717891404435,-4.243073695851199,-1.47368925850161,-20.576134420610764,5.971986098779346,5.129069681554888,19.666804310429136,1.2128542293331686,7.141347968230401,12.802403155320464,-18.312905136703176,18.968167029020478,3.4418201189449227,11.761803927156867,-9.069370468646897,-3.8232827488275336,10.034302513082473,1.1171304131877213,12.137002853333867,3.4988005461537575,-0.7795975070283846,4.751826884314001,1.632403276235584,-2.07560394891669,-8.963259512552044,-2.2816801677310132,3.1196752388355784,7.060791360435636,4.92123039250397,-3.0000697797196114,-18.08634066498234,-12.680701035832827,-10.245795104702507,10.923514199437333,-8.838110761805217,5.795639022718399,-11.091479467511705,-6.264650169618551,-5.802259186720345,2.3033303685444886,-11.416793171979135
14.330109111668065,176.37829518419343,46.224259488832736,-42.1184333297761,-121.00600134787896,-16.717216695784703,-20.064149603552313,69.38001656040892,61.01596887487543,65.19487268610179,-36.880331769190185,6.397551370547415,58.86541221273552,23.850603087389594,41.90989593788698,-83.43468852780146,71.00315317445012,54.9412310499164,39.19030119588344,-51.61537583113616,-18.94179224156935,38.76020835138006,34.45568036315546,26.752721950930603,45.584716153170525,18.08581626154205,34.46351020669907,-30.583699842866892,-30.937002445966613,8.601362284962207,-9.551202359160246,5.164559617305878,32.029975948595236,-18.263068846451674,3.533859933882117,-25.189357663743994,-17.66640945041994,38.62732873520757,32.95773388050037,-34.20132796262614,34.431228169701264,-13.196804797939755,16.251592822364334,24.039057444075873,-29.59620516673039,29.936331773495645,14.889459938021458,-22.11672981695093,-52.407801656791165,-10.24724079875032,-33.1584178290342,-31.647757272864915,31.733638591687885,17.840521218671906,-8.901263091635396,-75.43688930885995,3.7530442864918845,-5.863300508088218,14.283381146889663,-14.486418749829333,-22.50655074181495,9.811359980742038,31.589685979493048,-7.375903204249818
-58.930186952257166,-13.350803065151501,-25.604264584044653,21.73671031220033,-2.705376294478494,-18.089512765967942,-19.48760657509199,9.224514414557794,2.0646018609818433,-5.370107982691139,28.509198060400728,-17.650692324081582,-12.341673110878146,56.39883596670166,-5.476043749729343,-18.7044924097602,-25.125614670383705,14.846035059236554,-17.723502591809805,7.785316842603176,-18.897866425869402,-11.430133229293833,12.585358112600161,-3.2543282621353744,10.497547304883895,-12.099961196801798,1.90763890765818,0.10683860425822057,19.370111706881694,11.8883031510346,-17.83437595576541,10.58383688137553,-7.753505077215743,10.380027213562595,-3.878174949860789,-3.592479008461942,-5.472792904776306,-19.6899940693004,11.485123832609947,-2.9898162864796087,-1.7284122935857986,-19.931661815343155,-9.305257298004545,-4.612745608556101,-16.130240862368485,4.045538089964199,5.45633073768064,-10.005477864344723,2.6976419443955133,-13.58710216072084,-11.37529650962833,0.4599229629763076,1.3434094730965982,-8.053336696749843,15.654511865407667,20.04700111737784,-10.68910354411693,10.89798859646982,6.394621237264008,-2.005543702282442,-10.121893559353587,-3.8634206941178943,-3.5093990126942387,-8.213993514447234
120.65793204496593,-39.351092272983145,-54.6464801612802,-39.23745929674377,38.22893572247976,-91.49271594278636,-29.466289449247515,-25.65927682870629,-112.48254328775796,53.306039879653376,-94.57362755294412,57.82864943219936,-79.96299014343346,53.99648301345187,-0.7720726957142365,22.266324775871404,4.162571963708274,-68.81435484108374,1.8346143091964477,-7.3195379615625855,-31.869566590743624,50.210214739748345,42.062350514523025,-43.6003644390065,-6.857938317774964,5.3342450957639675,1.831951377065485,-41.718868842359356,15.206939614386899,-6.0408458598792585,16.10085321253108,3.2816796295386332,26.072035493080453,12.413810921208267,-13.105959401924556,-5.170993469356379,27.546529472638294,49.346563486246545,-40.84549677233038,21.867144395064177,-29.234890105302735,24.024007396181872,8.186203543520405,6.508713768136311,-8.245396389919778,-46.5735153697681,14.688174843896604,-16.361378176499286,4.940843633340239,8.067675758534648,-3.8758729465334474,-8.25665593295821,6.452743766913264,-5.7033206660965945,27.676048470948405,-15.720272438133764,-3.904815919723608,-1.926158458165759,6.752259235071816,-3.88847549275518,-7.532397661913664,-15.840689756474212,0.5228302348390197,3.6214428181891116
-6.545812413359981,134.85111770306054,88.24548361189503,-2.4691483511605363,-120.99814904526026,47.38566541333438,-62.233053153970346,51.2471454666164,16.55048325013557,108.5000407412582,-36.57337337645661,12.145115583801042,77.30124608899,0.8474673903188505,59.855944894562704,-50.146610838237244,133.88210339806147,18.797468361745494,-5.055806293164352,-36.13478513222188,0.9857304995426592,5.083417582010497,-13.053644639257104,51.73002920323965,57.69709298765519,30.556671173081497,-14.562100539527709,-41.42518154469241,50.18934946894933,14.958965476827062,-0.6825702687540871,-71.16590124851835,25.223668212073495,-24.07671450554447,-6.23409944810502,12.346909267377384,-40.242626046196044,-10.040762662043074,35.79794093974034,20.883868096828905,-45.870974848542595,1.7070126559503689,-69.89261418085806,-24.36090101040908,8.295252177922006,-0.19279380634852555,-54.12746888855806,-23.311298836747877,9.212241869363767,17.304930008921623,6.776714029264977,-30.730198566857204,-18.014884966324875,8.135724800766585,15.624089569266527,26.78282631217839,-14.760795270427021,-7.608740924539456,-25.298260816881808,10.406962635139418,-30.1734958876793,9.471218386812042,-15.759753963088095,7.989185819523481
-59.54335565970611,-24.158145748634414,-25.20359301452679,12.911044992201479,-11.665914504058364,-22.07315611731341,-8.291104742460897,-4.9576208715140995,5.239725342530708,0.6266142074367783,-2.223027630084449,-7.656174867038925,-4.80392200891466,-10.12024560039322,1.2884850764128621,1.3184846898636857,6.720193971292619,-0.27555412144719277,-5.87392252526587,-8.66620058650734,-1.1196019256542222,0.49452805726634635,-30.708881755143633,19.87925438373483,-25.583628621380807,18.951985063385134,-3.275004280765757,-0.13971121396824965,0.42764912741094374,3.8636945209766336,-14.14275567064185,-13.474858444717121,0.44397034533008267,-4.451613228198502,25.373900093456708,-3.406475397388743,2.3963984209175573,25.629023759520194,15.056379723544978,-24.29144032507162,-21.82077998074295,-10.878938182879729,7.300500926036722,-9.51793072812916,22.344627812298533,5.374882021659935,-0.8409189698951942,15.464704933934915,-12.941587275799995,-23.970365043777484,1.197402328107918,-2.4335091032363634,-24.10909089304364,14.116307751297605,0.03521048146427016,2.1252082845444757,28.663407375667852,10.574409460882322,22.169350696523107,-23.370112740471786,21.985178828000205,-9.441607997554113,13.1471315507093,-0.8702856960206143
-59.96228052375015,-18.20067415621812,41.70212111668215,-21.56473058179352,27.0114486708725,-33.313798890429,-20.969154328516392,23.90903397592834,-2.548022334774435,23.246980110189973,-29.12544382804408,23.590912869223335,-1.8571400180869233,-6.502311272943173,32.74861576986425,-13.52062751321956,-36.574744023688886,27.304047690991574,-7.865599002108764,-11.03707483963577,7.303068808568174,-11.903956533889472,0.45063354783189863,-5.148700861401353,0.19451217842823432,-15.351145231076586,-9.250584497272763,-0.9089992138547114,-10.48286767446492,-10.448596984639348,-10.61501664482092,-6.6323850770292365,-18.799719007822905,-0.5158972638460386,15.87040498292015,13.067746080053713,-28.460044411130188,-9.416380635351675,0.24740083895597953,16.600192213037808,-1.9257136728737057,8.894730977401432,6.221863936843527,2.8751543894564597,-14.609850537718208,15.690543882940975,15.033562606612131,8.636405664867993,11.852888150098593,-19.59421844001371,12.317672689748983,-10.639589955632292,-21.26178800695479,25.158363803968538,-6.357446459771551,-11.112003798511426,-4.9502496576766895,2.3940095767529033,-0.5379764573716574,-4.921597154651907,6.729244388798883,-5.771956393432985,-3.6604441558390985,14.910754445400434
160.61081633372095,-153.43784507164648,-2.8020848704110284,21.83305796561628,-21.270552156649764,-0.2519139514701393,-8.684331513134985,-52.054672769010054,82.57602281852736,-38.4018918149598,16.82667773138148,-48.663571536622385,36.096409960679445,1.651254735479617,9.030972889826616,-26.57432325804487,16.614731772446856,-10.701355276735436,28.303478786029952,16.527061916523255,51.911021199787314,-36.8806766486583,29.189555805565703,-24.771837332945324,-4.291143930756087,-19.642681722603406,35.01328501904298,-0.7049785382053523,61.9680317431777,-55.89444964008354,10.521479999488847,-19.531636023042324,-4.906008332552335,23.28961171459415,21.205981607262224,-29.043872308996374,51.25736551052883,-14.199870859596512,11.09488960829169,-17.076627121967018,43.18385875887044,-32.34378055236584,42.34032057942265,-20.44041857622728,-0.22374613793542455,-45.883077680665735,-29.45392147220037,-16.97377076875018,-39.499709737944336,11.798939248348473,45.773964574739075,-70.21787947989749,-3.677937719381299,11.73686814715486,-5.1240362629019796,-19.31165231862309,6.294403888271853,17.748811998635656,33.33328100829742,3.1995105554364347,-0.26076576729371137,-14.422658441563863,-48.33459147289767,18.607528124227265
-51.2273970198078,20.507512746798668,-22.822742604739638,36.81274919379004,19.31902214508882,29.11310691917117,-41.350593867445944,37.941511400597314,40.41364063507033,5.080312992973877,6.584837074810364,32.61875960046074,-22.797598739275365,20.61914615691947,-32.05833327510898,10.320291312763246,-19.68987468196455,-13.677823070087223,-9.68835795344011,-13.497824816209778,23.560219187899882,-3.2691434917768945,2.6763615446403084,-4.228178545343517,9.010680114045876,16.73536621416205,0.48383785510425437,-27.993200800213767,-3.771835445985804,-4.172696884814176,18.588930211111595,12.341109306850115,17.057187650713036,-5.157746643184314,22.336935847104918,-25.194774108007536,7.51873882595253,15.051253103630085,0.8162955509839971,8.75850790129818,2.6246619904095527,5.745525427564151,13.695850168369166,-4.007987029827069,13.854531112393795,-5.239528992218521,-31.554792070569814,-6.797901632415017,-6.831912292316269,-22.013308360621917,12.400265197802959,-3.638247542412175,15.264385071884561,19.541826330955526,-16.36308538911107,9.929222235420628,-8.658966824000224,-4.526149302723552,-6.895621311253471,20.099599163710252,22.48960787754672,-4.0144080499167965,5.9876818553148015,9.630143609596978
125.29658323606235,-63.908348294151985,-117.93645082525633,-145.17338868738628,41.54449172615133,161.18075909612148,-14.410031012009695,-45.28548355655524,-46.596781549412995,5.0094383926064605,17.44428847278988,-65.08045305543949,16.399794563441347,-0.206831177529578,56.52635972728718,-6.094823311367705,-41.739030182589765,-9.158298304075174,11.319204100269502,15.279357088026938,5.761324304684532,52.97649281158021,4.087550124004753,26.59754928188094,24.825044476635522,-13.418218714945043,-7.124580345032989,-33.013898532867664,3.0435748020265274,-3.018081881709246,23.88956575539476,-4.088421870354286,-31.655291760589055,-20.95765294342391,58.67189692187315,9.786504430803562,-6.001487352687,5.232313846022874,-16.170828157360468,21.04972906783241,26.721934103457777,37.72573558463455,-21.94790316795702,-42.528248429966915,20.18100484266453,-5.0544274005185015,-0.5169858254401624,-9.528065535227334,31.697900828171154,-11.268713058440085,5.7221431108959555,-0.5326659552543905,4.7933839213067255,-50.505242661965134,0.15663681192409248,-0.36291058918620805,3.836477433860845,-3.163449440148828,15.418480732885707,38.70075303287514,25.608270077409006,-23.212276234960566,-10.014877614447046,30.016460209931445
-65.50388735746316,-20.543521153326342,-23.907038566460475,4.701196085098267,-11.12704893108205,-20.044135960354623,-12.209344618284417,-0.00583376463648459,1.3686024577210796,0.14442333489484604,1.3788778139034585,-0.8442398233284192,12.065060423632069,-0.21133247057839397,-1.3578834145655383,5.963090689210304,-1.3631796739606608,-9.796979855634442,2.5695784241992072,-4.380041299514063,3.495428351218012,-5.7566696915550235,-12.534209063578384,-4.772831456773503,1.1694597342484,-16.576549442365646,-11.297559402077225,2.435296698333419,-10.03970182007911,0.33312616874098216,-9.34014305574346,9.987491747997021,10.825979689664099,0.7656857273706571,-1.2122432678574422,1.5867260189345873,2.403363374056795,3.078359099416838,7.965186259362168,-6.493124058134096,4.155098874859926,-12.780865803872976,-2.178416229713657,5.139057906285239,0.5766356754435029,6.315556804083027,8.072512615225252,0.21188558873354083,3.0459193789960874,-9.112378934459695,2.35046286411573,-15.6104184539342,3.0094570580920164,7.97846286192391,8.10791642103893,11.589560085345786,8.466673077912588,-1.3377554189725516,6.4390398064677985,2.5574912573278,-4.971828244592067,-19.501796491663278,-8.728589821298655,9.477348966807845
100.72018497677712,83.98625010380955,102.41979252454887,102.19552933792453,-83.61115649477938,215.16137346402138,-227.8802997034076,110.74442501710259,-109.3369681239924,24.134023970773804,27.976847927492724,-17.62720379437923,-27.36072776919973,-9.014554109604259,-49.26252321954241,84.74912998332795,-32.389228387109675,-2.6141038660525715,-26.9600985426947,5.871480695732315,-14.267324164618174,18.257050292940086,-19.25799402121565,-29.719177945827756,-83.6799753945187,22.041610952005,11.046285559701584,-9.48578599093908,28.28443522306177,-39.324273108392916,-11.526232371563434,-5.6029160844868535,-36.186335719321725,-29.636623082286903,-0.5920078011302898,-25.02896956497248,82.14994756180083,34.72335067161335,-71.17280618604207,11.589279599229021,3.722468945725545,40.882239233330665,-14.57154932339633,50.72064785438505,9.973912221717125,12.164728319040947,-0.9730359092464951,-3.049259745762431,35.514570040575656,8.626291504909387,-9.814601647363125,-23.541765118595844,-9.219620274652158,58.02624207803836,7.065824911067645,73.45249933945976,-2.5682058771649916,10.516331390960142,-15.050374113926356,32.577715281481225,9.749660192347234,3.758847220242713,49.36892746762962,18.04986308744065
-59.53086696822595,-24.031166407912334,11.556790040105916,39.01958810304327,-9.186217545561956,6.3713897379137485,31.72189802121197,-53.40642156300148,-8.142626199270127,45.922015762176585,-10.747819550245248,-0.29145555534256895,-2.0311285717605783,3.3456865015490105,-10.219556131000102,7.827933998728415,-0.5132177597280104,0.23829656128047833,6.822904255955866,13.793192042978625,13.746167863902901,-0.6277524442915348,-11.4161111482693,10.944652025749626,12.719990494325113,5.621512435568984,15.025735674641737,-7.234615773206902,-7.77093769460355,-11.79743175170736,3.510236557044184,8.947613336507946,-10.220860751676577,11.68170945954322,-6.895192126934809,-6.8690085337057525,-13.357334825331087,-8.64787592834526,-5.66028687813126,-10.356975542383445,8.025596608326222,5.010014437587686,-4.510494890356937,0.27884284571103374,-1.3917614481512546,-1.635124253448089,18.767305506248746,-0.4771305965974084,-1.7799438554529352,0.7318198860782755,-1.886313612236914,1.8639050294623147,9.828779983411355,2.5499515888107624,11.199172729947561,8.550839291101763,9.711028308952914,23.585248809484494,-10.154090303306125,8.092077918268995,8.2867036544319,-9.196141373510486,-1.1974067984821755,-5.188991523836046
-58.4706697417431,-24.079849698506806,-10.761814687678564,14.755640322392864,-5.98908836181829,-9.567076626135117,3.579941834965928,-18.75326817239958,3.9789646450163496,23.35119482678535,0.7383692201668286,-8.088256489750416,-3.8479850573666905,-8.675305246052726,-10.924916297590329,4.520604238738462,9.73275307966217,-0.7252646459194063,7.7477144235243065,-2.5238984719824598,0.20472594205037928,-2.021612956756122,-3.1053308938936657,-2.320612965431222,3.776335141925603,5.083248357314277,-3.261534749193152,-16.181199382094547,-6.037038225373517,11.80366043099574,0.8767898814522155,14.667553069792511,2.0230348492958257,-1.0257470051215716,-5.9603128144067865,-16.11778558679562,-1.030275475902009,-17.989411539559114,-5.532601008835355,-2.6585248133949366,-2.6868789562802182,-6.95019059720648,4.309120273340798,6.905736209859717,7.951668125386116,5.58447062464809,25.128137307964636,9.20699712874796,24.507284610737262,-0.5299053343111783,6.602647229332187,-5.929791814844021,-2.616232195836348,-0.8563979205424911,4.8913900378862705,5.325066705837855,20.718908021527096,38.17102762628013,5.6449051474514755,5.449329002168005,-9.577652053383103,-11.13056360997725,13.963223930783876,-2.1659941516118737
76.6120761562596,-31.712213324620983,345.9223520605454,-86.65008615382796,113.9347251523992,29.348667652496943,55.79105700795886,-0.2527144281872166,-60.13693828099805,218.245517099747,10.644329453593985,-28.335554846187282,-35.95931705379467,-72.59541726238639,-30.23505414817382,-46.65093382853309,-50.47411492968375,18.781518920429843,-61.660800043851076,-1.7253768361786275,14.021780492304813,-25.42363656495728,-9.258750609824789,-2.123596518246403,-41.0448774324029,27.38882581259422,-87.22966625093878,25.97110919357758,-41.6670936542089,-22.61810045081654,57.99007579670577,71.1339902318393,-35.04433535648322,37.70358545927873,-5.858972703174693,30.27010676199914,-3.440646798620214,11.724907413535888,-9.654504183396737,2.9501532209495163,-40.49511768955054,-63.14628768474172,-7.596395105505375,-40.95079399642488,-75.35861268537637,9.499190924781878,79.69655091530345,-4.669321908692906,-41.484221133273294,91.1807242197482,29.084967155688656,-65.26625401990691,-14.276943251150454,88.8147997971895,20.551568765131574,-29.384017044238135,33.00267287885399,52.87934895512577,38.553259721014804,82.65678601940435,37.89631627109504,18.97712808226941,-17.487812369632405,-7.634166879112529
-43.03916226474592,93.60158897510122,109.57630792851437,-52.62565751006483,-135.8997308863258,38.11287542795854,-6.238921023183748,-96.41543585347627,43.21794311569277,-151.1212800618076,6.45152455254968,56.27983120291218,-77.59941460244205,32.18234659592657,62.43762991117747,45.35843165260185,-15.840866805584465,-38.111746638602234,11.545667828312563,-17.286467855371974,41.6314119478706,21.611813374322757,43.834612028668985,-10.819338238564852,-54.000633823074224,35.65788206022681,3.6358853308733945,-1.2256009915677488,-7.237362653975252,23.2580842564265,37.201404011655306,-8.973441954296806,-17.423965085490266,37.63884251484827,-10.010102448705156,0.06641566155691313,-19.976309087898574,3.8887313429155443,0.9262901386922837,-0.5399458219619501,22.182388424350425,-18.37179528251838,29.837254878306034,-35.48240127487323,1.651922496986489,-11.727868433724574,27.181554895110903,62.09307698403243,38.971344108397716,-8.014600584370248,13.658922698583492,20.597246471319092,16.59443758192922,0.2981682067657278,-32.03785129057271,-12.508301516104998,22.643618483249423,-12.158637008890564,-14.519631736361958,-21.694245126999007,-11.780231147965674,9.962702996244406,20.697675979546084,-2.2453796331141924
-64.47391302483022,-19.84289081959236,-26.491577511103422,6.674175563340312,-13.389702308455488,-17.637620254857396,-11.047967326353099,0.475288195215152,1.329555775811423,0.20165125432088116,1.5875335456336614,-3.055062361058002,3.513886254457154,-5.219081082071077,-1.634050787437879,0.9354678989898271,4.069535699615352,-1.0419943602272106,8.299374819981894,-2.676943559321036,3.1926116252934325,-7.306039090787596,-7.62719766287612,-3.7852221719837162,0.14230299893376336,-6.576665482045408,-3.2221140940420065,-6.581945625968667,0.015268937264502559,3.4195483422551867,-2.372477714123862,7.978023842828799,-3.776190387707685,1.427130253449989,-0.3422748818058673,-1.5927756318725683,3.1472101300949973,3.3653930594868866,1.882823250578735,0.7503704985365438,1.0462698227786298,-0.8667738926885111,0.49292826800326306,-0.08027193671415374,1.72614629922555,-3.6493203147462516,4.187294612343681,-3.426673665648358,2.737782592283351,-3.311381136605093,-1.8179726382448165,-5.889127005512349,-1.2465511106695373,-4.201775219929908,-4.377304294629667,0.5876801741169538,0.20205454381440122,-2.092159846310579,-5.477025914723585,-8.375574031511439,-11.08048869706825,-5.002515198272011,7.362248538082196,4.676415134847849
68.18424361547612,-97.75535805562363,96.28101090716547,-100.67217500693172,28.310619635310047,-92.41874136968453,16.182098508449016,19.408076164786447,45.2583210627612,-9.415142372110042,49.3879514297166,15.937998786181042,144.23655172512153,98.87500319886288,-22.737610422441918,79.84570826969983,-14.19014994603076,-82.89090802120452,-58.675683550546,32.4239994179647,-1.380583567068423,-11.087383632545881,-26.876937755474373,-8.056951441886559,5.5685123697413195,-22.96446874537744,-0.6988192860175692,16.20323305248266,-74.00051439168723,-23.368374256049123,-2.6051004174977272,-21.395644936688345,24.08058609028219,-22.1833387637955,20.22652156260958,5.547065651511504,23.06334893892477,34.99713167913682,-10.638698750656102,3.2956724271678546,-5.945465146925941,13.694063276811043,-38.01630519725282,-11.133201259203242,-21.57546943133354,-25.563002464646456,6.560707624573198,-9.264160154344031,-18.973700539931155,9.65489282988023,7.472619770128841,-13.723878554667573,2.0792449311378154,-15.536860259079655,-15.236686648911466,5.069322933738793,-7.76069411261854,10.615199601582518,-37.9981675227475,-5.612548246139637,-18.085155113245285,-9.72730015720216,12.97771819580223,10.997286907794095
261.1569199167794,-74.30518628825874,-94.49882026199124,-17.287360560151484,37.926417009350295,33.51719974471352,-91.23147768278528,-31.510889024789705,-113.01212670220988,-21.135132647166152,-6.012441525126088,10.99586113881137,-33.09149076704231,19.945816445753138,1.9057133765443814,20.50980317126833,-7.684944119341788,-2.8091168008255236,23.285413202857608,5.003035484509871,45.752095989983545,8.08392542924927,21.5718680935756,37.191536148120434,-21.221373969604286,-74.2182040032099,-17.802626522124672,-17.69828072529319,35.98212273084914,28.148670293471238,19.146328043415117,-3.5576040837305203,-0.23226978373869459,-14.09579046582259,-15.567452759582405,23.935472983006004,-13.663625090091147,41.077008262405826,17.205395505558474,-4.602709253356146,-5.22702506589641,29.03053554503932,32.035394078828816,8.799867039285125,-21.836862350724562,-22.83371477562617,46.216501850752955,-13.030875034510615,-49.965121678045726,-24.688688687244834,1.763232274529037,-53.4824946212643,-15.885010774606235,-21.32903959536493,11.933167810945235,-0.2674197057840009,-63.325137726708725,19.278478157016117,-34.911628548842586,-32.181382452281625,10.324980302625715,-14.294017933184321,-46.4309230952937,29.891486470891714
5.242366597541142,-30.900258818283493,-42.00197400702643,9.789509793731165,-8.59357634753062,-60.10182206525174,-13.165968377293956,-38.697492221032675,-0.9500551436448278,1.807983218457697,-22.993589865668998,27.723058160319574,-36.645658828774536,-3.020971686338031,-25.099596631445053,-20.40731191974834,-5.2737299580162995,-27.915592314211523,-4.120872233279061,-24.97446636609561,-17.315206586817396,18.74207109895294,-4.789970356327621,79.77412944941636,-16.54042865510682,12.902725554856271,-0.8787290594993648,12.124201425512723,-6.44691134141952,9.154216312518018,-9.93905155696136,-14.832659705199541,0.32534791347479647,3.4396773646572334,-30.132851576836966,7.053576096968959,38.95602646549062,3.0295807664379124,-0.7703201462790317,25.983083105729857,-19.54613451013172,-8.408722212923747,-24.40110449764001,1.1144358649176502,2.921046256666262,19.749565589732658,9.790526381075214,32.8332480710371,17.21859356111764,-8.357435993837944,-4.429850218250175,-19.123537245665542,5.557436760938676,-33.201785853407536,-11.855972762817732,-14.6000754580877,-2.2658262924548342,2.1747807182568977,-11.29224981384897,26.768389298435554,-14.607722587659158,17.171228160248464,-19.442371276137912,-16.10617072666971
70.24551774359132,14.28277588105057,-175.1726827027895,-203.066279210248,121.42430624073843,239.7387484774549,105.41968666908683,-43.44834960511823,17.02618225504335,105.94389454956324,-38.9197897573259,37.38414796409766,-121.76761051164466,10.749981239383317,104.58207820120347,-11.401672995786953,12.010812978775439,-99.02083078311753,16.937188129258633,31.109715837727094,-51.43460523624047,-4.120581872402767,-1.6098426547219145,-7.6620630945775945,35.30359604448434,22.923428428263012,13.45842351072791,75.5457567415288,22.604851392483685,-29.16280635270452,3.509263477570276,49.79220970232394,-32.81840978454555,38.24486644830091,49.07309916985938,-46.833575979227774,15.12508803194147,16.38004126843811,-21.442025986494137,-16.678942661708188,15.709870290259108,-44.821284735237924,-4.397443576842456,90.91177863895359,25.51684207587661,27.647763199925887,-3.2444549440204726,-11.118002725517778,34.20765706682886,56.66579637941783,23.71901026590798,-23.087760664608943,-43.85078747068707,-8.622433717903695,8.612880947628936,49.44827149852092,-29.42977529650803,-61.2910368443483,-8.871913388149256,-26.28896271163062,-0.7978422186845792,-65.81649318624403,25.909460145264738,-28.965318249788133
-46.54024008897847,-37.368707022509604,1.1531837383190233,-42.838516303807275,9.631136008774973,3.7215748824097523,51.28915032755827,53.94546789040969,-7.051063879078095,-22.46565398372185,-37.0595792777532,19.216915792559405,-10.595453028406798,45.84962904522985,-29.70774848426404,22.0342088977851,32.43187296255821,70.85921855372116,8.129898713393027,25.42279878474802,3.545637297768371,-4.59849978000503,12.601837033327929,16.63648077118768,-35.75723853266723,14.904033748489315,-15.279350042908838,-4.261549059289768,-0.6070145513424552,2.9276772712416665,35.28542381779802,5.13186229410654,-6.828793752862222,28.349767334800426,-14.436764202546614,5.502377392361644,16.246067398947154,-10.427953813351554,7.3298579828977335,-9.38053338245525,-36.43970568096336,-16.186010330426388,-5.386821856235556,-6.306242193217661,-3.555462013500546,1.411187154419678,-3.289562871714512,10.605882426586007,-0.7166324123115941,-3.654950023031209,6.764059024052055,-0.4399731763254744,-15.553844866763074,15.009598131294911,10.939842332907627,7.59901626645565,8.453253340437032,6.405643897216502,0.660286631031568,5.940327601452569,-31.87758690677859,18.203111132130033,-29.460778828173893,10.906865105677316
157.88862505130112,-39.54110464870838,-52.73474309091791,29.40475951750238,-41.88913344990078,-7.684788001466553,-89.66959282357777,-17.863271398079927,-136.76448728211523,7.887697693912175,-3.663947401513649,13.311230979900023,-50.10888815035373,7.007732590817004,-25.720315485022997,58.918118263098634,-2.7976514025078214,29.261728862529335,4.472631005586471,-12.876992786615887,-6.953229285921281,-41.74625759105282,-0.03343362233927743,5.499580584027641,-7.643834470044945,-41.55449810541408,-23.099431303277534,-21.0188432965363,3.2457636419323537,8.236967407843391,3.7636848944015364,-1.722637839150372,17.60529873669622,-9.974490069395666,27.78933075453016,9.423227589484672,-60.1723167431959,11.633306043643508,-18.264138136695625,-36.08480648158788,-21.814728345573297,2.2354597054069196,-4.696999952408577,13.97118455688703,-7.831363853267925,-25.553393451656724,22.60259286686984,-22.475281634800552,-27.825567072753792,22.455163086415578,-41.98453696021766,23.451633921281775,-34.37926771874759,23.87303596049697,-33.185460568786525,15.094857020420914,-30.35092342954865,16.073173049820262,-9.922972057900436,-7.374514724378913,-10.561377596183629,-22.975864137028992,-15.739932581129478,10.327974301384735
-34.99269397254153,-19.023183418908253,-36.25557873119693,-7.953831139683999,-10.670750475599988,-4.838389266237572,8.285985068049374,-4.150202066338765,-8.538158934870143,-6.115987157317512,23.666129040682055,-8.001165181522135,31.66852864169398,-9.866603680976493,4.7718581161974605,23.16184762703989,-5.501259500911912,24.774393126734008,-19.865255612050944,-53.03947561212962,-13.580562994797372,-4.543047895184187,22.226520055562233,-26.46348295909864,5.373215953172912,20.737232382996424,17.603812106330288,-16.690364927264863,-3.198876520272867,20.637009670027325,-38.33020905941212,-11.614424630258798,4.064583224931763,30.771273913227354,-16.399623645469834,32.729376684430314,0.7746516577532794,9.030100159544922,7.276448588252071,40.07774539184941,-1.197697135588882,-4.234492792515432,0.7714686513018151,0.1996088794413546,-3.7802280710889633,8.095308700856668,0.6864925913016107,-29.968189338755202,-19.580199281933144,12.852344672808169,3.261539167920732,1.3749734455449871,-11.550941449569738,4.200867809593974,-16.035065132787853,-3.2389314760240726,5.450280127737317,-4.101040395449267,-12.412860505803026,-3.055663676972161,-1.7653279034503624,-12.399840992432214,14.09665898548975,-0.5813476367174062
-65.87603061855656,-20.25311517576138,-20.52180085677109,24.1168391879076,-7.914754512563777,-16.238731725266188,-4.01576214535684,15.229464301195899,-13.746655415555548,-11.614455412760664,21.64892077190571,-12.720645906674035,-9.045459975612099,17.84461433553291,2.9365370942449127,-19.561975646027836,-8.272796182266346,-4.5495499061816975,-15.948184981718747,-1.085302027360414,-30.370210707229507,5.01110544961821,5.074679279714673,2.3144145571317485,27.028326671015382,-21.174492883818207,-2.029947169513068,0.0694589089246493,-2.654893384041812,-2.5157818431010153,0.9672372800298991,-10.353054092696246,-12.676380227441992,20.536044886321108,-6.725841078995352,-15.310999027660365,-30.078736789374318,-0.05238920480059019,-12.66522923235746,-17.810569218282545,25.93489487705877,-8.486428453817025,-20.308430949428374,-28.41619402745266,-4.087152904314178,-7.22935657113059,-7.538947562419728,-15.661458917980037,14.150484593875943,-13.505133974713777,-7.879842437291058,-26.406457730610427,-14.358654629772008,1.1405790433201781,24.882057141755755,9.130761088459453,-24.151696176750477,4.180710000762733,-7.905777403085388,-14.161112124269655,-9.267734200012518,20.67866110970977,-13.571105863818214,2.384353869439512
77.80083708836881,44.360211430715175,55.926783590498424,36.289813929713915,-58.72329582488042,136.85853602756774,-145.14105563728256,56.010995470297885,-83.28481974067743,33.111058448590015,21.353068105214113,-72.28904966715896,10.03472484808783,-47.03562570394416,-44.35995011172774,73.57631798830457,-2.2077293631143844,7.6789620663763305,-26.850044449076737,30.21206891587204,-17.677789813942358,-1.293595920988029,-14.442379553422796,21.57238844157073,-50.538962959252366,15.321294782446964,-24.529645506090784,27.773997189634812,-3.6362906148954153,-28.758345171834716,-20.090821263602702,-16.20174630744138,-23.918449316216734,-8.964073708268065,7.431070886622541,-13.926610194498261,56.219333696944,15.058254169925664,-25.112877442388655,-10.421049945295955,20.0049622489535,24.379189253104705,35.251953181554974,20.444628039203486,5.047349073742708,27.79850603092479,21.417138945595067,7.393287319991207,18.0392388692854,17.21738621365965,-6.382313227526009,-1.4455906069842073,-38.9601107737178,3.021253278423601,16.218091226175087,16.325339922681763,-34.43831677839004,1.192093807048864,-17.741173445343392,17.467695139208484,-21.634347759790376,-18.866414140796977,-23.108045637510678,26.107790637136727
-37.370855238173874,-68.19685596577483,31.058690736865685,5.231845999373797,83.670130456174,32.01331498390444,63.39521380923575,-13.211089437300899,75.62468433975307,16.495449499308503,147.3795424435004,51.87690535511439,9.582393849726133,-75.86403144221309,-44.98726614225879,66.03867473796834,28.80087324090988,48.18487011118918,35.09436845983838,-141.03105456633057,-75.96938527882519,61.06647623081352,105.54096365690404,-11.325308991918984,24.3554099735108,23.74131917519342,-44.71863207205285,73.41434502706271,17.280739395860504,9.945677386503023,-11.24461545495661,-4.893741413370054,-14.46809816875036,33.20441414470959,23.529531558261887,74.26473801456731,-8.258486040119399,4.804999175116138,-4.585909511193506,25.72126312050885,-14.809132641730864,16.096718183704727,7.637440664927416,35.72271183021806,-17.05473660485426,17.04001905836797,-32.837690878546574,-22.22596672922897,14.759037131475097,3.444252572164528,-28.417024931826845,25.721920757497557,-11.732680534846615,38.236102069274665,32.888347709343854,-8.742784177444772,21.58267140320711,4.136698768754121,-9.463200890202877,37.81590547433306,-26.03034455755134,-16.41658559178262,1.6044692231829827,-7.096302922380927
13.746243988748313,-45.18068595042019,-18.25973177893038,3.408960542276705,-13.02304783988985,-13.081422287782116,-43.52077015916492,-10.984553241925653,-15.917905391503206,8.199685437227265,-21.31734395197874,-10.631543907256052,-10.537453820454118,-13.550356710850565,-11.798274381220839,20.536948184951598,6.9052802019188055,-5.549079062398402,-0.8001246056530973,9.401138434278117,-16.296431774487868,-6.985765466518485,-0.7014822645260087,-17.372978886594947,-22.180885973649808,-2.7442010258256255,-15.753732601529574,24.211457148193553,-4.311839938083104,27.927169055970435,7.174034275490342,15.568975124698245,13.170965638554613,24.459449601212164,-12.928969709367689,-17.772898049283448,-0.6626664726307135,0.6016203026952711,-4.066585604804064,-14.220419594163648,5.118240079629048,7.802407868701529,23.451033257566248,-7.49634674457002,-22.386305801524834,10.014851763136841,-14.396675620929802,13.873204185465283,-5.70664483658709,3.6995647725476473,-16.913590391315154,-0.9408017867291658,4.5874775196224675,-7.247185354903342,-29.127603993912704,-4.617093183631349,-15.143526515446755,2.1118745865897988,3.7252118570027486,20.600294608323754,-11.41435563843556,10.892183925629048,-0.10735480929204064,0.842700382487145
-55.479369267996994,14.95253386051694,6.276916467258239,-10.368912189127563,-47.30331474592637,3.1589378642063917,-34.661791916705404,0.8496185793047951,5.28779382541516,-4.506745455906575,8.523887310405891,-12.486143018817762,-9.768001787023055,-8.164221846490516,-11.058831695801347,-1.1416024400241176,5.386115361419926,10.7407948707479,38.91668407386862,9.634093363913207,-15.05971480038268,33.14225475050507,-13.420578155142012,23.36729809362759,-23.070349552313328,3.4393709416677845,20.309866923264646,17.624853733252337,14.46248243071899,7.911620352283083,2.018815657279887,15.191410281610526,68.67498634682828,-22.242544598620217,-3.5087745867995683,-36.13969358547381,-8.261271647939227,1.5232857735390697,8.2098084386235,0.3714900287219396,-12.489547536318694,48.62325323118242,-21.65908681977944,30.58909891574055,-44.62427014061825,2.2850009369206896,-30.357956608783947,-38.03033883851706,-25.76620111423906,0.16891040018853237,-22.77605275424863,-23.70657766097127,37.2901814593095,8.248676927050859,32.57030563858458,13.549140149684511,6.549299852390877,4.8748968970303,-7.333159196053517,-12.809012546481,17.59596703556901,15.04452375209731,4.8569576360331705,13.721109243634531
-58.332309088587124,-22.567358646738136,-55.66807436476353,-38.57674007578691,9.360198665086552,43.592980298691984,13.71351636974846,-9.775234154565696,-8.031527175292538,18.055578453775503,-2.546388630986301,-4.784297661953927,-14.920174464513655,6.377166732785566,30.82835393120382,-12.39138583335111,-5.6998294909851985,-18.391808996907216,3.336279694133495,12.968079732154404,-16.244537033127877,-16.941534356247875,-12.406979889291343,14.115756232499756,-17.305243569560233,-25.337757143519777,6.37478372492785,6.375179677725153,-7.772118886443507,7.59853243439016,-18.55694823388236,6.4318880787167005,2.1840119809046796,-42.46101058572605,-2.1013174962631176,-4.7379323735419625,2.856273984756091,1.8194837824030305,12.499256213860418,16.0660306539066,9.009633048144721,-12.184104933952426,-14.419468377341401,-11.632270012090178,4.674137362806617,5.657391112300942,10.403962559454293,-3.809037329359394,-0.8863858024022906,7.701424882455253,5.682151751470758,-12.512126691805426,-0.4765752947652209,15.600426252609285,-9.268173415252555,-11.06032716022834,-20.23196973095187,1.55490157873654,0.5883473710668291,-12.327687054821524,0.14939014493720634,6.385235004204107,20.765769068271986,-0.9495699300377924
-61.76710317279737,-23.551205922130322,-27.177311335245545,10.369105915373812,-11.678565055590191,-23.485321032200705,-11.095895252241878,-3.7305506566956046,6.818824626278706,-1.133503093626695,7.505939565874896,-14.17608560961515,-7.84005744904438,-3.883930203744373,1.2068907655749384,-6.543983799811869,8.428205774355199,1.4800483974147325,-16.573035165700443,-5.971416469334309,-16.837291207269683,2.6132733008941456,2.9610273575683865,7.969611378117679,-12.157775653863702,6.060039740495783,-16.144259826257223,-1.105986261342689,1.5301697118567326,2.3388759487719883,-14.0276048417575,-16.6510043638795,11.78442979515585,-5.6794581296326685,28.044420844651725,2.1802065759627407,6.172428091207335,5.001154857951512,1.1723618744869635,-17.517620629362227,-9.845256459791809,-5.255573981663313,8.580016967582907,-5.5155096622999915,17.219215165004577,-7.470508299021582,10.801315748649834,2.561295214151348,-20.092950292271826,-16.498731077536934,-0.5236049910922377,-4.812066848806877,-1.7483811908933833,2.764833976051214,3.664347323435739,1.8435432837633767,-0.24338755991300404,5.457081519880215,3.4381893482439447,-6.117582927439851,5.369010715876661,-7.74907913498463,23.200251076347122,-12.521222698327687
18.285405666281612,206.96728337253046,34.8091327032866,-42.313489761573784,-43.230594286718386,0.06602558406014364,-12.320602912426708,28.635976025656248,40.58159947110982,14.85505896066494,-115.58247383203083,-76.50253051450385,23.367260875558397,-49.185261525325345,-7.050713653942603,-21.188935035638668,-33.22505459985988,15.503778179528808,96.14530990062953,22.200164249571557,-84.09988700521315,48.259405864976095,6.889061176150369,-3.93026596860911,13.632260272473259,-39.77718175171064,42.29501877076568,0.855379068160396,-18.46637274093304,-25.395000354299572,-71.08580434417426,-41.54547456585976,-11.367010723346427,44.909661402657015,2.2708330669198595,-13.392241675734624,19.81631190906176,-12.506135146075572,10.964295961872766,-27.932017376408467,-6.908039482821308,-25.240814294991797,-17.439558275738715,6.005768935841924,-37.98838182478443,-0.5431444073262754,9.508989883718572,-11.483769394499804,0.7695068307824879,22.20727369142943,2.762248740930535,18.777575436491407,-2.659904021983403,35.834444189803285,-4.901958664840436,-31.17279793648366,-4.049813090754746,-14.011514662505382,-6.750412847712246,-16.549039497225394,-18.75868355865702,5.164056096268083,22.983115156029175,-23.52564750938437
-62.10791529176235,-21.20744228287084,-11.197730002690513,-1.5347286622729854,-9.031447445096052,-20.922703173588445,-12.781652286877925,7.851954002815678,3.0462501672700557,15.899348033710833,-9.20008031655745,-1.580730394979402,-4.81964656326267,-6.4109783723640215,6.825964552771686,-6.145588124991973,-5.887854143745424,10.493425800268806,-0.48087086172269017,-12.466426781552585,11.09599392766282,-7.270030230274765,-3.937380750476421,-4.557827285837507,0.38154530173782525,-12.510258532661066,-7.384015893006867,1.414915934567227,-5.615407273457512,3.1234787216749322,3.0260679454695647,12.786681295910926,-19.266052687116915,0.3822091003697434,-7.9376934279123015,3.1438143927545132,4.333803557230482,9.3087824105426,-3.6093733569202366,-11.376687450757357,-7.543666497710723,-13.34871079130049,-4.539422212127601,-10.71789177121289,-6.401818802913504,0.7603012075427953,18.3790423843741,-10.996371249987218,-10.936019073944099,28.484482367092035,18.01006317793021,5.387004311882172,2.6831698638755506,16.587312593712596,10.289072643124896,-12.565592198249874,5.434632952081659,-4.845892165145781,-2.3984638768634596,7.790013585213488,4.20682448893636,-1.1145898409852517,10.454390702616504,9.935200290417082
-43.905871304091704,-11.807926909590519,-0.26241307970828864,31.5929821186567,20.526106768672964,-0.6512602348567293,3.7502966209029416,3.189570784646967,9.625593980809764,7.8232865106801635,50.12198703696326,-18.172409111395048,-21.04630626816841,33.17593777038238,-30.218686970105487,-29.377530471187,-20.280231739187986,1.6461040833937233,24.320946928656376,-65.86775551471904,-36.440966747762616,0.8832467900255161,19.63236404443955,-33.84936743123003,-14.892006653029823,15.448765961881982,-13.294217532562936,-14.609127367617655,-25.837806637559478,-0.6956918554090399,-9.42459340718754,2.0285843955932727,-11.057710572739882,-11.144814164693956,9.073671450764957,-27.31715235208123,-21.879849305930772,-0.9199568001379436,28.984862021548263,4.376870999337775,-27.654562992336817,-8.229312369650485,-8.927921984630839,-0.270761639217259,-13.611900265721598,4.822944757836588,13.78627223478733,5.232161448081328,8.159680127939978,-0.0750169498794351,1.7817552757043293,-9.03228536129665,-17.400288021197603,-46.21540163214102,7.950423280223634,17.102211900989534,-18.30108523040633,-2.6039355165142775,-6.884656087516007,31.13012388529175,2.11317169568212,-10.320391532631437,7.432110003423531,-4.1635188671219145
115.3077272444803,11.686392182378555,-93.16235552806111,64.59309821034182,124.51071935770135,190.87429773454318,-48.987787532583795,110.3070215954017,298.96319234209665,44.14057372905749,51.167770924169695,181.09673591322348,-53.205532624959936,-49.56355594283699,-55.676925821413164,27.4285470309346,12.162651106074668,-9.062903738098012,-29.209540664017286,9.50849288334482,-28.9855595738886,26.29497161713553,-18.456393996795317,-2.736225128429256,41.56476481044756,3.0467638113932893,6.043586717226053,10.227838070316125,-5.740836942804454,6.47571485823903,16.26449630496232,-24.08252179798731,-5.24634898253381,4.3851548004517005,32.76338822603904,24.828296030489213,25.588186101577417,-64.0055208020702,14.982524852511753,-17.53784805715427,42.51919017220846,34.55073352198004,31.100082840695496,-24.78973774200761,-27.005665131951563,-14.963545621907585,-27.974906261784646,14.630654508156491,-22.503318573678122,27.860731743126774,-23.727171956121328,-15.45748014643513,22.329273769909577,29.288825201871713,15.350716750663235,10.245636901989423,-16.930401718105482,-8.460957387460583,-51.81284016552238,-10.587674430159641,19.575211670262664,25.354717286004202,27.57112089314046,54.209005838943625
18.690303503071615,105.61984880901811,-24.44230520519261,-110.52438146339874,-126.942388932644,-38.05817585453541,103.1805515617793,17.996370783757193,-0.9966514350414538,95.01124904255299,90.17038680816428,7.588406820009945,50.6284065299928,-9.676812558712866,-11.868169290407922,-40.96893252588,83.45964266613748,-21.976975303962387,-59.87461662253363,-109.63705657759624,-26.108526175379072,-83.5876465456863,39.922919029115974,-17.253717298095413,15.929741792719204,10.631809589059479,55.69347539631047,-9.577710037520426,-39.0900016914419,4.863854543687025,14.772828271241636,-57.888062001664004,26.449999525141944,-21.042039905465373,-23.827232399978843,-71.50918341520847,-26.874787376638576,-55.86720587899438,2.9372118518281933,0.44604239908717536,-1.877886966761652,13.381952650743445,1.009790367669165,65.86682955588414,28.776476584615637,-23.501907194179257,-12.719472599862907,51.64914212448161,-24.6098076914475,13.87577900385848,5.662094265651934,20.602165364738045,38.19615775957333,-4.966593932059977,36.883517929695714,25.437495153208065,7.27979608845473,51.43136504214949,23.09446982363271,-24.84796335461468,16.465984566500474,3.7715105077072897,0.8246298806196508,-18.058571729552977
-25.728247513430947,62.26572101462299,75.08781588230376,-1.6516686481079546,-164.70965313144507,101.70872051018398,-131.58904236517336,16.187051674113626,-49.52609873863841,37.27900495978431,50.250286665872586,-6.2361213155394974,-10.80867888876547,20.274693384568344,34.989074872038806,31.497595901125692,125.97657362812,8.896083288325958,2.256605947145298,-35.34911491081835,35.22834354074044,-16.997528741596906,-6.880174884880167,33.89420873648947,28.98907573709048,-14.164698480139604,-49.755024949610146,-45.89976544923916,24.80818843743307,-8.191697099190531,7.120437854220544,-36.77652800747311,17.01974287139654,-52.741411170214725,-74.2944254167508,45.96164411706322,-16.491594668804606,-3.9223970335703933,15.08221259289007,2.0478102589253226,-64.30380454682727,-17.193863661558293,-36.248358763878784,-12.029009731001818,10.635500606656123,-13.90013458054264,21.510851464650496,29.960285097713708,-24.500499344805107,1.5477110803635559,6.148697219897343,-4.821453717394094,-15.4903271585153,5.277744758875886,16.453198160196095,-4.939846334071082,-13.003004007531164,-29.2491641730414,-5.1594189471509155,7.101416390267181,-3.314276953027111,-23.376668033216337,-15.320538289504006,-12.73157720886349
163.06089761176094,-144.96981222245026,17.299305642445177,24.53725881331229,-4.005178938253936,36.83769022458123,-39.00520887466592,-4.854199741674391,82.08146554479646,-21.81991194285338,19.01072671150499,-51.95042855918888,15.084507934380506,-46.068147094269094,33.12798392011079,-18.3621071218566,-4.762643898015757,16.835473618210827,32.20308677073016,8.798129949135989,12.533615222673898,1.4457596553499894,-15.642070656687041,23.062836813337615,19.53121144616424,21.82729093765616,-0.9784143402043302,8.849556731917088,1.0135435179585457,-39.398926814501046,11.565017097111468,-25.17993912550384,6.485464047051204,20.261093856934586,9.709053569037058,3.7672537880673227,-12.543875747603272,11.642018199779764,-3.038787553751535,-6.38202804587759,16.017338542137423,24.518649296038788,-12.508718488052823,11.879976491257407,9.324578859431114,-21.595504363372335,-22.006882043332556,2.0516826948864453,-7.709281819145226,16.656125746105058,26.76336900092923,-11.84652741329469,22.62134401613188,6.87783370554985,23.25898423375196,13.983944502100938,7.60377670896749,10.36812544376307,-1.057502536672283,19.691175345602602,-15.590915315617218,6.134957961695146,-7.230060238415513,-4.476998292133196
-59.521230690238305,-23.700090732271068,27.054855625346963,-27.08235948536586,18.62035209583364,-37.62015708726918,-20.12186931884183,18.214329951615905,1.5191672660555344,20.505497819436783,-12.314253271958211,14.61227974642531,14.47132232487947,11.438221479313778,15.331784441732013,8.92316181266719,-25.132658596778775,-7.6641634595347945,-11.645073413195908,-6.331641985942079,15.51928540440607,2.3126107264834683,-11.332162453447564,-14.84914960029493,8.472854939831754,-28.160538241267385,-15.680531470525871,2.5849077597839742,-29.231537787633535,0.539038345375395,-26.53644688356233,-6.006842253729165,3.1855533036560715,-12.952289792237194,9.794768514599049,17.338865214960304,6.244610901161184,-1.8869837072618898,-0.09148293192341969,-17.106873684158924,15.480849339552197,5.003369238795514,-18.426900583958663,13.886235857655167,5.17332404316692,15.706443981137612,12.382378215969279,-11.106545101920995,10.107076380055819,2.814792601182941,15.25991929051046,-19.512295065649436,2.3138098875156166,6.683961105081879,-0.6890309212859462,-3.5439410980626893,13.306405658858917,20.9124637386842,18.476369549544835,11.129199096850991,16.109879286388306,5.92436605545904,-13.046374759709042,20.77363739046333
8.238317511144338,248.73386310088955,-8.585623413072177,-45.4990338409052,-53.493441068092245,-22.72126996630817,53.109259689349436,-31.590343600559184,61.64874890473916,-34.561818573241425,-45.8109110109501,-48.15574602151501,19.034193791458186,-21.480341549205246,-8.015306132798486,5.577816915424529,-11.2546833397084,-23.094560811490574,18.730415755219852,-3.4073266094230865,-38.44807365807303,-3.356472330876356,-34.680202255824526,-9.313131120659754,37.17469087591233,4.538998377981112,-13.000666436607174,-5.443470033635424,-11.025825521266096,23.82631930860556,-4.456869595682017,24.907132195146062,-26.313991471587947,9.565950337644743,6.528611825027503,0.9402205753523484,17.23422034917968,-34.90950875337036,8.400714614627256,-17.379026313442616,-4.43745888903786,-38.87863721735498,-29.986763007650897,51.36003824846284,-22.665131784627437,-27.06801966797716,-21.20259975992866,23.96937727026713,-22.834206430436623,-18.556352800274816,10.014792879892296,-29.86284071845405,-16.024566214867384,4.333656583646167,-15.429060518538991,-24.10645472738375,-6.29398585423518,7.948504606782869,5.543741049679623,1.5494795026024497,8.45561129443018,-27.964482710868044,-1.130512630512137,-2.470585562802218
-42.10995251169945,22.334340579047222,-11.696222122208903,54.03457518302427,17.373873330495318,33.295401549441564,-35.0699221663643,41.246078039291945,8.75905739558623,-6.9381337646783585,14.192179462083685,5.127777672946821,-19.75535371331389,81.97836761415077,-34.33193729963318,-15.050682905831557,-42.484854581586774,-5.057804239399965,-21.660785474082736,-34.47323955260411,-8.849528489855652,-8.10008228596757,6.44993428891172,-3.314713355098876,9.559747176968772,14.084067941756846,14.288534048839482,-18.6549383302174,2.404670256913205,1.4907880624687129,5.798555663762993,14.471379315794632,-14.505962800703122,9.918640633358665,14.556127679178864,-35.53087534968767,-23.446999024887972,7.874276578701516,21.310742284324657,10.143506286969343,8.962550468028121,-16.55076335100113,-18.40034874446879,-14.065742464705988,-14.318088259723083,-12.271068717727836,-17.815922949828376,-18.15192531505981,6.974587515762632,-29.529851873748115,4.569440508887201,5.133931880233643,11.114000521489249,5.853001038786647,13.668183187662498,1.6679931101617835,8.436407820487643,-1.7074200344777224,5.005242376887103,9.593942751071028,12.477148945192358,25.92370242579132,13.480666006618723,2.790945478687163
-20.329919006406854,35.50197923895711,119.5294069129298,3.215101229659245,-148.83435787114922,125.80599551588821,-121.03471494080951,-44.864047311798814,-72.97317078915704,-26.32977320415084,85.205960512247,0.20736576399929574,-88.56526580220168,16.670392667275802,-11.39430579778199,84.43150524662357,41.30961832365059,-2.475614923131165,17.95528899737892,-6.445995551702343,41.428808665018806,-27.580387065872117,-26.283839823765064,3.48409688017409,-22.058868081173227,-40.034959661968834,-47.10017464666456,-32.47038575551959,-3.3556805312759135,15.118170125655308,-16.512306915994472,10.813972320216257,3.8370254824012933,6.3466278076753335,-48.936189521854494,77.34052620877829,-42.88109455254951,8.0789994951892,19.00698789314215,23.39122912652394,-8.72408936631619,-0.7972144511931926,-30.8724640972648,-36.82582147438766,7.047453387300572,-5.6687786933805935,34.998544234349865,30.81519860494846,-25.143677758569645,15.828063960543767,7.7907702601958535,0.7284855279745213,-18.480892881728856,-24.45515996152684,29.855279699883166,-7.219772993590531,12.2646115973091,-11.63348012572004,-9.113646031651875,10.188045413319232,10.09793593407586,-3.4520192114100388,6.570931477530733,-43.73465086008188
-62.01612912862969,-17.301045834894474,-9.71381705310037,28.775543831803304,-1.9098028966127734,-3.5036475402390286,36.52306242129386,1.289698015586028,-6.460783961321255,-2.8849137153941387,-21.275149201095676,-34.530564902724336,-8.957675780551709,-10.144769129002023,-29.111794167334637,19.458028137243552,18.648186428180477,-34.25410592986397,20.27893777063005,-2.7488434712113707,54.09175724366788,-15.796127770110079,12.726627424105935,25.47313198155115,41.74190235831287,6.2089110387533974,23.805528756718065,16.562394187007897,19.824682677040634,-1.033183673054283,-26.48631048625222,7.69626652202767,-10.701210602280204,-10.405365607190422,-10.410289394368041,-20.53017795019444,-43.17908347820232,-8.404789084524356,-30.410457604005277,-4.6094861093558315,20.15185052858463,18.647751403408154,7.406426523059136,-18.03262552670425,9.29907623020185,-1.6153549546939256,21.136822527356912,-5.224859120820505,8.301943534448181,17.18083071018218,-54.47484659817809,-25.2229185408898,12.845046482408483,-6.262993647362798,0.7401824793329188,-11.569031272988411,-6.290758864674049,-1.9417756838726845,0.11319439804065941,34.06299577819198,-10.74581728196115,-8.513705749728265,19.118117497627697,9.36402399368977
-64.13104876543773,-23.78361971649586,-12.062961712838138,33.45365693498605,-27.12374089477654,4.654760300320979,14.654926742473632,4.624690853939914,-22.90310953058096,-9.086232336995211,-24.522017726823663,34.84042718300605,28.967970137750246,-8.54759465012138,6.483893793449115,-22.753128972815823,-21.2226217707935,10.196571218780672,-13.656301403004177,4.51627383208628,-35.93856965932455,6.69923376934853,-20.933428626144845,-11.589445735376021,-6.900831400947715,-15.016447409244797,-12.504917512051096,4.673428318267812,2.3903864410019873,8.033680142548715,11.6095268689076,8.042485505536053,2.1688779835350878,-0.05983557333736393,15.847080125825727,-9.766838866364955,-0.35433646534984303,0.5753359974255373,-10.999715364783386,16.564982841220854,-2.853446097469949,3.8384199496066334,3.9955820513310822,2.9528827880177175,7.167660012496179,-15.21873872569429,-2.986027807032994,3.9203551440406303,2.7463661482883994,-0.7033866837915662,-0.08060917116822183,-8.811516375502174,-2.187953664970836,-5.290887116997459,-13.931567786508051,-14.759678733816338,11.836008918001383,-4.322089110680021,-3.1786311497986763,-12.844539989872725,-7.73756831895766,-1.7325299198222788,0.05950349658778657,-6.7842784470603466
174.4404136990964,-111.32751105345156,46.51860545716913,41.50754040961717,-55.20602543332444,38.61846528087485,77.27220303147375,56.8464380104742,31.165679965284724,-92.57904842222281,-32.61061614933527,21.98726694665506,-14.07636116708047,-32.6602083088985,11.136975616940221,24.139410516654408,12.569592156957235,81.09134611386992,5.410997987252135,36.93618020051824,-5.961469410207106,-14.874360891047033,-7.45205047589731,-7.050256864336621,-24.313344345083912,-4.139379220024416,-14.765919674842598,-4.851982642833824,-0.8178602873417049,17.343953314538417,25.974862330360846,-5.327068029429142,32.42508182627061,-26.744138240927455,11.765693422912738,-13.358422000279429,-8.944167362146182,-9.370291612510076,-11.818627165045303,-23.31001765249374,-4.30394021745368,-21.559895681186475,-35.83058689789951,-8.797472753834887,16.369729473206657,-37.718052353646875,24.33254080156462,6.820460679944189,21.730585366865647,19.28478694045284,-17.94107408275958,2.9984022574849347,13.546710598737976,17.65804725201553,0.15350500815986431,22.813101334027586,-32.02822745193639,-4.10964440990917,-17.250495844074415,-20.307313478476345,26.44604418101877,-11.092761098048426,-7.660023372899921,31.552452471196766
145.24825865777672,-152.96852847509027,29.608511782017807,31.762597138383516,23.468652920149175,5.079790133924296,8.0223420232489,-50.623676181786685,91.89573791029567,-13.782596533849583,74.55607197936054,-54.189105302046734,22.595183247725345,-33.3585246677943,-19.893100039945157,-21.923081258641098,21.808424168832943,27.724269033572124,19.28660931686212,-52.88683024133279,-29.319037814149596,19.789910555129957,-7.447107680794445,6.185054534707765,-0.8020199314466219,22.600811087666788,-17.88413595080676,4.7020577000714905,-26.790943199129185,-9.386547424858334,8.050986796386754,-7.338223718391861,2.7578503125334404,12.853464718567214,36.625929459476964,19.524102918731135,0.5396700374068075,-0.07703704904173878,-8.795152233958358,33.91068552046477,15.434140592209735,40.86180072609206,-9.731300745110474,5.700311747112018,-6.1430753631386805,-18.256183840905955,28.2161736986244,-20.011165936992896,4.990955201673104,5.037378003335231,66.10073011645004,-52.2521114032536,14.965763499381355,20.781696161280042,-37.883097202786786,6.33053574338423,33.031058963766725,20.77689784807615,-27.53267582364535,14.387854565826142,-45.42570941594435,16.761278617405342,-19.168926491846072,10.550719589498561
-66.08879852842807,-16.441220435914527,-27.829526952851584,8.87144799561086,-11.605615615091313,-16.762602053718606,-12.812545233310084,1.5815985126369627,4.285261237026766,-3.1613076772891016,-3.8067403428768753,-11.560001191971493,0.8689874866009235,-2.617713824057585,-3.7635870045677358,-0.4118579355926235,2.3508064456898126,-3.4636666674100187,0.4705465742216675,3.3698609790284624,3.081142167272198,-10.014511804140287,8.19146976209566,-5.4911469591818625,3.244722642842154,-8.458345537803961,0.9003782367248264,-0.32215609398595785,-3.853145242062421,-2.8186515994315666,5.6735135608227845,10.226290498221903,-0.480252205392626,4.429813338828358,14.825407554265889,4.112025722513998,3.8769594765565527,12.240219210129835,16.856425042984146,20.947475715476326,-3.7432398908959583,1.7261243174553798,7.877726614988405,-0.09591138345413566,17.93451108978274,2.521822869890816,11.901043438006145,10.665696231975547,8.723405916181916,-2.3321756855471634,-2.50870077145844,0.4961959666681944,29.362845098068426,8.569520808140085,-13.730157995202456,1.0707311624855589,3.181108396539321,-5.339744488538736,-15.388415123286126,9.77753341489164,-3.2020145339424775,11.265017984490425,-14.62268839384088,14.520946059077737
-64.11325420542606,-16.977863764372408,-22.017405874411825,4.328713642918386,-6.403935858562403,-18.045642602299747,-12.87829547121196,-0.11915549734575916,1.7991545810609788,-2.882591700146694,0.826106849319722,-3.286347457888913,5.590702880979122,-9.356666679023151,-1.4375975492721655,-1.2919507186029648,-0.17573770696423077,-2.8370386943766093,8.837701363608138,1.0705484089625255,-2.0101709647730037,-11.68718753559361,-4.058128915294915,-2.7984632084254595,-5.596635146499034,-4.562313385949391,-2.247880810553655,-7.476052028620837,-3.7225727627092713,-4.565041784272209,-1.4012230780837818,3.687485476461689,-11.57172710411084,2.134183818639336,6.599605911065549,-1.7324202368758073,-6.9432905151624436,2.4865036001634504,7.400151151713937,6.057991029930246,-14.512454582034781,13.220221914801341,-6.0345739488384,5.493727223577871,-9.022118769044049,3.0910301653856416,0.36400527905367747,4.973300313130374,-3.618097222139674,-13.617368817668531,2.8584989425673712,-6.174987965269903,-4.738711220347581,-6.78523340116496,1.8662359154187314,2.0704285772822337,-7.936864012117345,-2.309802391795651,-7.173230486212299,-5.891163093015377,2.1586522712211638,-10.224806013993069,10.323551215051571,1.0502015006290948
-65.69395420468946,-17.100038114805056,-17.622300168383404,-3.0049968290248277,1.5033879704317106,-3.0283390134955566,-19.25591726774785,1.7668458983828357,-13.261248490169287,-8.408835692032477,6.820874248314371,4.119817748690405,-1.9683303291073702,-0.597213764899627,-21.30169851394185,-2.9297292268303403,14.8127193187113,16.318961766160772,3.8829746714358784,4.514798663447718,13.37600237756974,-3.4593935025760914,-16.02072497579626,-0.6443167365799359,-7.8050067277461785,0.12110276819238958,-12.05137366917043,6.765106823909721,-5.881758109176697,4.876164821234129,-4.114356430184044,-6.876407922942924,-2.660587995877451,16.37034887491416,7.933326894740832,6.959333454604693,-4.790794066387845,-5.516460925850607,5.484303457800068,-12.587030237920832,19.516042682260533,16.6572864236013,-21.22533369760199,13.124800610008956,4.63501300489036,0.1495210055125913,-13.873947252042491,-3.3996817702941833,15.209444555084211,-14.702077853914266,18.318651794124712,-5.321519405200554,14.647086879990642,-16.84655424705456,-15.986317048274024,-12.496196264002485,-8.92629498828914,-1.1216353863970159,19.07965586927215,-13.117989403078491,4.278926724481256,19.34241807876428,4.6026107230589215,16.093401685254964
112.4066954707223,62.451717004884344,-81.52812452306135,30.897565549335763,46.04500053129687,-107.51504829899133,-24.720918774192675,-50.96186802192711,-56.807055048568984,26.37931530757902,-67.10471179170563,38.0861450597199,-20.942062104825133,22.18404607327547,12.97371996431709,-1.0458441205388072,40.7198789434574,-37.80448580914731,11.526378189506108,-24.096120114298042,-0.718398169954427,-2.3763539965825946,21.035483943125985,16.447073010339064,-38.9888748502184,-10.678801591316699,-4.482339799077299,23.76974949207594,28.60254451164899,15.094015088289549,-7.352264847188746,2.0683986968506565,-0.7575734770812477,25.87795850198149,-10.209918657471347,19.266604463284857,31.078637381585537,-32.80945992102133,29.854659820205995,1.2341491344795665,-20.660500369097416,-15.484181813492691,48.33277828682529,-15.95114737593557,-11.300846012475708,18.783926856364356,-23.888105643965563,-7.723690013773384,31.290716511769844,-13.230198087760643,21.490666223895072,-34.0701594884785,4.2072303900224135,-28.047319955062004,-7.166127529759688,-12.164510220172904,17.220190829046974,0.7228846109043829,-12.44799582736761,14.489401026522913,2.6763041065584883,-15.113911346240329,9.029990167902913,-30.29002421965409
-105.8009207612767,37.276509045178635,138.57519937780563,-69.88677085474771,125.55930615742152,-36.16325582734571,-61.52320322403468,-91.00938536705749,-28.164524611398633,-107.90306959793041,53.15440731796768,17.471788273840733,22.168469217372746,-68.6731709019923,1.7225016573295544,31.68725091427801,-23.338218828976437,-28.268541204933786,0.8642731399104868,-8.943922494975071,-59.76877484844092,-42.68089641430974,11.544311460142463,9.185389861069565,30.325565685808307,2.3419277818933124,-4.726928232866564,9.750469422009525,8.184053327152606,3.044445157563715,24.650150630342473,6.349042205430799,34.17939246731693,-19.338223676955437,-20.456038464423308,-45.70048303805424,6.687188943541189,12.995713987188328,1.525980168433142,-20.5848086808844,14.558584281393152,17.177859880983547,8.892382137417163,-39.994298470393105,45.57808554242497,-1.9920041511282858,3.140212430000572,-44.57032226593287,0.8666544968366288,29.765789360178253,-8.832080187329796,13.449746607910471,-4.332357097266632,-37.67916713460983,8.164509637174467,-17.855229746942427,53.716296360248535,7.275556872010503,9.057967437914867,-33.517830776867804,-17.979702375277004,42.34605608273504,-6.7198878107070215,25.337828083840616
-90.81154315098392,-17.574955138931614,-90.35750651998475,-139.89266004011733,57.6955248304513,111.60175842584559,37.672361961048004,-6.005748876446813,-28.752189972079368,-42.35130105030169,-48.173622273147465,-1.0978383271577838,-28.190979504114814,34.47436733404355,-58.167680216626316,-61.599180503803815,43.87102807769429,97.52228278544422,-45.644275181578536,15.589909887281026,65.56401415422971,-12.990988118670622,-56.898572974427445,3.5343739900449127,-33.11453047487305,-40.41448802907372,6.454121971030207,20.20622700596717,-96.13369640252175,-4.492878600483774,1.2621594245578183,-63.4576044609036,-22.07092441072558,51.842458905311894,-17.945646671480237,36.22749865090798,-13.53734773179081,-24.528231509832114,-6.9549198708890145,-12.742667582315907,-26.986882993641835,36.74019144909416,29.91792615840285,2.216993847754358,-18.009809602152668,-14.410284052713168,-60.519944046123435,-46.894845861197226,10.68046330830902,12.881990188803373,-15.918962399144993,-8.927631624859673,-1.8336854946311623,-26.975271967978617,-6.230270491099275,-7.344715282002465,12.560494011201268,-10.076266615644764,7.741113421667175,47.17449613773855,-30.52295352421308,-21.909889839179193,10.328801633034994,20.609752647681965
-62.06759026623488,-21.07938284999837,-30.696260943099023,0.20089557452938847,-7.732603523209543,-1.6462799222094122,6.458732190983038,-7.56324928631749,2.6308482677880294,15.75073624020888,-3.4116859878296433,-8.338041373682367,0.492857976417705,1.6604722942658905,8.237988133904047,23.361300100651132,5.030096947736254,-1.7766258477185684,9.954900538942331,-1.850359173929718,-7.664738494227701,-22.328639930838655,-1.7550365218095187,3.943515843204536,13.984486031571503,16.157116599493804,13.04208398735694,-4.797915246758509,27.698954933297287,2.701020708987533,-37.6607462325339,12.79266768878474,6.1005906955758205,8.062435191536002,-11.536629404533457,-4.222728740379918,1.7054084544766528,5.944514857441828,8.526231262431233,21.412700450225046,22.52543139670951,-7.152317565487765,-6.076807299499641,10.92211087730955,-2.968217855492183,0.39203431151662893,5.031075450264032,5.117550343782534,3.0864196337183487,9.749601102175749,-1.0164898988916269,3.83798884254524,-35.27483850096934,-5.851612897317438,-6.728890423816419,32.312528899696076,11.345786525024707,-8.280537109007655,3.1013166074227403,-25.29535569365474,5.536653744822107,3.2665399610907215,9.267635033849446,2.199992109292753
-2.919192091743185,-72.44653410802054,73.85301675152353,-135.9507690735797,40.383683309184185,-20.221886750345664,115.81739271842625,109.50790626798761,-22.271233800649263,72.6890576238834,36.81021840669805,-7.58209095635938,-22.73934069780232,25.767936021843973,5.413515344244641,-42.69535796822257,30.023616890861696,-54.896015454087454,27.31041969226671,53.41324969479691,-28.53685536745467,-17.6922079155789,15.855186521073001,16.074703578774248,-81.78019896520958,68.20755861690819,-84.30845497429051,-88.83987452524877,41.4698304192017,-1.0281671477846823,43.63341943992299,65.34337981499047,-2.5726642288479766,77.54233403788014,22.08013984499963,26.004975796477765,20.89369783716381,21.459269419686464,-0.7138102281025116,2.007108168006464,34.37393910562133,-19.319210216385024,-12.473887617116723,-25.76547774782993,9.892072865987164,-17.604166811109156,5.797011402556229,-0.9983617879598073,26.36262947893473,-22.962038285359622,0.8734745283600509,13.464853216316815,25.09086883511217,-17.56912076771096,34.920926417412346,-22.064949442276475,-16.854975817223565,-28.84444356446354,-22.898692625712595,-4.036966678809816,-25.359687714144922,-30.973095581687762,5.846718102913473,10.651018184214822
15.230951421794693,77.79403344576465,-12.962300792073378,41.839788713476985,31.342261826044854,-6.754664883323656,-18.018796421812205,11.191924297714674,-24.930628363882402,14.843264025649342,-2.3164967993911496,27.5166887078013,59.328480558666854,15.818126700829964,34.4758035424267,-35.664766147660835,39.086459500902535,25.71719260204014,50.27017674862216,29.270247122411796,-3.0171665607720444,-1.808287984587762,32.447009942676935,20.550768338500603,-23.787649766088762,-23.350036372482997,15.494990700898953,-3.1778943025425184,-13.423448846471388,-17.77265746827556,-32.832148260764434,-27.09132589135399,23.178904501905528,15.744645572483547,22.119821362833193,30.154987587347545,-23.766652741902064,-8.732892065207194,48.42271569911626,14.763383060839674,-4.23933534573576,-28.39755815784146,-3.3621776432358246,-28.784810586980985,-3.784765384782288,-1.1845608404174937,16.713934916158742,-9.967755840516427,27.950219291029498,9.373545458211842,-14.130964228807349,6.647612631309626,22.56469003284544,-5.834513627801518,6.912286930620694,-1.1436902128510933,14.405892475857383,-4.409042173871624,7.866645289150761,-10.589513862783503,-4.6088461290777,7.7286253405245935,3.4708529943278688,-19.186150952608234
-5.877696044081466,3.9476222313668443,8.133538499436819,-6.482887516567066,7.439003174151326,15.808429092989442,13.986879874587194,2.570065102384825,1.7238004546010397,-2.2963537103895524,0.7424525486063046,5.642880562059614,-6.464241347824366,5.634196493678592,7.477726574183599,-2.1481118768379983,-5.758905545194303,-1.2068181061690253,-8.573981569338859,9.856143717775982,4.474840863423126,12.92522845465169,3.9678705212801875,13.0231337698555,7.170008767387512,1.1310460838724208,-0.3063435265016457,10.287892903662717,-1.561332175049153,-0.26153504641026354,3.4902255783920917,-12.104705257064001,5.376189488573805,-6.558902145198499,0.5241117038036885,-3.709413396017345,-1.046362723607514,-8.703386956555685,-0.745220170587698,1.3629869004046387,0.2578564080692585,2.200681900656532,-0.0021806089290704635,-5.533843226137379,6.481690733663766,-4.972748767274806,-7.65710373653567,4.9308612353931975,-5.662704437278379,-4.746395735472954,-8.08048631228398,1.1702844662955703,0.25951478605553746,6.189773160134204,6.307729282103526,-5.468267518349298,0.8324106626842241,-6.37017398416287,-3.7777092236688605,4.921523820551356,-4.727716813539419,6.265747860051165,3.1212507859513074,-2.6361372619072068
-5.951505125216402,16.144281328339563,32.49430822821588,-25.295687372000742,-54.9529165183985,30.79667640588669,-42.46276995955565,12.657065645683401,-56.22352071353897,56.58324576599574,53.953604040203935,-27.441815735359757,-9.872213039773237,-35.13020535140325,-65.97862847814852,18.960534095159936,-32.76978183517045,18.413222654638595,13.077387338175914,22.923419498869237,13.856292711071987,3.07498880286795,-13.926085367628806,18.893532380754756,-18.31640424147699,-16.1613482944403,-23.529417146099057,51.9855558677168,9.853842016739842,31.15448173388049,7.398111361435088,-14.116815138010033,18.725963168009255,-2.504469643292557,-13.889495272484478,28.77252200133924,-8.850079114419112,-6.1469025806734905,-17.145124784292978,2.691392528656932,21.03291221214903,0.3468359821827788,11.395053196698779,-13.510133177347809,-3.863404073709508,1.3547893256255423,18.930240022337394,29.11911371115584,-13.26195361526359,0.5359709404719559,12.188610816756443,-23.302646565491866,-18.99603997294902,-20.55026333272797,-26.85223220101792,-2.4013047674421917,-32.74130382414668,2.8612685810470873,-7.647719357167946,8.887603230710114,24.519347248271856,15.082708744635273,-3.6469180802217105,-8.418317458134451
24.47261080277203,-98.92612343780404,78.97786979485672,-123.42048759258377,37.259656889503866,15.006512306114825,192.01397877907033,136.1237697186209,-50.692231375715544,20.140989892604942,1.5328862954005686,10.868383646542853,-33.9299744243208,40.49142234861527,2.418104680476006,5.945635879039714,14.242099111309996,-8.661783704010375,17.006460439672342,69.79245772729368,-30.016574944575382,-63.37080308394046,-5.713216793367556,60.48068311444496,-30.585846333763808,63.76798942359362,6.452203407774265,-71.35312249579519,68.13736308816554,-13.278743118619273,37.66336122099446,22.166637836396475,4.16457942740716,51.962138715675685,-20.39454712973452,43.35813109667453,3.4546725165213514,13.426281059948446,35.25357612952751,-5.521186166336707,17.926468570366605,8.788811313870813,13.994904221654947,14.684883116139323,-8.633392992204227,16.098274513389477,48.11470434036521,14.20025278931813,-15.72700386645253,-32.95469146077626,5.502787449906182,-9.055503268589915,13.808790217532712,-26.019396274016366,-1.5023665483171929,31.90525320342418,-8.997511095112097,5.415889145484509,-7.413495006238719,-32.67705732357288,-9.288691843984079,-11.139562676745218,-21.26200438778182,3.8797026386099613
-41.48960145557638,-36.28791847808759,-3.55307968617078,11.459373761335645,-5.8683795932787755,-19.93328657064421,46.327551677795825,76.35147252500154,-28.81986072813142,-38.395097663011676,20.056997081900114,-11.817964967976238,-40.15397713102569,1.3626715923203618,20.63942900594021,9.027486075630792,9.777956197488777,-24.94097416327357,32.69742321713317,-0.5215213131322033,7.023714918979226,-3.4830685963424046,-30.052563056066923,7.697671515819076,10.689172398611186,-2.7328010570647128,36.23948975548804,-11.212359222947006,-7.029684608763378,-1.0183176709415016,15.15640105346086,-10.150721611685103,2.4240786617510075,22.67861081046396,-20.61507536279942,-3.438445915503616,-5.748511090964333,1.5907548302313819,42.668714656534725,-11.508616902701311,-12.31661990456995,10.531599320190297,-4.0383014980759135,12.983575728443048,9.347798228183512,12.056977046411868,-6.1256538050432905,19.75389158678184,4.9019694695162155,7.292243366904745,-29.047885771576247,-11.96074085109438,-14.284587349039896,1.4507317408202185,-1.3197570766292852,8.96142665102756,11.359876398607076,15.34655898409092,12.618048974891078,-1.0491863979012641,-2.4167086650002334,8.615376523655748,-15.527639218136171,8.857806811690816
-42.92804985430463,53.32378760778986,2.6413094397510806,46.92493428297388,45.25975563502071,40.72772256329624,89.66713852297009,16.267778156855883,28.182162309033227,-111.75642635209229,-149.93190818026844,-93.3472829105929,41.81179519943104,-28.207590085505963,-142.94329748268325,-55.11579107501974,20.983246329142233,-103.92874019984642,17.834736752802606,6.3650848919284,131.13162781028774,1.5172001789535263,64.05114012480561,8.465873145297566,-1.4574040763193095,27.93592058107302,-4.4484021734619015,47.24019564722404,35.97566421654217,29.49194744412248,-54.85207212627933,-13.52425352101673,27.310053977924714,-14.780339987038419,-19.771098594459765,-21.22072679767845,-60.22142831384171,-31.738471261525163,-70.51777481027187,-1.5990362466846335,3.8684968836961486,1.6309166931366998,-17.74540479081049,-5.603608386079714,-31.086494489297912,32.26142692025593,26.969568898544637,12.363976867866807,-52.79382247243713,-6.653581020993201,-47.86894601314001,15.354791599325857,-52.24527195729969,17.95252011380574,11.217241220550791,-12.831478102795872,-51.12920187351173,-8.465774986057282,7.174783723029436,65.19158481810413,7.345793347015211,-18.489446116554777,29.433479445752152,23.0213022384887
128.98352351353378,-86.54173781213689,-1.3439598860088628,-5.939767190648537,-59.127863682314846,-19.126626204743356,-107.35779976237671,-54.357239700368815,-10.307731156832,-64.81440249384913,-55.587776660613315,41.1094771320319,-70.59298730874345,1.6072965488356774,73.76704575058197,42.625323214665386,80.29954654540126,-41.09532487133219,-0.732820734083714,19.322874824121822,-15.67955646085483,-17.182725583301867,36.63342759913527,-53.774651727472445,-9.885557515896725,21.510099862874593,-14.832745277256937,47.62498472565687,-33.09910733128004,11.840750381025646,-1.9125178569466292,20.488722434368984,-25.791113473814846,32.419824327345694,-55.301279875712325,-14.3592559199598,19.154674760473828,-42.12247032134358,-20.2145416868644,-5.010230023177461,16.451235678982,-57.38270203026429,4.825484554398022,-40.3175947709414,7.633499135743836,11.998123830450634,2.363865746940881,29.24692099625848,6.289648790405477,-12.4679878010202,1.6194164899356305,-13.999011458804217,13.078261165882894,-2.0006077049878432,-1.8692176006846355,-0.012736537607888142,24.01754026919349,-5.3360456274036405,10.573595211518038,16.964861981266107,12.176417991174734,-19.601915228822648,24.804972512935194,12.08489655865038
-56.08627424107319,-13.201350261335802,-30.15196931951492,11.725300559894233,-10.981556257032763,-21.954265441192856,-2.2346442245398785,-9.566693604458903,5.175381027764317,4.1921485245228425,6.930821862827603,-8.139362114763147,8.217824574627118,15.181463662199514,3.322142088523022,-7.763309000265509,-15.51666526200528,18.52552795618895,44.9822398624079,-1.759728514707163,-6.01221957756939,-6.064800635923624,-17.730153992589354,-41.29710537432462,6.491110123387196,36.91186086540237,-19.402780404699925,5.7510294248892055,-7.27898519910227,-4.844213618988064,6.673501869310981,-20.719236660250704,16.546612287800194,-23.527020908654613,-21.068399574892346,8.326619601766197,-2.3060333081146114,20.164007157751104,-9.7158909760447,7.96850065643441,5.191398490142208,5.488478846145724,2.2631667347868665,-1.5540912957420379,11.941029886496885,12.218654760814829,-5.921404463362026,16.468956597596076,10.289108288023025,21.709900360900722,-1.5729418691655257,1.131009984150939,-6.032855228506012,-1.209358796370524,-3.4323305790959555,-6.238530822759343,-26.73760462701785,0.5906230275657937,-1.0822282211766727,1.9632865837725197,-13.475465168027199,-5.998093745353317,-3.018717412132891,20.670198807455705
-60.776126719845195,-21.233700328779644,-38.88927152167558,-7.383440927539277,1.2562586890743226,14.49087049028342,2.613463591613138,-0.8315383385698858,18.466258123553263,16.243325653908755,10.116355235489815,8.678230137581341,-14.214595962735324,-10.729207807668242,12.077313331641918,0.20606761010183353,-0.5890992243125193,-20.720661777123617,4.110494877042946,0.5128441281827064,-16.570731114302497,-6.793776489007592,-1.2068017791234498,-2.6985357762440834,-4.88031554285703,-16.73750675058189,-4.375625937006531,4.128240758185634,1.3429499693172267,0.013391460178411054,-24.859127959813183,9.09323402028345,1.6915045414336087,-23.291781426610992,3.238252246611373,-9.276774950246,12.857047407291256,-6.097521074959137,15.276012585014893,-3.6761585050139858,-6.064002560582618,2.4308767780371365,-7.253125111843344,2.0303063444189933,-3.548609649817552,-2.188236503030528,16.072653258799846,1.0032893707375585,-16.158705020899475,-9.871070455064661,1.1968716154288628,-12.782267233349776,-20.835582026641543,8.482079573661908,-8.108680659335622,11.244015384088227,-16.249508214655645,-3.289772791414704,4.460999689730142,-17.841595153367514,-24.060723592084152,21.360750443271026,15.674405250136548,32.504871629298876
16.799131231200096,212.08375604001648,243.88833167238207,-78.44563525476381,267.4079352424959,-13.380041157789844,-57.09626951394306,-0.0810887960385633,4.731011541399866,-56.063317942839596,78.29715270779913,70.68413709592613,-5.649602097759939,15.44524685141403,12.592798512730328,-41.57246642213857,1.097787031390342,12.843132870619138,19.605608553108695,56.86284962815044,8.824467283826557,15.608702462991724,9.993826718133997,20.18694094082689,-60.991374132829314,14.64684290684156,37.04897987209378,-1.6872218195619813,-19.24087140156605,-12.781954859656532,-45.951833153590485,-25.517859346610194,-17.518830551164054,35.65841589315453,69.66529303683775,44.12034744733765,-77.25621066368302,-21.35232065135234,3.2657943753561334,27.681930308352918,-15.068672399614126,109.40372420673091,-60.56608045472093,37.553558620783186,-15.405597053892496,16.930870531366676,-11.402294803690612,16.632030295843812,29.011917964100956,-67.39877076312195,30.14744932301078,-7.099399014983907,18.014616524538738,24.959009109737924,-38.57802380884441,-53.06150135058941,-39.68996347700932,28.854935547813344,-6.4513670801038305,0.029523437460545622,76.95023970858425,-24.81525179417405,29.660774708633436,-18.464288304412236
