pca_0,pca_1,pca_2,pca_3,pca_4,pca_5,pca_6,pca_7,pca_8,pca_9,pca_10,pca_11,pca_12,pca_13,pca_14,pca_15,pca_16,pca_17,pca_18,pca_19,pca_20,pca_21,pca_22,pca_23,pca_24,pca_25,pca_26,pca_27,pca_28,pca_29,pca_30,pca_31,pca_32,pca_33,pca_34,pca_35,pca_36,pca_37,pca_38,pca_39,pca_40,pca_41,pca_42,pca_43,pca_44,pca_45,pca_46,pca_47,pca_48,pca_49,pca_50,pca_51,pca_52,pca_53,pca_54,pca_55,pca_56,pca_57,pca_58,pca_59,pca_60,pca_61,pca_62,pca_63
-20.244038526341388,-6.718546926488247,-11.839866083898176,3.007421145359066,4.245243938798654,-3.9324625731835203,0.3801205285009034,-3.7921988350503977,-0.32469018077912354,1.1308401353338577,-5.320610447611135,-6.743115660129635,1.572987190892044,0.03983832748134203,-8.372211783298914,-0.05986583761383248,-0.7364975625523503,1.7784240445372537,-0.6821764923959912,-1.2749053314380312,0.15000344522072412,-2.559050225538665,-2.3877668572358073,-1.2689253050636835,0.6520697541160961,-1.7884590740252042,4.467587834945124,-1.2344852476594095,-3.6863311977465236,-3.189909076992977,-2.4838032915849015,1.4752186959968463,4.623094938912827,-5.002208802933555,1.6600349016660951,0.7454145986466076,-5.218983736456016,-1.626614261716685,0.47271711331654054,1.9997468356701211,-2.1117314466178194,-1.8134195751094493,-0.8460941040896451,4.484891082160805,-0.12312769909167212,1.8017641580357384,-2.0315407918900465,3.0029356137045045,1.3169187969511555,0.8820091319190945,-3.224213213979449,-5.385289027261239,5.149722310172873,-2.7959253795442174,-4.263459907241921,-3.183433343734458,3.756453375036386,1.9455349487961777,-0.34782866095601506,-0.42593024297548987,3.166404922361592,-2.446840486709671,-1.4125510476044278,1.4603858111062205
39.61220530490714,-9.017960786912514,-9.869753532740638,7.911265627876298,-12.857754918622879,-0.13960472463775508,-9.18905862458836,14.995976608449286,-8.147701300334905,-9.1015796064878,-10.70593641316056,5.290798824460709,-10.266967468689828,9.613282935712277,-0.3720944744084534,-10.723227628702672,-6.8906344335424565,8.655181731986307,-5.733274702370897,-7.139032359437407,3.2182621962255276,8.99892244262762,5.019239478153552,-12.351489016850902,1.751996375379652,7.813736327972185,1.4263045458079735,2.3303795432134065,5.348823883059446,-0.36714251962773325,4.096718204318365,4.950816317095389,10.449184600372329,1.0778059090519598,8.794554498762643,-9.21850859437692,0.7909746053185003,-4.436574585384848,5.979578519134289,-2.4940638814826275,-0.723375825498218,5.397572479446665,3.235360466879118,-2.5582342327641836,11.236097856476855,6.070315731319737,-4.259273222303179,7.330926265801567,3.0501882183384104,-7.293442735862238,3.0943214103408945,0.1146588618143847,0.8978605105927839,0.8873540104668987,-1.8182657478570816,-7.895064579214038,-1.9433286701571646,1.9220694536638208,4.04692924894156,-1.4990644433657538,4.023560932374499,7.101501188139757,-0.29473323067010027,-0.9202864533794141
-0.9490618002431784,-8.586928632466831,10.026654692632992,-8.566161211350838,2.9868919266674867,-8.630265042590237,9.900218561780065,-6.29789661847652,-2.045903445631793,-2.020433624668556,-0.08993114600586705,-3.5148714082408308,-3.96242485950954,3.4413368421494166,-1.8494608221691555,-6.853042123138799,-0.48323999418017216,4.789087097021774,-3.475705608525143,-2.6899851659844556,-2.5778865524188945,-9.955818597568848,2.024823133856775,0.8158016208438793,4.513381130286227,-11.200385805319401,0.2960780040589036,7.574080491064611,5.615939985878661,-5.173295677753391,-4.96852280218771,6.090814562010631,1.0866682558093066,3.2771535214994714,2.016926055347787,5.885856804639944,-0.27806997532283434,2.499938023745937,2.013581317161874,9.069289072792813,7.498206994822248,1.4379922586930656,-0.5413682732999987,2.466393395700098,8.549911989006311,5.861099606670913,-1.5044133960818085,3.0472703535732584,3.545641811483276,0.08798084772283991,-4.614515789451629,-4.576736235041407,0.6270418749457075,0.48794806120467565,4.72922402256202,-6.42198543407645,6.293095178249161,-0.42697746210478993,-12.961749835877301,-6.423317116997796,0.9111034836124875,1.8747901132104159,-10.839359417505843,-0.5356801742867345
-23.129026604824393,-6.277848755568816,-11.173550236796673,0.9840311850457455,-2.4686384065724236,2.3205064721363997,-11.003374553114233,24.026774254805648,0.9959975957058077,-25.143381206396437,3.744752724752451,0.7277376816693893,17.391439759240562,-19.260842086633286,-7.396260420915394,4.625072189987816,4.673285819357136,4.215494872419382,-8.031491300375215,2.478943331643882,1.773242289591756,-2.2193479072664313,-11.104567589459688,-0.7205347050579097,-4.89772781506973,3.3226309538485337,0.6349321010462217,6.265905727892992,1.4589879708310522,-3.468904263731452,-8.003925272121107,-5.268540825959372,-7.184682792011711,-10.492751181866725,4.600033375482061,2.1583994582182955,2.554255732879029,-0.40269048353238246,0.6896274160312337,8.607947558548341,-1.183036288689598,-11.263644191427693,-5.2158962811143725,6.32353607291448,6.543151645608705,3.7133894133239154,2.5454656204270942,-0.21149767641956868,-4.493185301972008,1.7515875350311239,-4.750302181643936,0.574462230848997,4.7733607184317774,-6.328200762752992,1.926776063496338,-3.127253551405076,-0.9241406340567276,5.206102217470873,-1.1010259680314851,-2.15414375938267,-3.4783924670728292,-0.09507001478231224,7.738342907784151,-2.006298395610409
-17.243616987758312,-2.222143434260923,9.460685170674404,31.994559698382513,11.674630822568767,-3.6000533412682434,-13.59499977443016,-13.652203765111013,-2.568756334439034,-4.926341427153016,4.9739602380240955,-1.6152093510551406,-18.402219763615733,-9.088041340717957,-10.471728030663648,-0.7172879231140921,0.6306000321645122,-8.99218085961679,7.202234045661112,-1.7612276177621995,-5.563121218219858,4.864039839204029,-5.45106177899433,-4.456017583751451,-7.730842529029325,-1.8924165807858584,10.892506480347963,-3.511023020370805,3.0754539080697203,5.707998630161911,-4.75874851251641,3.4887315909647505,-1.9508839323662712,1.548177432544981,3.935582504667352,0.04563465714099021,7.359437610264144,-0.3110824419365589,2.511918638785924,1.6038911478903384,-1.203660599986975,1.9449209390771596,-2.6355461577615364,-8.306641933104535,-0.9870345006613447,-0.703386746002844,-2.6496104683776798,-5.445369331503367,0.6796059367979069,2.5562657517307508,0.2312100712247065,0.8498566063631361,-1.2074048756822489,2.768027135192429,-0.3333237400554156,-3.8800342366864835,-3.1596608255715597,-5.628322535699492,-1.1699390530307456,3.184192399460988,-2.6330854755924067,-2.0486489080388677,3.3700108465407563,-1.0828829532257687
-20.717061507022073,-10.734904692008723,-10.084935559002906,-0.44407126381636897,3.044487804919663,-3.3584991188624573,-3.5725969910450686,-2.850734448529016,0.9890691531299809,7.875216884464768,-12.068016146755339,3.212384874046441,0.18375157691170846,-11.300377949207574,-4.484407459869695,-0.18846460300845924,-3.312588326312566,4.8613984170052005,-2.849769426877671,-4.979354999421191,-1.3110959332251932,-3.9059762041225756,-3.1067966754693592,-0.6056906238764025,4.287167711155197,-7.021787348424306,3.407182462960755,-12.665618851971772,-7.760481760547622,-10.029250064717997,0.039291950636527566,-4.726461761026895,-2.923723088552995,4.746874622292864,2.6990052763662344,7.731061415803089,-8.521792356744436,-4.912454878414503,3.0720478946561207,2.527895070843252,-3.1908828999326864,8.631479490010559,-8.881440416985786,7.328811864376766,10.274446186821514,2.8517641878908413,-1.8856427408309953,3.608941963270886,-4.619883329675778,-0.3076965610333079,6.0968880413687145,6.918374217377674,-5.906185068007214,-1.1156550347777376,-10.531030722730225,3.8786370404769155,-2.490141966939595,-4.437055683995265,9.392486963955456,6.095828362991835,-1.2499975751476835,7.781161139347219,8.854113221036824,5.672433349832238
-11.368139186172689,-7.4497573718882215,2.349503436652938,-5.083611347153739,-0.14887921497599682,-1.1490044736067615,-8.233396927619502,-1.9473939064686219,11.342765101869919,10.855791924891424,-5.939902817629546,17.204001577612875,0.8562218819090882,-5.38596785772138,9.882151722673708,-5.568254169380295,-1.275245079289176,-3.2652685106386503,17.0599775640871,15.089131157248506,43.991734349907205,-0.3739284932932556,8.607629474535317,-10.546066093760688,-2.0815858007427477,7.4605242322957395,-14.995431442257335,8.013279470901232,-8.279117978744322,-2.0418939985428337,-5.813095721158417,30.015746636967453,-9.29830207259644,2.4263675275134298,-7.029869174866159,-2.6610179290190743,0.21374915907147737,8.52982813240725,-0.5442668382669682,-1.6463091110825674,-1.2441126566015077,-7.500334688384689,1.6223579728609088,3.8461016604617497,-0.610567607005388,2.197702988255756,5.287935274011244,5.830621143232867,2.476968802782316,7.9894823146092095,0.8977384064679346,-2.6344542892491645,0.277267926428023,-0.42463178138078966,-2.3528097313640863,-4.632413892175792,-4.846427656212035,-3.5680931299955128,3.3795557312489817,1.036089552480491,0.19920137919461314,-7.297109049497916,-1.0256235326598522,4.959751645135875
-11.282667947465976,-1.744550885102276,11.708203022417447,22.190934649970956,2.0839263317957877,-4.379260497568283,-9.47459947696899,-21.076231917483273,1.506469556505094,-10.281915437383827,7.046312292934159,0.0794366108583702,-0.5302202191649878,-2.115909367648631,2.2358632137691212,4.541348171556757,3.9214790843712697,8.221181738644363,12.06178764170302,-10.559238089809206,-4.017105341743961,1.6740209685955636,-7.549200020538207,-5.71243252442595,1.2008467186184426,4.753504897127565,10.05962210841995,5.539486949864717,3.2196922407106516,9.924029186119398,-8.99404746424964,0.5134138454386946,-0.7481061879649598,-0.3258218298137976,2.8870005774216128,4.081303991720484,8.225078525936635,-0.8911080265326027,2.3431071119002045,-4.2604235370384425,-0.8694798292862395,-1.7086650600513131,4.026574361723421,2.5805420929383556,-2.018769048489039,-3.1172392653765546,2.474643962006516,-1.9920805484412842,6.907167763931301,-1.6997223556437087,1.2727884664237161,1.6962770684752062,-1.0001889773268733,0.7089745785547544,-0.3122550113089094,-4.7382092113955245,-3.2789007886507573,-0.8543720765632172,-2.967045782142079,3.5382917837171353,-2.985240862366572,-1.5260262881414763,-3.588748034645232,3.505869690483843
-7.185861354409697,-7.749007169527967,8.763250880751714,-7.791705639151177,-3.71336103520338,-1.8380294641101258,-7.73748678067438,4.568467759653103,26.19589345536876,15.001846587102847,10.390269079481184,26.70164501586442,5.360719462187323,24.01327498096192,-14.440053615883972,-7.520573277554846,6.986020916261575,4.702018672724749,7.092970407534895,12.058760416460276,-9.495140326141895,-2.559500129437869,-0.17365214967776546,-0.9374408519449057,-21.055610236003552,-4.629385618427711,-1.0525887533088614,-5.010275219516451,9.436897893541046,2.1395317189222536,3.992038991508391,-4.887853217213967,-6.9109831770141525,-2.2526216974964774,3.3102549173993965,7.846563297310903,-0.8563642327190607,-3.913780598005662,-1.222087052367463,-5.082343383521066,7.477284919558501,1.1602479603326938,8.117440309359646,6.900012461756612,4.473145519352874,5.178720138816046,4.173960407179839,9.105350205402228,-8.068599126508175,-13.488099997697743,3.4457919190012802,-3.8316574715865754,6.156081430122036,-8.537942967527338,-5.762960994838778,6.310723007825313,-5.4004638026495275,-0.6702046945754135,-5.707716539424241,-9.867993982336518,-5.483632531230576,-0.7957263156820564,7.096274958092913,-5.80328644714052
-17.851399556444026,-10.948783004841149,-8.522323886314926,-0.6034981247404965,8.440606729152515,-4.832132337294242,3.26612668043703,-4.505050697346711,-3.646468707383003,0.31910355644755883,-2.3636725864959818,-3.7591281937200303,0.7486886094654455,1.430620130044204,-1.995012242582139,-5.862094764873655,2.469649094313407,0.8694288256297442,-1.3589724730888502,-3.242462395649462,-1.5203312412201597,-0.9985056082470362,2.663958673664338,-0.8855798767742663,-0.42400279910366506,1.5080891635437512,8.088653881927357,-5.91671949477468,-3.0425758347244924,-3.560279067758836,1.8143153229625533,-0.30144839932813683,0.5429507623429457,0.26475474043776775,-1.6797691837441477,-3.6554759696033594,-1.812493200864092,-4.3611377302420244,0.06089054376246045,0.5220113880431896,-0.27125696367516977,-0.6600487496614599,-1.7649045490435151,4.22965063058224,-4.9855610855780865,0.8034298182661793,2.892319892251521,1.680613470796332,1.229086101437144,2.0880931761457613,1.2586255310736119,-2.062807656544128,-0.5520395893939981,1.688180092877516,2.466153563642496,1.852275226924869,3.816006045784836,-1.1950838877643533,4.880381783348007,-6.055081832456517,1.4572474479649307,-8.313480067339622,-6.9725825149489475,1.100391621600784
-20.154420271985114,-12.239701105523679,-8.855187559517073,-2.268669866750555,8.097729805340098,-7.951773949780507,3.1075036935705596,-3.6466562785495586,-0.8350358669597764,6.789760598607918,-3.7995094237583857,3.1390791862376,-1.5385750490584675,-0.9031798753763502,-7.244826230991785,14.059929755913542,-9.507829496113182,-5.261759779918917,-4.521076071617602,-8.232138387838377,-0.2742107794612286,9.414127923066443,10.716599087544639,13.753791818925633,8.233218298217356,16.50586587476192,10.836083072592583,3.8606682143639826,1.305750859280704,-5.268542055767449,1.3362009112953719,-3.567451279004046,0.1722479319190513,13.594900765793684,-10.856096381398597,-3.8399468934669168,-8.207503662706952,-5.102800474969005,1.826613519315657,-0.8805132877924092,3.96885945748005,-6.687008731161867,-11.361988017820432,2.0299606301502555,-2.2338944640308585,8.762153335536077,2.903362064433409,-3.0040615590176403,-8.411495587056644,-16.769423180936894,3.4933145635632803,1.9408375861346978,11.517576157753895,-7.705070213567057,-6.050057945531107,-14.698435694719205,-5.363210479062499,-7.353187352031994,-0.5210943972709663,3.9737652312935503,-4.484844557276283,-14.491768169439466,0.4370523695619226,-7.410992533969945
-10.910984529026491,-8.982528947579292,0.8614284373487765,-3.7157530864499813,6.3219958761574855,-3.4808978684371454,9.227200924207965,-3.0584882748861153,-2.9140349117907296,-0.145770048131355,4.976156793718307,-0.6397035797002806,-2.064670202191927,3.1179389964391877,1.4591073531286383,-1.537989373741042,1.164500385967942,5.652423013646361,-0.9395393437009543,0.03425807803642562,-0.6976836488721808,-4.189603120414445,1.2748871227826513,-1.1713882931055277,4.535061489718479,8.300507913994894,2.4289068339872744,-2.478111623954481,-0.23006274448172445,9.315070142800941,4.530025861865516,4.980081520801883,6.906390169161329,-5.188692189576705,8.31004217265296,1.3654823590255643,-3.3883066424704285,-0.8483529141340922,-0.9840356391853012,-1.0740863667264369,3.235086771142894,1.8693785161738936,-0.6429253410458098,1.6397815022284852,-0.2753440702527626,-2.277249693182134,1.6370941861550936,4.425780365712227,4.882961740523014,1.5375454938196311,-3.3292697147794446,0.11976900056526814,-2.909058234198966,-2.618850936285974,-2.164994725678625,5.881581873348483,-1.8145520735686969,-0.875317097773152,-1.9041596555160618,1.9237194836497853,12.95294933313344,-4.461388285463398,-2.3643628540019814,3.0070091041717006
-13.640213992113074,-5.998332522998466,-1.1813114703902048,1.0566121309389154,-0.5234245750301524,1.457382859019508,0.43684456050412807,-2.2100429605318213,0.6412955518780239,-2.443268152825818,0.6551348501062483,-0.6514282495725711,4.993953647370127,4.151191956016664,4.8713100656906745,0.22829342533550834,6.448301544972014,2.1009568067918294,7.442843884706578,1.9466257653869186,4.377012230885016,1.022998294452298,-11.505318499494257,-1.1186753806761855,5.613832853249674,6.0781326455980125,-11.194504413279184,1.3173778469625008,1.9984699326643731,-0.49793172574286093,5.474596253042231,-2.3118755554791384,-4.26897785849307,-10.761384500321727,-2.3438652569078147,-6.117677914389698,-0.8623187056084245,-1.6584956177361356,3.7607574712741094,16.38290799381774,-12.982902041210792,-1.060842380375025,18.418716470903338,14.648277348311469,-12.887793571797879,-8.917382249503229,-13.870362553449906,-0.004683550793041806,3.8978646228658755,-10.68029605069353,8.2078653847325,10.006199738305767,2.3918913902938224,-1.8506275034249846,2.841702866654623,4.01783756053231,2.791949871340426,-5.263567973161632,3.223432020234252,9.31206950294197,-4.57720097580626,1.9628166054720921,9.148767277755322,-10.1703728287185
3.7417873181922365,-8.757103170201937,13.22758618126663,-7.899880726349877,1.5288052683084201,-8.295496596301073,9.522037849106981,-4.370972281871514,-3.1766786398467617,-1.0421273388102015,0.4014525098756845,-4.806080970686363,-3.162998207134408,-1.793609514795375,-1.1234519298152048,-2.9649406414916997,-1.0089025556790567,3.1166303247332774,-0.1313103033567861,-1.3351729370706227,3.272470567170849,-9.636748284074915,-7.345872150777695,2.847732647934648,2.548258682662028,0.43629098620088663,-3.017305746614333,4.360179026639285,-1.415194357916667,-1.9264465688302186,-1.588777370307435,3.464415010152653,0.42314869669365557,-6.943997500382419,3.7784319358515335,-7.579986163216006,-0.8547929681173746,-0.24237798719771608,-3.0052043996064044,-4.874427879019693,-9.580867986526476,-6.287021538296818,8.115033782490254,-16.11473851190491,15.035624076368597,5.448255937328103,8.93176614414514,-14.282038106198405,-15.50940809190659,-4.553871973274414,13.053846651782429,5.481507480814902,1.8357619567984351,-0.23420367378224063,11.454263991228416,8.30100986623636,5.165087564215741,9.18475329742954,1.5350237671511853,0.519651228113607,8.118040039347989,-2.934000532870617,0.7340889438300834,-7.992992721768969
-17.74318011495022,44.396955674413825,-20.19132266361316,-13.205258862732833,-9.79687781386605,-4.352706516692841,-7.678092890030611,-2.1272333146999745,2.2962419508691188,-0.9301039202571049,-0.5392103462387751,-8.498958163471084,-1.3498809983923525,-10.771833160051637,-7.460962226338475,1.7715366933946186,-0.4123596160091138,5.2563510309286245,-1.0101785224847897,-2.1557355888827034,-5.171649817337518,1.9623599409452834,5.079952716392428,-1.0050082015749364,-8.637667024842084,2.012487992630609,4.377736443539632,7.64804277891254,-11.029104619709255,11.529224832417212,0.8525327096571398,-4.240562533513913,-1.804246818420558,-1.2787974220795495,-1.8912105012822151,3.5019445798035993,6.807523819242815,-0.8355658780720323,-2.1078198292092334,0.47390186743319906,-5.274189273822956,2.6073441878042654,6.556399838448739,5.632539285159996,0.3510711055333725,7.979487882182779,-7.1768110712443764,-8.551908389276328,8.292075561909623,-3.1025585461891745,-3.4542370337496564,7.013948100849361,-0.6038940678827842,5.121471820200517,1.583771224299678,-2.7478510777717533,9.11803097258098,-7.634619122614322,-3.335086006379199,-6.499826269733132,8.989178415316896,0.2536646254118625,-3.0409095027813056,12.316375691627666
6.632147433516062,-7.71879259841736,12.21008051365638,-7.467904864446764,0.9377829588115931,-5.199011046474007,5.594490884103652,-1.5804952908227548,-4.040816251361033,1.217528322547858,-2.263658740039231,-3.260231211317596,-0.10254650838538687,0.7744137588622783,-1.759692094181896,-3.4239389718843154,-1.8395670508469895,0.47688800325781217,-2.5560960111748576,-0.47030554290101684,0.5589054635425876,-2.665545613471588,-5.346401934886499,-0.04531385022588306,1.7708981968161468,-1.9646512973605679,1.7296012484263819,-0.23311501407400967,2.429255264054011,-3.2097184268554466,-2.5020730254298194,1.3732707849655656,-2.4090453844135604,-1.7463485932047458,-1.0176673113623644,2.33694831919306,-3.6025455369873756,-2.36706449754542,-1.9104599704363219,-0.8423172929961887,0.8289076288509996,1.8152120889382746,-0.2870011362455148,-0.519454351102056,-3.0226840386529426,1.9591314401224802,-2.763747170596695,2.4841727079647233,-3.2755609281038214,5.905647689651069,-0.34746352565878885,-1.452796427826389,1.485025971019852,1.0588347321325122,-1.3222884631448004,-0.22871996038562076,1.6937744602941955,-1.9489500839746092,-1.9262551254113542,1.0188515789329637,-2.1188001219292847,4.769222983287001,-0.27160332029316947,3.4563268381504546
1.2942022804168358,-5.3786666649817585,13.702786090448384,-9.18782041557264,-4.307661765457919,10.930834500382614,11.844825341026196,-2.262657566052222,6.088462407775007,-4.049669948189054,-2.113081684780469,-3.064323755105844,-5.63357843970736,-1.6920400922626204,-1.9480918251951072,1.2403206118950916,-6.646049948374312,5.951315710723759,1.6620658761115426,-1.5816043978492869,0.6162044990367472,-0.48786123534549664,-5.096853623084713,6.2031857169261535,-0.5169322340546102,-5.475246188044855,2.1584040735242476,-4.1822449486057485,-2.0814459651589963,2.287352568506497,-2.492096656203992,-1.4817296168492748,-2.882619183025123,5.353521395893767,-3.3327122086375702,-3.810853506516992,-0.3798059747866711,0.7667731338519229,-3.713260132119539,5.493376225025838,-0.21907392095276576,4.813556789508431,2.787226815118543,-2.7554800511787074,2.7544190929322223,4.45176062291475,-2.302221201268149,6.188504803538045,-2.532718647683009,7.862438678027231,1.672046108334108,1.8841333833355405,3.4986411202725614,-6.484329775401197,5.956263181956451,-3.9374971296215033,-0.9681179680881032,5.973939367289789,-0.9970531237532939,-7.746800765055066,-2.4784656088955863,0.5421129983762746,-0.12556245619690642,4.67446214275752
-16.313423888505646,12.928394413209348,1.1019820545679038,9.303702916463608,-14.816989296874508,-4.340352391116757,4.547723819479379,-1.3586558806214413,5.1141835628713475,-2.568043897747456,2.6612591035917923,0.43791519828808967,-5.238609179235407,-1.6923313875846626,1.0063900492368827,9.029828826448773,3.365932744453341,6.01492667999084,-2.5303643046416844,9.540878576238148,2.8243156551490105,-3.024202357517785,-2.615808090346833,-0.7531345774125027,-3.598963057957922,-2.4663436457528842,-7.540995463522606,3.7559437314594333,6.9033059758397055,1.008123378018702,-1.5256087834330823,-1.4012032599869262,0.31000039381144556,2.0057414240207847,0.06049875914340782,-3.1529305936762557,-0.40475268338894277,-3.2236136884451256,-1.2197158457623396,-5.702999108982216,3.1457409368064018,-5.236720993723391,1.097767265210481,-2.84131176036936,-5.797661120564556,-3.033930703608548,3.8742664881215667,-3.472657767867951,4.484847414159353,-1.5430789293208664,3.76635564870245,-1.673023964052744,-4.341263061551172,5.723768979915292,-3.584824329826307,-2.6643711260569853,0.4304185460208812,-6.116224289089194,1.6862308104965507,-7.790547800223729,-5.3275055728082465,-1.104686973553138,1.2991761177468493,-0.7199008102063598
7.686311983966305,31.626038914312694,9.466403102991144,-16.70990364879397,-4.360910479048541,-0.5691502483774022,2.6659750434080816,-7.304289319060987,-2.4912155860560947,-4.871579604849531,-1.1875385483253422,4.839947376125432,5.747848688503413,-0.2615527505289284,0.3464862645805758,-12.843285370061729,-3.164410262507311,-12.961195232979529,1.4450050300961859,-11.542062273109558,-3.410515481826233,-0.7594063713245662,6.121917032261493,2.2233530802841286,1.3998824628911768,1.401305408162851,1.2201411238392201,1.7331197408489665,-4.039332559731079,1.7261985811075746,1.1378569372155969,-0.501183037619704,-0.5254400626513244,-5.40492972507063,1.7237365638190438,1.863749015155913,-4.846562791557004,0.6417835037040184,1.9420511637283666,-2.676146100194123,0.6695692275040858,-3.0989067331065474,1.315100664565129,2.3926577472986637,2.151562000769286,-1.1925524596642973,4.354502640115113,-4.727486537471302,-0.019226741783822675,5.7070538302465055,-7.304284908683094,-5.619531125049177,14.312287963771572,-0.9581574764775115,-17.91141740497667,3.2882830761496438,13.582500325113253,7.853807036232075,0.6814457248485665,9.497241261210265,-6.011900449125336,-1.6377254851764609,5.946622583605918,7.207099496406932
-7.986739297779908,-8.703756331964888,5.245263006023676,-5.642156623794252,5.891337363491343,-4.826069191377087,8.501640398450602,-1.6728947529422407,0.990019976931231,-5.275290283719057,2.3152261086382473,-0.9440052241130513,-3.1420940285958867,-0.7132577700547806,4.12095395150857,-2.518529349350923,-3.093580097004353,3.7079874971262727,-1.3680780736782616,4.383324875194788,0.185557791760065,3.096825316532333,4.88576056011366,6.330599839364219,0.6878041561197326,-7.569528976244226,-7.903492279340748,5.383434577930092,-0.5995058828174008,8.952491511175978,-4.699224874147881,1.9634484898348734,-0.05261393971178859,1.041926903634628,-7.5600269482675975,-7.14869731446097,0.12192708963869474,-4.551250521427747,-15.598579272496371,-5.574552262891808,3.3373688349911714,25.603467968410175,4.561385651559917,2.192206965809164,0.6267292604664141,0.19124609170363974,3.4239361142262488,-1.7353508162855231,2.525232850795514,0.14527147338828328,-8.002483222718618,10.744908505784439,18.98474871805356,5.266366695599486,8.403933887308572,-8.707727069562216,-7.090774585287745,9.934499974592727,9.531503135887268,4.766755960369555,-0.4357642055418597,-1.1030600448606995,0.9482689064393365,-0.8466386156421187
-14.399664544110278,52.0929742562973,-26.96003733727437,-11.057126913429187,1.946755803140211,2.1483680720886333,-12.212142255529574,-12.244358479182994,4.2746697244143395,-9.458988851927657,3.6882991119978192,-3.059485185687039,0.905881826695291,3.7130883400171504,1.7411715468745006,5.630996219253788,-2.090104500389915,1.3822856531491057,-9.035509548918666,5.5288834890089396,1.40840468554764,2.4552705104721566,2.674840307934304,4.976881880947321,-2.0084074604726982,-4.596779524473162,2.4162156668054835,-2.9948163642957684,-6.400741810551528,-1.3738290645553681,-7.520572071171582,0.02437521627374267,3.5341263856950333,-6.880202843805798,4.4256926620816675,1.1346777710403637,-1.1866927182034048,3.0111982500640617,-13.12082107749833,7.108608552451722,-3.1678524075001757,-7.317358924723665,-2.5350967740105688,-9.346477610977153,3.8397651958003207,6.0584585658345755,-9.487365740273557,16.905907725841335,-7.759664245115092,-2.790530664611114,-0.09351198198632346,2.5089899130739695,0.26018029859281305,7.486047625248991,1.3724267600679598,1.3323290985542493,3.985305680928451,-11.518295326608316,7.010906965640651,1.9984437650892775,-1.12310320571358,-2.0899149929189695,-1.5511346241066142,-5.3407617385551776
28.220175972829647,3.7881460263655016,10.9007896094737,17.695292771763885,-0.7393795192478358,-1.9473434030293828,-4.670297154421151,-16.051952533692162,1.0694790577686137,-8.18630952669317,-7.650849327687851,2.2507561787139565,24.946983427318756,11.811142980368942,14.34373131622418,3.1320432407895415,-5.2403587022042615,1.3179811129192245,-12.347827235335478,4.433590573025731,-1.9432174910943774,2.09540289036517,14.570987144555236,4.535125567535493,-0.34636266166796925,0.1750337402377329,7.1225932899148034,-9.417209650724626,-6.794304664945213,1.926552018953903,-8.729918116999448,2.2095718544167275,-1.8544916055405052,-3.7330457897880667,0.6547677472069672,-1.860407053711873,5.407499996603906,0.28410820613226867,0.49521759993912673,1.3523046292623453,-1.1293795415924364,-5.413585182837723,-1.8678839623558474,-2.7798062241397243,0.9428066142324334,-3.653396949130161,-0.9393601388004152,7.134543571710354,-1.7457804943618636,-1.045422120369793,-0.756316206457346,1.082204383307062,-3.201660114264871,-2.170313105717742,-6.889977527913024,-1.9853257083255105,2.4495001306999598,2.9777125698054507,1.8001102340370263,1.398586388719297,6.146690698803936,-4.7743514290766225,0.7906151612584668,-0.947389241868093
-17.765722091728158,-12.0319607380387,-5.790126576424357,-3.396439053618439,3.1355526317187365,-5.9340405419203845,-1.1863528108336892,-2.012887769885336,3.276215201731145,17.16246741117915,-15.913008588697645,22.34174810111502,-5.864602881323648,-8.018882068186924,3.394178172334767,27.792898586521936,-2.606332968432374,-2.9973273510271907,-8.975247084669785,-10.371741587245229,-23.115975572308397,5.172317469372622,0.7112929256822975,3.512271710146612,15.051716606292434,20.913052665933336,-0.5861613613952597,12.663411770536236,-11.34085908895166,-6.149293420409816,1.1625804239380595,4.677379145746535,-9.330243384153492,12.38977840632457,-1.6897181668343635,2.995752890362136,5.260020701109535,-1.429499449839714,-5.154361617682203,5.728436097643786,5.326215156909802,-4.560608658929221,2.9955281375546323,1.4038879586103954,-3.042891368367394,6.722492119634806,-1.9092911480990047,-2.517541559672147,-2.98589498170336,-4.957308402807695,1.0878595295424909,-2.232854869365561,6.339290152433686,-2.4582471549010565,-5.636987646471526,-3.980745206158707,-3.3837131901206376,-1.1491563352628842,-0.12671691979835745,-0.28537946152548693,0.1464712368107378,0.24504621869863621,2.6147851149985004,1.9509468074217597
-19.196307645368186,-13.21037766826732,-8.392068506948839,-1.7795742187570043,0.383914309357524,3.504892180728334,-22.296200453277923,37.21762458817415,-8.869262982525004,-31.587079494842435,-3.1659649291909044,14.8316027556755,8.376231061695385,-6.89604838585114,3.5514367575795878,-12.310665984884224,-7.644586287377093,3.311190209816118,-14.649433940546283,-4.317032920217391,3.5221611879088863,6.454209872415562,-6.705622547821469,-8.740623072926155,-3.0222211601362825,4.436195388671091,3.564558240914074,4.907361599733684,-0.10885895459566299,-3.426784428556084,-2.9818700735896826,-2.2590190509542447,-0.05928361015781823,2.7029307849694755,1.5750184263930156,8.29355333771579,-3.9355903291320127,1.9923861984422897,5.134157403091485,-1.661418505905615,1.4230098373917721,-1.8104362672806502,2.7613695520046218,2.352555523054424,4.88367407710026,-0.6818906350425123,2.896929534186316,4.5152837659850045,-0.6747776224768097,-5.849747332947004,1.2169295936030347,2.0778332685390803,-5.5896936022454655,3.357169565847794,-1.5165583333579615,-3.4642951713249963,-1.4277047719116427,-2.0029057464864692,-1.3558558878952949,0.43639016852303,3.950898407680227,2.302271069989352,4.299410913414553,-4.267831241195087
-12.487731811020236,-10.587144871667528,2.4988452726785155,-6.48956207738824,-0.7268978759132778,-6.120550603751576,-6.604721549286169,8.86405328620219,21.565014556806716,11.88486294358392,12.354201713358094,6.320774283359724,3.0922620902170808,18.25474973500183,-10.429730267935629,6.05387847031664,-1.302285853274956,-2.0114034249457555,5.991442793438606,3.233720375628437,4.858061088981021,4.671453074251839,7.242004204892491,-4.611112817932282,-3.3896537068651074,7.484838133922043,-1.0391275740936938,1.2068834304147127,-5.866220413433185,-4.1412387813499985,3.368672264630706,7.16110810696853,-7.159985952343545,-3.8055499513880355,5.608968967618071,0.6588935899369707,5.956501572448572,8.423786971305395,0.4787199976497787,-5.472860043592492,2.7429632660503342,4.133660768589146,7.76245492748327,-0.5245310575954352,0.8552349393558774,-1.1332845379769865,4.159328653251304,4.830014818108288,2.7302929858840073,-4.7162839448551,-5.241037658926913,2.746842966600131,-3.858547735637818,6.993824415202027,1.3187900104533496,2.210405607727946,2.253920238904342,4.703468888464551,2.0365235829604664,-1.9053949134874468,-7.1052363190203165,1.5319861961421923,-1.9917733301923157,2.019481807765158
-17.330100644794328,-12.811705257198891,-4.009617699845271,-4.939705968665781,9.170609866228737,-7.383491101942562,3.5360202076855414,9.676569212958865,-3.350594164933067,-17.952329017427992,6.0532064276088535,2.8980568528758446,6.742697252124996,-6.149911335494908,2.6371528448941333,-8.923564297384951,7.0080466789939075,3.161666412012366,-5.796315191851091,-1.0896831362342017,-5.290009442912756,-9.493985834453468,4.467118744821334,-4.071606507358193,-5.932055814204052,-0.4853774399482974,2.180856641449444,8.10607055444457,3.976798929039205,0.26796200338216236,-3.7601488955686966,-2.5229849292983273,-11.69526219687176,1.9445512827299238,0.9655096327301818,15.262919649861917,-6.5027939745314915,12.886317548431586,5.004850305580189,-6.205726011512062,10.239306988836853,-2.1116304351736304,6.572008178765969,-2.2807753246216294,-2.859840111906856,-1.038734431177778,-2.6655700096151635,5.652579395901991,0.29230396973118133,-0.9291174007188957,-1.9838752379458302,-2.7979718464122207,-10.260178773189482,1.1144954157066584,4.372041087878124,-4.29913604914896,-3.2775066676783347,-2.720007777579648,-4.084147540410329,4.244221811301241,6.077222072670251,4.154214340428955,-4.854806011893018,-4.883655074286481
-13.322721553929812,-9.750345622940777,0.4752361668501852,-4.6874826810081425,4.947225115960141,-6.203778786178001,3.2527225145789593,-0.47169518710886044,3.928598116966646,0.40913935825004993,0.8639806455128837,5.527473262475877,-1.8085604763616505,1.1226955430351764,1.0522114426832505,-6.31049628258714,2.8104009319955314,3.3408033323233406,5.781188413299445,6.597027426028612,8.320382507967162,-2.5700385684798803,3.7200850637552683,-9.226203636307037,-3.117483411454663,3.640414115880382,3.5475589263849714,-2.9524529613521553,-0.31527643206990896,-1.7409945386966792,5.936170924462977,4.682161217443929,-8.117717703341045,-0.42721221215290067,-0.2630464759658517,1.7394501000651421,1.5939386774824311,0.8737990341086445,-3.727245798106347,-3.8808269235728314,4.131008056546048,-3.781474427350328,3.6181273485351158,0.8348827965596596,3.1147855635237107,-3.5058859824424813,-2.0764289176645905,6.6418170249114725,2.31630895351476,-7.77952081062376,-2.5577920989877514,1.1508036882300408,0.15614406153892554,-2.497225439208862,-6.284133368047242,-4.478020944401526,2.464785592853846,5.731916893171772,1.7353116994936637,-2.8574814365945427,-4.575787067571818,10.525772395255437,3.4561906117058165,-4.261893631475252
-19.017745703409666,-11.258741639784025,-9.46150477593162,-2.0723312899493456,7.829141256858766,-6.712812157120009,3.0219515242352117,-1.9322219657190458,-0.6100985500054761,-1.27164250991769,0.5759904354990901,-5.5206814498560846,1.5774289603879181,0.9325436756019216,-7.650495969330671,0.4682920218674657,-6.658682586120875,-1.2461389341257862,-3.775233760435535,-5.214012338497401,4.564390822775131,0.798803484216428,10.52860452335093,3.3702578169216553,6.823185614073757,-2.9596941975328703,4.984930056824739,-0.8238430513037637,-0.18989168115952285,-6.049017221953339,4.659550190818726,-0.06560566652073484,0.10149545551033354,-7.340412478064266,10.632308802987948,5.286570651088583,11.171023460277002,9.127710994008467,6.039830932763718,-10.968402970956307,6.089358154731508,8.045335410694111,9.799652300699915,3.574490349322571,-7.934378994194453,-1.7617020157952867,14.19629450210555,9.149036278538581,-1.965221515314578,-1.3341908920561167,-0.39586182130219066,-2.1099148552239817,-8.24327428735517,-0.04062205752254361,9.038053116635043,6.883495910037598,1.6304321480259663,-1.4708007875353735,-5.64563157537909,-2.281281154751334,0.6984417145985958,2.149241486124779,-3.05087547403211,-5.070351134337845
-4.076816639541904,-8.779546357334226,16.24725937621909,2.7846054450471747,0.9416118379511927,-7.0859354013088796,-3.272254905291078,-0.9845501746696358,5.500719598054764,-6.540777088014323,12.601494034002583,4.005824190143464,-6.851107828153007,-1.7881527936190644,-12.37132747625105,9.970896840102169,-1.170754861203425,0.6874198389287798,6.9938288635908,-4.9261290910806625,-0.4078927253367482,-1.5277083198577819,-6.430489501009053,2.4639808891983996,7.405911377298053,6.305485193764172,13.312507926892158,9.530223019731762,8.964055430051248,-1.3922585615410241,-9.462451615924653,0.5850581710429538,3.8287699893174896,9.489449813030392,-7.113927703602345,-0.5280531570108224,2.3962423699771755,2.7872709213901743,-9.183807185709849,11.313848506378337,2.549371957693714,-3.4121611196984603,-5.101239011597395,-0.8425754965701205,2.04653677509505,-0.07655474172175501,3.7169805416138906,-0.4952514764206817,0.2316849461668429,-3.3992122229932327,-1.5529789972337056,3.9197254791412974,-1.3290861327351489,-0.6573958366599967,-7.65003519667233,-7.329490375052652,2.7095010433659223,2.9876314932759382,-0.010657293607763274,3.2126770714237907,4.823796743793952,3.0376061823399083,-2.5388627603531635,-4.416116709622777
-15.458221981921554,-10.982469428052172,-5.358087510855289,-2.65854600902802,2.4633331409177033,-4.144875639025984,-1.8868626761660274,-1.6007220047088018,3.468411601012284,13.463962216669549,-16.41357867834046,17.40416292739271,-6.517864598441145,-11.185141337007263,8.360805506955197,19.12597530434019,0.3229676436045251,-8.391828602437682,-7.927173016313247,-7.023791706071288,-25.880489039925635,5.987006101102061,-1.9332170391445218,-7.623075974935112,6.733905531823946,8.571533826459293,-5.866673113388143,6.4628836401979655,-13.910960176284098,-2.2829812150901807,-4.260286306282939,7.1958279521262325,-14.017704971127534,3.6844325515359944,2.098931929297291,2.3009652991584666,-1.2668239301275839,1.5283770995547594,-1.7473057264860177,-0.7012611193415024,-3.210284542780111,0.2647206165088488,6.5412782738947755,-0.8212596873081078,6.585672293972393,-1.3724431136215443,-9.375938471125744,4.324426167985567,12.423039823218447,6.01404663527056,1.9405667516804475,-7.553585412418307,-5.4371875007109844,-6.271254707415652,0.48686185932702797,8.47134810802821,0.5179603777332938,-2.9432193505053137,0.8925191394673038,-3.4767563329018656,-1.2072058898483478,-4.174321660859014,5.526790129147039,4.201481189422446
-13.051732603764862,-8.33339201184958,-2.017239070498548,-2.636867059361142,4.456844434550123,-5.45090526924802,8.690721869472242,-3.5461493281597742,-3.4465672999408232,-2.91068217238979,1.6904858500117537,-2.373438336070531,-1.9512359062748486,2.409235113001616,1.4596124843147458,-1.3126635946735985,3.4086038162144687,4.707321213804333,0.1764146090250404,0.29349333789627435,-0.8751867096907276,-5.296314614490933,0.5873030755953388,-3.0461798900939336,1.0547416413825903,3.784683397731933,-1.7376096948399786,4.650405271187111,0.8013317924576167,5.621808836331479,0.5944924482124122,3.5071765416174503,3.6120442803806387,-8.606540307902778,7.482947621253816,-2.645635938641648,-2.133657093765058,-0.9403439891371107,-3.7492381732653994,-8.149522963550057,-0.933473770730025,-3.6997880982206808,2.684796341496908,-5.653036872787734,2.380927362086788,-2.6320621505330526,2.4615078511269792,-5.8324018620252165,-5.748098771656679,0.42326441907416157,1.10597883699226,1.8154716161699043,-5.525312488531,-5.6585177469910635,4.773847800107026,7.881707361805564,0.2053903575177786,1.7615355038543485,6.830213509761842,2.4041339482025164,9.340640610475203,-10.408096225121962,-0.13350306540217835,-2.6759161651305625
-2.2579730024456444,0.11803644760581056,13.855910595949863,-7.468473508900514,-12.116612400464238,-2.597988942327347,-5.5328419305836665,7.778462896603008,28.17198920637553,10.750849323070746,18.748965501630103,19.361601053553944,6.13993997116638,34.26547342761489,-23.317442005666408,-1.1465102988848934,3.3579564120283787,1.3038292597435437,7.768662895875963,9.316533334874439,-13.674383387941779,-0.31075459876804135,-3.586714204881618,-0.8021596907783498,-10.008018909118233,-1.5392219274020777,-1.4124321130473743,-2.944959349647975,-2.436170917883969,-1.7103541690801907,-9.318784462260814,0.5782539822390674,-0.5982903202557173,5.513333410323722,0.8764574498462557,2.024886360401157,-8.020784628660833,1.8980175336807483,4.61608366814861,1.5923980721451005,-0.7207455728512314,9.719163400205707,-0.12021874982687417,4.686826864323111,3.0491727847212675,5.310494884291261,4.019102497144121,-0.008424598362447931,-6.11940681114878,-0.09667725575547284,2.5729215782451873,-3.8584485299451585,-3.4449934129633144,1.198380732587242,2.770565713633045,8.004604247841696,-3.6990980206446316,-7.394087896974777,-0.5226920183503121,-1.5377105373959572,-2.2807225351965266,-1.6279953924791863,2.2684179350323794,-2.6020612476099862
29.643658974486517,-6.672456068272247,1.4892269118558894,-0.1677243763806751,-8.031629425390234,6.292245696409061,1.4440939180370502,-1.5107545908195672,-2.0411676546888864,0.3611330328923368,-9.549986065551428,-5.552563403080914,2.5700382541758007,-2.7000533010338184,-3.2882024403310677,-7.163792876872213,32.51563399003404,-1.9672752985211872,-1.042857381473277,13.110154509887607,-0.3434606332910987,21.689147291247494,4.522564477553011,0.25977169788270443,13.154192580292294,1.0946074819240403,8.198372763858163,-1.8728221819954272,2.9867480799834185,-5.795284333345893,-1.7826026601326321,-0.6165246708031009,1.3791048251786109,3.813338754691102,1.9236853264981622,6.8857979615409635,-1.5934305114433003,3.8916868974492114,0.7363057048550695,-1.87107297720405,3.218703735240535,2.7080739090981996,0.607143609611418,-1.6200621462293907,1.5121853430591903,1.5881611497358183,1.7281124273904185,-2.7663020337514785,2.5003292027864874,-0.3415196448041509,0.9458565731827742,1.3620725009757992,1.234252584594243,-1.0402302024266423,0.226124307245672,-0.5444548938279529,1.2804782461773434,1.1398418613998134,-5.6754081936257075,2.580029441419421,1.750539094136876,-0.07662987282817521,0.7123669069047548,0.6794775272685375
0.4138187192369826,-8.228284269207267,10.114931325476242,-8.691545089875792,2.9831334210231133,-8.447131467388237,8.067033324021969,-4.0715029314454005,-1.4340771327048925,-0.5270998518587252,0.654696679221088,-2.002535114018588,-3.56835000157824,1.511572871984401,0.41739075491003097,0.0826940291832723,-0.5925391415730347,0.6213519534332627,-0.7672257709405402,-1.2891333600330013,-0.4856778812123631,-4.839217366917291,-5.438957765447597,-0.17950354432671814,1.7567185009467214,-1.6458986660658717,3.7826886554921493,-0.3887530048457554,0.0881339907597793,-3.905307777672696,-2.515034021194738,0.5025987390310022,3.6800000247049214,-1.647335135764319,0.43643225725149837,-1.4828097655975012,-5.380329460067169,0.891444217560546,-0.011274173672926787,-0.6649499614468419,0.9727012122511101,3.2642614568732693,-1.0020095402871467,0.9636633347758331,0.13079371874943507,3.458564330374146,-1.6774820584977341,3.0659759928687507,-0.2551180303176141,0.36350335399441175,-3.171603074350243,-3.7088394399260167,0.7861038981839428,1.810684138869166,1.3934920695090423,-0.3874590082149466,1.8325292212922708,-0.7292688681469293,-1.5261147849498233,-0.825673808356771,1.0570304813068732,2.1987787055115566,-2.596986396406027,8.260644687626888
0.4318167603270938,-8.478176918412233,11.08732187441819,-8.551701649723464,2.994749403206594,-2.8080821176487176,9.854954021491832,-3.0175814239877297,-5.694720771256995,-0.4979245534040716,4.701218723329901,-1.7016745259605035,-1.0810653631273033,2.0267014930196776,3.2424076115254117,-1.5012463240150498,5.0742623180874835,3.2618026877655453,-2.8092623778016925,-6.566070328250267,1.469522201264922,-4.780795715504295,-1.7092454834125637,-2.0610051960622178,-4.940059667060308,1.9672110154240168,-0.3724625065007997,2.1712685743932596,1.6646348075386788,-4.810406125822527,-2.2187001425270885,6.352897771491523,3.0048162428272915,-8.796268978785005,4.689876416976099,-1.1273543619188258,-3.7036744648064808,-6.350831408752915,-0.6622200650093867,-2.1113246278087305,3.248640947445377,3.565054683389159,-3.3860986672039264,-2.196130997023417,6.086416563662941,4.419089796708521,-4.107341776002361,-4.191255367076314,-9.531629717180667,0.8989384902336375,-4.766857902571903,-6.274484393246131,-1.7141451950838584,0.7843623523529756,8.414418164066367,0.5352274292537623,6.157579536810461,4.602694151608353,6.289939945611662,-7.207983520431849,2.5057490187231246,-7.149206779037238,3.800478602312895,1.7708829472271965
-12.406203973756476,-8.923302274713828,3.4101322199081303,5.69757529392038,6.376080650544406,-5.005558230934163,-3.061493085977933,-8.834901461234542,0.3751677505606914,2.225663312803662,-0.16298174555849768,2.9289365706354706,-12.89347771103715,-5.105046123367392,0.8202374634305669,4.4235962130794375,6.29248064291891,6.301691082242562,10.362501875342907,-9.174483667919956,-9.517159622705474,-1.2849934730020203,-6.32624415194102,-4.6639815293779385,1.8820909920800983,5.2623829630518175,4.3709867418076405,5.17283794087185,-0.5587540351939327,1.2570160051948807,-6.832644869272999,3.409265536330688,0.35554066473755913,4.380533634257338,4.541777844910709,1.605059111536036,6.463889935303277,7.955378777572643,-8.596158386732872,1.4126329637617465,3.5118772373516483,-0.44543073613022355,0.5982732152674277,-4.41639028085518,-1.0576065805320054,-5.893365914443316,1.4641314732270092,3.3945577886965856,-5.324422481497057,1.1600534939166036,0.33953542788418833,-2.195402257255879,0.07725237958474672,0.4513485441010479,-8.740355433290626,-1.3577909403996027,4.976811570652309,-3.6496541036601404,-9.499198899479003,2.9418597915417846,6.030501828908761,0.07971250667259575,6.609875187090846,1.9039892775925635
-18.287472673993392,-10.466618665812256,-8.514894547353581,-1.1476958419493009,6.747674034653905,-4.707306450497689,3.109281622342445,-4.933688219521786,-3.136971468574415,0.5599510781055552,-2.198503604123431,-3.288851894180232,-0.23549019091538892,0.9178335482972352,-2.70983537232076,-7.16777994979874,1.898238945031971,1.136464162654995,-0.2515641647670781,-1.1697983965436844,-2.4817994876630105,-2.664255657165507,2.6221001724836963,-1.9649180142311664,1.3410407531810986,0.7818936536610591,6.936954097375792,-6.774834778590387,-4.472791706814566,-0.8006185194801684,1.6933506313472029,0.8384457219003218,3.1066998133522055,-0.04528373005546817,0.5582399490770009,-2.389002780347121,-3.050707629091769,-1.3333635947337525,-2.0989928888159954,-1.1075428743972218,-0.8882883641092327,-1.6885633968016498,-1.3914809419201963,4.063690933450963,-4.816934963661967,-1.9149337091000465,2.127896909449515,0.15550029254955117,1.7249183301988618,0.49816351105806933,1.0936027350004085,-1.680292892622727,-1.6611468469462172,1.083457157247429,-1.067721771348803,3.767843066012142,1.7487619465076916,-3.7778934005632485,1.7148880903998605,-7.899064025463248,4.500071463766661,0.02809342374595013,-4.330785045480126,3.159819307925587
-21.070339681867466,-1.2014947621780994,-14.934275763960798,5.240126141248743,-3.149965699140258,-1.7258746343172653,-3.1403487135152153,1.428061587390696,-0.10339683583406435,-3.1656694826150975,-5.8772942498631995,-8.530384398622763,0.11940383942480676,2.1594446761600357,-4.352010240496572,5.751873854129696,2.9942335228604064,2.016341701334231,-0.418614134312873,2.8251453607335564,2.2801726550365986,-5.3985945569006955,-2.2226171313592844,1.239813493930552,-1.851277592077353,-3.135436220644118,-1.9397471377943238,6.266258819283776,-2.7157684568968565,-2.788939975584567,-7.566027109331131,0.04027646859615962,4.847023733538131,-7.021930884088734,0.3074717482098399,3.537553487222759,-8.699388432244973,-0.8846074034795264,1.639075505998448,-0.83469642309031,1.0225258592891067,-6.0112352090907475,-3.067261848166851,2.006271894477061,0.13482990130260414,2.573388625933104,-5.766228756241728,0.9225956252282084,-0.08484902773691691,-1.0144596622290531,-4.634138113350014,1.5124527685433968,6.448952738465928,1.8988009733407172,-3.1789293251097535,-0.7534408063749212,0.2640858376404489,3.9096314492792383,-1.0252308568590927,-4.74134243552638,-0.5363073223446368,3.390110855421747,-0.47460346117752933,-0.24186387642939103
-13.530752969446729,-9.416322371466508,-3.2474629451289645,-3.1604060504331954,7.232110156546978,-6.430398784208713,5.917896395320133,-2.9927724932733146,-1.4512782035106937,-1.0913729333018267,0.9197760489320104,-3.8723352016402384,-1.6718035512860547,0.39266295743146046,-2.0414479819910376,-2.5592705793290693,1.344544229695082,1.5958630216421608,-0.5180005683399571,-1.2876717935482052,0.7362054649840031,0.018638402487968716,1.8147108895271404,1.609753539266661,4.318509632291245,5.167516241353927,3.117525094011542,2.873307747268079,1.6673750096051732,-1.480873246342628,0.23669593361325464,-0.09915821928141161,-0.9324449511125694,-4.816196893389353,-1.6030774865662856,-2.659965618414883,-0.4597131941453294,3.1797607710750846,0.21423416559988165,-9.593298372880545,5.1367933732646165,3.5042871987403057,-5.985648855109877,-3.371179484739916,-7.810770297364443,-5.3233763144278425,0.9786853217575551,2.3699534009332175,-2.331902373616065,-4.067831361394378,-0.6276021556251375,5.918545223348532,2.636039646681372,-4.233551798657503,-0.6926300165217235,-0.2840219244555412,-8.039855791745186,-3.6050312559442825,-0.8919598866450353,10.485917557587795,-5.33564243711119,0.07231048344770186,1.7934028517138378,2.903976769978784
9.322171685336963,-3.717699071569333,15.321145439307397,5.8633216352225475,-2.329653979214076,1.8048490109642623,-4.98926884406215,-6.969252485923679,-0.12973667040919373,-2.413120846160738,1.561080612858075,1.4643473469650934,-4.018769444318747,-0.8142295081998044,-0.9328780833445705,-0.9167390434918943,3.320955372698316,-0.49773582058576105,4.079516514747871,-3.9653630653119962,1.1566348594275992,-1.6058573529021,-9.486965841753886,2.1348038299930736,6.083394763031234,-3.3073662165405824,-4.215481579809505,4.019163508409921,5.014382362390094,-1.6919868417582318,-9.444897480239387,-2.0822606497365586,1.9021816940254075,-3.111959764065225,-2.5093678027454738,1.38668937046523,-4.356964801810539,-4.253863314128523,-1.0430048766112965,4.9507093010816305,-0.6716252251985704,0.42226511857006965,10.893937424654382,3.284862923837856,-4.676262492854763,-2.28824808253608,-7.157697467541983,2.0317214315363565,2.1225678478296004,-5.2081550267162555,3.9578364800878605,-0.3654978326066334,4.4527905709491495,7.390664902996044,2.4132141164845096,-6.287125381085637,3.661836412295343,-4.362901000670221,-7.321225394561914,1.375840902860382,-4.905384968186098,-5.1756110953208605,-2.4084822169722018,2.0121272298887733
-5.0579937111281215,8.695095330003127,8.563122412868681,-6.273187467396119,-12.390258136567493,-8.242250532272568,11.924577850824656,0.17813226827603415,-0.4008329006719814,1.3230688853487504,0.9685935209817156,2.5986185172788328,-6.650249932687934,-1.9242442111142775,5.204199557713956,3.9109447434068065,0.6858210760937733,2.7614845575058045,-2.701430324396533,0.36991698418521285,-4.331837593712329,-5.855566915421734,-4.130135406468756,-4.682652463214634,2.6295788372310187,1.788647315130459,0.38619986933629025,-4.785187230226406,-3.42994344389506,-4.913413096118048,0.48673791292399354,3.7211896066486565,0.7449477598861503,6.079331370467474,0.37789640501191807,-1.5723299375497846,-2.071319011376735,3.59310897882649,3.37560851014599,3.2882126306430384,1.2331703731334107,2.68140160645729,3.4098719876510777,-0.10705247992564665,-0.2576064714792829,1.7565244471812305,5.085094660128912,-1.8351224514874163,-1.3228576667868732,-0.2782489775921377,-0.3766436773292936,-3.742966837645207,-1.683904468992771,4.791687138375575,-0.39157840004468425,-1.433420209258052,-0.6222002454395825,-4.6515234520082185,-2.4372664056838746,-4.254068977973144,-0.22362847018207288,-3.518115587904223,2.070763972702273,1.2097973562263595
-15.526908369818036,44.85760299763013,-5.8704585712993635,-0.893907100160853,-4.130914002300451,-1.0888831344864944,0.8019407961592824,3.1751443565702577,4.217946178133327,7.455555107554955,-7.825538517010411,8.022616288829301,1.7983658924039592,-8.36787430436273,-1.5064230235843548,-6.9357291061978055,2.7966681593116265,-1.0811551237808237,7.599407585244227,1.134517212291855,15.313749568010499,-4.490423318349483,14.876747627381373,-4.698278355535832,-4.881407416502756,6.272084102788527,-7.443838883514984,6.355827529224668,1.7166309075713608,2.7383801093429505,-3.4565587701849294,8.964670914003083,2.1641405030884364,-3.479897454284175,-0.7304585847912802,0.8950101788934158,-2.916980783016729,9.360798451259516,-6.571225439985329,-0.12948264578053584,-2.402829494874833,-5.280959649310912,-2.9324891469132055,8.147164386080666,-2.474984375340375,-0.9591496692722815,-0.21760682069798132,-3.809492095945839,-0.7429224381265843,12.354049483449327,5.556575818893373,0.613353024856077,2.674374542941817,-8.468209513175005,5.941106898900457,-1.77054065579112,-9.621073064968954,-6.375229525982522,1.460295760854871,-0.7354168516433478,7.4564371816038095,-5.155758212686352,2.832742221666705,6.029915326121065
-20.776090382558948,-12.837743374166271,-9.26938165904325,-2.550792218244414,8.907516266622796,-0.5489075162074433,-2.5568490507680615,14.940166168294487,-5.368378972771799,-23.373144492021282,4.8484710529355235,5.184377738300522,13.579214354026943,-14.076672970577471,2.0730991733592554,-8.020844596790596,8.513312320570964,-1.1548482287147157,-8.686964828022841,-2.552336309781274,-3.57188655891721,2.4522795935851263,-2.5596449315645122,4.889793006089529,-19.878308239071114,15.102572016848251,-8.521351672982442,0.2860361046539292,1.9722260448543871,-2.8456730674695616,-10.330011287663273,-16.022738564677315,-25.61256793147513,-8.441475060936531,6.038694138517902,-4.4589311905398,0.6598841003196189,7.3630501325060855,13.567264407213646,10.71177929496508,10.651622850114036,-0.3351290703963827,-16.851106720801898,2.7874597566189903,3.6805883281934486,7.7887284943316475,8.239688197478305,-0.7989030045507373,3.948210418509565,4.4189215622459335,0.7026978249613668,-4.639579223723346,0.06970422658047389,3.8428749105712865,4.810207220784293,-7.918736792193431,-3.431977616314703,1.0101407858624334,-2.0764388035819548,0.7550837558105966,1.1088866643364992,1.0079417388373448,-1.2445725486210415,5.078525074772366
40.07583410098413,3.5940488198236604,-7.975382467188032,17.1988220087183,10.838516182893446,5.338510134757443,9.571715503664956,10.884877707221321,2.6825567373731922,6.479432672036131,-7.819086799944746,-0.3250001686224174,10.327817630231142,3.529075387224286,5.203716083124176,2.5901656951187424,5.236703306829082,1.606007754497028,-0.028159551012619997,3.8440554674183622,1.5781548946133677,1.226688375373382,7.417186919886007,-4.971071046509857,2.927743644240721,1.807366035060808,-2.11140609959183,-2.73472408042423,7.093779752228545,-1.297994070415826,-7.578358665547711,-4.108046770141673,5.408707851478033,-0.7610560959487197,3.1664071001164937,-2.8238725666025406,-6.3990733957646775,10.856725006022279,-8.585794154534279,3.0561473092182436,0.8663643457177191,2.0966997810089323,3.104484451670122,-2.2216990486273054,4.127084907005194,3.8455584421974334,0.006775575811324998,0.2680294367295456,-6.665486766921523,0.6202151769583595,-1.0466913989282205,0.6977063111212157,2.812511926593805,2.778877201754083,-4.877924644229126,2.431869266147483,2.4425477514886946,-2.330237379378606,-2.6895681093413417,0.702946416192039,-1.580660811858152,2.5095207932239214,3.64803356552842,4.552820051594029
-0.7906960210210534,49.468968606534425,-13.508313770671132,-23.723822693944587,8.54568532149067,-0.5010686266661699,-5.634414336665079,-10.888973582620052,2.801768682928748,-11.641499682813166,16.35634570309267,2.5883974297222365,-14.530589766202928,2.3098044166598477,6.1885255295224555,4.757316397851586,1.670810843247028,4.844372593224317,-5.246471093299471,4.494308913048485,0.611972422439279,1.6704644204584849,-3.3626779557837922,-1.7597368457339682,-0.8283385026589655,-0.5140314953535197,1.0552325257593382,-0.9415791361151659,-4.676833526029978,-1.147798941631188,9.69638491860695,3.8824447687904793,-2.6828806742858147,2.1336218509926477,-1.061021072227904,-0.12024068484836119,-0.21355663980344433,1.591881496049337,-2.538434786971761,1.6684577463417474,-0.4270630747992668,-2.4437793230147995,-3.9937264218801185,-1.7839683819696344,-0.7374478258369604,0.38331842439979763,-1.4303242524932027,3.6364841673786295,-1.4311613043841398,-0.5173604263102907,-0.3780813350081107,2.0385874080067206,-1.60769832752707,-0.55098846696507,1.7217044608419225,2.095843051076042,-1.5284302324985513,-0.3197855356679319,0.024849493552509462,0.7730203672363697,1.6449656328711986,-0.796942059724362,-0.7926686498814404,-2.2133065198795467
10.934415797932997,-7.63192390326545,13.468863720443071,-6.300770037598929,-4.637878079836108,22.366239623948267,-0.7100931058599632,-4.123100248134445,-3.162012860555269,8.093355745148978,-1.4325537531761556,-2.1423032752701787,3.9682332860375555,12.256345305220943,-4.895494084163986,9.492647708464746,10.667195215533926,-8.48380525148844,-22.996299519246808,-18.302225543797714,20.237354541299155,-16.939656513783973,-13.508089055511746,-2.863416343139388,-3.4385092705923235,-10.243186075020633,-2.2112500366899948,-0.8878961201554476,0.22746580077153508,12.879173312113853,-4.57037593160511,-5.0397774789186025,-5.17965526943059,17.8249948778744,1.6454260732525299,0.747285138424007,3.7777415457117254,5.5565610483970405,-6.925154015171161,-2.1555169685456628,-4.910303679652582,3.9888853295486624,-3.668062988438731,4.385024956938357,-1.8705803375765657,-0.3825433096917942,-3.637425074440967,2.2367176031202116,2.309282765342823,-6.158533545810853,4.976287634087469,-8.714742848279874,6.03678927147963,-7.402663355277393,4.855735798835607,0.5397916973939793,2.9937587225536095,1.822724107896068,13.120832056247432,2.0058223711907903,-2.70133346004648,0.9729487048312159,0.6154679466249404,1.280342777427502
-18.06399298042503,-8.956529677488279,-6.919240303193738,1.251959764455595,3.5337688846002173,0.8574538409487243,-3.106452860630095,-1.0043101326989345,-0.5336972065670003,1.8819415568996312,-5.031483670613338,4.13203714969798,-1.856361937038126,-1.1847195916970272,-2.6234686413203296,-4.875939030783246,-1.3168073455478924,-4.700806951551772,3.091771841011245,1.9588064910545737,1.2027264722240065,0.5388762471823231,2.3806409282936825,-5.32960365004064,6.11161963534684,1.2280649837933455,-5.544947071718842,-7.437386490739176,-4.87583807690392,0.4061828109276193,-7.612424688913148,-4.882394455985857,2.985793806864653,0.5385865153488241,-5.66367225881735,-0.832530170499199,-0.08495770800135614,-10.66430575769608,-3.654875905756278,6.84814460702854,-2.9897034837353718,-5.137925976342611,-4.810006342304658,-2.9185383008128163,-4.992683999029681,-10.212313182436565,-5.645764763930061,7.787863356736303,-0.16038500798304892,-11.954938417185357,-2.6653339456109286,-24.309069071231818,-4.168862312463452,24.730770928957764,14.170415330223442,11.807890041261807,-26.99455144564276,25.72972010241043,-12.820293994267391,8.613259626586888,5.966898466186284,5.016903602523127,10.074303003996317,4.643864136397726
39.19039929167425,-8.601975201575343,-16.05935612994499,8.813617000299176,-8.279961474084937,-7.06601781305231,6.714317722481703,1.7402747607741227,0.3549037452409129,1.6811454053439656,2.3906108406487836,-1.2173004108127947,-3.651234975004581,-5.208599252721079,-6.498099320736656,8.0636027638527,-2.163271663942734,-11.15712518294759,1.8570629566116004,-0.6693128112828544,2.998731482883511,-0.3129091135472898,6.457067682085436,2.9643219544736303,-2.1579172853221595,11.01998323495487,12.046851169976703,3.353609093844111,9.181931364621672,0.40408644223760326,1.4319860836148626,-2.7164644736347894,-2.1112322658033458,-2.2446156223389013,-3.42354231676699,-0.708081796354006,2.8174906180906425,2.3011171634061736,1.4777633272883166,3.583168391065395,1.380807543905513,6.702644272956462,9.225166433909072,6.96203225770582,6.421138435833502,-4.018966200513487,6.152776711190451,6.233618207886811,-4.643124904044939,-0.5643456874047904,-0.1730818538369478,-2.597216026779285,-7.827509260326075,3.814071856838128,3.5336196456025135,3.5937693807525433,8.123739231879703,4.439228824727579,1.2522185468364568,0.8031218634261,1.665567993436644,4.101864198453474,-6.184841965607218,3.5637998822012227
-17.10438563903558,-9.110069472698449,-2.4938280133111004,7.490126741203968,3.198741702693129,13.498781619125666,-4.162137154367748,-11.302750792302188,3.5680421009376375,-11.098609520899789,-0.07335737795461968,-6.5166629622205425,-4.701735859938064,-12.463505571331732,-2.4125946253510744,-4.6100229834188715,-9.875746776161607,0.7493944036370239,30.357426233053797,0.3760332426966472,-11.794147863541436,8.287275964193602,-7.711954804690655,10.575689388278835,-10.251556147264049,12.009173495436146,-4.375937716338038,-9.00031974808684,3.830350632429248,-10.635440842438623,-7.803390791045036,-5.283499331887757,13.081633798259464,27.076627971956032,4.567873968124248,-1.55173308574992,22.70265113255853,17.43454515586735,-2.3081646894403014,-7.720924679209757,-9.08640567957019,-2.3383094008338934,-5.712785098826723,2.5985140153435498,-1.6732370537172983,1.4138244263446567,-11.291172441375926,7.938232978794475,-2.2472623701850605,-3.0827416962914738,-5.920648918596281,2.54916998271963,0.5493919930875558,-5.3423911551915255,9.01214777577384,-0.06316009816741407,5.702509586955306,6.127882055334238,2.3821071425395393,1.3384122159677458,0.4551762505138843,-1.9850415311208438,7.771080473424318,3.892176049130882
40.35555066530391,-9.516180606742555,-14.674026631190015,8.822679336871374,-10.241956530588164,-5.387703943045424,2.6921307451154557,6.688934378969843,1.0851833993724012,-4.811496984086201,-0.08598787472527143,-0.47468342901647737,-2.2059520533718837,-4.855047181507049,-0.5893443418982277,1.6700859358363742,0.9510645366815945,-0.3454232502448775,6.102462953686192,-1.8521630546612882,-0.4676719162285328,-1.3795979169442376,6.930027798353,0.5188900096400283,0.4587924911899194,-0.8784231578937844,6.074761422455244,-8.302129283159507,3.2002764331537032,5.959985032224632,1.567780468308886,-0.5297336573443678,-5.804644442273245,-0.9541168673105128,-0.38696025325808586,-5.666114760174628,4.189061436905002,-2.911376225189604,-6.472020507351791,0.10159057379380677,-4.776953207967419,18.171847789044314,10.232221687476185,-5.213327698928555,-0.22705971098780423,11.027316989060079,-5.154374962259699,-5.352820141392618,-0.08110831015500504,1.4450311114571135,-6.93053561280234,-6.26397149718087,0.06013578987443124,-3.0294673423329592,-2.90765515450422,4.407314064595736,-0.9672242048454661,0.1104375340320859,-5.57420295942748,1.4416648094514253,2.4820173551106386,-4.460006433260598,-5.222023256192328,0.2153424295335033
46.31157326874845,-6.614448967228054,-24.118430474864514,14.365567495741848,-4.2207680129575635,-3.7585727050403674,14.614517734571821,8.240082802835456,4.773787714275074,3.444404475214228,5.5519903216391,8.543267492362535,-4.090287753104865,-0.22743187848943794,4.320255293626832,-5.073019985100849,-1.7246863126781509,-3.2338598083967187,7.432816605590562,-8.49236267428222,4.128603794360206,-0.8362286867346315,-9.408186513132973,8.60103120059466,-1.8989827636099976,-4.068206419529981,3.685910051967622,2.9143099769931635,-2.2748659067507413,0.5482074091846901,-2.597761747256973,4.585714860143191,-3.3855851453648333,-2.2400361445625943,-1.5386079928748804,5.052851048068458,3.717635603826996,-4.826572221858766,1.8164343739102502,-4.287037317465439,-1.0908837925611063,-3.10039298762181,-2.7185410211944157,2.674814282451235,-1.7090694243256668,-0.7421358706712123,0.46610627188616655,-3.1292267893273005,4.5727857074095,2.4011362270748844,-0.5353144796731193,-0.9863752291956355,2.0065550379121446,-0.3258342811929266,0.7066912039896857,-1.6703777513776261,0.0672135582538295,-3.3685180243590875,2.0599113240226443,1.4260085020218913,2.6825047257470365,-1.4356574214059854,-1.3808445762039943,-0.006010747565417687
10.723385722754102,-7.920386060351061,14.521142840957747,-10.007781433443549,-4.050549729709886,-3.9871376759890707,-3.8441937508093016,6.766455498253625,12.078502263687605,5.831964479825947,5.484159466070156,2.6787156652267647,7.730479130079904,18.80159900842257,-22.02608639890926,16.550215038402488,-8.135473235509611,-7.7483685155714905,-0.326887401209847,-0.8267632167548546,6.764403179328671,5.236181178976175,-1.405203556963241,8.594067164548575,3.8615147505691523,6.732197370607671,4.039704235566416,8.088792659672285,-3.0335446665394175,-10.07321257564622,-5.526110618795089,-4.621106645210281,2.5460245306097606,-0.008371221462319181,-1.9387439551627277,0.002428977386637489,4.539067162085109,1.1333033027970403,4.165639989422953,4.166935083425733,9.670562822859347,2.6660499878066823,-1.0500661689430464,-3.6089273097426213,-7.983880905202123,-1.8942214239221042,-5.26836560366698,-5.001434120097854,-0.4840802260824072,3.7139377155702795,-4.665412921973369,3.5163507486159133,-8.34394036064459,4.864236229050733,0.6545363195586712,1.5203657214605633,6.318079649658885,2.878906618828855,2.3868795514808765,2.502308964055362,2.920079033793067,2.240965097728732,-2.7751235811348653,0.6336307691130877
22.41198336748685,4.74643613270212,9.186458158405772,-0.6780267981508503,-4.68425384209285,-5.28257368740876,-2.425979315882168,-15.263928536509006,-2.617737692317514,-6.578236254115445,-7.206448251804041,-3.0072957126577458,20.10830919559832,6.061334619378058,3.459165939754487,-5.068544771158412,-2.8552701216794736,-3.618715780649507,-0.19256570744823737,-6.46326749801296,-5.803104692533467,1.8215842341785184,4.519946491532286,0.6432127083626538,0.24354323857189067,0.5391258122422778,3.9608369311297458,0.3693723770924744,-6.034190611070878,4.814112840525359,1.3983871835981807,3.3669747523501736,-5.238512172684024,-4.478595495860085,-1.6404775422498314,3.7182483096777195,1.880998534878487,-5.441270252488231,4.607772444845782,-5.632327190818563,1.8928990578021543,-6.150694322795271,-1.5019827868433169,2.143500837827705,-1.9341682412989079,-4.1138308997555075,5.904750092663244,0.39441805601233687,4.024274361288341,3.4293394285563226,-3.1786039567720135,-2.3690775471496064,4.0087077948427865,-4.859253796914475,-15.29035285850151,1.2049468899031295,9.698166322245257,16.17489247473761,-3.6736987384616224,6.746528881770227,-3.8508737333352414,-7.744396191619342,2.4947470390717035,5.4885656788674595
13.640208773123838,41.330311713929184,0.5191530110674679,-24.30961163879601,21.13915367900503,-0.876662529000148,-2.0157260123624616,-0.26571398568135646,-2.6965792249723783,1.938329052841196,0.6855606671548997,-0.5769006504017747,-0.9159579888431172,-0.24618482107564504,0.9779332761775675,-3.898363261541111,-1.5773315044977803,-0.2533820866992539,5.239424001840185,-7.714869416868858,-1.290189330007288,-1.4959785490649435,-5.804576582151431,-0.5642153673406056,2.137893340234546,1.0473770243396532,5.532637917094505,-0.19494297206295608,1.5628260940877012,3.014742839345704,-1.621272245378277,-1.3640704249998528,2.244796847243354,-0.4417643831322115,-2.5069956094787194,1.8446099227774682,1.244027399726124,0.7896017064706198,1.9945725728187065,3.1236189381417456,-0.5526995728184075,0.9394470365699434,3.2302412598413897,-5.3133504985230395,3.2870090669931527,5.19961902218463,1.441832007895542,4.424065162009643,4.508451659834965,0.16307792714163427,-0.10877802153155844,0.005256887006552562,1.9994022844518569,5.274482646293397,2.5125853028542404,-1.7342496842335642,4.843221392019856,-2.3054699467257627,2.504462075335668,1.0721747718773675,-8.732563711128355,0.01466686951972019,-0.9507235493900899,2.5483960266120746
2.636691318992059,55.06720561484447,-8.096673976558382,-21.81625799854688,23.053596536492893,0.46463096854412483,4.363612013913359,8.274229029684692,1.4004678863468463,0.938333982793689,8.248447590666844,0.21393834020615915,-5.505641707486344,3.0907843254683773,10.233469321532036,3.5048047243351546,-0.1922937999127198,7.999452363695352,8.486652007896058,-2.5235328754706527,-0.41603930414532503,-0.10473838461256575,-13.618574296064603,-1.068431046438686,3.7079598364576714,-1.09653625531494,5.7264413850542955,-0.5986040408634326,3.626515344390917,2.299984642839198,-1.7710410994386965,3.338730927987864,-1.1433586597757273,9.412909736446663,-3.3404044674466906,-1.625969853519591,4.310471786838747,-6.9645276502151425,12.604883051245043,-3.912936593496956,1.9966107726938045,2.882614601607969,2.4215273899874297,-2.7358018699467626,1.591491888248502,0.3367078719394242,5.956323963219593,-0.36573658524270836,4.821503850642715,-1.2954130674022917,1.8806000660274196,-2.481118779079942,-1.2792439191102083,2.702789603846665,-2.0441735585059675,-2.0241953174565612,0.4850720605505731,1.608032482718732,2.3062749866901378,0.7726842261212279,-0.17779493008440844,-0.7552048447169057,1.2661836487633837,-0.5277346916283899
-18.846918733554677,14.312063423968288,4.764439001165651,24.091940050075394,-15.783939983033337,-5.663064778674042,2.0695394257591597,-20.835147491201173,3.8360008266880503,-12.295291701452118,4.486880456351584,-4.087129905038989,12.411980699295018,5.921270344374376,9.162063962388789,11.055485712101374,2.190951858907847,13.584753718471235,-5.275948355753378,-0.03970747872458251,0.09152798895219141,-7.411021761838266,-1.4002902200456098,-4.240125312068587,-0.5769065426624727,3.0873240993999715,10.934263048783913,0.9979907951834422,0.32674449429881885,9.668569179362796,-11.944866569834865,5.683298752597974,-4.089173528571361,3.6014809773928937,3.7301987736506477,2.1736148348137228,9.75730093691521,-5.124222018026333,6.982321254933558,-11.395150006952246,-1.0523330370982482,-5.577723671107939,1.4533196975669493,3.6715180398838516,4.054225207876656,6.230030636809993,6.405743957197324,-11.10837126899714,8.6672689255625,-3.1252634450538586,8.018052897617062,-0.01743028957325478,1.9257206655169252,1.2032053188172793,4.1865583386055585,1.9643444033085942,0.5285045734427346,2.319630193211549,1.6207934667531707,2.834107308520762,-7.01312909725633,4.364532067334233,-4.276108663371991,-3.4804328581693564
46.40097739405423,-8.78994746954321,-23.18550405510626,13.320993755918986,-9.705924116889294,-3.505277786277149,12.26577753543787,3.3313878033239535,4.145215017796859,-0.1924017735817531,6.737255022676461,8.52202244080378,-7.005000254445968,-1.3728586762045714,0.951298526868104,-4.5008053578712435,-1.1652195978843374,-6.361853897660191,2.2321868988054567,-7.628561015574584,1.273978113772373,-0.8251170024992169,-4.177729173410294,5.360037203809246,-1.0399746623305035,-1.3750140457111888,-1.5983406417736903,1.5660466822099266,-6.010988410278664,0.31311045597236165,-1.513224889525711,0.24413491781477276,-1.6423517187597632,-5.181372514163229,-2.5493896916679475,6.869716036641641,2.0360593206737354,-1.315778606512642,-2.8454255817865293,-3.5642301245774224,-2.436901414554635,-1.0837299582738233,-5.734961515951081,4.596216630745293,1.1002993553081981,-3.5650996838862943,-1.0128360864038126,-2.6523336525957166,1.6123527816834882,2.086374550914607,0.6855896752626167,6.382713685202761,-1.7977268958297588,-1.290295783526261,-0.5309332693854644,-1.3689983518994777,0.2919559766616557,2.9806337993062173,-0.5704178353348586,-4.217967803444292,-1.627376183941669,-1.635290284274984,-2.720993593598126,-3.964690661768923
-14.790927905534366,-12.832526724349302,-0.3638936764706832,-6.157768362055295,0.34717224950442427,8.24441841757433,2.471080191026744,3.9142932393250027,-15.388151699075484,10.080801914843674,13.397037738554792,-2.950367728009869,2.2265341344498193,2.0658755878316972,10.896295089949223,7.562367049611717,7.360773373819066,1.5313730142273105,1.1190759377660224,-11.417519018287646,-1.9024953255890948,-1.422301600817773,8.243472367591524,1.7516009779524484,-17.516681547252997,8.430913821716349,-0.006555915186734304,-3.250475783231023,-0.5472375525869386,-7.979231114205746,2.1515120349576016,14.067651025441425,13.58348592862744,0.5908344946335806,-2.078232067311377,6.339402345177056,2.319706335229755,-8.607977698216885,-2.2643050720668625,-0.8553383511505962,-6.3513713376837835,1.0711832840033526,5.23552728511929,-8.907292223398931,-6.030480253496103,-0.399886814500437,-3.4362924321294783,-0.48651903606617286,0.5868966880817926,7.54582192079938,4.481340338153203,13.456983280436974,6.237906439601943,4.226640539151317,-16.268490387631314,14.460401302665844,-4.497055387748047,-2.070734626277674,-9.666063494800513,-9.990878053656502,-7.896295105266649,11.620428691678967,-0.5325822666978381,1.0206180463902699
-18.710671065540467,-10.47045371973244,-11.346226896212393,1.4064943468146733,8.838156147173368,-1.5561560533731422,2.178376757108044,-3.8604693051103194,-3.9134141335249675,0.4585950245740274,-5.616611234124462,0.4391605634118619,0.6393962265824714,6.021876258124351,-2.823662353626099,-13.024548668297383,-6.155683989178586,-1.8851978146677573,-5.9755539284721655,-0.24624825739990192,-0.4245868622271949,0.4364863764123004,7.5139190961423346,1.636066369149728,4.572830371523663,-15.800365718904292,-5.083966457036915,-6.1053537953129595,1.0258154632979537,-4.6811615439322525,-3.7363118869087675,1.061582401997551,4.753216172088132,18.319729923518214,-10.958472774239683,0.42158422857198724,10.047258014906195,-10.642293189359192,-11.92753484510034,20.214980325957104,37.28958657934255,-7.6809722410775345,11.412258210576057,9.220943361844656,15.357389935009937,-5.106071181819947,-3.769946981781642,-12.671158403809784,11.528931809952809,1.4139041410061604,-1.5111756413144868,9.586778544620945,-8.399476513553122,0.9094534554879588,-1.1972267095192461,18.95642717673103,-5.47766455931957,0.14549959164658802,12.564580776516987,7.232008695634096,2.4694485568387274,2.972925913367487,-1.2303557974317065,-1.3602555762723705
-20.756479670581818,-12.816049272017578,-8.857433034781742,-0.7906616006746311,10.423638695221719,-3.044466197395069,-2.091935789539598,12.43135515865406,-5.132557482680743,-18.84520153491248,2.6028391915301756,4.4358467384361076,10.804443919379889,-11.727216791520794,1.8618864682575555,-8.983724398898582,3.161443778169623,-2.2506980299854216,-7.303669240539416,1.774500561760655,-1.6596025398647225,-7.040986347792978,1.6844385065871597,3.8842865350580515,-13.386928340296821,5.208663000700394,-4.072241014103694,-0.194488150240716,-3.986510073275613,-2.1263122053701458,-6.0361822243330066,-1.151158685384483,-6.827325519090041,3.832657892582121,-3.3152886615455834,12.831508163238258,-11.807677197394163,11.690599281415599,7.307683109172002,-10.139397185771797,4.234684129818532,2.3358688609101614,6.451150572177861,-9.340862010107145,-1.0084611534993313,-0.14266443662606906,0.633184540074538,2.0026107786147676,-1.6518343184559732,-3.2778881388351553,10.707400965412004,3.6363488573330307,-2.8943002484013056,8.925466046350513,2.8314420037119907,-1.8235997792434442,-3.511706301727517,4.53803656499945,5.938035959249231,11.12548704925794,0.6491380575636484,5.526653016993748,-8.917292842392994,4.2020584222192365
4.603661941740245,38.38540943136344,2.780489983771329,-24.010861745496587,-0.33294945475835397,0.8722403371837657,-11.875033299582315,-6.335168348998898,5.112453692606445,-2.771587660975914,8.882392334811234,4.678123290733227,-7.532774990739824,-3.030188389346172,5.541813176397773,-11.491413225250616,-1.4645009851553847,-5.990893737630752,-0.06466257184316078,-6.514651044395107,-1.1074372336995444,-4.669427611778395,3.9625744203853177,5.277228313992306,0.5699505701810635,3.0442195913622285,-3.293236051925282,-0.4056592482598275,-0.4209331180090818,4.746980210183477,-4.376952327671068,0.6861664840409938,6.798846607011032,2.1263768883786986,-0.624750956435843,-2.2796229152526677,-8.60603984188645,-2.4051416738199047,5.258181089668177,6.554075235107503,5.179122706183939,2.3290181837187305,6.130602972649894,-0.5957246591736608,-6.13314181811395,4.081770208372789,5.152916592662794,1.1488496825082464,-3.3405856468244495,3.777928615556887,2.399617145281406,-1.579242777140859,-0.08102205206800704,-7.424429004345323,5.253622483183297,0.8401563255557029,2.2930442911419995,-1.5440162514657967,1.1883364029755505,0.9136755325013257,-2.138734904895581,2.626203733089508,1.0753984967480605,-2.450682795011247
-12.158242960067012,-0.20327499228732301,-4.415689415005694,5.95690983262857,-5.6992620121725235,-2.7590857685941788,-6.458854109681745,-4.869529156576378,-0.3488369893173207,-9.197445409405995,-1.546752837021093,1.67292207036274,10.101417259325876,7.035762703810009,-2.0440461729199457,-3.9491467207074242,6.313976643020024,-2.490830392125656,15.005159465825669,-8.397987070795615,-5.372355529248418,-0.2636197783841373,-11.635195002952731,-11.158036058700729,3.929099935556171,3.644397718827224,-11.236288362265931,10.218491181789267,10.800482035782382,0.7782135328695491,31.96509689208062,2.447805321014549,-0.4111466374114607,-0.9459349044531759,-0.9184359147271179,-4.521453258340938,-6.02137291368171,0.33052583813563147,-6.194124776267591,1.2606832524867873,4.735189643198628,8.090550915035012,-0.8044077109785733,-8.338733398920262,-1.194551812965947,3.651901367730092,-0.8548442185637907,4.571347215801356,-5.61420779960214,-0.44994773467287724,-0.3348320640775076,-0.6099651491045391,6.245072767750069,-3.3329165286024196,-0.3955223388247494,6.918251634143086,-2.180843706694739,-0.5652448228826094,6.667016804299679,-1.1468810378242935,-9.326902429796764,-1.723542749086929,-15.182086846615581,2.737516748410614
36.77854071125343,-5.42505074013816,-8.83266858051799,3.463335705796663,-4.96963007365556,0.9018881092636502,-11.274528004451259,5.43703753189857,-3.5420943128438154,-10.25866368885889,-3.7094167462272107,2.330879565125195,0.3910858641017959,1.628340484899676,-3.662168617663771,-1.945284231392298,0.6050901202368605,1.816316002954958,0.5017192085187806,-0.25349261922796706,-2.244580221652741,-0.4939950351276971,6.765177565713019,-11.160439043995751,5.393807385993978,3.270732215264272,-1.22110421627057,-2.5852085895996697,6.053729373288819,2.57321373581611,6.538460398904399,3.045650742924156,7.137904583705679,2.52431209298273,4.388032402210565,-9.065723480576935,0.5282663380521199,0.9837409032881432,3.7597359715284098,1.6842239183095646,2.6948173747109054,8.120382103214384,1.6019844512129713,-5.952727290555847,4.781161607387984,1.6443123092146201,-2.7958369636169644,-3.721052301146808,-4.287931588152359,-1.4382836513248007,2.3512540969571627,-4.840664065112387,7.252487149460215,2.1002015805333114,-6.107114419463434,-2.1389932821458726,0.8783232498076223,2.3187461547956274,7.9353026781839215,-8.572917449489681,-5.46287838560554,-4.951075615732611,-4.911524378380468,4.863974057858699
-19.02390064943226,4.970351265658868,-0.5799399395048227,15.625534586046102,-10.396915210766014,-2.7903028765771536,-11.613217718984314,3.3463043260726106,-4.364995613564653,-9.708254438686607,-3.1399410140678756,-8.882581395034117,-16.550403779470944,3.920617124214857,-0.5525088887095969,19.413667398996836,12.739308418863725,2.6295036242760066,15.279682653422936,8.345444458370537,-4.158133830633857,-16.7582495695993,3.3802980259904767,2.36014968564879,2.332387783555117,-7.38918845340108,2.555939427394054,0.6574398619506963,0.2500280128145449,5.8157244238638235,-7.08045656807924,3.870411204108701,-5.255427635978957,-4.319223459812606,-1.6188293805918672,-2.313233289789083,-0.3289825607150817,-5.348636806273119,-6.306543995196382,-6.186148543552003,4.5268690500396,-2.535898592950913,-5.0809400829108675,0.8094260019850525,-7.020392292099112,5.599348347199557,2.6251282938029856,-1.6046457656092272,4.489164138403795,1.0214747443516803,1.8967105846758443,4.219712613955916,-3.7843300084916978,4.538401033508789,5.187185124220674,-1.0741763241608728,-0.2806882573147387,-1.5846337215863417,1.6515641615634167,1.5390742924662617,-7.217098104778036,6.388576793293938,-1.325924117340859,-2.513970382468298
15.59910397010209,-4.66212559043543,10.754014547018569,-8.687381232920128,-2.8782242132706477,-2.1110157905315403,-6.372716576988572,9.220891161825117,-4.825023289874284,-9.369989986944756,-5.119144883731914,-3.791449455180091,7.1601126645753475,-4.3938328307853665,-3.8391086961065524,4.0718373418094735,2.1925338560733514,-3.365575862334134,3.388453419340491,-0.36551160951721984,-1.6121337199479862,-6.9736959752410925,-1.5908824485492852,2.920356424848435,-0.595135191758392,-6.044076026461022,-0.9734096997572296,-1.4926150062289367,-1.0513747191227714,-2.356328180472878,-3.191287692054106,4.449467385777831,0.5453513541642285,-2.4688347184176367,0.8878586223258366,4.318055280471066,1.2234489452836106,-3.709393385353252,-7.284814932089149,-1.5117444414709997,2.1574889207257884,-1.7193787717637259,-0.8933357945654747,1.3887954486045764,-4.1132132136642925,-6.789813616978313,2.9187823480136403,3.087864763406503,0.4763595405299879,-1.1729630146380685,-5.292767920748526,0.681051591482402,-2.3662873129382636,-5.707831845687588,0.0676153608981896,4.347703944619056,0.6823520819137913,-3.0140146329920836,-7.474779799644201,2.505604830401487,3.0705940291960823,3.9958723175465902,-0.6464929939390932,-1.8186601913217513
-15.5056244483007,0.9887203569936419,-5.843886167638759,19.351374670885345,-4.965369922546207,-1.436827154785607,-7.614722142699546,-15.609509912743553,2.062773009674752,-4.547755789910409,1.410133095628281,-8.712300680751627,4.953300142853903,-0.29337495938773417,-4.388055895626134,5.31445026195557,5.548874351382609,6.111477576339202,12.92126062787575,-11.448489119213214,-1.4866076629877902,-1.200724679474628,-14.967284723200292,-4.917138018184918,-1.7338993608592304,2.4964025500312577,-1.033503698224206,13.683831304212443,8.521276933012475,4.212352341812191,3.3170302462055843,-1.1151596824908083,1.6765540606108618,2.6995162010465177,3.211182686921151,5.307395097208662,-2.284825244729458,2.786033414843608,-12.097616897699547,-1.6784060620235928,3.44219537106479,2.567523738977725,-2.196721059734942,-2.232403818254448,1.0034789059087312,1.1704024259866406,-1.0383129619530673,2.5095098062448424,3.9244809354284445,-4.899233492359261,-1.5566369682879122,-4.235064170878196,-3.105916916299069,-3.0834227205091373,3.0691947667010093,-2.513978517435124,-1.684907704522777,2.2944497497647727,1.2358583801371847,2.5919409829975333,-3.268093398642125,6.27384334930852,-2.7038436344041115,-0.1545359648595475
17.349312642256287,-7.562534259518323,11.476166954489102,-6.037284411575269,-0.5220532898588768,3.157723726255986,0.5829339387423266,-1.9689646024235434,-2.5369122120465097,-0.36905699915994844,-7.143942357028844,-6.980846599266359,2.4841588854106553,-3.165515432137159,-4.40395035117715,-1.8210827649971255,2.5568540191319187,0.49090765093196587,0.9376420906143084,6.094217902371701,-1.0188411768588728,1.4450794186552358,-2.595577399877793,5.1552896430242425,0.21295798024813417,-3.175899816197481,-3.399245286511091,-0.06354942669486724,-2.0166553211251403,-5.413930662637639,-6.001738659771069,2.496985796131081,-2.735948526177958,-2.805176945370579,0.03194989937869949,2.4134328675606245,0.7313513947522222,-4.426890849716121,-0.8371611120591108,-4.604460626868964,1.1214591144372785,-3.246971388747111,-3.112009258306651,1.5523988857386946,-2.064030671322249,-2.33062418547363,-2.7438809240829656,0.9324627761476328,0.450252678232978,0.35729568013014196,1.9144136508230265,1.8121625079418222,0.6024010564892842,0.014151741266852237,2.467900794950608,3.524177499564131,2.815578668736168,-2.4031420672103696,1.921089705087873,-9.29644876712971,-1.2369294659863619,7.004690457173247,1.9103815580551087,0.5398615625530344
-13.479456305603852,1.6067828042522438,13.11226406959394,34.70575852392159,2.822028508552381,15.271393992219233,-20.479708172770376,-10.325340602047795,-28.163021795535283,14.62331799515495,31.94689767987154,10.48847723991791,-7.892819491412561,-10.413916031981964,-4.362502953644538,-4.098540367500289,-3.8272179370752566,0.7701582193182367,9.875318408241219,2.0596144167995445,-6.751373790610435,2.729534985289203,-0.24661663567535358,-3.5029265416975677,5.587014624446464,-9.01670871469123,3.1402527834096348,8.442235571115273,-1.739320377507855,-4.064589059879652,-6.668502465598144,-7.092522523634506,-3.860528198425632,0.4300609814470123,-0.524893211982304,-11.256916024132748,3.7023387930047993,7.271735378574418,2.9066360809061975,-5.235788194983631,1.8884345758744452,-1.9685172035405545,3.9853471462583436,-5.841087206457469,-2.5989268424932517,-5.087041322843468,2.4424370590018363,5.100433362810297,2.895092537864688,-2.461085798609657,-2.95015442573559,6.009216659382384,1.685076410163372,-4.715832519866046,-2.009249168852832,-2.693775950855673,-2.1164139129591444,-0.0930014462018402,1.7334248375289874,-1.2568995739223976,5.3910255843862345,-1.8394676449430225,1.4517931523338803,-0.5136416613714593
23.916952899282645,-9.417494599200639,4.41687610540646,-3.2161740434381594,-0.5308333934424317,-6.357586437189761,1.9788580369229518,-4.7402024258179605,-3.4873210296013823,1.6197688860662982,-8.30818835421285,-9.317492356843118,3.101441413047419,-3.688931261144257,-6.8405098843533,1.47815656613507,-0.8277490320195582,-1.404156043608925,-1.5591439521151238,5.320271449625396,-3.8046740917923154,-1.119427332013528,0.4523312644333752,-8.6230210414574,-3.824907744612623,-0.7444789450500096,5.381542182689891,-1.4140820375947165,4.121801069026089,0.3168286328972658,-1.65664253910309,6.173722811617408,-0.8149021356779675,2.2876266015455533,3.9321153363000327,-1.7525646416360499,-0.973410754567854,2.6123448610177378,0.5964573767401681,-0.3787801783510423,0.4489157305950937,-0.5635855448934692,-1.477165898644287,-0.5154045220559834,-4.035028852900477,-2.631621280603745,-0.24334495192885316,-2.3389085978817583,4.735121212847564,1.8468939092235939,0.6675095157668434,1.4396177467017135,-3.666090327729246,-0.18521844188168357,-2.734803283432944,0.4487986461532282,-5.599726700371588,-0.8874004380603266,-1.7874645424508062,-2.3928177274743274,1.5682415747043648,-1.989083387605825,2.8754517229604013,-7.217306947694021
-20.088153908042816,16.253485906824483,-5.093327335105949,1.4027022048414768,-23.705414090132617,-3.523297115547048,-6.209046447390754,22.58356377930929,-1.0287385432863188,-14.257881512266913,-1.7475593454790788,-4.112489113023612,-2.633235179338739,-2.8186270385904204,-1.1492856483715224,10.34499362320445,-9.216776196028132,9.648696350823446,-7.385425783544657,3.31423205594719,10.216061477109974,6.333271509330307,-3.4022792823965124,2.0765517596713976,-0.47106314210509104,1.347406025703891,3.7675125754300893,3.037089276805212,2.073275364676687,-1.9970082081803229,-2.7694439250840848,1.0295178982636815,-4.9678942360816,-4.82286494197908,0.019945982207177897,0.7321627534361523,10.228671208590253,2.703599659125238,-8.241007300245705,-1.716087265448661,1.833113356887457,11.408882285644236,8.531065803739699,5.302490888184148,-5.791270254951032,-7.120140817382356,4.995440936910028,-2.613548885258982,-0.8860690747620099,-1.968289991160481,-10.172810247872102,-0.9014042106261938,-5.58513518000842,-3.3330756306947995,3.940732150320961,14.971916460370858,4.760081782228392,-5.359593858752225,-13.030960651377725,-4.611197450900897,-1.6387594079811454,-4.043681155474366,6.776377495217503,3.1219586347739154
-16.675233120174703,-7.56323246157711,-7.046400057786861,-0.42158860062064657,3.695848085534127,-3.0429278887818505,3.157574052332402,-1.791392442917071,-0.30294250917405174,0.49767387015547176,-0.8122761522121353,-1.9914968414115346,-0.8754981914145864,0.45607311306698667,-1.7177307402557194,-1.2364369604334298,1.367391825571079,2.381644903088599,-1.6678093388286206,-0.09508848219310237,-1.0501560366526042,-3.7670749456699677,1.0258965001170155,-2.5835886706297786,0.2492078117591439,-1.730912215450836,-0.9571462771818499,4.1697604850357886,-0.1627611907525965,0.9154893666344169,0.17841143810601404,1.8191878409031004,0.9037234924415599,-4.968886287837868,0.058204391118609256,-0.23425069842955384,-0.24072515429895014,-1.005175958610285,0.5268097089354303,-1.8120935576997754,2.5487026183996844,-0.823976500463412,0.9672068497124385,0.37228359718030757,0.7614586193883366,-2.8202572243482757,-4.532683588252732,1.464387496243424,0.19710689269337925,2.273713833944784,-2.1866721878884596,-2.4090074209611236,3.611646257396678,-2.002212773227651,-0.15617695077903793,-3.2638799590246306,1.3737233868672278,1.3414793935213585,-2.4443256266540137,-1.6077251966524284,-1.8187717912929209,1.6927881866074606,-0.3363009544406767,2.1300704716088132
-17.82021398768493,-9.952457813389765,-6.814853679478495,-0.41192639082789595,4.648392355602424,3.8886921043542473,-1.1148844449442268,-1.7227438032268436,-0.786930226340818,1.4718859339745947,-3.2246489102666924,1.0998681982777598,3.804795947606702,3.6152819596608072,-0.5097531066179476,-2.5565953667287875,3.318222367291861,-2.8600173826801716,-2.0978434770131575,0.4341201366734401,1.4073715359497498,6.745099017669005,-3.2308243360484465,5.181366524171599,0.8899204566292432,-0.26189373529664267,-4.602702541033695,-5.0867744044109005,-4.726051190469489,-2.7075267532405465,0.571187334382794,-4.934469558613258,2.177307438094846,-4.15131282117885,-1.9751559845445412,-5.254177133888035,1.451967094153374,-2.628158877525629,0.04082435177279685,2.8853610929087496,-5.0053585247830705,-3.450115457486165,4.652240166759841,1.8918941776398523,-5.913551982205663,0.18401160007742295,-0.33412105001213427,-3.431067476055664,-0.8676475932055838,-2.1672554215115025,-0.9185873113442511,-1.5591362093407046,-4.103674820451578,1.8541142867358917,-2.07100864547369,-4.993780184569809,1.2240565331995217,3.9965406752898027,4.9686408181944675,0.9645136279270146,-0.7690675699861088,-0.7277896040353106,-0.5344024491887576,11.061999239932103
42.821394387938234,10.751216944256154,-16.398971238716186,4.165013707506612,25.17745740763325,1.4766050388211693,3.3505438542484214,8.831332222869557,1.8481152006162151,4.849961839054664,-0.9835594177617684,-5.858224026924106,3.953287957080225,3.6858921188984484,6.770905334077521,9.290932117644656,1.0096395922300117,11.595802769182633,3.9451983351063125,4.042073640960555,-0.8174035235931864,-0.5842494125312967,-5.739033700421166,-4.078941683582999,1.7194913550271698,0.5957733839179976,4.024373211983357,-1.883825353418702,6.785355155871731,0.43642283468672954,-5.534179960219495,-0.5135423756206339,0.8171064776291711,4.614072575033647,1.005944654331035,-2.527285353877352,0.7913266463599934,0.3975712899191094,2.1054592737882123,3.016059895073854,1.5512648409890413,1.4484177067110662,3.8916481366655935,-8.744374662392639,3.994992672538258,5.550825462942279,-0.6737317750027118,8.066167827887673,-2.213553617665924,-1.8729214050757492,0.6641935027109926,-0.14566239564734432,-1.402965211754225,8.34739348328325,-0.541222689533468,0.15368619564803507,1.7979440397614639,-6.281444416036887,4.459570339049241,3.5751452364412266,-8.855543977751976,-2.819406682643211,1.0372237282956676,0.8114653557864051
11.762925666299973,-8.20359529664501,11.75126468356057,-5.8287547910248705,1.4892822716049865,-1.612351928008146,1.029608905352354,-1.8869560868904092,0.3338107398559649,-0.054578233922725726,-7.694692115563612,-3.5739597790100404,0.4374340413041788,-6.485393534442504,3.56349706787041,5.235011949407947,-11.293257415283541,-22.689481094199518,-3.2980561763723415,7.639266628254545,-8.197634729087861,13.709925515958988,-8.762924340685517,-3.045243656680409,-7.096222209772699,-9.72483547475904,-1.6477264540156458,2.3812239134434714,7.081419505350414,0.8153538051712621,-10.016913279527214,10.51809064413907,-8.846594383689197,-5.978285658178225,2.9683810018769714,-3.421242039723055,-10.356013008240641,0.2677000862470213,4.129033231000731,-3.6874329907733117,-3.319488252870786,-0.907929319472954,-1.0655994920105814,-7.280548744449451,4.550956589750626,-2.2356462434885054,-18.5052588163684,0.8493837276035114,18.447180464704715,0.6075786659534093,4.782646500315428,-6.635844714049492,-6.877700486068176,-11.99851028817676,1.6396420145753385,11.582008064752564,1.0138857730764073,-3.684081570316474,-1.0266291015925009,-9.080637636708389,-4.665019378701965,-7.541507153097512,3.7798259166217116,-3.7542316738416828
19.12779337124768,-2.2338923959765817,15.602001327050537,7.632551124481938,-7.425597711412447,-3.7695464374174974,-8.769945673070598,-11.431655620855961,-6.693930727055156,0.7486044028713228,2.0659635135112087,-7.205027128391242,20.305200087592535,-3.0495349660228803,3.2083200459620422,1.7198540660643604,-5.672728674171682,11.212790332335302,-1.711047912570552,1.2465884886898917,-2.9382624018293053,2.470578435624599,1.34480741565601,-1.2397374076106684,-5.826369468129661,-2.112893921213097,14.2669757242528,6.8749442458889565,-8.342976229506755,9.359622196155449,-0.878738008260162,-1.441209613312415,-8.410498903949623,1.8034463449646136,-5.148335337528068,2.464536949264716,10.058280683114177,-5.535948315057688,6.725994001150708,-8.529670984112782,-4.761920135332199,-1.8381756568061494,7.0277861010609035,7.465062566412451,-3.038266198824024,5.143664713232657,1.4581263116529877,-8.741149008729145,14.841625971858123,-3.9725193188014956,-6.716022202689923,9.524815050446463,1.060698254027397,3.126487868618778,5.195418186853336,1.128906624149059,6.127054431938836,-1.5871316552005938,-6.818438712343072,-2.273105496023988,10.351604927349289,0.26639661897517597,-4.79342660725607,12.070382316887976
-18.209527284369884,-11.895685967217977,-6.537581068075914,-2.5860906594618074,4.241296101604606,-0.4277907273129805,-9.045168624523127,10.943382727563133,5.434018110706757,-4.473376279473311,-1.4335001176985294,12.249240149494558,7.400706310373108,-9.452976674289262,-1.5806711166229959,3.106504043854567,-1.6819186460391817,-1.9231331579226898,-0.22432752314756857,4.091817170936787,6.518507238503534,3.68528247134181,-4.168164329797493,-3.587278117394373,8.368756097750023,2.4268931042644306,-0.8425142615917034,-0.23415270389909032,-12.239616416990724,-0.014120731736474263,0.08758957216520062,10.715013007479753,-0.4398099013468777,3.142736028862015,3.8127184877104376,-7.548599548885052,4.204882025368318,-4.879684253889157,-4.042000037491233,6.68799753403104,-7.214268996770545,-9.830513127395863,3.1080863263768435,2.2662542873631355,-2.284960092212641,-2.1190757380164915,7.814916377625773,-2.700093849859569,-1.438637984954807,-6.477052786417187,-12.118091924668173,0.5844823098582609,-2.4448371902080615,-1.1756532887884228,-1.7095522851977811,-1.2028219177855093,4.970437630020113,3.0644863039149426,-1.9199207335473822,-3.54224022825496,-19.22502706256814,-1.2425389264156352,0.8320519726589286,-1.224081932738942
-17.97046925660855,-12.4651552495509,-8.990347352467344,-0.8617413976800404,9.432797003552889,0.8746825577866844,2.0362094302603295,-1.0439535844248877,-4.895639154583942,1.2780405034574733,-0.8340496191193948,-1.865009971299516,3.3052609443172534,-3.410800258163546,-0.4810113416930297,-1.7298030080301872,-3.8538359086506664,-2.0890918745789007,-4.154260365625419,9.345887352130422,-0.3872532543987086,5.7522040203945695,4.2807540486033115,23.699363797022638,-4.125254462726619,-4.903578984630756,-0.42153080034111723,6.616528465973466,-17.002209548552905,24.259081789087382,6.798145432658095,0.920132373454589,18.97195081674769,4.392192774597331,1.6644256556983226,-6.309859659345038,0.3197774868982633,-4.442119716114955,-0.3507876589465956,6.235430667209634,4.551336527741499,17.611831022773682,-3.8762690336275916,5.388442083800889,10.37135350493291,-1.8843431756879805,10.051845923795241,2.1072738277686094,-0.9788882207253744,-0.9079555264859868,3.280168196828113,-6.269006250001268,2.886585473907213,0.9126436125445984,-1.5406506261778499,-0.9287603657437622,-14.632308738694821,-0.9961043889122672,0.1647892593800905,7.214616363346353,0.845394321859872,-12.945529352173134,0.1809343360390825,-6.492449380352957
9.214841118926826,15.601776532284989,13.28909044434237,-15.495333093491427,-6.791816747309718,0.10953748898296382,3.8027735055026253,0.40296124697015295,-6.983812345225295,1.1266707343270184,-2.6501218882549593,-0.7990573652642934,0.48233941766872585,-4.240253198649071,-4.633299879831906,-12.445302629286878,16.510421869449818,-9.22384358768889,1.046151504297661,-2.895429289340435,0.20846581434496164,13.144003511876818,-3.1024893762280508,7.905330958596626,3.527009502533893,1.3261670524162854,5.584715759154488,-1.6450210588215597,-7.001186920154337,-0.21658896443841355,0.043841296097564535,-2.495062681774324,-0.789452627199504,-2.872357428451273,5.215537623342301,3.6166435114856283,5.359157599867245,-4.488656091584833,-6.235140603206116,-0.6403785146545263,-3.470625479977807,-6.860697218773213,8.26639176959244,0.6051716284251324,4.521263757428835,0.820745180811625,3.96111093459261,-6.988868705985186,-2.797752908054834,-7.579736163832559,-13.468852035184856,-0.6455900051828395,-12.031086905745024,-2.895819907594476,2.9374521368587985,-6.898022617255908,-12.585655756106096,-4.801707326298909,1.6494205517385034,1.6571542936113022,-11.351610502135768,4.454555987747059,-2.9272408810880735,9.481305992580266
-4.466910569145364,15.622627623199397,19.517905826165673,14.736754282732285,-9.725191512911525,-3.578505901240822,3.1722916472579445,-1.3702616859995231,-3.532867973481315,-5.512429060095428,6.212500995685136,6.644883119887472,-12.256782465220555,2.116937451133502,2.291978353130341,-0.6872608205215018,-3.6031619834305193,0.7629064400822474,-9.706879208782947,7.256146613365809,1.5506893946879736,0.5149076587965221,-1.1897284212162578,2.467493452932995,0.18497120120432306,0.10486275086947242,-5.173049016946585,-6.029356914788872,1.1067080479068245,-2.6438197648234825,4.222891490326105,1.350419204206972,-2.4589141991622414,5.875697829998974,-2.1064784801146477,1.03597633653187,0.6344465453824719,-2.416266749750872,7.6567562673987,-0.8179681309136518,1.1431315996029223,2.2192605420819476,4.190903489217334,-1.1221760867884447,-1.440325631276229,-0.3469002602486146,1.604960043784919,-6.610828644412989,2.253042954759655,0.7654427299993644,1.9467769541819917,-3.414959108217987,-2.4594561522988463,7.352443923545682,0.3481941517487401,-0.5648838305424884,2.0772240071510164,-7.324271343965603,4.646387550873753,-5.602411095295409,-0.9956525462532975,-5.72886565916367,-0.33234507664582236,-2.8190880369613156
-19.07708093953277,-12.012985873006471,-7.88220190402042,-1.8917435964111946,4.762073183747656,-3.743165336543833,-3.1001668733571464,-4.047673943607262,2.0097160846329785,14.021915025026757,-16.506600602845932,15.157670655712241,-4.771302016086893,-10.617999492956864,3.718061262440444,14.90946506548839,0.3832787670451188,-5.445740395385843,-9.995850536462598,-4.6987538082486076,-22.537754879419925,3.010203201929383,-3.824158973791047,-2.785383457662535,5.7389812636700945,9.146974674904111,-9.395476328173318,2.6906848935307446,-17.075876213179143,-5.57993673397423,-3.833562585974706,6.713351560007939,-11.807312927363393,5.2573032224643175,-1.2994982141867522,-2.9361687923111868,4.693713342542656,1.9335886233573478,-2.5809892861168513,-2.1450408168014463,-3.4184658841679187,-1.0595316572160445,6.395247555273997,-12.609164550398805,14.616281594749971,5.94941413198662,4.789069615334393,1.107551152405709,9.402785991675854,-0.47820467865220984,14.343008652512582,-5.787863827808129,6.529241870706891,-2.6279394263470413,1.3882203816088015,13.842516088942393,8.388456449630953,-3.9793214743550958,-8.623768219841198,4.177806886209076,7.720158214590018,-0.944629801752259,3.8378936811144277,2.27546090632406
37.296334562594396,8.072149877323287,-2.866600711470238,18.66282276021198,20.210411656351006,5.257614253985729,6.703384396924636,17.381868875097133,-6.6537755298715995,13.914826912846294,-4.818393456632375,-3.1036161110788867,10.24641584982951,1.391880848369312,2.178756035313949,3.5615785065064434,-0.4484774203418529,5.184159991514791,5.323351127442746,6.046710915322334,-2.8694111747514772,-3.583287275022654,3.05464508787386,-6.327367851882005,5.927883272216838,-1.1466484551525307,-2.551184611274886,-1.1448607291166104,4.498628390075981,-2.066440800775163,-5.296972495445529,-6.228113702494039,2.0479517029133723,2.426879067384872,1.1736002463287785,-6.518693131069462,-4.143818668437799,11.577015600356361,-1.4154870652427087,3.4840299180756076,3.6835071039833087,2.6539328776950293,1.3313191144194034,0.114423147813342,-0.3285816776144469,-0.6127535135079888,3.951175481846857,0.15654916278656822,-2.4706530201658854,-0.4137079946361101,-0.6026937384903472,2.851281909061726,2.2099867753657954,-4.383847572467529,0.6377718800089168,1.0086512806094705,-2.80946048622201,4.234309517527991,-1.8019603543567286,-5.227877359919918,-1.6453485952040068,-1.4013569844643923,2.4453425236471373,4.47205658195328
-22.12608012783509,-4.910194473649492,-13.762321303537028,3.7112600037735364,1.3779017717507442,-3.2437882912435616,2.4497895746850884,-3.9756242091561163,-1.235107567225495,0.6441929379040845,-6.347415397528931,-10.505759980583766,2.159600873440513,0.9731691508118913,-8.546980415541322,1.7317729578782357,0.7276668729655573,3.038398468824878,-2.6107162246006337,3.023722779278403,1.017576287977188,-1.3286832161209785,-5.854277496442772,1.635164313891485,2.434192094036248,-2.130921320763679,-3.707051223898087,3.769210429330779,-4.187894262818641,-0.6606349266040676,-5.070252989100338,0.6081784225371938,3.8837003781757033,-10.623483540664788,7.194413126772315,0.04682457332275869,-5.115543330795025,-4.623469882817988,4.5368873061602915e-05,-2.7933322019260856,0.6373805983435554,-3.146528297702416,-0.6161117747201924,4.673720644349248,3.5416659404226065,4.720507505150333,-6.308437463731798,-0.8188624419061737,-4.4989214100653365,0.6874322536225305,-12.09840110343357,-4.663551104081396,2.4209531333728145,-3.09499509973638,-2.806915927844705,-6.888433964420833,1.8570743611620162,7.508650853661786,3.921824559587404,-4.6741815932872175,0.9362541172545814,5.500475158748225,1.0774934572010262,15.887872495792909
-15.227283865456501,-4.761860482441591,-9.766071969705722,9.867986074334068,7.5645770713166085,1.030718465465603,-7.687502266244302,-8.077315661420098,-1.422256480916679,-0.6215661630502939,-1.2843834795975844,0.36103315161836697,-0.5142940161405742,-0.3137083085975716,-2.7425117056449575,-7.420910496012166,1.2370678290265085,-3.4694826574519846,11.546873276551679,-5.475450687973001,0.07391334187689771,7.0356696961614915,-4.5932111057964065,4.114339979083012,-0.8795784554894261,-1.1303615713469612,0.6685332388952826,-5.9370307337848915,-0.5272045154552611,-2.685139635936368,-1.8949062764294553,-0.7975253966772662,1.6817854199802462,6.644702136441786,-0.012960234602292264,-2.8353691298163306,6.457536198805172,4.716812274185134,-0.8094555624867518,4.598658634931987,-1.4366110717207525,5.036687147464702,-2.7934058389620087,-3.1008816484909625,0.9494222776605886,-8.65767905642935,1.6643097810878869,-5.620597688588644,-12.1855316808601,-1.3548360559530375,0.07633605267060438,-3.4186112747097286,-5.241791259384709,0.7587834589939582,-5.519886733394884,-0.6754874876364855,5.487421127322454,-4.403027961107104,-8.75055243490827,1.4818233486673897,3.422625191975047,-6.5875240734726646,6.766992129029718,2.26190961663256
5.483220295267994,-9.071030343019986,11.896783214366437,-7.16212169481745,3.1245499164957704,-5.168735853182665,6.296589655144494,-4.468002985507532,-1.812620658430737,-0.1662897477448934,-2.9207104367166403,-5.388412808719436,-3.1876894898208255,-0.8454308243761135,-3.642305129639964,2.0163840123970465,-1.5262721355821776,-9.72421754933086,-4.090597798953815,0.8558270396588237,0.8884888562676799,-0.07841697795567029,-6.709725833434528,-0.6498150573702601,-2.0839423539199564,-4.295675396519204,6.118063813359408,3.558617173132219,3.845815996614056,1.6090082782788435,-6.138064116204719,2.248644310560444,-7.494565011323861,0.45189512837552576,-0.9759560573013243,-8.681407813790516,-7.641759587679992,0.6621337278414303,3.779955384442297,-3.3554586449297705,-2.2175905571366172,3.836166676263754,-0.797049543155112,-13.684750600916319,8.512085484137437,-1.9282087061231274,-14.998546184642922,3.542706802696894,14.529432929092236,3.24256963006641,-3.9639033912435746,-2.855108162296318,1.8179165936856378,-9.69257294043593,3.299972121928956,3.344301998756782,-8.638777201259437,-5.462338886712726,-5.543874036131806,-7.044610765851189,-10.101382930291644,-0.17049430408158078,3.663849354818124,3.869546148532146
-10.336536124225288,-3.6134092096150012,6.148909518261156,-4.060784181186971,-3.677951331883504,-3.2095496204931586,11.15809740689498,-0.07296272240479096,1.826233798127976,-6.468951024838518,4.202233225881045,-4.190950261928999,-1.5539715144712545,-2.107995403635612,1.2724711538282347,3.4224003589292176,9.668950713031366,7.47782100211909,1.7883983343183896,4.180283148329351,3.5116037781469838,-0.577711518879819,-10.944489568085931,-0.5557274828357569,-1.3018856184445255,10.848011823754248,-11.153181194056437,-1.364497873997047,2.2570372357448423,-1.0184117882150874,-4.633672835128087,-6.9033890550067465,-11.638998768084052,-13.033171602871278,5.44843429000196,-17.4247864885402,1.9597081610554359,-2.0865248923595,4.705017470619805,18.87195136010546,-6.844420940422583,1.7564409263186487,-5.341801106856891,15.146459846079603,-10.600955137492885,4.849699574806843,4.278113183620757,3.893023468007392,11.885610089836039,-6.404219051598923,7.7596315186316245,4.374941668873762,-1.4901815246252295,2.0938453075433574,-11.53600235044508,8.510657626893261,-4.951815689794604,-6.143650857178445,7.290702665435899,3.7912989514669615,4.893688164606469,5.667929392202554,0.46148320681738264,-10.816882147784906
-15.807328124788114,-9.431733972085668,-5.165160133961553,1.8629191473769056,-2.9331458144525806,18.65823149886373,-5.358692855977212,-0.25091725038971574,-28.592308941414228,19.72790219056622,21.88609217767477,9.823855455385587,9.745675036077301,1.0210334898897055,0.45928476876655266,-3.2449726907051035,-14.07529412566464,1.5154729019375524,4.559152009524798,21.74722493921437,-2.6543967152373997,-3.3100484247069732,-6.456181725662187,7.255970290950945,24.33732589621984,7.905011976517191,-10.82108458815001,-7.30481568512263,-0.054815804671079625,20.808122552079837,1.6379110215912829,0.5158401827583619,-3.3739799449077057,-6.451384248725608,14.439697867789762,5.130315234647586,-4.100622671540188,1.7747468184225828,3.5696820308046493,1.0576040573316383,10.066592504643188,-0.8718546153021994,-4.196016643592243,-3.7842877715540277,4.62769037622498,-9.33635351465222,1.3136232323181791,7.381037049856868,7.973983316317864,-4.316329740340477,-5.661699133837029,3.46801662477709,3.162360680248628,-3.942462510590248,5.678992575027936,1.8085531768761665,0.4851326035317161,-0.7216228719628037,3.650132244336448,-2.638669790530735,7.327751985686457,-8.03577415273963,-0.4011809048986834,0.37388542297285715
-17.88187493703359,-12.627257088998695,-4.626703350155407,-3.9836310199396934,3.903081204529764,13.285510528490672,7.023891881716996,-0.32710585877499415,-3.622297987614309,4.843004924256274,3.21367337800028,-4.264303176340582,0.3550396653132207,5.16835373086734,-0.42968582014826284,2.0544532279462877,16.13483557274211,0.4519466379530869,-9.34877569284747,-16.089269239067484,5.403322444199395,-3.4484406180597795,-0.10276716816400876,-3.0546353283911496,-14.393011942824181,4.875481936127117,5.966228590021026,-4.800352322382493,1.858404338419178,2.037968096123109,2.9150200783781766,1.403639987613324,-5.536852004879502,1.8759704626944027,0.7234800371802453,-6.866082052800741,8.341018034523373,-3.7922642160026343,2.4027656859661977,6.305320286716337,-1.3048393456453546,1.323006722352398,-5.063639773713781,-1.834641619686871,1.6607153822271148,0.006688859442906826,-0.903736372551985,5.38218985907896,-0.8472588051602138,10.389341548393563,-2.796369585336349,-1.1450747651642492,1.9457881029580635,-0.5070899737295907,13.197353081838383,-3.2503903032227774,-2.9897218488906185,3.7767578887506206,10.176816776628693,-6.9087491538196675,-1.4933796707404854,-11.049016771089375,-1.9479007517814826,-1.9332376251964862
7.031919594444643,16.689203738507413,31.087286620156082,26.652963354156938,5.741938618695378,-1.953783668244388,4.315934283591357,-1.9309187922804125,-1.8441937869821539,-1.7301314200387938,0.16520561959076507,6.272287657971543,-0.5783448286796683,1.0403547643275035,1.0550080727416848,-5.01223293293195,-3.9613590409039183,-6.299445611134294,-14.156735100518466,1.805175362050096,2.4379279420462363,-1.521410460394426,6.910370253076583,5.829241172044573,-0.6731080068505304,-0.15784090912396403,-1.9793803738893125,-7.208242269595792,-6.5564702218958555,-5.514664093107129,7.172117240195485,0.7975373431942802,-2.9082243208458154,-4.899253195190796,-1.2528098574656554,1.244941568116473,-3.8360845027393733,0.9147832397615069,5.156196985372944,1.5284662646244855,-2.9959574055097047,-0.252406954877959,0.7787073965142308,4.292491052655465,0.15001898539489006,-1.3048610538426222,-1.019025145467241,-2.8677952848638775,-2.064211782919529,2.993602055568349,-2.0308688320567994,-0.5167053697029702,5.0658011445633555,-1.1193036186608891,-2.216718098864374,-0.9284283181442137,4.938074662496338,3.2125176348868605,-0.9154256052669122,0.326258353341786,-3.8533422042084515,-3.724080459573614,0.3376054760548279,5.175128728137283
-1.398872680744577,40.56667656070309,-0.6280217100484766,-23.18671736865564,-3.952391038742911,-2.8878934816244897,1.1610797014364622,-5.030159500707415,-0.38757604114255334,-3.816830258318332,5.338579948877012,9.064055577535319,-9.168691712874597,-4.994734780873721,1.2498924916489897,-1.8756698408972288,-0.2690465380860867,-3.6140561855399884,0.20272069347559835,-7.048932093152379,-5.622052480074198,-1.3532523925422626,4.928541446419789,-3.8823927873111703,1.078453107831969,4.539525869927553,-4.7066149890930875,-1.1568123479610453,-5.324194021956435,4.397149073012426,-2.7501344162797596,-2.167482901010712,-1.463249492357507,1.4716707522609591,-2.677009256315006,-1.2970179993584976,2.616809990715453,2.6897294071631297,-2.335728240906887,-0.12564108136335816,-0.06833408482291763,6.229826611498171,4.906576579109527,2.434385204970572,2.7912157913614344,-0.3123208022669186,-1.388079312980034,-2.93272415085984,3.2583783375737756,0.7438342960467311,2.3703150659513215,1.6534495830368334,-3.2996168022252794,3.3450165721287632,-1.2118391771201387,-4.166846128779638,0.849812604615076,-7.193456854616791,4.675172548950201,-4.050711703662035,1.7750922973533234,2.3420043688731256,-0.8651640597760484,-3.10631976588264
-9.00427578875569,-8.871374449943483,4.243920252522228,-5.80643474050465,5.1698927992320876,-9.009248241279996,7.539844971524536,1.0065396971353713,2.593986907314696,-1.0555673233838712,7.355146911028664,0.8751116581913732,-2.2672403889807606,7.788530632069903,-2.909927449324061,14.965268118921863,-8.305572331883653,-9.697165919987482,-2.714355427832948,-4.485563236732876,7.181947632348833,6.092865840172875,11.411005106775958,14.200295733239509,12.247820947574455,16.960966614220453,2.7909018141612476,18.726380102058492,8.115775415434465,-5.74692491306786,-3.690406171041975,-0.8589350506524183,1.9911044407824665,1.2401830974427959,-9.29414940605733,0.7175275632824994,-1.7469681883835666,-1.2428268169449137,8.131340664116074,-1.599619895327739,7.3208960216861385,-1.226051355853727,-8.87119583567462,-8.921172675572633,-7.696137779477706,2.9588071723701206,-10.436085728230744,-7.284794563242475,-5.252171550812416,-19.772732242348685,0.7937427736960735,7.8139550335885435,1.5109180414417729,-8.45018570028199,-8.488837039096907,-0.7363000089818486,-10.074541502235524,-3.286237224864551,4.02728155820051,-0.9745534227102303,5.949642600243875,-2.7305512908544824,9.522556230952972,2.382951343905214
-16.93640197979838,-11.22862652391456,-4.778252074312185,-2.876867555320635,7.354952308090284,-5.767139288473365,3.08995706446268,-0.7585672220286143,2.7797447081646194,0.8177785036009664,0.27755453519600193,0.5636833273519631,-1.7058940892966554,3.471917768927673,0.7260296907462634,-8.392331400641046,-0.2753866056174681,1.3381739694064496,-0.44122731736465165,5.703535553141934,3.1183795003363497,1.8719592462733667,6.929461853069675,-2.8878659352416824,-1.1730782024965767,2.4655870746766797,-6.587184477659834,6.853876443808237,-3.842677150135222,6.1989331179244385,-1.0435041630561108,11.004948200479559,-7.251435739322158,-1.1494419886206588,-4.682515739825849,-9.224867406110258,2.608075858809247,5.084504866045552,-5.095547230943549,-7.315192850324587,-2.130796869306853,14.34212292793414,-0.13901026152017487,-7.149544965052676,-2.9699955783942804,-2.190292876359249,-1.7830228362639606,1.653896321098116,3.6397845386481946,-0.6173446026841902,-5.314495525363681,10.555701598472256,8.253530350456833,6.225573093731923,3.205861359921935,-8.174696151901937,0.35785470239685085,10.248989806642335,3.7265447672314034,4.022269434089972,-16.2600213732194,8.451344683000618,-3.5928398495527425,4.172963262220183
-19.871690764820634,6.425892880738371,5.72659803209077,39.138655706020025,5.411065471638883,5.156103293028326,-18.811501190075113,-12.931023848154352,4.0558309533074794,-1.382128348088484,-0.6252866001683467,2.043046104228292,-9.755545647646596,-11.381631495171005,-13.661522634286982,0.3370088610731481,-1.9993748243789227,-2.7165912154072185,5.553161335824472,2.805362701610568,4.16730834958214,0.994023699279196,-3.489159378618193,9.443110956319638,-8.057273990614856,-0.6347886960774749,-4.842432466559793,-0.927925131484468,0.4805386656393115,-5.190880730047931,-4.326006289607205,0.8746804036167632,8.9570035830788,9.035800713632042,5.566945043514203,7.309415542967482,3.6602755536531038,2.1475632482305977,5.04349544908072,-6.826365996910411,-6.658995775864856,-6.048459238280209,1.4864472965632527,7.00745953886321,4.7628635466910785,8.338080499788903,-4.47550070146467,1.7520045894323883,4.462787000710132,4.1704586389941785,-4.524556302917607,-3.2846164269181917,7.099714866711678,1.17895251272101,-2.5902686329077973,-3.30236249049691,-1.7984678482741068,-2.190952567880502,5.907283234551615,4.108289734195261,3.1208658746180857,-4.440727510491173,-0.9296235685536239,1.3700047309572578
-17.89964456818467,-10.795095723596173,-8.668315494674633,-1.0437047040204128,6.761200383263206,0.9143179958476901,1.864675320005023,-3.2815832140565617,-2.586221194660332,-4.929920068409917,-3.0648389590258627,-4.5012292606088256,2.7634052221897583,-1.4987393664095747,-1.3314897154907055,-5.400424342228867,-5.010877563598851,-7.388924252208492,3.385501196788068,3.7513035704194073,-3.2782208179649777,3.0569690815614194,-1.34203580698664,14.33737489228598,-6.132270318642403,8.042944416832164,-14.62829738972687,-10.716969020082784,3.5081771450055013,-8.985754022148726,-2.891031115716385,-7.382863150946636,12.751924298586411,22.320156651688148,4.8361748428132065,-8.164853645887062,10.517320008427275,6.592810439961221,1.9760380547577523,-14.493447170205936,-5.6922137099822585,-7.374305785473549,-1.9154938291830519,6.97483210036468,-2.8756777492981116,13.243816058650603,-4.630620315356038,8.260193882422561,7.260823122330087,-3.139819905461197,-5.9287294368989105,7.388575206998527,1.7910320553114971,1.9219711253593221,2.702372161693144,5.291265867785733,1.250382390973204,2.6598892993748033,1.7586738028028492,-1.1845283066343681,0.7289459819316005,1.1976603751883141,-1.5285628317759283,-1.2259216350672695
0.8399025883478295,10.43933399346756,23.894241597705747,14.29843859881837,-7.459193126414299,-5.127887069548251,4.224622348285022,-9.23381783303927,-2.769406775737611,-6.691284349649067,5.367558115772709,4.245832431793915,-6.166353208267046,0.20392445069756948,0.31272955294312266,-2.7782237268951238,-2.6493733195467613,1.6470330704617713,-7.339151362827511,0.09647212275819972,-1.4503822805565902,-4.491845948274341,-2.5157483680341057,-0.04500172384271848,1.455206181608866,2.1104537821495337,8.03951305729731,-5.942294071927868,-2.4451690947476687,-2.3941929659407193,3.45072397204749,1.4543633516746846,-3.7023498041386276,-0.3381524957210877,-0.2701839118235118,1.477790565352837,-0.27250838540478406,-2.238138010704316,16.249925607397916,3.550274999554242,-1.606294650742226,2.6489539135302915,12.22029915111148,3.437324316622139,0.3354601505577268,3.6028309813760044,-0.10764836243448495,-5.159682731449066,6.247182919440056,-0.4037535668110894,2.85009844665703,3.2749975999428638,2.3639386934021167,6.5592987357847665,1.817498078650346,-3.8783672993391907,0.027345903117611488,-2.392858173451129,-5.493528092164471,0.4786279229697895,-8.810707285468531,-7.892874785145877,-5.117301195126018,3.5358590238166743
-4.387324365996824,-8.103309635580096,14.053665621829161,-0.9786596780288945,2.3714777370855464,-7.411122870565153,4.132287137031541,-3.6863946090336173,3.7052294671278863,-4.756357779861663,8.154108596544749,-4.175986981175618,-10.26703411443156,-13.727020725016768,-6.818117188367299,8.420518126992246,-3.8616561668395772,20.28668002486104,15.586206204933024,-21.242772254995955,5.262053478316616,16.677365904986218,3.720545194944883,2.29014456658181,1.5927134004083006,-14.089690372225341,-5.764972348276309,-13.597508245009507,0.293755960373622,14.768071303113521,-3.8130138430386507,-3.6483396831437584,-10.34521296734917,6.94350520020646,3.30102099371099,3.4698920714924752,-14.513062597885096,5.064179125446279,-3.706835451698841,0.5436128691418824,-0.6521710356242447,0.5122871057607511,-4.578971750384819,0.03615415036334246,4.630687662524844,1.5535019339598597,-1.9892267017676648,8.013372103693996,-3.167986945435894,-1.2801865961486312,5.19171503502742,1.6116259218460778,-1.3182442809839405,-3.3568690156332703,-7.24016050595013,2.4280903593096674,-1.7470464584761003,0.40298191223466884,0.7032329341518272,3.4725128704336417,2.73874808557013,7.915758687527051,-1.4589395438451769,6.27676300092669
-17.63071298699781,-11.856990055292558,-4.38641049029689,-0.9317587393806941,-1.6947692651556086,-3.974815742816235,-20.32962238319153,9.51245209919975,24.226788215806597,20.388530703915972,6.933921002732625,-19.749835720543643,-2.400188079403443,-4.709048204481542,26.899034659150583,-12.041227093701883,-4.255714865468644,-11.104105898189596,-8.92991109244278,-2.188560327984405,-5.85246179684538,3.1139138832507083,0.4350518137034397,1.328388741955739,5.68461977536493,2.8525954199549077,-2.5925166964434774,-4.321768767736796,0.5915350862050164,-2.5788526786140045,1.091041565262542,2.4668277557735827,-5.366093910038032,-3.6269453525498707,-0.5884147420702631,-5.408950126311692,-0.5051467843581583,3.2191763784148058,-0.8275356556780566,-2.611777124510461,-3.6669427956459026,-1.2057966229484196,-1.4453931061013319,-7.02054469358552,3.8237821951840067,-4.108516845550738,-6.754102647459662,-1.012315076677946,11.076874237448108,-1.47183647631647,1.1951104667066412,-1.4916596274699427,-2.860237578695266,-0.026442547408492844,-3.989366847014423,-1.5381098740531536,-1.3317876505558779,2.218108264832801,2.338833420480241,-1.4325164207470027,-2.056213954054103,-4.081627506478298,-2.966792042191389,-3.640775009424908
21.370115846615782,-2.7244823398425395,6.358367851261604,-6.803954692836873,-0.5644427633563295,-3.94033817483749,0.5089926625367397,-5.564207252300271,-5.671769615330806,0.16724498036481275,-7.533843689573441,-9.114951733105286,5.336208685351628,-2.1507241392829397,-8.289391986825358,-3.44773359200597,2.5036782972479923,2.676653181012156,1.7885120381306685,-0.44691464821578414,-3.710106534364907,-4.995750312756874,2.1245842641846626,-3.7923467037109146,-0.8063168166961734,0.8822329528095675,2.3958993062657292,-0.03129456474331879,-1.833772900522307,0.7002192418557976,0.16715284100602068,2.018204401954168,-1.6729276292984383,-2.18048223515398,3.50689524567338,1.5633322621610741,0.23080317873876052,-1.4150737972064196,-5.2849693121773385,-4.600043903945928,-0.12847232309118714,-3.5625929508640697,-1.2764034861706928,-0.5407581215501079,-7.678452647567507,-5.008087749231023,-1.0020073493513413,-1.3317924992993626,-0.463322835607772,3.324850566438952,1.2999822611422682,-1.2410948679316747,-3.8586788682970297,-0.023570361736024118,-2.2246619060390818,0.7151615077855997,-0.6216748854438249,1.9827279515705214,0.6435651323254996,0.6455927914460703,5.755195761597429,-6.8779312803191734,0.9887815659005083,-2.1941842134676053
-16.048999335172294,-11.266310201432706,-3.1820130746223674,-4.69445654393836,0.9980589603207153,-3.560524446158899,-3.568649044895702,0.875782342239042,8.2617419826887,16.282914285098865,-11.651210016765072,23.407016620024628,0.7004862679206529,-15.671811123257976,3.1542661343307135,5.794633530053372,3.918152722555322,17.876904686959527,-4.246341486484435,10.993321176193783,-4.90077468447274,1.50498334548816,-0.02234368997561236,16.803254997791186,-13.320069642130424,-8.705000233582028,10.622239280190133,14.782265913291408,-4.335410152124122,16.662634153460285,23.845065177674797,-11.851902077431419,8.744816490510258,-0.25847347275506294,-0.11432434679387113,-7.191898551326782,10.650204505353313,3.8482098287115027,4.456700115966655,1.7359947266770344,3.486143698723401,-6.224035547551766,-0.10700725966913732,-1.3627302188204369,-6.488575141697432,2.140380625509486,-4.71445942691678,-1.4344566562245888,2.8554097843495283,-4.219078075606942,-0.9477715292397535,-9.243411546981513,0.2803878277142752,-0.3909246986029838,-6.203421460616923,2.02657681084572,5.030859630911265,3.282064133365864,-4.546111895555274,-4.531303701265752,-3.959639435411562,-1.4096502378545375,1.531955268759122,-3.4503261153297844
-10.912607170976724,24.74798328103919,12.247863480568114,46.16606137790309,19.29892511790077,0.6458324785483868,0.9435152173299299,2.7333084863674357,6.02032679702182,-1.796518635246455,1.7591090847277806,-0.6060667094904156,-1.0859738649577808,1.1769790499011155,3.534883126978709,10.619351848689861,3.577936457285771,6.967525567668289,-7.124666967978033,8.692347917617132,2.1456341471739444,-0.2709447816188493,8.484425297583256,-1.160841439915637,-1.9813875980113294,2.1860568687059136,2.7078994190617016,-0.006345612617426614,-2.5265606765681095,2.0293587871307555,-5.494394097854278,-1.1352289981671924,1.2624783156990442,-9.978633084736241,3.466296092969748,1.81021869354735,-0.4144772259574374,6.9518503711273025,-21.37735126224955,6.035553137982504,-2.068813960897013,-8.820153287959055,-5.416487204749207,-8.535900761366308,0.7023240066176407,7.617425484815202,-11.220094950496748,16.1197881086781,-5.791468587317044,-0.8170901248449349,-0.9462602160185312,4.819018285126622,-2.41446334946241,8.384115939751936,5.192917015874102,5.1719343012019205,1.187925557821115,-13.75411040895984,8.87691294118407,-1.7947273466728333,-3.0742917781615766,-1.4506255270358874,-4.517989649712081,-6.522423997168307
-22.07986861059833,0.3032796664044474,-13.36536881572284,6.304274989610323,-2.6261867247093478,-0.45456675628392545,2.563199940132745,-3.3050146011517443,2.5122872432159618,-0.31193684335442834,-5.431548091012737,-10.822368811005427,0.043544480688721104,-1.5256982199265061,-6.75721324353257,3.279685840336818,-1.0176256367135361,4.7881368682395635,-0.6857911420923394,3.6793390325627606,0.426883726021857,-1.6411840190558176,-3.3617054215192335,-0.5150393459650788,0.2774653241602882,-5.148879456034974,-3.841220524211193,6.341992953167158,-0.7557016553215782,-4.562668693553802,-6.386048686622451,2.253949882179317,2.2510243950537774,-9.703039595795095,2.014338223778592,3.09248969989046,-2.5146876315829907,-4.9663748254113464,1.5426159819728225,-0.9846640274459255,0.394764601884564,-2.1547871846739977,-2.6041259737603863,3.1288501453275037,1.7868243350580215,5.658642916858109,-5.695299153154953,0.854259748400948,-4.24425392984887,-0.7020612960422642,-3.5766662615665994,-2.249805444117103,2.663429194966827,-5.187086929043829,0.3132508489698549,-1.7793966919747415,1.850455901794596,5.7514108707422045,5.942192640827797,-0.33641081869595446,1.0385956560307468,2.0336355229110508,-2.341141273044499,5.936069779497833
-19.531313244529315,-12.127881309563938,-11.35147398899766,-0.6500508645591937,9.01870798144343,-0.5399272031850311,1.6742560655591292,-1.6991177551672245,-6.016384601159487,-0.22238555478532823,0.6203237545419984,-1.9037834082829441,3.238387942326402,3.293823680486751,-3.5519654225368043,-7.670588462726643,-1.836394005324786,0.8204093654929349,-4.551613443089533,0.6391760754350347,-2.66642140015029,-2.709928577625525,2.3572058553822623,2.427037125917638,-0.31192566847399694,2.93451621137063,7.3121836322655325,-8.883537581541352,-2.2380250890856797,2.7813716715232264,3.442708263538966,-0.3231997286181893,0.24435601325954476,1.204231155530118,-1.1306696701526928,4.094126334151719,-3.496283836551276,0.9914167836051483,-1.255181550719279,-3.8284827216348263,-0.8709629333648484,1.8872687090782603,0.5214620202013823,2.372167466318243,-5.958499957238195,6.008605989213226,1.561637943643877,1.123372591891454,-0.034935364188076745,8.956470255114517,0.48665597528631566,0.7112579708459076,-1.8955748206582514,5.21886557138995,-7.040132659805352,-1.3945399174137725,-3.24779405546554,2.389715953450008,-1.5595884040193098,-9.82044553678131,0.8992283298319315,7.703385787172471,-1.1251080531290325,-0.72061465148798
-2.418992588095264,-10.806391872876258,11.704809137907786,-10.589035861970558,-1.5761033523953696,-6.050036990667175,-4.609561649901816,23.856969269262574,2.5919273499946494,-24.89637411810326,9.778247888112304,4.955733046569578,13.183682232532846,-19.594778843340706,-0.6014365120947543,2.2784878153575487,-3.7863342348851607,5.090272875787154,-5.461275219846405,2.6922605987978905,2.5725592473322494,-1.3133942442745365,-9.150966949740159,0.8484819665585182,-0.9471072933359834,1.9247819888104125,12.943542527436065,0.26900849016164674,4.396417238798421,1.410107037807422,-5.311055677792424,1.8148033279325424,-4.912985535355622,3.0265347543213394,-8.78695534777224,2.0095013580911067,-4.298755032617587,-1.4350569849173753,-13.872154062250091,5.850765769447686,-10.746086722218694,11.329884409292426,7.306961548792515,8.083103996155208,7.481031753047493,1.5781937103575565,8.003511397298412,0.18651572358648713,-3.0718759890519105,1.2217955882118765,-14.914676223336205,-3.37033368292293,4.590225068718022,-3.2781080302921137,1.4663281744555061,6.25074502434233,4.668955547556831,1.102673566536201,-6.558247608500967,1.5456426510741144,4.295019169238063,-4.749689244347961,1.0670955827479343,-7.779099201413839
34.2707409544732,-8.698949772914093,-6.642790580908002,3.3303390107793667,-5.360764520403021,-3.321295950782166,2.1757588667452157,-2.08624797599259,-0.03271662066442177,-0.9777747043014874,-5.014763872915187,-3.8332984709954827,0.3464341141195354,-2.218723596496786,-4.381448387259056,1.5505549461729475,2.345458836131456,2.0299661340640154,0.4786873359964455,3.9153047299619046,-0.3199934918077345,-3.800909146033653,5.026457710899803,-6.31052196707178,-0.02617224693339125,4.160042469702233,-2.554752236781117,-3.9041406608566915,2.606709675387116,-0.9716887489163195,-2.462593711195783,-2.480551137605145,-0.5354290461867391,2.9381458336951782,0.8136721373097354,-1.9568655359106126,0.4776072369747891,-0.010995479411512767,0.5239542977047578,2.1127633512671817,1.4820108594735473,2.9235116781309047,3.3075395582934783,-3.0399703972146517,-2.1896903165249464,-3.0603573949609424,-1.3977943414939462,-2.7231070082332214,-2.672361984124197,0.6317975073442915,-0.7279973500821749,-5.155742581452967,-0.9286397522324565,4.9747720616819615,0.12420549705309682,-1.5327387399627979,-7.070173666278577,4.241021278788923,-1.685039608788504,0.9711399030557257,-0.35550872271564155,2.0409127068959263,5.291125210900049,2.1320139983629014
1.8044109961004648,-7.1950854776088375,12.760791646691425,-8.374389488305702,-0.24864633397502794,-6.241814793108231,7.248917759742444,-4.518359356238021,-1.2600726130944249,0.807859821439259,0.15846459333691693,1.1276110331153621,-3.409550788863782,-2.72370933608512,-1.5179904067424028,-3.5658765231061667,-0.8877959228220191,4.547729105706781,1.2947974370968154,-0.9024122881730265,2.200631885714572,-6.2743694807097725,-4.132206753578752,4.2388415027606605,3.8121240635903657,-2.6917689851214024,-3.3963585552652837,-2.0395543432984162,2.9308555479912823,-5.578748557680174,-3.4859551151416195,0.6807676486208277,-2.571670750864055,-1.5175462858938318,0.31418185950619,-1.249228927133653,-4.651539684183713,-0.3102731158896971,-1.2836051847557373,-0.3240513186752332,2.5278358955908278,9.397619976348473,-2.779621612337671,-7.148466437504941,10.558649318943258,1.6999657221901103,0.13989429459977634,-0.6741538756162164,-4.530286650932413,-2.730071216022892,4.695541967456947,5.342534444927766,3.849500258080854,5.260387021720469,1.6417723409087466,4.491828254061427,3.1620917072550676,-0.8235956160064439,-4.258243646550395,3.1035080893889893,-2.460736119239758,7.209369477999888,7.2746978550000465,9.935700981354534
44.036547952930675,-6.459350780290546,-18.778749084957493,11.119379967848657,-4.563535036099208,-3.0093861346368183,6.704465401840556,5.366760624842303,4.273943641803449,5.6271692921601195,0.11998553426252678,5.568908440163683,-1.4249010547894878,-6.223385277058111,2.555471079969845,-4.20414465562921,-0.4768488441125525,2.6442026237329173,3.7023081957066597,-3.9646753715375973,3.2099927282946203,-2.4443950127564653,0.9083654730266367,3.565686799803516,-2.475145729823297,1.9267770055510824,3.3740517678559283,3.305045773948755,2.9694364110334917,3.228747405228516,-4.235631463533246,-1.404185927662363,1.854464604564278,0.7848130353074485,0.12598841727087504,0.5996717024319662,-3.265475285379926,-1.148244768638266,2.5019607222432225,1.9298456730440794,0.7281867226005863,1.1393499329922367,3.001291601243965,0.3213439741487108,-2.829421170259967,4.9872175277147,1.6886328574008567,-3.1440051232010364,2.7470306800997126,2.92791449473663,-1.345676251131405,5.003121223209835,-0.612379987029056,0.12932274333667124,6.872089936351647,2.663063861920037,3.517307510437493,-1.8349575649475598,-2.6979825252493854,0.8611120687115233,-1.8932068248731264,1.0299750544565858,0.07712947021566363,6.520541132071682
-15.280607760936936,0.3617631753041814,6.0101504096209775,35.512350019642156,12.672231884366193,4.22520702655178,-17.041189188142347,-15.113688267538347,-0.051730866861482906,-5.545884325840058,5.997311432620874,4.957557551844208,-12.349422806913703,-3.977079557995995,-6.666092467553036,-6.17417635410588,0.8566723142197851,-6.659168630819302,7.59347550301531,-6.900129140629117,-2.2146858706151327,8.519825995818497,-6.926140572901507,7.970526651107691,-2.2696582542700767,-1.137080810337287,-0.4031955722224957,-2.536370600902354,-0.2963333005363211,-1.0452622884697345,0.3241693172335571,-0.7177254647428577,-1.2017060288262635,6.348861560071736,-1.2942279604278708,0.23249710683077218,8.318579341485874,-1.510629552576288,-0.20712257902931025,0.8371169852228476,-1.46690055575204,5.345360781170689,-0.8820379071699447,-5.7553220624276555,-2.239047151790574,-8.994874842668418,2.0684877473265866,-2.6947947991462327,-4.012078793108536,-3.4334124011608917,1.1399520967963785,-1.0036264737749387,-5.8481240267975805,4.307544561311434,-1.741075683515915,-4.594322618758799,6.705917527337117,-8.130789630985891,-3.2887937239657394,-0.008351603306333822,-0.32445546263329933,0.22758577141680675,2.5289039091527505,-4.219293968948492
-7.960677537119259,-7.257766028203409,3.806912658819382,-1.4485267749444393,3.488002588126088,-6.957737749894513,4.508758734575283,-7.03955197533414,-1.1595479543257792,-2.215487003160061,3.9305427312543513,0.5924882325817791,-8.036093968597354,-0.2765839470223936,-0.71719030492976,-4.20385085286904,4.648832728961079,4.816531567723162,7.498434017323162,-5.382402123478223,-1.8874157768501674,-3.9623794720975116,-3.13312819726934,-6.155425052230046,2.0146132059604507,2.06895742099812,5.885899418367135,-1.4468458988785182,2.784157350652903,2.497425205121276,-1.6541176867607772,1.2237562627870593,2.92360546725128,1.3624667150079925,2.39438951571619,-1.0556945799836293,-2.205725814392187,6.27582382295771,-3.601285377689193,0.24386930249668373,0.6935369637281599,2.88949722938744,0.07076831370930793,0.15336504489642525,-1.0739836552929942,-4.977678567606,-2.634643257657142,4.4932426442738755,-2.0953987559114795,0.39648917833273095,-1.7226233837337048,-0.5562108286907438,-2.7749444738165305,-1.7266888629739325,-9.250428678771726,2.576233715717577,1.1842887261922865,-3.403107610403655,-2.9516140177384815,-1.5169726782755588,9.638084304869981,-3.0269356188800773,3.0238142879701266,0.3191165514027782
17.152959199344448,-8.653534295396183,10.275971111943022,-7.804867406728173,-2.5822520345459243,-1.2751751966362743,-5.511734357691233,11.803885395523794,-1.8651969156555315,-11.377533544932216,-0.8033796544137991,-3.411477666990535,11.240455358781931,-13.058597317111715,-8.947831206129871,2.2830665329843884,0.7039823685436023,1.47394565607598,-4.1356895751813285,0.8785560433486577,2.2563940908024507,-1.4748239676428165,-8.319267013919978,-1.3782603011972037,4.816571270955669,0.11450668671875097,4.230971254997045,1.2889194852071124,-2.6633017270590726,-1.6946520303809114,0.15361736686318392,3.6473139048092507,0.6646627383304686,-1.2401765449442121,2.6476855703417215,-0.09473152230743105,6.604327210887008,-7.048199785057028,-8.246360736544828,3.4371047856733714,-4.441524625460531,-10.745269110488154,3.169768962365678,3.495659921524366,1.9348385492693871,-5.270042459135118,5.56230019551625,-5.093871421524321,-1.3714525157752093,-3.553687962502973,-6.99699729585854,3.883290097101317,-3.1227153003582337,-5.119776393771898,-0.2349642370711928,4.446457000784418,-3.1990252384211466,-2.7153432320388147,-1.3957300233270469,-2.097111841911935,-7.9381816466760915,-0.8451017445994524,6.1594976555195,-1.8488486882254194
-16.416948763600548,-10.278995264190925,-5.50913927820118,-2.7630309697232254,7.481657895090704,-8.212330234851207,8.195520939115337,-3.2251967480718395,-1.1517449225870595,-0.5424691715439781,0.488472261333206,-4.423613704232503,-2.40416570882033,0.5013431292264995,0.43561148570894326,-1.3076997890390287,-1.008601308566018,-3.0322645441082194,-2.3724428959256914,2.6977259971976384,-0.5193039046234461,-1.6541272844534525,5.7295314834826945,-3.6446006165666662,1.1105944369225857,0.10675616053871859,7.125346642735772,2.3627688349522655,4.451876848669816,-1.2622589625136866,-1.7188765550699252,3.659572244772341,-3.4854301942197705,-0.7774832068714032,-1.4845648180128022,-7.508871047483021,-7.447054606832572,2.3185646546369814,2.7965574116716287,-11.434541045381998,-1.2733563223526254,1.406952406145104,1.6615099946708067,-4.88255229692422,3.5496328861983377,-10.42231923911667,-6.13209382762901,2.112045893001879,9.523573248044869,-3.711234081950255,0.896383481800488,-7.2697775825577295,-0.9129204285693607,-11.275681251291923,2.7540015159705735,1.5294068912648977,-4.39383643981489,-10.759287510381222,2.046248410990367,-8.574469404126477,-8.03342198056329,0.7461565215881077,5.965293070330012,-0.973611015135508
-5.25050334803162,-11.658167009394278,9.881715937767668,-9.186841374846063,-0.5480577745276745,-4.045042841712338,-4.9707918414208025,27.77039960454378,1.6419301292093371,-26.23654860136955,11.71145166016366,11.733703013656367,16.007472925236694,-25.67320142620108,0.06599177370225263,-1.0906432174537741,3.6580577572613784,5.90530466236883,-4.4621857877101165,5.57147832349389,-0.22276754858035716,-3.283325647460094,-8.31855622148055,3.75897521797288,-1.7529834930701078,-5.583501758060292,12.062265518018036,14.924861868731476,-11.717338940974118,14.645590632357646,10.700484425923031,0.9083983303729816,14.987932113554319,4.422604682241687,-2.279407894958372,-3.208415843380185,3.3068574202086083,8.541497887942976,4.378720701233751,9.278525005584395,-0.9177071077169262,-0.32167459574100404,-2.305294517998246,7.68394677283318,8.51620390931718,-1.8741022545874058,-0.5649721405618043,4.712392895958368,-5.262037541826416,2.1694533130764504,5.413873179328177,-7.23897035713569,-2.7366505883834216,0.7137788380984714,-7.790934806043868,9.07943665688035,-4.985981203755862,-2.26129806462181,-1.834078211268375,-2.995384757829113,-4.920055160894722,-1.3248549386488775,6.152416205484862,-6.186048806340866
41.6565906301561,-8.18124378817043,-16.304115477909978,9.526927637040595,-9.303235062494615,-1.7243196895613613,5.17403714680265,1.0763623015502959,0.6096488101728357,0.9137673485144805,1.0473090615290641,4.219810753481446,-3.7779555223889263,-2.8730798028859366,-4.1230791967252935,-3.6778423303042675,0.35182043651931705,-4.071460879027937,1.0226331234297081,-3.691112939954827,1.2489655921138436,-1.6275721727107604,3.1297510662847245,-2.460041331320169,0.9539121131430869,-0.04660549993785499,-6.162626997634852,-1.8416817880811251,0.8954569753864102,0.17459087951461763,-4.364136538649817,-5.108181015723896,2.4607901370273373,-4.806010291725193,-3.7197978996416414,3.742866071143023,0.9739494372668565,0.35847927129910173,2.3834146109122583,-5.5475370412040865,-3.768670125019091,8.5166699573636,-5.162280755042458,2.69906427462104,7.38738349739807,-7.18190026350375,-1.7491741155223903,-0.5237456007733368,-0.5444232789741897,0.512903305477311,4.108460538090585,13.684279160167836,-6.816337055995276,-0.016512633934226546,-4.274188840778812,-4.078785894703209,1.005626376935364,11.459468068400446,-3.2220636273987484,-5.027447728893857,-5.787576773174016,-2.946544707852154,-3.7148196631646533,-4.133615436708654
-11.921357157418955,-10.741676376082463,2.847392987382758,-4.229462108913345,6.459215039888736,-9.800102307450189,5.12942527976583,-1.4985823630023969,3.189043107082779,2.5378063988023163,0.29125495386117295,3.3722390997019334,-5.776019578002904,-2.9941033950554417,3.846598008060022,-1.1230383312714234,-6.703596673970892,-11.898035992228927,2.7641149845046136,10.824813756043142,10.13569334516288,8.467321391348824,-2.8545520914708775,-18.095142147740177,-4.503247526606043,1.1799386184262222,0.9934431562657968,3.2291942633594686,-1.9028256588730506,7.372465435656983,-5.394413507057256,24.11548268479041,-8.716571552891756,-2.926034646330437,5.021536048020912,-11.5457852961941,-2.8251007829150816,11.831911320713758,1.4359962404160866,-0.09335805726798983,-1.408563314418737,2.3045040358995097,-3.4353773621753363,-7.460693200676896,0.7460449086357631,2.170324187073158,-1.487965825814229,1.8827710553366053,11.61890892668619,-2.631349375583912,-5.520272908870337,6.978828512054744,-2.9560264621325136,0.07932315372087415,-2.1357743253160897,3.4854503269828934,-1.036284470649502,5.587463298552365,-2.5594336838131557,4.17984385834709,-8.757774012139846,4.493415885329376,-4.836421291012711,-4.995055612675968
-7.3119277584620175,25.057886568378954,5.79091625287885,-11.68313924489483,-13.239570866189357,-8.803383943860801,13.07809761342802,-0.3163122359326665,-2.2324073034880603,-4.048275068843409,3.1369168552052673,1.0258299994007836,-3.877584458383563,-1.0882288472435027,-0.38444524363324334,-8.654016795573444,-0.042746406710950945,0.07216288755021495,1.4935541604972997,-3.7092860223147777,-1.9535786509621527,-5.428445371509802,1.7060356760528583,-3.4526649496708797,0.2679562703026834,3.449804749429805,3.9297706173274585,-6.100411722965574,-2.144612663805174,1.021633810913626,1.230133465160074,0.24827850364747223,-0.6524357597939756,5.607044269325275,0.44657945064108895,-2.570308557005861,1.0704949801477786,1.7427611202638469,-2.3698023200571767,2.812025475573173,-0.8312215219492869,2.236409259245532,-2.2121044736539908,-2.8359497376790155,-5.669626206663899,-1.157410010000654,0.6565531763600638,-2.107892809653092,-1.1667815069625769,2.393633915834997,4.022238520585018,-3.8171531742925833,-2.494755205932767,0.8253361393377844,-1.1827122910999075,-3.4781071030298074,-0.5816119632664041,1.9311705951315192,-4.658778331095517,-1.7740326027182722,1.2951470570075558,1.9006684135340621,-1.4664218715907213,-4.354832946652803
12.410284214210744,40.432134890983626,6.464936213927495,-15.494795875615035,21.313146499134067,-0.13943989072833635,3.883150969777596,8.99014527103751,-3.067908941553718,7.135358258303827,-4.501697030428456,0.2598416985888528,4.612873759570615,-1.1001728207645438,0.7715502273352914,-7.033243056681888,-1.0401268978768632,-3.818407074945937,9.306983446145342,-9.213016977237698,-1.1870893741289221,-1.8365331387833266,-0.010796701019711237,0.0847801541575371,1.489231219836621,2.346238836424489,2.2255782292493738,2.242687197919485,3.059651011720859,2.7058895672697116,-7.034183163717036,-3.8166400045448476,3.0606557269425485,-1.8442224403772993,1.4037794908274015,-0.3718317936634214,-1.3509776383401837,2.7967956616302723,-3.7980087276971104,4.050880307659354,0.7876474021106641,0.9985079056036934,3.4415940096957187,1.0335557268861797,1.857684447805897,3.2987035571587486,0.6246827114665667,-0.40312029742081446,1.8716121512502295,1.3573491443227494,1.6314041955595209,-0.4774713521198115,2.2709333582364444,3.1473238401687724,0.5509942730338637,-1.4145570689882538,3.595155861496425,-3.039938240599625,-1.8949335889935717,-2.271774260216554,-5.602439514418799,2.469953355528773,-0.31054823476488025,4.674525976755685
0.5630967212911784,-2.2215806717419837,12.422193899667581,-3.0819716311592096,-3.6003550245085276,13.99807554215707,9.50039193383701,-6.58651721830783,5.494459156628196,-7.169785341720316,-1.8062824314050065,-0.1503652265554058,-3.243258320373847,-0.37525385187012783,2.0592221945339304,-4.80271266177223,-2.711191844427003,-0.9303802145445234,7.389388444124558,-1.770792076151841,-4.744899598770656,-3.729631679204579,-1.683027424285371,-3.65791660364969,2.0652765352550055,0.8070167788160284,-0.3334211415493846,2.2623631457964333,4.115069418340576,-3.564486778315213,2.243485769003667,-1.3113616780176989,1.7750891195225287,0.920657726982682,2.876300952815584,-2.232942225273023,-3.8148988268592228,6.217807086168207,8.293829367987623,-8.125890268610556,1.4906062578321213,-3.7179086155231067,6.704143909858785,1.387090429490529,7.07963050423323,2.1023294034531683,0.26922387662354835,-6.432076061442227,-9.706842660988537,12.180903569357982,-17.469261598697447,-3.3399878122745217,13.682114024398546,10.273963993954682,-18.148095694875785,10.502771585372608,2.136528111574081,-5.6645560249495555,1.8384239846736072,13.231318267823829,-2.123424478500702,3.7543472879624673,2.3971901334169816,-4.027928045220258
-16.07918657983583,6.1979873762702535,13.468222943446069,46.862670827584154,16.83763655840674,11.380228397488295,-17.244907021491297,-11.141514920564783,-10.529916644950854,3.8504156418064954,11.205276349462437,8.883943022556144,-6.015271363226123,-7.475712957795543,-6.316887314865965,-8.51158295952183,-6.4003663814575145,-5.0758019233654155,4.555582470936952,-2.2985924789535126,-0.926945015633975,3.3179735095408946,1.937066695520861,3.0449700243493125,2.4227270107309464,-4.314683715190582,4.571467317179239,-2.50358190528815,-7.018906710945516,-2.02161169628716,-2.350040794973959,-5.671732297969757,-1.3079479983758335,2.360157393206063,2.0692828971160915,-4.878403764850499,4.481036658711775,11.367760709726317,-3.518189364167825,3.1697300777456054,-1.4802051550684634,1.1091858563149923,-4.311764295002132,-3.2758974127113407,-0.17281933797548715,-2.3359390136487277,5.486858508266731,-4.2252343768167195,-1.8092455501864186,-5.256108257455138,2.502006877556639,1.0386021215434882,-1.9384746030542568,-6.280614122344875,0.43257251974283306,-2.549685599547576,-0.6973201671861952,1.8429165783947021,-2.813027441273813,0.037262840425560516,4.561238208867027,-2.12275836409259,4.456371501488097,0.7668265044146679
-17.762745080564937,-10.577530436863652,-9.164041160204496,0.061141985959834076,7.501121590807996,-5.794081784058789,2.416241182720761,-1.2944931370935397,-4.577530098110759,1.6582519333957493,-0.6515834469772296,-2.303661545156728,-1.2663726664385737,2.768815937326661,0.3315174706414216,7.188942589505934,-4.088302751429194,-14.462672050765697,-2.7541855023415813,4.427715071539124,-1.937398595579802,3.4809689380358866,11.12228268574026,10.800314529253177,-1.9237243407153837,10.003992259598567,11.108244935746397,3.9085303362904256,15.573061682143212,-2.686828019106849,2.21376322028168,-5.228778155452016,-1.0052708796709624,10.469137286667927,-16.934210628392442,-8.068937049936734,-8.454553855707939,-11.69065210801144,-7.479478109173526,1.3722421997931986,-4.283524743661065,-3.5553043029684797,-5.315251571289666,18.800065120102495,13.902799295966405,-8.51789247135453,15.447928578749666,9.480070958357183,-8.746351021455128,-8.904796690975505,5.781220058486396,-2.308215772212663,6.472110296628317,-5.692648508375614,7.398110688518109,-11.776547376381352,4.12382741367166,-2.893885145381843,4.208661787675023,3.4931119433943576,2.1902620084750835,-14.039499632465072,-13.0781597776806,1.0848742159991298
-14.859781292641872,-12.164003483212277,-2.2148087028491084,-4.153649428915261,2.7020064401744026,-4.0199347365335205,-1.7268414710955313,5.420405582323478,-6.849863675335617,2.0106203112198027,-1.2417685929289666,0.5357276719826304,-9.078224989952751,14.765781617242167,8.028696647672641,19.389524116499988,-3.2750983480869498,-10.711138812726164,6.5317311252541925,-2.5248187597276286,0.5193651155289978,1.047289042820797,15.106822212909046,11.68297730787703,3.5912467597817206,16.18613744564768,7.967603617975195,14.55158778778333,3.9816028144861946,1.1743903404339868,1.6127147043690286,-5.334062889568485,-3.057518467520265,7.2780897927115875,-7.549482871820447,7.742032916558682,-7.767890457367367,-1.706573400896642,3.8959739514899625,10.212678909152642,-5.184164800836875,-14.472430282864908,-11.043489160387727,-3.802152012652639,-5.5562824811016025,2.3225570184417696,-6.653400586314623,-11.778474280190123,-1.8049508108011123,-3.719215325537102,1.8325666301275338,13.969865595143933,14.173005480490488,7.977923185785877,-7.83475442376383,8.064375921077156,-9.971314784353451,6.977014741774405,-3.2058663722699725,-11.26346810428185,-4.580843648077096,5.234723593608578,7.337367169817679,4.0252501187513445
-19.666645703459334,-8.319773380934425,-13.85041520445737,2.3196187815166147,7.147030793508602,-3.1891938888182048,0.3201638685670813,-4.585797808909489,-2.1267958618481195,-0.5017172804249442,-5.143252973298449,-5.589304284607607,1.6987718717871272,-0.20445633906185676,-8.807443521452566,-4.778405615492779,-2.6258735159051714,-0.6165542993788793,-1.1948591882048152,-1.9966365391574257,-0.0496690043882555,-3.416389445548905,-0.9575300359750226,1.058806107553919,1.294903385784892,-2.0285612934046626,7.049969150010925,-4.27739672497944,-7.450379617663514,-2.3443913620511645,0.6407328546291677,0.9871374962188744,5.85940615054365,1.5768185405787134,1.1850298835479791,-0.16593870422585572,-7.852752667758695,-1.3884200347624527,2.507733211350446,2.053147756567474,-4.816739530611578,0.24925088565090878,1.2703860402215925,2.5056488698972994,-0.9742630452238659,6.002139056858347,0.15284490520546545,-0.09566422581712337,2.6126414301552208,0.3769030708563663,4.140969832531261,-2.68878121852686,1.3818545671015334,0.2436284243843341,-6.474110606233857,5.83592635244219,0.8115924437504966,4.1207656541472675,3.4194025303584903,-1.9080394093942377,5.792464739054515,-3.68126799905269,-0.303618618768307,-0.1445649672329746
-19.484162962174526,43.36123525131988,-19.626691321972192,-10.887483266176796,-8.372531472792868,-4.080150562960454,-5.8955776905323205,-2.2446923887579144,3.7971093432838208,-2.3309198125208734,1.5220767366292678,-6.943327751828038,-0.3034634929713307,-4.428334602460169,-18.94574215425892,12.52204511417799,-7.416478178609875,-13.145547362585965,0.3642187928123147,-8.70544079348769,12.264538723610722,1.5776523032625,8.11266348960286,11.761490761140408,3.9665082560259814,12.998962257112941,8.647938756206194,9.453630927556501,-0.5466845057645551,-3.850111169560561,-4.383532255397698,-4.206969215418248,4.743564972138644,-9.999928560235173,0.6226186562304816,3.1885933101875703,11.763290128724648,4.8781862832966,6.27469150182949,-0.206338576898367,11.297362501122397,6.732870174257394,7.085618036543836,-0.12694921532482512,-5.648319922436964,4.053667862367655,-3.6646508727376,-2.06983913271697,-3.1274138605999995,-4.389886474021038,-0.34355172761755204,1.0165529807174623,-2.699863379589464,1.3637346379355035,0.08227113798245285,3.3664844751685536,5.129069853864974,1.6075487147860963,1.9791121857426008,-6.5028985291979815,0.3024398652413597,5.091850434606188,-0.3772710361875388,-0.15922991744198323
-19.787751553718856,2.431888193268539,-6.829686388999497,15.527753455106227,-15.04633167285962,-0.09377494582771559,-30.075518719068988,-0.8579238050591158,27.946319115172916,21.02469317989601,2.500144136072944,-23.413233636694535,-5.987537038512117,-13.382627721291504,15.187049594535644,-10.970874700820493,2.7781058219828743,4.24701007087415,-2.7714870130801597,-5.170765896749044,0.28325560436414404,-7.499096228694004,-3.0821973786762213,2.0975196333905193,3.8850675860831885,5.571936325857844,-5.0039681042590995,9.507246355990812,6.254457561716915,5.70699358744085,-12.026685528596362,0.8867328105580249,9.630606025188083,2.3963585942975345,-0.6091272100695385,-0.976728302542857,-13.788821596779599,-5.715923912048224,4.100768596764823,5.392076895255764,9.292625858001523,-6.434743377700288,-5.773386585859236,1.1211054757040433,-6.539155207612947,5.209913874312906,2.878253538093688,4.231569555407669,-8.522331143348069,4.902699388232115,0.32683355649897844,1.5070563922460951,-2.9129371987323727,-11.349993222031756,7.803621426422809,-0.27328040514599733,-0.11172209625466094,3.6223884688851293,2.6471161996125,2.1191767903293632,-1.7052163599769423,3.8244705156923358,2.3353880465774557,-4.148684795843679
38.144721199969666,-9.215804323697077,-12.335920431337629,7.924616353547034,-5.940872247194822,-4.556576870240253,3.8854199442810775,0.026852069101176473,2.4547328493998792,1.1227106027036056,0.8489467123720789,-3.8391923620835287,-2.463599179422845,-4.15485533985676,-1.757113152782911,-3.2922148026916784,0.38064637858973177,-1.6888318822936048,0.519934235760438,0.23579355628201595,-0.2750742582610374,-1.0930508363390556,2.880360647575713,-3.9759443072872234,-1.0224425932298715,4.916693885388256,0.9268118508556626,-3.8909551989127826,1.3637545996120026,1.2314779955986521,-2.0889770370548684,-3.1203014537821274,1.7348712858358102,1.7663498737420267,0.9635940632921483,-0.8251718536139196,0.6194069604855013,1.5975678146226842,2.360132115774983,2.57435378412535,-0.44621702483325715,3.8150434664357147,1.4603674051141058,-2.3389956674948555,1.5578159657410235,-0.6298301658624433,1.8768850338622998,-2.567560460082466,-3.0890662758398393,0.7198696975791969,0.11817485516703444,2.5443736149880856,-3.010036793438328,-0.17214584976789263,-1.7251347185419268,-4.050040040066024,0.593693314204933,0.7259231109050398,-1.1258041861921333,0.673996202018501,-1.6732071014500198,0.6212560232102744,3.117063035135619,1.545622201667515
-18.796323977680572,-9.133258016545096,-8.562307599972415,1.6915886262634348,2.8940413402223517,3.125291233388079,-5.329819919428904,-3.7067082084959044,-1.0885714372683597,0.4423767837114762,-3.7037692513933074,-2.265652611640475,5.033788441550043,1.2515762910202375,1.3476461379941074,0.7468809024524258,2.797462546207015,-0.12340440786319137,5.188206225246539,-3.4592319289128297,0.7425856204825481,4.5783561790733405,-4.444447391527728,0.3398581536502322,1.92315412532076,-0.7879411550403922,-7.271328535221401,-2.7883440811442215,-2.833010741128219,-2.9478152047218997,4.895502778262268,0.027133742844104383,2.070948690467854,-4.579753907937618,-0.9303242244304495,2.2704151086915028,-1.6010209114982759,-0.6624907559841248,2.8592865525625357,5.692048429664716,-7.003264473053846,-1.4986026759605837,7.6299240155825885,7.8523210874239275,-2.947879267897309,-3.628788054970174,-7.997038451057399,-4.496107988491374,-3.229222686625116,-4.208628542875693,2.4621147447037806,0.7472031571856985,3.664544538225461,2.4062511711771823,6.166684605256383,-7.106606501373418,1.8514338081390886,-1.1977308246486884,-2.4625004786094906,3.9544659136515103,0.160432592390078,-2.131659804571332,-5.998101609576631,0.6355251119732744
-16.373740234182343,-9.73265290284687,-5.1458741912240455,-2.981477899211875,5.370121508353134,-8.826415256952327,4.915724611867377,-1.691171313079155,-2.5637314562686266,0.886891810603534,0.37178149763618246,-2.69632183668703,-3.8188452153425154,2.4992463554128252,3.7535937715575107,9.100588122283337,-6.31584714580441,-13.85014531107806,2.221459835268075,4.710824949110433,-0.44391017328092747,4.983758859805005,9.28870198961157,-1.413349200229074,0.5562036914093097,10.727575289887014,11.912072450313888,12.953441039780154,10.495175643357916,1.338116427868914,5.690542042445306,-10.680870680154836,-4.23136988817452,8.862743801796693,-4.668504114242551,2.3179357341304763,-4.725329300159713,-8.696325351642537,-1.9737274214090146,5.005341117647713,-7.056552654159994,-8.428908226553055,-3.3691934822057568,4.774483966377423,4.164359257421471,-2.304347908716801,-3.269181777475062,-0.002984276260666246,-2.3304691825001735,0.024144635159550884,9.234093631624226,-1.8996184894022312,8.46252959768758,1.9792643247419444,2.3457485376304015,10.40111485596175,-3.658212434286808,9.258261073225635,-1.1936550597057989,-3.4946433403090977,0.3365577747501367,-1.4112336922430377,-7.330500330353263,8.840055380847268
16.99218527696033,10.802989913017914,10.483557831100407,-15.349438781901735,-2.70209830993367,34.86700366709542,4.090040262093439,-4.087835243594574,7.067037393912631,-5.043471029647226,-10.928042587659112,-3.768765663450151,2.1844633648530682,-5.421901941911365,-6.725506307728258,-9.77969873078073,-12.502677291343835,-7.7807681892064355,6.549475711363688,-4.048094666778288,-9.456766288045715,-3.161027181590156,7.97672359402243,-1.6034937542405523,-0.8995557371320557,1.2978648407953548,0.00023197746885558588,7.523238786680384,-1.833526481365366,0.14225608322141262,0.4112356852178518,-0.6937345716733603,-0.24578130375055013,-0.3652938293782481,1.6955458313700495,1.2823581932793024,3.1124003904896993,-0.9095713953968,-2.952607480208191,-8.90531349987807,0.9288938104575758,-9.927804685457476,-5.920922069923501,2.1460508117514467,-3.594219574802734,-1.644467815561821,0.11338752373644845,-2.492797800622485,1.9102029440699813,-4.425785100293403,-2.9972328946284863,2.3431040603467466,-3.0887550311838408,4.83667763528005,-0.6545867622050636,-0.9335006881611861,-1.5724043656168039,-3.0985094124707966,-8.882946154540145,6.446402171424657,2.730379149770931,0.662268531423916,-3.1954699439655183,-4.5304053536317594
-21.67762687096202,34.958481395409365,-10.65814418975026,3.8943973882250305,-23.241234814900608,-3.705622498009184,-7.217667053930922,-7.4287853713576375,13.89945254670326,0.6876860796374114,-0.04588280340422111,5.393636779632424,17.894278670146992,17.480361306598944,-7.813857667409055,-8.066118347066322,0.07409754189104263,-2.438468128616768,3.5715757548575073,0.5196965843765434,-10.280063913085645,-0.7065138455077254,4.286768710789638,1.1750582638568496,-9.886904410904558,-2.3689202039019537,3.7800744343295696,-4.269089381950314,-4.391154638807102,6.176862286387884,-12.887626069984846,1.2564714304831002,-5.206684622862698,-1.0562889200770198,4.729109632280488,6.411775351597892,0.02149261284686936,-9.505764468951012,9.876860017120602,-5.201282236183927,0.9398650271655057,2.2481172576048793,2.3605819177620124,8.192225688864271,3.783021944081779,2.494550289224182,5.03102005567018,3.1530990097238405,-6.567954823112086,-7.580856183567542,5.969878881513407,-3.402963605026965,7.053458996009471,-8.51331103328618,2.1122894014803415,8.6813014223039,-9.859970610929281,-1.0602316034957877,-6.278328868193141,-0.6913063125921028,-5.660258329924046,0.6071537943121172,3.2660411207894335,-0.11528070009030002
-12.408692322188035,-10.18419954828352,1.6469926572156321,-4.13287898157399,-1.8893416963840337,27.31674509856306,7.804296561202089,-0.7406133398668254,-2.105484168164506,3.594508243498851,5.100269829474942,4.273078075818731,0.5962766216384541,3.6955490481778233,3.5965766863021806,-2.514923829453748,0.46116944912806074,-1.310068719575778,0.22843254078635852,17.010324183327214,2.029035170197715,2.6753615738546004,-2.1980833743680437,4.792217079418738,20.19341473461016,15.697355848010494,-6.349486528101465,-5.560427269296581,7.913401615182119,22.689267535544065,8.495409635948397,8.386172787747482,0.2742104993432172,-6.260803399804863,14.943174980730303,17.205584775034836,-5.158205878469784,-9.492779758069856,3.5531124613635447,-3.2637350787606225,8.214304471613733,-0.10990548666617067,-2.04913031457997,-1.8796422208877628,8.68379872767516,-5.01598340675221,-2.810423852360523,2.7171408296850714,1.6100286869595422,2.208672649220019,-5.716662796794926,6.165809692106627,-1.346905224289277,9.57240879169261,0.07415029556103489,-0.4725410789839904,4.786721676370225,-8.338327707376186,-8.42252901646909,11.136400347010701,10.888585187185955,-4.521166550775047,4.55992951776491,-3.373701265611933
10.481200175884336,3.7523572689529625,12.071458445874697,7.515940576306655,-5.830305933187881,-5.152630027842902,-2.557752565125915,-25.507614912070284,2.9314847507556827,-12.145051279006626,-5.8193592731639185,5.452952133776222,36.874225528410626,19.63619237907509,27.65806159337895,3.4929190482622166,-8.573458936064183,4.250633196112005,-1.0784063052252355,-6.028305070619139,-2.2691410521102813,2.820869837410846,-0.5868579381913552,5.573526058639991,4.543285098304939,-2.538598128541514,12.034016021761746,-4.518319392973957,-4.367426065968792,1.1736965727252369,-11.947010502209553,2.6602853113460587,-1.0001186612196056,-4.614316603558504,-1.1976169070061544,-0.7106423423444157,4.464549999657726,4.364802821459119,-0.5928224618979298,4.225177618935279,-0.8117629969508349,-3.3164433496292878,-1.423674471029455,-2.679170270715318,5.7379466931927805,-2.272873381498153,-6.27490299467094,10.509187342670794,-6.225435906408269,-2.603648280808268,-0.7658024471300912,2.250650729639444,-0.7410517097030845,-1.3325921810871824,2.810127793184249,-1.3627585376589515,0.017385526302788293,-2.237513573608313,0.3410740531394738,-0.471989520854627,2.0114581265246985,3.1188758520544915,-2.354316965331184,-1.1100800535440694
1.0913286970397746,9.707859863640666,30.82452461696092,35.9216881408444,16.302859878248942,4.784150048869464,-4.817293888385601,-1.6985343581119177,-9.067988380480687,6.639464693043051,14.779025114598449,9.346725990581685,-8.903498589060407,-6.709060375772588,-4.353186016718747,-2.5760345222063497,-3.732211509337134,-1.2798885642368816,-0.6069951100550576,2.7050017138404647,-0.5624236502335448,-1.7682222087071124,2.6004309491935285,-0.8254663653504046,3.1853389265911467,-1.75114742495866,-1.1006666457504464,3.5663877684480605,-2.373390327595737,-3.7301469038166726,-2.2711981699787773,-4.3369812985028355,-0.841801044642387,-4.486297087654488,-0.8823119852526704,-3.3755440433537163,-3.6436626842638953,9.74703737769567,-4.158430568499856,3.1118103103834143,0.5270339615661647,0.4514317646613219,1.2356146143502411,1.692601181247526,2.1222952895109017,2.79067228752764,1.2503720379088694,1.0034793991055524,1.9357177207019023,0.7258620642360253,-2.400108993489359,2.729131650467726,3.046476163573382,-2.106221142452956,2.417026280821747,0.16157746250618915,-4.717104537027719,1.3138479881392002,0.5999076015390378,-2.885056612381284,3.9823675498727504,3.901248520074218,-4.216031240210581,-2.328590785645043
-20.327573715391967,23.692961262722193,1.515108004104746,16.141005583990445,-17.180634481864992,21.236921908135912,10.1957193165571,-0.7448036154627279,9.0968419664272,-5.458588446386826,-2.748979648001025,-5.101202603814413,-8.191438010040553,-1.071619173940941,-3.9265889820912645,1.9783288445241092,-2.847798901342434,-0.5736748403743838,-8.543883757597525,4.5647757774337325,-1.975185031166115,-5.4799685913830665,2.2905778791212876,-3.4073409808760706,-4.0878388199809,-0.9514722604382316,-3.6913668304800806,4.281293329490581,2.371841415965902,-0.3504904770903541,7.854470480227512,0.7490411616138712,-6.277759791791479,1.2373470135818923,1.7512589321483387,-4.318680725677543,0.32347470792049826,-5.489239918954168,10.945311798432108,-9.323645243926375,-0.6292327300274472,-7.353689278471413,9.380054837758035,-4.645585736345961,4.571599721572437,-4.853613308762967,1.2675443891892666,-5.915449444743195,-6.280783557134066,6.9712817316911995,-10.276093765435155,2.7532427664654953,2.78469829631202,10.861885206784642,-5.241372307280216,2.58925842991055,-3.1168863078739735,-9.810269574661918,4.377475765314097,7.983459394975025,-1.6211100752649212,0.1892404147826261,0.7797059461665625,-8.118341659050488
-18.2904023237174,-10.218726243434892,-8.808535456677342,0.1032859380140068,6.926736125814829,-3.476133034585215,1.659955586030827,-3.817852449546307,-2.6412612001106424,0.660476619418183,-3.8821506183753,-2.9809056482237795,0.33173381050472256,0.2993305616441329,-3.6410340091439486,-7.953024349906221,0.3619732358630486,1.7757516140380265,0.09738464324567221,-1.5498250609539417,-0.889048296718904,-1.9802425734265576,0.05622645305676987,-2.0728868371810263,1.7982387861147855,-0.09211248950232995,5.408792353511251,-6.871625612478433,-2.807937210404256,-2.886424272530299,0.42786268916073183,0.5469609867225024,2.158774217239202,2.159943077356969,-1.696220105912367,-0.5782181869137937,-1.5066025997349206,-1.3005291707171143,-0.2590048753031244,2.69467432241853,1.8803841155831413,-1.9832805039720567,3.098533653943637,2.077827602978539,-3.5794667241611267,-1.5683476664458722,1.3448659969921668,-2.6517149771899686,1.4952598763305696,-0.9277563478075739,1.8391424813173074,1.0079519425036643,-3.029830353357999,1.6940602863148695,-1.956703411970294,5.889171920177112,2.3141922245405486,-1.3142023448979767,4.023238045761059,0.6830922303662368,1.1049170847023313,-0.4828869837590165,-1.3627241588945194,-3.964189160079609
-17.557089863924723,-3.578388688433014,1.6835358101870908,21.501616969596824,1.3434346832945014,1.422400217201471,-11.371045744459243,-10.927604802474256,1.1153904492358875,-4.746155923333123,5.914963063806146,-5.417156711730342,-13.97614107899313,-7.851521541402575,-11.805778756756368,1.4417660481434698,7.729076333631193,6.5635619328466435,9.675426139178855,-6.59726918325761,-1.8909046911905445,-1.9486340714807446,-10.579040210831236,-4.293271089032006,0.16576832629389177,0.747787681522903,5.823005007923813,6.584702919140094,3.9288165652483604,5.664727443250996,-11.186315203720056,-0.19370634172802623,-0.4579690319380785,-3.557232041723474,2.8822401606601673,4.881611257054938,3.8266406980630263,-3.2270201754815115,-5.369983808739691,-0.6883971396219489,-3.300631140336199,-3.925613911467269,3.7183671461767926,0.6270178022844942,-2.881097984675608,-5.385781082270836,-2.129033139957256,3.251566381464164,3.943057200406807,-0.7987125886207633,-3.2524790124468614,-3.3582668879332185,0.2888073828087213,2.627016081481519,-3.5540505073042485,-4.372915482643911,1.1652009662055705,-2.2191618999264757,-0.3491873892054479,3.964160541520199,-6.391577484148325,-4.37679375934187,0.2445274237307343,3.250889330807563
-1.2048041221510921,34.42938081123396,3.430112485416743,-21.624869170134666,-6.270824183246641,-6.162919433490066,5.886945025778086,-4.544981054468219,-3.0907952298123202,-2.277033734961061,3.146005652468284,4.495011468813409,-7.119447675370313,-6.071906814593085,-3.089044277678418,-7.229652920435709,-0.7233514873253714,-4.861150258752588,3.3748970973305363,-8.857614341276225,-3.5670339414983996,-4.195590286843987,4.952131789738396,-2.4709539252401744,0.42413927983165745,5.078103424012093,3.881899866622346,-2.8166430681927634,-2.2908262957947025,4.1583610337905075,-1.7972645237720943,-4.253341850503797,-0.4679325759009745,0.6556451499019043,-1.2784496472979752,2.3178816057376355,1.2475799064323718,3.765574242482999,-2.176300976378674,0.3786589335672616,-4.667147328204174,5.8611683182524725,0.2625443774009232,4.164520164685184,4.546086686309441,-2.803768159530569,-0.0229002710598034,-3.958391137054251,1.8910764322254932,2.131940773973064,4.142636736188684,3.6477198571300375,-4.364598482484848,1.701927800856276,-3.1253990682500277,-2.543128318817162,2.9544046141688702,0.8094875296165615,1.0416380767160098,-3.7020308387738687,0.087519618408158,0.271417679438098,-2.2213927041043053,-4.774378791618541
-12.46385362550653,-10.565948830915703,1.444296800475303,-2.2693919688568664,-0.5373980991224957,2.4653224562753744,-5.354845737389956,11.93322068061417,-9.708362725534988,-4.946417517200333,-2.279727053770794,-1.8329382345885128,-8.745649089803878,13.232708699100547,17.280077406275662,18.75612253603035,7.641665794150676,-6.297768733550834,13.632360511119032,-0.9077221465735827,-2.9285448678293715,-8.714052809234756,9.297503774251552,16.161634660554412,-18.863038336531776,3.3213161264541795,-5.8658069343203145,-4.382896400013511,-8.075589047559571,-0.5291578390473962,-3.470979831833189,10.985753797409496,17.282398855259622,-3.6279152268685357,3.9252420644305266,14.031351493069831,-13.825858672282052,2.35286439515577,-0.368122969041352,7.1501224056443,-4.516289650236774,-1.6331979728027493,6.600285603556114,-8.688483593504737,-9.945194942194094,-14.358429751392748,13.203466421950335,-2.0954096409656464,11.02688626033927,-3.3795686636849145,-4.23528049535932,12.15530894249017,8.714234889874763,-10.070173137287295,-6.1794395197740615,12.210925141504639,-4.240528107928319,2.363217207165812,-3.5834801031519694,-2.882878548576183,-0.7468075623477248,5.363283118403556,-12.19871485087289,3.574575179955796
-5.588242986163635,-9.466657988775415,7.234920496288104,-6.887162976308789,4.557306925299373,-7.256017502760354,10.314215915442054,-2.3296194231084755,-0.6335358860776016,-3.1497100793784076,4.378475406830077,-0.55295475175046,-4.261961387068689,3.3557169878403155,3.95201044647939,-4.41767993365664,2.2692678600169613,5.171369230360968,-1.5132326999587618,-0.1020837317307378,1.6650914399753542,-8.33728746716667,-1.141558495038354,-2.8367103321075113,1.8143927687983497,2.002217577858465,1.2911785238470916,-0.17289410077262982,3.1188247980154196,-1.2800807222365678,-4.068993322008852,3.7337760392421973,3.6292623967299495,-1.2361735098976292,1.113141048550619,-1.5446063793290945,-3.934641492053854,0.4812165617391058,0.7071090236697479,-4.06718281569696,-2.734702862081259,3.063990090314073,2.614649006186576,2.791416098489201,-0.3033015579122331,10.863139552718955,-2.349742298287246,-1.8328263570131493,-3.7756571345200443,3.3517824338305355,1.5178944775543584,-1.391240715499303,-4.288123593981221,-1.6596107505519118,-0.6770748242381571,-0.05855583765149368,-3.3223948179243026,3.125004716538435,0.8051051463154424,0.819382402328067,3.97077398885792,5.065203043796004,-1.7822694232024623,-5.225856799658277
-16.47934156648008,-12.01485995313186,-3.8711453297505516,-2.6690689550590645,2.3592401157137135,3.1079521823111853,-15.563465400983441,31.70078934029121,-0.5806027530840728,-32.442899593719595,10.398122286577978,16.51183539143803,19.19246369418105,-19.237301676399493,-3.8193912600342275,-7.823874909790061,4.72415223869027,0.515804201272886,-7.9787477915063025,-2.2797690383205906,-3.7273939988509484,-3.8357810239781083,-3.4587966751912242,-14.007446780605807,7.165085590397425,1.5977863350846795,4.696927143416308,6.247787340616171,4.631774898361742,1.5797885685650546,4.516683154093368,5.519422242201631,2.850174554902313,3.756181375131935,1.7746604040879697,2.518610145487328,-3.7716236634363622,2.0172815920284206,1.4192467952226213,-0.3739217319895428,0.1929719516739394,-7.562517821963831,-3.626255052119481,-1.4003446022409314,1.584559759644835,-8.792487549650009,0.6205987548685772,0.5856457193633244,-6.114499822661455,1.3568217034415946,-0.444288658026355,3.114244222955337,11.367789888690975,0.23490134212279534,-2.3331313227178905,7.060076889104426,3.0522364273854885,1.8711811284363662,3.609704835626441,-3.8625605213607304,-7.937404413641402,-3.465235595735024,0.3945535542779907,5.588121597826215
-1.5854756808781043,-8.70323904620183,10.562614717027312,-8.524034272643096,2.3400992089425605,-10.439220963090351,7.266442504993828,1.1427469351950126,3.1767430203045572,-0.20063665485844162,-0.8808273424038119,-0.5276346516746019,-4.921992297876161,-0.5523910451186183,11.485196959730809,4.302526956550642,-8.60083740501143,-19.07350734821062,-2.834524401805874,7.825238717117286,-1.5754565537944383,8.239477143659125,-11.264790258324345,-14.781674954892697,-8.997275392344502,-13.69496788128039,3.8287238569962776,-2.9135761127294963,10.755478315672715,4.054413428543392,-0.5444905267181785,-1.7168990089863372,7.168577615805087,-8.831772276480738,9.602266119921563,4.1454761948710335,1.7096781804953345,5.830045363807526,0.08679602340564939,0.34467604635069127,3.6671190474417688,1.8387818979843231,0.9272067430204243,3.127296025430176,-1.801043559116826,5.82005330860858,1.054417620284507,-3.2516487403637258,-6.683821652823396,0.6339726268697911,1.707662524179389,4.633403514797539,2.4718274326978307,0.30671723162099207,-1.133882603095104,-5.845444748053132,-4.062996479042628,-0.17047046814778546,2.6602988663518183,-0.2445350784720998,2.9583724053836247,3.1731886441665207,1.2245858814394397,-1.0114851747457072
34.07722315540913,21.123770075044867,-10.766926866764594,-18.50837143768739,23.16525942749246,4.383697019578244,-18.354689204377145,-13.661156786868581,0.8757705380034128,-7.150358929166701,5.431416652255334,-4.940164855268474,-2.9710862608499817,3.045331351192932,2.749699866000861,8.057916117254628,1.140356882143048,5.4233124643141055,-5.640596135238965,6.348635099397857,-1.0094102401848888,2.796999049510471,-0.22477974892967495,0.025740069134413186,-1.383299534346067,-0.9487656306900721,2.4595704094811315,1.068987061563671,-3.2811656505611073,-1.6676085761205313,1.0534495117706877,1.7747694845174697,-0.5806414104643374,-3.5186955868622527,1.0438176880414076,2.7874713933641466,0.8833954212429457,1.3672489776918573,-8.717906605393264,1.655504869602807,-1.4690473119902576,-6.121525684690756,-2.368377345588324,-5.429329688319049,0.4189328456332786,2.4009392482873744,-6.207022607892547,11.59988791350668,-4.0922647021501435,0.378232887197274,-0.9362215989638132,2.244117860742357,0.27064324794144384,4.976565839604639,2.0718287537844295,3.711474896086638,2.1118435616484814,-8.19398673814748,6.76507153846712,2.9037387931703655,-1.9233823633970364,-3.9930587611415214,-1.2132169790740464,-7.3036768803743914
-12.041219082935324,-7.277104823562944,0.18570292276132158,-1.3126600005035614,0.3299873265509158,12.723256131519587,4.230192522153923,0.6841977909127933,1.6646069084044184,1.2264655456722053,-4.383260233248131,2.5698666175956966,-1.3588659564446106,4.838812702016359,5.965698964682854,-2.879181248142363,29.989470950263147,-2.1912146852256567,-2.288369314720424,5.471094373868247,1.209906602664685,18.345474037357878,2.341966798847594,1.573820361179058,10.977805573981943,-0.2312097794831147,-0.5497056832720486,-0.50526106072899,3.368668225552331,0.4403066393910787,0.8617063484086761,0.95763725336581,0.8337941677175156,-2.6602873330970245,3.4910607709970454,1.768430312678537,-2.5854262095125216,5.686404065912726,1.8530371165189512,-4.613482528462977,-0.44318187642431484,-4.622616672804994,4.793633971807719,0.9814989250597881,4.9749814721856795,-0.3043138059577257,0.6638887581975195,-2.893356956552013,-3.8478723078111363,5.59807333181551,-11.210671111865183,3.1744663932433252,11.217434154483575,0.029583004788763707,-4.409193340323773,2.9167437398792266,-0.27633124896735517,3.0094378303735088,5.373474151127814,3.1744159746777814,2.6041027434212207,6.953152866617083,6.182410764981665,7.822068734028339
-17.034620254039638,-5.373941796209634,-12.203216791620179,8.866141323692458,-4.498798390418958,-0.4313306233407094,-6.017940712427389,-16.583812093873153,-16.058177378909676,6.507791972556614,3.9388361272092776,-1.772020309660004,23.18860530567773,3.7536231518499594,5.160895889842202,-1.00325600918473,-7.995583012127591,-4.38460501194956,18.640184502010282,-7.481756932171158,-4.540376217496169,7.265559063024206,-10.332101411676401,-4.632652651584198,6.843793270651902,5.438603209076263,7.916321041225679,10.327113303602191,6.441554306061275,-9.37006883900854,25.63772800464492,-6.979962705104586,-5.836447612861616,7.2371950322202565,-11.47863699889334,-0.5033511770931494,-5.767921895509484,9.573344136717473,-2.0563356165797764,7.309889888440507,-5.251799002372915,1.0619519147268912,3.96995756206138,0.38908991903453455,5.952727912246529,6.013568149182108,-1.6436218099397257,-4.703195734566825,-0.6817998220748899,0.33485631097400026,4.838870712436327,2.832770470061723,5.537007182320941,1.0935840636938656,13.27752774212735,2.7284862692935947,-12.583257028322876,1.2569893895336246,2.4390157984384397,-3.821155717038825,6.646815078198585,13.666006791743145,-10.30169382959228,-4.205286361320314
-10.913989147527756,-8.99831859117686,0.964292349951882,-3.539670505553506,4.358552284634501,-0.3510756423440804,2.9849191041406287,-0.0687882641009943,-2.216880316765974,-2.551560632957433,0.7677894045545357,2.354175842515927,-4.474164828825806,8.506035184127349,6.933795219206442,1.6580153477032686,2.9402702386363075,-0.5798855600081462,2.755720219776991,-1.2522718784333706,2.877516364557159,-3.413203489844691,1.928927284402372,0.1311050272451064,1.1315775369826573,-0.005455123180313078,-4.311906867580923,4.7749768683938,0.5325435588344123,1.9568978153323215,0.14602991344296076,2.1066406730280534,4.289854462253505,-4.166838368791445,-2.8662249194937064,-2.953969367819364,-9.120042969911017,3.381599030961687,-0.401156698663986,-2.0702685342045584,1.4440597668698192,-1.430428869876487,-0.7076848263080621,1.2646876086997498,-6.975870971018456,-6.457826739571203,-3.5061813329981875,1.8813415372807911,0.0062442293092604476,2.1227310726670936,-5.500228922258777,8.606195986327444,5.332840034360643,1.1611373771549989,-2.291031965208651,2.701397939968049,-1.4888767382254298,0.3942507078701361,-3.9884683426863448,-7.618853457445322,0.5053222270134385,6.5738669561453165,4.337762850307174,-4.035187368933787
-22.46625301671986,37.12746504969145,-17.399520567673957,4.467439012503272,-18.71839559486551,-3.7696263851985443,-0.3979853377560345,-6.816564845538628,-0.4249715997371412,-2.810465272366101,-9.89471214914325,-5.122471401843559,12.434760966390582,-0.08132262423483609,-6.63442747064782,-5.287425857232587,-4.050804636651248,-8.206595439638303,7.068551429085314,-8.052539575190657,0.8498635547277853,3.0501458268202017,-7.106378265733747,0.07207964796915821,-1.4599108916628143,-2.8014808274981133,-9.157989570090484,10.50508260277485,1.1048946900416117,-5.538930018139133,20.19925009175428,1.0679719511347623,5.801353348412811,-0.8641494838837694,-2.182124661266384,4.321933533325904,-15.800788068409117,-2.021851576559548,-13.25642648717651,1.248286994037824,2.640341157915141,1.6022664268885705,-5.758414495920228,-5.633932805791019,-1.2570729974906854,18.797516423448382,12.716211752216662,6.960146220499067,9.438374012711087,6.176909468128879,3.0539180572729037,3.5867181267020984,-8.742891390922603,-0.7122576012591145,2.2622772622897265,-0.6591165687953527,0.4887472567362422,12.380029404836142,1.2904278810488137,0.4425096186994665,-0.506045042367021,-9.680567387496612,17.76147490140867,5.970329548925991
28.623018798358597,-6.414156728306319,1.6904892765093813,0.6722163613574461,-5.016858729076821,2.6150312875336126,-0.31402297368983306,-2.9076202874880615,-1.7389247723095507,-6.119928854003609,-4.390201666197309,-6.270726048057021,4.3357396745945165,-4.979500829230768,-0.8893975296707491,3.562514629045475,-3.3693482290042676,-2.478446604482294,7.501452574722933,10.311915388535615,-6.687469118247709,1.4739697266832468,1.4849331798323533,9.291416054526172,-8.268804030819433,12.180191594952554,-17.630515057411113,-9.907087554545695,8.227525686074697,-10.480186371241704,-5.614028297677719,-6.874278685591904,15.551666167305743,27.514427631144983,7.771795832568968,-2.8125876654440916,12.639692557023562,13.273282414884507,1.8267060898514862,-16.946770021865746,-8.539283889070905,-8.832261803634,-0.2443639507630006,10.449602511461704,-3.182627442737466,9.0395632093324,-8.368206382683724,6.86164801586114,6.777268972952131,-1.8167423273765935,-11.535849441059934,3.0642638785234952,0.19174764433287153,-1.2036965261225838,3.3775685605936228,3.8449991252257343,2.31634681646395,7.673896656728871,1.2153208967944131,2.481876945437757,0.36980104884959153,-4.093041537080625,5.290273637080005,-1.304947031406221
-19.231162886940194,-12.541886950848067,-11.353336153578091,-1.511352386040275,8.288099618930065,-2.69688490200108,3.301838819812717,-4.781317187234673,-7.823500595804357,2.914520733773416,-0.8924422374009436,-2.774257952933557,0.5245999385590625,2.508581374448147,-4.039593077843873,-7.828097663771957,-5.522454457394546,0.14685843171704596,-4.767754162009882,1.5769060817952858,-0.043782153340919526,0.2906121498915685,3.1570750020904237,2.022975702471199,3.937775306966379,0.6359428399019911,5.545578730336079,-7.513172363480843,0.08342618949311051,0.35623559320206727,1.7737611642405173,-0.4649255059666466,2.489765447769557,3.3783039668760417,-3.1451134809006813,-1.2315689679905943,0.7617742680419736,-7.404488592178132,-3.0899206063806837,-2.844761847226081,-8.125412681545194,2.2737576459314863,-0.4128819968249986,5.560800118437083,-4.901778806813033,12.014706564035187,5.801564936960067,1.9963734118247565,-4.946119717607949,10.6465189028198,6.314521384114134,-2.480346777947676,-6.673828058887676,-0.5854581165123539,-2.7425111777614277,-0.40388453439308963,-4.881646141781133,0.7481724929812625,-4.8443338281542925,-2.7087143589487743,-0.47253573369534396,6.625014970738834,-4.8976562170395495,-5.649194051359298
38.11725367026511,-8.926873908036562,-12.127362693970584,7.455311279376588,-6.259724015553915,-2.3949654449634576,5.9402570014867795,1.04515511823648,-0.3575837221423984,-2.4332778871312724,-0.13220554690379893,-0.6800631337538255,0.07681838020059856,-1.608643750020889,-3.153524050456976,-1.845744948024197,1.037576805847067,-1.0884563622391974,-0.38372281340944925,-0.11901418864292546,-0.43367316759120034,-1.6001666620842534,2.0307849617278806,-1.5813431905753894,-0.2563520843854208,5.908467639531813,-5.813179327315732,-3.187560894409205,4.0226082302876645,0.02408985372601362,0.08639593505574866,-3.438134619590803,-1.2760770269051287,-0.8350625139884071,2.720764616968863,-2.743841530926173,0.02961866296431073,-0.5150947767910892,4.100237530830556,2.891633846780488,2.7929626207127174,4.655707495659437,5.059266068043431,-0.9158344631743429,-1.2683392010957841,0.3933444367921992,1.8356886378568147,-0.14887747676279264,0.8439938899068868,-1.4799573800343033,-1.8900578575202125,-0.09636661232986822,-1.560948066112742,2.445253616348206,-5.043002396306077,-1.1740422953377987,1.7739132589684536,-2.4374424922794167,-0.12292343172478026,-0.6855769586021346,2.36444491191305,1.5381215415175766,-1.6081692727413683,2.930856467570868
-16.99928031887744,-11.787478423252496,-5.576853076420554,-1.9866759962994909,5.767892038604274,-9.683889061962978,4.069761857475355,-1.4397259955060608,-3.1541219132675296,3.0888200480133468,1.231338759117566,-0.1318928502436598,-3.924088448448398,-0.7857481388411115,-1.2916767246692573,8.995996046806347,-0.05902728751801198,-13.853922504349278,3.1350544522162505,9.957983385379043,-1.078879023640437,1.076004330786774,11.017866724211386,-0.0736585588485384,-11.87855260520065,8.755282322759019,19.921386959836763,5.372248079970113,22.916816026340037,3.329490648949229,6.816495253164266,-2.407650515426487,-10.101001808441241,4.635247270992715,-11.607566823714293,-7.3023215388895935,-10.031849912267994,-5.181857980296757,-4.847878179936206,-3.279694793379473,-9.892588982637209,-3.2824787772438238,8.138969687699865,16.586372287940097,21.842686743012163,-15.899500786800482,13.963151578549182,17.77467263077231,-4.613550171427725,-8.99702145003022,-1.228938051266193,-6.619823035701596,-6.819041561212046,-5.866260587565054,1.6682008601233913,-6.105592583703329,14.41370917114229,2.070493980706875,5.621442045640916,6.3462650699049075,1.061165550340234,3.7705002750650647,-0.9374179712267676,1.1025584032157332
10.362656936602622,-6.377229338834675,12.229644871061968,-8.449759922299432,-2.4249907540954307,-3.1140594833214967,-1.8744893400982956,-2.3126883739213224,-1.8247518170097512,2.7225981382577613,-6.522099575885855,-0.8403790021465101,-2.096832455352464,-10.027179880087523,-9.2532386989702,-3.1170598236551705,0.035112243920931624,3.0316372246574503,3.6009740542645488,-5.224010101403801,4.479660139669435,-3.6055011651775315,-5.00164382566568,-3.1155360934238834,1.51440759079833,-5.297178129739244,-3.240600354450492,-7.855973026696274,-2.7026496105137268,-1.06444708178348,-4.271939845696035,-4.543496369422509,-2.893962072416806,-5.836065566937965,-6.836483398008049,10.799783604138097,-1.7295331874243118,-1.833244042175833,4.041117058487826,-7.920991069893166,-8.56773729660975,12.843067023107926,-19.680943589682062,8.152958287127852,15.101825058083186,-12.241178270132126,-8.172442446967603,2.515614028786867,-5.531733956717751,1.2722421797849253,8.54755705097931,26.403455061699905,-13.9005507404678,-1.153193631828723,-10.046293189297083,1.439466751934815,0.9139161833897168,13.495625557417094,-0.3524141558943078,-2.7380448130715007,-11.295787812111746,-4.130802579261084,-2.5838495378712274,-4.476922094854853
-10.657293447712686,0.5791055307156308,-4.125255951524155,8.903281710021348,-2.180729556895512,-2.7674055419484627,-1.1360304173885998,-14.791215418141068,-0.06248873418010363,-6.716883145217852,-3.16567216878316,0.852066585506908,20.303846667495975,12.058840476728262,9.860315933261592,-3.6885967172854244,-1.088381530030287,-5.163111144525333,17.43874053889646,-12.948012050350092,-0.9820194348689752,8.061393187688859,-17.053192697442427,-3.1651354077691813,2.29803384884614,1.5869983444624878,-16.394811445120123,15.679919784878665,9.456999883302256,-7.111686955961732,40.19167123539189,0.06141526200951516,0.6328955493269564,0.09221680202244555,-9.260225568168586,0.5827376763251773,-15.263992657862953,5.750516495803629,-16.11981841078434,1.082585839493406,2.5447065101452635,6.901717539911907,-1.731636037159518,-6.3226704444963735,-4.295417048694014,7.650959079853901,6.525721846791903,3.4867853894834515,6.208327893176411,2.768641999952655,-1.2658859179459683,6.703649514691762,-9.447742712433481,-1.0499361067680282,8.68263642398012,2.278677670130267,0.5757433507582017,2.8767656121018854,0.6937863885304866,-1.5104537466800991,-1.4454535178754817,-2.6110275038792756,10.714784787011693,-1.378352615381662
-16.134541976337054,-4.892534065203973,-1.3750240893570607,1.1886808690158117,-12.507001758939134,-9.1701834290716,-17.14049135089315,10.400459409441252,26.096412354602016,19.417743007850166,8.7927394496898,-27.506148514723225,1.4613349892542384,-3.3806084558542344,13.780916563204551,-6.310677551647655,3.2658031062773745,7.417121511614995,-2.4145303679160324,-0.16878762578907086,-8.89336278154364,-5.095882909995883,-1.7528997924624616,-3.251445604833125,-4.167666761296758,2.0457110362040787,6.272935833786904,4.697466841883809,0.043769585545061815,3.9707001495513192,12.928518527370684,-4.211570419913058,-6.15918676828704,-3.8276702696829403,-0.7310237146363302,5.5286900012975835,7.1836128193380935,5.5648019410015275,-5.380906334027418,-2.695085906421105,-1.744417884653296,-3.333668854916971,-0.7230214571006361,3.0277994973688735,2.012996030055198,2.5715430689270216,-7.524585281130375,-2.3424244879858587,3.3904630236184627,-8.047263657085493,-1.83715249866936,7.337316755597612,4.03518591049812,2.5688390878464333,-2.5529889372681325,0.5207803482342118,-1.7103748125667155,-3.2814080258609093,-1.1013671421318856,-0.7204988507122543,9.22424866624767,0.26850406978694097,-5.21198303841739,8.128180858242704
-8.014289395611371,4.487266999125251,16.25145958555888,25.215970116579584,-2.890798307896677,1.2491413737089918,-15.726856330320784,7.7169495574443605,9.491381199541198,-18.815286661592808,15.133550077167747,11.943807826797858,-5.044039102528264,-9.9599305599173,-11.764424220608586,1.7116011602615628,6.841115714607592,3.350237802083941,-3.1244711539778574,-2.4285978158729735,-3.6911984252143557,0.030992584018060886,-3.188566116728497,-11.86909067592068,11.381014260996984,-1.582936112047271,2.0086784530952926,7.865678866328932,8.55325274172303,4.8810224087110985,1.904624081293223,11.089221248987936,15.877921504219144,7.062890954095384,1.93666881008345,-8.653843980102103,4.032335155948189,-17.965017898429572,-1.3940688859039065,-2.818153435715838,-1.5733008124919974,-9.464251956673003,-4.5343259593113645,0.5350049555747114,-4.653582652934148,-5.5436300590158964,0.2342885079014307,3.876887653768811,2.718767119388985,3.3573080386179615,7.7510474264438285,10.261171777571288,9.01283330195351,5.3511844913153395,4.0144091186122735,3.6801812140219994,-2.011407468603499,-5.026753701055927,6.015343316604017,-10.1749724134665,0.9124635107504043,-1.16764533483165,-9.713926589963735,6.0351608418498754
-11.768675638972839,6.26295562082439,10.837674355856093,31.704431722884767,0.05539243884279485,-2.1619695111406436,-6.870630223428955,-18.216796990414622,2.415126244613237,-11.800955536998178,5.237475555392131,-1.5469345482944095,-1.0189550139700707,0.21928827892194905,-1.5869290141713184,1.6954077944782033,1.0243250617406543,0.9068466594966015,10.889796714616788,-8.794961526945341,-1.691176355886024,3.815332549039557,-11.599699612530097,-4.241202325188518,-0.6222051593021992,1.835384039164377,-3.5952445175344323,17.903194322056944,7.071764262193385,0.7827104493861684,20.739079109748964,1.0320979538636297,1.5480796881170444,-2.4946371862656607,-2.5639684374997955,5.793383155649553,-11.329212481370865,-0.12454385405469033,-16.581944525890883,-6.64886834717546,5.922689775380915,1.480847388837415,-3.9418283894210635,-7.607581750574632,-3.486049246365942,17.095436994255845,14.666266408168003,6.695511296309378,17.93550081313928,5.0214446910557555,2.648564380995936,6.285392192078174,-11.30541642128129,2.552475756779396,-0.6595380189576582,2.1717892326690498,1.888797369000135,9.714070467358985,4.3898617438396705,1.3011036660668067,-5.565232591379205,-8.351504714499429,14.3369055962022,6.635763069931623
21.852539607056215,-8.034173986281083,7.036786305075093,-4.179642737445359,-1.4681748033222088,-4.178235243405909,1.4145069079051897,-5.096123130109799,-5.6600235254811215,-1.4609879894191915,-6.659574795786831,-12.149141159592947,5.987426917619703,-3.3846547583634234,-6.390337074750838,1.5345428836718873,-0.14096955007325399,0.5395858239301975,4.467747101932096,5.111157709009351,-5.452797620631486,-3.8252269216610597,-0.946220753023023,5.836568188585579,-8.930421799105485,6.617302262533497,-4.092137736708051,-0.7058257472614718,-0.05224326863820163,-3.4068945500685963,4.6398418075305425,1.8810860779554275,12.306976877195918,13.694709839057701,6.480014645902891,-0.9050550113377224,6.121533668360347,8.194009583110986,-1.0190785322499025,-5.183098588942155,-3.3275854481947884,-1.1743275596577336,-0.6509072763526024,3.757781786354863,-4.0277065130469465,-1.997437747486111,1.2864130967222633,6.233545880341486,5.3876227867055,0.4241366257045047,-1.3970645902158851,-1.4139674302951901,1.4376281288680695,0.9804187714782,-3.3107604441375615,-0.24555014416658463,-5.4544933946065575,3.198296109450751,-0.6049566643278386,5.497008151571017,-4.693025847472477,-1.705682563691472,-7.113859514399941,-5.664130489139247
-2.7360508934972327,-5.74676505261006,12.93079734204568,-8.295485868072005,-8.025553856524008,29.452171545753043,16.012570658082932,0.2619819221853816,11.83384139208826,-8.718908118416065,-4.315417593510678,-2.3985919416444514,-5.814972170396084,-6.601316707180883,5.429346675135411,-6.436760107826919,10.753940215451038,5.868873896859369,10.216663130786484,13.658194248190755,-5.975664007971581,18.824184457336383,2.7802242396123416,0.19690755315027403,8.23081893705017,-3.2033762991258805,13.501169919696297,-0.36992598022724904,-0.7750170172318723,-12.212615215999703,-2.1583312682731983,4.578298053501289,1.802383381731392,-4.21555037301876,-4.181931609657697,8.045479960995756,-0.8241393741938103,0.6030220163299407,0.4212089505535907,2.1283107712914737,1.550313343822893,5.684542869359779,-0.8234147330253939,-4.769369141093542,3.5385177982314833,3.7341020562846508,-1.0456162166661478,3.3886868724168884,-2.2819417917504747,0.5458329811650616,6.891621372705419,-5.2970508821030355,4.711402822592241,-6.707208248834779,5.152687698531332,0.8328032774537465,5.545246919857273,6.3480932128920005,11.868387809171702,-3.554127239505537,0.22725857634187788,4.079201956287974,1.746000011924988,-0.27063270075079954
5.887088128542031,-9.196001525165412,12.129016349952497,-9.875992212836534,3.3969574802055122,-9.967817408853339,6.903019834933678,0.7585366360470069,-3.853577237781209,-5.094076518695784,0.4225519488970265,-4.530164344995509,1.2514303792198096,-2.6154980065088944,-3.7766854384201918,1.0973357809654487,-3.4415184668005017,-1.9665970146491651,-3.1400154806578233,-2.10139173794924,2.9803461150565305,-5.590646239543718,-2.0409653945343607,6.855347559526306,3.3549632746315408,6.425702956518354,9.052590381607754,5.836965582240408,1.757707335001836,-6.614931120865194,-4.8353024825794275,0.016428474934085367,-2.4713804790849134,-1.402740901702192,-4.490966078897716,2.1534335002357254,-8.695153288820856,2.397870797438601,4.2550502661064025,-7.81775567990357,6.6114729462868755,0.9395689789942042,-6.637851804317968,-3.9492573049412076,-1.4674705376643133,0.009764468031550538,-3.172990485267285,2.2455817154745117,-3.530109546559595,-10.304289549761164,-2.394443294299661,2.932088153478712,4.168331317122655,-8.629924519343687,-0.1517793759813232,-4.770229826172875,-9.961766968505891,-6.965662505395297,2.9551204802272197,6.343275261949442,-2.214078397918864,-2.7662405001620414,7.021595364692598,-0.8523915013866173
47.531420663738096,-8.862303362343088,-25.373669054861956,13.269207503359416,-8.533174960923525,-3.6215414836764666,12.893859296868314,2.8310120936035785,4.924342508381638,-1.8384552413601316,10.276277426912902,8.405461346878191,-8.919253868401338,0.6636008571448618,2.7791273064990722,-5.139079742271094,-1.5766557808631623,-6.2830308547958635,1.2904359390037172,-7.209864098231354,2.110624230420226,-0.0054830570783329586,-6.788401304805578,9.066288484453535,-1.850714212937006,-3.4479471914155364,1.2560565183816272,1.8547281464020333,-5.298827716350896,-1.1873614302284747,2.243784354060991,3.772078550172865,-4.749905289892832,-3.490210706260461,-1.1073340610761606,6.131801824139605,2.361097397244364,-3.309306545815728,-4.800840363989091,-0.9043794846120241,-0.8156494319798778,-7.0483689819437645,-5.622047451880163,4.425119779915302,-4.852392460029356,-0.8632062017678298,-1.2227592577054176,-5.842654922580432,3.2077296826702844,1.3223054627662212,-1.8946638446520112,-0.7085838936316382,2.4020042178830567,-2.658397351507174,2.1977828758290237,1.359553822551891,1.3906003646999747,-0.48217116012835304,-1.1903410560673562,-1.3417453195224738,3.3240494714992055,2.4994843011670183,-1.0275853058710829,-0.740668487737542
-16.217279758131085,-9.465234773535595,-4.505574524182855,-0.7725977047712765,-1.788776737920908,24.855773998121034,0.9906460804309997,-1.873485454131928,-4.8381079294224545,10.277464156020429,5.624289277524937,0.3543452510039592,8.534509431711658,9.568659917687615,10.795367415183216,6.997138775781272,29.737847977980184,-7.0667100119748705,-9.897997124082224,-19.086430975264303,14.895150431574182,4.166684603314902,-0.44421579364376224,-6.744528299600887,-8.81680848005332,-1.0628152200726664,-2.6065620228005435,-0.9914765839963012,4.035610476154721,0.13177227163207858,3.974685320577966,8.121208888802279,1.9086728478423483,7.868235485324604,1.7355687823001755,7.054431588723037,0.4193617931832847,-0.9861811985065183,-1.15868863324158,-3.0159429453941478,-1.425599274285945,8.057345869579741,-4.836804441345287,4.335262393011151,1.0818724134628304,-4.129400414643889,-8.06855021068304,-5.605855042539824,-4.458644543619852,-6.504955292206152,-0.015461657756498855,-4.371500588010579,5.597703501688343,4.49952475317355,12.26730438675805,4.573411220951953,7.185186494175076,-0.44510268380578694,9.364039954678198,2.122475442841335,-0.28145509079721004,1.2521884452237309,4.964445177765811,-8.536071939162873
19.366438225799484,42.518012712592125,4.701824517974214,-10.891626143338112,35.05408018143976,2.376058042015462,5.488654769637163,19.752104939271373,-2.547976789613461,13.38455623669096,-7.528423049843569,-3.1318789554095483,8.696338397209177,2.6550361612415627,4.146183482991787,-2.695587624087863,-0.9724323794620386,0.5953441490390964,12.271313762168901,-9.065500479889012,-1.0500396129247476,0.8717445343991941,-11.997225286748003,2.5919935961318123,2.961163749210199,-2.1250660229989453,3.0075915120102756,3.1896929876230757,4.093533012561492,3.6509347717373593,-6.487020484445628,0.6066794736411876,-0.8906223232526304,1.8511418314367463,-1.2797775411692083,0.6668876366996973,2.976345602862778,-5.86059116237331,4.442827484555309,-4.914727133533961,1.7320850484725132,-1.182741005754745,1.0678364627879466,0.46120861645618927,0.26492800179151904,-2.830204409458391,3.0348881051786796,1.217064700117663,3.164535174737448,0.6182242886768842,0.5699721902840119,-2.085379539984678,1.0865834447526914,-1.3274865491029226,-0.14878255225691378,-1.839487493830323,1.0958185734399002,2.8090148335559966,-0.4636771490784333,0.12090738335001423,1.4577434770199411,1.2267282568788305,0.02826727968021251,1.800927992102175
-20.905097203300326,30.416707603670716,-10.682163447939475,0.04922682271876226,-18.783440634799174,-4.331059490632117,3.7244403205887497,1.345307948829194,-0.03402064112201721,-0.9256293772943125,-3.9662335140722904,-3.2631765892635554,-2.2898591326433593,-3.3355371784347256,-7.897361444328903,-3.0070075273054706,3.228117742134581,-2.5668209981635473,1.8822288205412891,1.8782909813555912,-1.0422217947934098,-4.32020916647201,3.917673031102876,-6.844001759196634,1.5250839793448991,1.6908326674010983,-4.395935059462379,-2.563379893441581,-0.7904831626607914,2.208578995125708,-5.661036632909043,-2.497635990664606,-0.013757150661478616,-0.7343250193181461,-0.2947841108245356,-0.6962699775644666,1.2198950104787718,-9.722528900903011,-4.206254883677404,4.309171717675183,-3.011791237337625,-5.426014629965532,-3.9895513824978126,-3.13087872169095,-6.142635762847719,-11.195290214121922,-8.25515266437408,6.741173343627144,-2.234467124149142,-8.870425755332091,-3.6123826360654356,-20.448198326789875,-2.236606220034683,18.440143960518697,12.785068582194667,5.205392878124831,-25.190472614841244,22.014763811390385,-11.593829242961355,5.585387295147313,5.396760511382142,3.74984083787897,5.553594750787022,0.9736081499265651
3.3073705076833977,-6.181780772087218,10.785896369420486,-11.616488011627402,-4.208433509327229,-2.9914128839320964,-4.856082401347453,-7.196909727318354,3.697026805865787,15.293877584471842,-18.771008796335384,30.102382941716616,-2.9946932265983746,-17.968040402748365,5.77482360849244,3.8746705820946477,1.0793943391390066,15.123216858395375,-0.04743918080485853,-3.7278485583850505,9.564870048985401,-9.257909541997023,-4.419954398375001,12.10662602668719,-3.397393132189076,-9.252389584192558,7.4731836900107185,-3.6728448543573355,16.725029851029255,-8.653060357908235,4.090831100399326,-3.241054232918981,3.642871854649998,-8.230609789760841,4.453718193138084,2.3594171509606516,-6.577098404067487,0.15511324408824662,6.561441141538253,-0.17495685566176852,-4.2030005927293255,7.216410448875788,-9.424593354286728,-3.701965386777594,4.842262740173109,-0.4848207103295,-4.275398186106811,-3.3938548361091687,3.6417753437410467,3.6531696837571457,-3.540143572681956,4.652130728832622,1.4252083898883385,4.888083765646513,4.895700121445373,6.98025901747487,-3.4653948804761767,-5.856066316932139,3.543518578826992,6.672516404272971,0.3309533991564301,1.101606610493949,-3.0195272857016966,8.45607951762711
-17.960079264196075,-12.232272583489193,-4.529798710429956,-0.7823332094719223,-2.2560048234103363,-4.778129739893392,-22.78442862437131,12.854891772939856,26.647782161768614,20.13451490231807,9.730627770320648,-22.008165858402545,0.28108510167101064,-2.471802781566651,23.21206424001644,-11.795981678185996,-3.935801567961476,-8.637970699394936,-9.22188399396119,-6.926158170694211,-6.8688831239682315,-1.7462930864772959,3.0441900485398516,2.816259236539407,8.943349626232111,-1.7100177149953508,-0.8412702526585031,-10.4481552851987,0.1599371948685768,-8.373926118844162,8.177171629517417,-6.274421150916299,1.652802085971651,-3.327632208927137,3.3073151903980436,1.305456328027392,5.05551231547696,3.536905606075147,-2.3139604260528865,-4.170727976669283,-2.060483131816954,-4.260299532840958,-4.462758947859981,-0.8625469923899565,2.689108253540791,-7.79587314470784,2.799479082250199,-3.8559616221638264,5.181136758990758,2.966863920538803,6.375858272303729,-2.259417229140974,2.9670130106577326,4.1028523608866605,-0.2988552447807878,-8.684045350803736,-2.290036398233084,-0.3858029132895343,3.2414836979292505,6.333958026723326,0.07276726810362037,-1.1895655903671416,-0.009873497361694714,-0.7585404105607235
-22.814968396452556,11.868678713950702,-9.599210066598962,4.205751698102251,-17.23030018276875,-11.858055161019747,3.868384566670053,2.590280403955338,6.943067187549232,6.40777336412199,-1.7756827064650187,-17.267677230383324,-5.329854720020597,-5.0244806813829115,3.6756770058637365,6.3887974476994875,-4.235981591490839,-8.92025685245903,-8.19267775291709,9.428875430533868,-6.493533296646475,1.9052039660452953,-10.886962802484259,-13.262409310719159,-7.438344245839548,-9.140658736053943,5.9048070703767,-6.932234667683577,10.548512172584633,1.2725263298277851,-0.6414144907494367,11.387816150644138,2.7432677102783622,-4.391626103192676,7.1568848517058425,0.5279558972495428,2.090857781064007,6.469420526746154,2.4928122426550465,-0.37757931569082487,-0.5036486641562756,-1.5003121674970834,-4.346679886043927,-2.4059151210372045,-3.414120379313334,1.2981158655232254,-0.4731138569646389,-3.278208910134161,-0.574685864165392,0.49125973625942754,4.750313727848917,3.8254761847076653,1.8174695753382266,4.36615065553737,-2.2473532400545846,-3.658161899251171,-9.08083422936727,-4.778223388182267,1.967053577377528,-2.764820703787577,-5.973356772234938,-4.0473528752201435,1.4665904151930929,1.8631997575117767
-18.37927257840058,-13.214804959161086,-5.916603794499427,-4.874298260818782,2.515595898741312,24.898333096205928,9.050634654792116,0.7281295179535686,1.320831979676331,-4.202401003427169,2.3207950294965913,-5.189950941473693,1.9693878813280585,-6.088434847698412,3.6869875912490615,0.5371792043915782,3.9784553921440904,4.737655581583517,2.131462380311068,-10.78893728867548,-7.7295879899839655,7.424210345557624,6.832562632534795,0.12291803013537139,-23.805868694642328,13.38764048734041,2.0458940315711573,-5.173849428191347,0.31124523461283815,-10.94176054869854,0.23500370179616548,-2.3213699593940014,-8.38321789744294,-7.714532150166948,3.331121838343494,-10.242737111477679,14.289990146205264,-5.44957719812156,8.619852822386811,13.62764992318274,6.139267043361587,2.1982442349796374,-17.44135361342771,5.533942622640073,3.7924545608787144,5.339714491224005,1.272067463799439,1.4685399580019514,1.163742043249605,10.341584273561363,0.867415442347292,-6.298490666544169,2.7735625817366603,3.915331530623794,14.387183155366394,-6.719478812580562,2.789349696747179,3.324254202962091,4.407174809206976,-9.791985148946386,-5.650072379643726,-14.908737226402996,0.8011408565734743,1.486250891709839
15.469799886161367,-2.4564223188260264,19.51306694610681,8.804520049001846,0.21432247966505097,-5.043919905790481,-3.3229203260912277,-15.00945364813535,-3.582790107970935,-5.553943713980173,-1.529617794149591,-3.9437125104648705,5.711886217387093,0.6864101173386212,-2.0684075216179667,-0.7415829070782659,-1.1704079934740867,4.435445558003607,-2.8755382782953927,-1.941475552220947,-2.1106233093784237,-1.4171239272973417,-3.5456237390506966,1.7166268242184664,-0.5810399485153994,0.9911539779897119,7.08549342470014,-0.2285209700490671,-3.815758474604393,2.5934047799486906,-2.04927882371077,3.539488261464375,-5.516943001414536,-1.1243234581922887,1.9487567533037462,4.155625302635857,4.797180803806963,-7.801808519666801,7.5553621337687185,-11.656318024726085,-0.033601700128018205,-5.760450620697534,4.413768261688028,6.181482618341325,0.045733993873286055,4.392926027802934,3.9117607423463134,-4.728942453275361,7.105276806259779,3.7759054402910195,-2.8486950433450757,2.6564188977998087,-3.3377227602700996,3.1961548279547687,3.1238407411055698,-1.5392430406321524,-2.7815056075095184,-1.182480317928369,-2.9374157385544777,1.1800551346609414,-10.156417808762798,-1.6463077064857954,-3.460035624309659,0.328310747987854
-13.092883096903618,-9.318048239736369,-3.54191574121141,-1.3649671416022542,7.105483734484755,-0.9902769528872712,2.919577312218784,-4.077273359802656,-0.9731547044156502,-1.298692392411588,0.5041181874633367,0.7434127286084636,-1.4877284613288668,5.99344164927343,3.6443870248368953,-4.476970359007174,2.798910101682768,0.3250691194638059,0.22795384165653174,2.062350234173152,0.47844424276666575,-1.040824408868204,-1.458305028282927,-1.055124850963535,5.872029507027419,0.9383675569233918,-8.314823971332313,1.538532532466283,2.5455328027338884,2.2808977050058434,1.1092690303553776,-0.09614754266555751,0.8821536895444724,-4.572356677497363,-0.534206112819917,-3.6080856717991927,-4.100782111501368,-4.954038447180682,-2.9692062440312816,-6.867286524372067,3.1580521068083707,-1.8151827602777129,3.181824291746482,-1.1543097615023843,-4.367848616836066,-9.515013833887553,-6.162587927945172,-3.356382935588172,-6.000059996647816,-2.0550788740369104,-5.412122237155003,-2.348534637631068,-3.6608200728897318,-1.0108064847286116,-3.154428894733923,-0.8078432868641789,7.975129774543342,0.053713177840086536,7.9945692072922085,-17.406128846274857,7.967403524247571,4.737926993992569,4.456133023821464,13.910368074137251
-16.689644448793203,47.96222203868197,-17.291248948063547,-5.955995146908523,-4.531864070737173,8.929605866413745,-2.9637725958952017,-1.9300619850473288,3.718717071828011,-2.280499701245159,-3.137033184068417,-2.8744297108121684,0.7668637491868733,-2.172284756498932,-5.411469800837752,-2.969378411026256,1.4403796669860778,-4.5385762505366,0.8690892493529216,-1.830150803964998,-1.2641198860661973,-1.7359646697590772,8.447037854592995,-3.9635284429097455,-0.6002319274563945,-0.06427877926334467,-4.599102948445169,6.514869753258061,2.889443102817778,3.1533825371215363,-5.9676828751765285,-3.8889797785254996,4.007834299099348,-6.5160803974763954,5.992680549750263,-1.6094163578247558,-5.5283772708505845,3.994813085504801,-1.2526023505309958,-5.774149571962918,-0.4476719785746599,-4.1744872725966555,4.932989796681421,2.0779814750342163,4.153150589362569,1.2715346482211634,0.8689160373572994,-9.065898753020646,-3.959326010198544,8.473711800562972,-8.698166509623034,-3.831099650078946,15.587950140840709,3.5370078623433936,-16.18133536590491,5.86517762351608,3.4532781587046184,-4.1181272747062145,3.918628160002449,9.734816437358994,-2.675773227731067,6.459019587348357,4.965727569167919,-0.3520311195985867
-12.230620099571052,54.929602879504586,-19.608537259058064,-10.045375443161294,15.241653373597968,-0.9593458579226976,2.8286299500770355,8.999211068946908,0.12255333323289778,5.012768679063081,-0.04108705518360394,-8.507532928921822,0.6601982301907272,-0.6655887750906727,-1.035672889888692,5.977629266743949,2.079241814336058,6.6351355753520185,9.023815062639663,-3.077557769517121,-0.6374193710016887,-2.5788233435644714,-5.102473138192072,-4.442154905520686,1.7788627237306698,4.017796637055696,8.860277996500338,4.485714750241092,5.798247656089267,6.302812440488827,-4.847286969829597,-1.276382683013966,0.007771461664729473,1.2097554743635341,0.809705714340558,0.5202724991190967,4.711002164472874,-0.4312081562184173,2.6372366262303406,-0.39740397030984786,2.071346932475756,1.7736414361088744,5.132176585161787,-2.6413510458538654,0.4967275707935901,4.261403611806392,0.7266837353220632,0.5725216866835398,5.589518245473781,0.2402516937024431,3.6497838639636244,-1.5115663470363156,0.586219932469358,4.342995511628874,-1.158233235775632,1.8486216745042419,2.10138500085586,-1.0291035233217343,4.096491947903135,-0.4082203995543579,-6.944548411061483,0.7345859698345785,-4.589076570029294,1.6261922580007115
-11.690924695182083,-7.583978662723003,0.1416444494758137,-4.188055831142044,3.5501757729885934,-7.250612890067751,2.4488649656100487,1.172988103508716,7.535421328105832,-0.8323319209673453,5.9267774433210985,-2.151616677390998,-1.435949734011646,3.491616017842365,-4.937780816533276,16.65535253024532,-9.88471445289947,-14.670835214962068,-2.647234480085892,-3.5211915364560045,17.423346717841202,6.665050305157634,7.8722654379035015,8.836923413594473,7.514181399109881,7.698657766209316,3.2970064167643485,12.04785947126927,5.266873300593357,-7.420605963710862,0.6559804701459758,-4.342912423291674,3.777951545783645,-13.151936582386321,4.435318511197676,-2.59795328036008,9.618696852240262,8.662231249048087,7.257729817724666,-12.126862760383235,17.52939384889782,13.17731579773039,12.14761812879737,1.2351339706177151,-6.634220734776033,-8.147723466819812,3.1908682396473504,7.8856418994633675,-4.703907090777964,-7.117737651532291,-2.078060464387964,-1.5692658618182558,-7.852952321265688,-5.371308841371327,6.098046751031921,9.120208182644477,6.376702458490249,1.010730990439346,-1.5308026872454634,-6.866970332772294,0.061347080808174165,2.71661146520274,-2.509048700095724,0.46421352454604903
-18.89017009975247,-11.424389695387505,-8.18653181967469,-1.581351009746085,8.690146787169432,-4.802218908263362,4.9097223252047195,-3.522898593813933,-2.727006434234905,-2.5758559494904274,-1.38055535209175,-4.9023388492724,-0.3962439229882504,1.442429254028449,-2.6558719430706508,-6.597182215724122,4.229449994164255,2.2010963245343422,-2.846698300039506,-2.483321002581988,-0.9362142895747813,-0.8708164404951864,-1.661428863924123,0.6233760354882228,0.8505961198009763,4.720598211692931,-0.7152516212781319,-7.387808425901014,-3.6127435228521634,-0.7070647929383209,-2.196014133237979,-2.583020085226458,-3.509778745317086,-7.853059416425289,4.04883285616999,-12.956762594791432,0.005667445001983685,0.23415281776599206,3.804711910388019,1.2386802315936059,-4.148608619741974,-3.932027679683315,-3.0770269083135067,3.5054582405737684,0.02114542126920225,5.163998822699295,6.344250768674946,-3.814806169968661,0.10080764986128114,0.6058233153525262,1.9265042064343822,0.051470995754825395,3.0686068183889987,0.08469535444280375,-2.2146479863836714,3.742661368003503,-4.62398772641437,6.3098311961230475,-0.4712541969585835,-0.28818822985326387,-0.16839880457353612,-3.828685085946931,2.0430984121157336,4.252146585032182
25.879601304335633,-2.6067343888913594,4.509194055057986,-5.611337690455153,-4.249236010092276,30.966476842752204,2.872975657765969,-4.589620617571499,9.446570995235074,-4.776355824998449,-11.066751784081793,-6.929324257887748,2.6906349671896654,-2.3633670834803997,-3.6407050318421845,-2.0243368838184526,-9.504680796212291,-1.6559258411101345,4.5262566069375465,3.4634402519714875,-9.630415312278831,-0.5091667875629297,8.087768225313571,-2.999841111977139,-2.1673832755069524,-0.17176804864058942,-0.24020167968913442,5.292066510646735,1.5130740759963903,-3.138821473388579,0.2754232085290976,-1.212241154779963,-2.9463980952885334,-2.158696726607604,-3.0291792318987354,-0.8069815164459928,0.43741914349239946,-4.442982943333751,2.084442163032101,-3.7192147053308413,2.614158986416359,-3.6219952788613634,1.84350867076703,-1.4347053849333413,-4.253913320335884,-3.7262309942955847,3.8929345693287893,-2.3759352413986985,-1.4081198208084182,1.9828488040632628,-2.529984242566393,0.43108620471481873,-5.994381316723869,8.726565395179282,-2.7813582762620093,-2.368114008415043,-4.345708109830942,-4.3866013104484125,-3.5638535300071825,0.24024769492742415,4.7902096889109735,-6.2189124017046336,0.6472419932082801,-6.988992214458764
-16.807069638027237,-11.179752614441483,-5.7861382557908625,-2.0763206136423253,8.82620043387914,-3.5136138424688483,3.283983924723321,-1.2532852548396858,-4.182747002883807,-1.3487699273008287,-2.235147836471219,0.6765680180004602,-0.7396795760975007,3.3042710019131936,3.96552435559887,-4.396009373836443,0.10279889119687527,0.3140962200511707,-3.2525254550340112,5.876492379171855,-3.0473644598023832,-1.0685408896275355,8.603183696812492,10.138821131688877,-5.8319917032191695,-3.8943497680763524,-9.20274888659261,14.213524932676123,-5.30032500056329,8.652149827409737,3.931127584578168,0.2658455282732326,7.746984613628386,2.0026916335806764,-5.027634235042999,-6.888454288590716,4.160778404504967,6.210440228244862,3.6522315090146282,-10.953615771626385,-0.2554327588014633,5.494846720801419,0.7562699348670386,-4.793295102165512,0.6246503537304441,-9.079604990557414,-6.282180761342412,1.2768110990015828,-5.822933006530587,1.9905176367714554,14.466988293427324,4.472990870660877,3.652110003750296,9.445836795417003,1.3617623129544658,2.443803323335894,3.3919527285054123,-0.45701963219791913,7.6159647700162685,2.4162366037493803,-1.0057230433635491,10.983147785187525,5.890950521919903,12.73114632868231
36.697799413670545,5.333280035211456,-9.631196888762046,-8.95169869799577,7.488424454658336,2.6880298893301338,-13.00629754854104,-11.230365253844656,1.2436410589986224,-4.960082210051225,2.6760253495156037,-2.433779312652063,-3.5505233846409063,-0.8752703719781695,-3.217897416801749,5.063778556985538,2.359475616713908,1.898078300623386,-5.0273398882156,5.21467634469117,-0.6214896707631997,-1.055069162326536,5.845464306073498,-7.1618693256720265,0.5076424472904842,2.7478737693331823,-8.06000301657848,-3.103396042808174,3.113857718394407,0.8206743671605716,-1.5639845133672745,-7.237609637849155,7.418760849981546,-4.4159133009403195,-10.818016391427525,0.4860947440489724,0.3232536182147865,3.375249151440133,5.828280663887129,0.529258660291173,-1.3291752366260925,3.7224578529729753,2.2926332915423835,-3.77328335775785,1.950473993991575,3.183353328472148,3.979230919732273,-0.8605046179472551,5.940141070379245,0.471985235611309,-0.6562259780612578,-0.9609350936987168,3.56770143034876,1.262055545068822,-0.7174944131684632,-3.0762901012502666,0.6481841201701256,-3.883957749929063,-1.3719365878026437,-4.036760220163692,-2.802220310361303,0.6512288798879474,-0.3278270794706616,0.025857501459745677
36.71307611211573,-7.71500188853828,-9.695330718266199,5.6079376854845995,-4.889518593354769,-1.4997009243247286,2.616094774322473,-1.5377812061973568,0.6598627297784098,-0.06685225934849799,-2.911931355478517,0.7249157897544047,0.8839889584252375,-1.1769081478540988,-1.4817470405027262,-1.2890213889219866,0.6548759654524743,-1.4167960365784793,1.8484352406813587,4.461358694794934,6.300649119385994,-2.3308286388602255,6.518976482157535,-3.1373103468874586,-0.8935981373123891,2.464638100659113,-5.901040316790879,-1.584756125616054,2.024146655252159,-2.7834212614841363,-2.4611628378653068,1.1210973849880572,1.05033973466943,2.705302672942538,0.14370216322249446,-2.3835651892970473,0.4385843971696156,1.6370330200712546,-1.1659459800525398,0.11231842609570478,1.393986599573312,0.6962518583935123,4.935118738848994,-0.840095475945251,0.5577829902908271,-1.2171977050974452,1.1410496873171914,-0.4616789845372065,-0.5310208927883384,2.575992457013866,1.8722348797840638,-3.224106415088213,0.006494180056912637,1.3839735342617798,-3.1604563925995914,-5.3527070422759735,-2.396459907814871,0.005212561978999528,-0.2919114964512889,-1.6251347765134447,1.358616211654786,-1.1406944564672545,2.946760769494499,2.4185750168929854
-14.235590192906178,-8.521441617246596,-2.762582266830393,-1.928833352691567,5.8469300212874575,-5.491238009487429,6.423529867967302,-2.4823695373756456,-1.5549809098649006,0.0973897659556025,0.42849840651941606,-0.46833900651992144,-3.399485955927153,0.863162939893568,0.5123698268251391,-3.581041156696893,2.783130866748429,3.498387429456875,0.5557956470465499,-1.0823636852413066,-3.0147275026334666,-1.9147421353439185,2.8437994648495724,-6.583454600567188,2.8064999864412417,2.3444450534820107,2.551966277851671,0.6888953627333473,1.145761990868666,1.0958045543823927,2.8473383677704156,1.4381197007066602,-0.6842052689034438,-1.603927972675584,-2.099888178647706,-1.1744029477189741,-0.6979769143564747,2.1432126617868184,-1.1190900253960165,-2.5049842201723127,0.6512127490805582,-1.6586245563979236,0.98573399144867,0.9414176058343929,-3.301557945035314,-3.4186034089192336,-1.576686139849285,2.02458389958536,3.9889572231159116,2.228235479053547,-1.2994816671620588,-0.5844054563994652,1.0394303700087315,-1.803647442291458,-3.1055759672382828,1.848129109091304,-0.825027445057962,0.7084105998498301,-0.8407443367074579,-3.97696696906026,1.035725480863674,1.1549282183679839,-0.6929005230009377,0.2221145454923029
17.347760221789123,15.943816364783872,24.705318279176137,19.747124694288388,17.08803509920087,0.8877116687328841,2.748922349529418,9.856522600891495,-3.2860991376524273,7.108867073503807,-8.002896631830271,-0.1151396574915901,4.935107724059876,-0.7450389154803311,-4.696998316566564,-3.0461709453869505,-2.2079557053331476,-7.411354688397419,-8.3992132727119,2.498421113526494,0.31765905540030814,1.5783720784676312,6.120865448197831,3.0042599685937126,-3.1484345647277627,0.4376191748732344,-5.326161223179329,-3.196348782104499,-4.144225741566274,-4.156005264212208,7.274603402756106,-1.8900424347701228,-1.411875950711608,-4.9946518140952225,-0.452243879979312,0.5592214488254132,-2.1847672534513274,1.2897946383178776,-4.128037568364448,1.1459785890947427,-3.2987365969892606,-1.810669995057444,-1.53161068040272,5.393730762939506,-0.8927630508362232,-2.051279038017804,-5.0704067293360495,-1.3041831858063568,-4.09779020115241,1.44844056185369,-2.8997729027480346,0.8508614173562834,1.1490557473221026,-1.9884088825899,3.694148797080358,-0.3219000532413135,-2.173745061053195,-1.8812758738452833,-2.353197998456927,-0.5576208606911175,6.057072606494602,4.189554057551067,-2.6983747461243954,-1.844086361012767
33.76619217060341,19.519760277483083,-5.063669445663904,-9.832931555430829,21.530510795504025,4.208936333737421,-12.351486977748623,-4.394792197175008,1.62988034356531,-0.5416120725826861,-3.3509845573697343,-4.37688749723797,8.584088988534772,3.8534864615606903,1.5099280580604364,4.578905984812057,1.2472083644494085,3.359623538660248,2.6836835362793154,1.267874862481642,-2.07279817025258,1.0659431463935325,4.227099259727121,-2.6413911378034887,0.31804704906806747,3.0444543836232674,-1.6015987300719037,3.729944904578978,5.430230683680013,3.2597813086597602,-4.602802947759199,-2.536670207833905,6.424615388790194,-1.715390245728513,0.2942063232934077,-0.16017311276352478,-4.5772978255300485,2.184817167025157,-8.090046555860944,2.398209478158523,0.4721756944891505,-0.037922562730368925,3.043464293487652,-0.7515558351581233,-1.80543717617069,9.751517463162015,3.232257634391102,2.0203930699686383,7.082656057961168,1.2780454348699795,5.202167675902899,4.098413430212302,-3.5744068574057306,6.10251463554374,-0.3863870115304732,-0.4916218936103848,2.964774064621789,-5.548182760660802,2.5707865844807016,-5.564655810376971,-3.3018531203386217,-4.982168182507467,3.497333403290308,1.5317308680362458
30.571564832518245,3.4820174644771225,-3.3231579143927443,-6.882076907717458,1.5734129792120157,-0.22952566940483332,-11.40281143477031,-8.063942841248073,4.091344084456175,8.112674945346816,-9.685257584941526,1.744031458840852,-0.9001145187413069,-12.219550770462147,-3.24832408658486,-1.6836054500521702,4.149316975398296,3.4606073334494725,1.2172458106390627,-2.7735940842411195,-2.2981044100722468,-5.296012591305933,10.577318052988321,-7.429553664651422,1.1012077820418829,12.16349595022031,-3.748867613032897,6.214116107016245,0.19679285113342812,4.953906037029852,-8.060320649288832,3.399179765964633,3.5198580693446506,3.066896357722767,1.1488105016743726,0.5716700839521153,-8.665150320304582,2.611562182197647,5.202645983071523,1.9312609331568515,5.734314786064036,-1.0246955470114554,5.054630785967478,9.188246000634742,-6.09355250978314,4.83179001615749,7.97522135403454,-2.1975173506622605,1.986657107563125,14.530842136971408,3.182029799163198,1.213239995433052,-3.315891049665107,-10.033724486228106,7.707144754666909,1.0312706955226933,-2.459608920185623,-1.4793545233927639,5.401150293571533,0.5386952225365235,-2.08657534733177,-1.1373463410645226,7.52087840069298,-1.4266771158024052
-8.647230642179192,-9.778024974173302,7.2183191577237915,-6.364266112663918,4.461561502127592,-6.273494200682466,4.808580196704251,-1.0578821448078841,3.7858255502749163,-0.25018406649012775,3.0062024655842836,8.1691439143392,-4.054125493421981,-0.1290747765726697,1.6880657758598376,-3.017161794621222,0.6049204444424691,5.393906352987738,6.222331631779463,8.643024869387537,10.23421616688085,-3.5909899299301564,0.8009811407558152,-8.74914800636767,-4.7184549404269776,-0.27435055951501597,3.704320456468475,-1.5401198776202196,2.7058075847867262,-0.14630354015775318,2.292007500462475,2.5139162175470355,-6.923977180860755,3.7802372514070965,-2.401370567489204,3.379207114031696,5.527385630881141,0.189775374007938,-10.624378508903172,5.633758153470445,13.969904355294505,-5.953411659611318,7.51222582318087,0.27202097849000795,7.104632429280149,0.9064937225169823,-3.488894455600477,3.373610302133833,4.3279447670665565,-6.798584738913649,-2.3567058681076936,5.151958532201697,-0.5984417024287332,-0.26039381682159723,-12.679926049796057,-4.9513627932440425,1.50780937123759,14.883731636087566,1.900008055964863,0.9645326939195691,0.1604598038263541,10.782664123786885,3.552564295540379,-12.808371530628477
-15.769922295512496,-10.652176400919174,-1.8254866155774314,-3.735191252957899,3.564795710102801,-2.261858944605248,-1.8109694313432532,-1.7579108837262614,5.906716918087625,9.123872911747213,-3.66097529285264,15.490833233054534,-1.239087270706471,-0.45287294465975275,-3.246643404733308,-3.493506734374857,2.8084109741330745,7.406960823699338,7.800858476240917,12.596813642724607,13.779962515204112,-2.4692403752925625,1.8810669029294778,-0.905692553033958,-14.956490352206776,-1.6506746256024263,3.711202649720197,-3.315041531245939,11.051904014062657,-0.43760602956154526,10.821860625046027,-1.5013819573980318,-6.395541665304812,2.4032388033192733,-3.6660724010977037,3.985779498359723,16.53157632738548,-1.681657366384669,-13.494904244375268,7.350442845462624,14.359471868137529,-12.32047642182621,7.8077834699959405,-7.975022376874366,4.432297011245751,-6.2960320355454185,-1.737117658144378,0.2271636839196693,4.195510623488011,-4.620198560320478,1.9225085183706372,-1.373566136485017,3.182969904319984,-7.639374767912536,-11.086671708548492,-12.74761638819872,2.817051628516752,12.789317207090964,1.6721979431024325,-3.423469394381082,-2.546821308632809,4.437896082341163,7.42489332096856,-9.796709635906332
-8.183679139527033,-9.512255445171668,7.083212470215738,-7.020384306794532,1.8789530397821688,-2.571437927690821,5.192201442932,7.355179937015754,-2.0480164926945736,-20.886423621408,8.308127516330185,2.4489604634826594,3.985976363274486,-11.8533243080707,6.164903687015864,-2.378843055342492,-2.3836002300635912,-2.317420745574589,7.701366224710454,7.317795007363384,-6.597545451927794,-3.6813260660788547,-5.128287187031967,8.45793505537133,-12.295276808636112,14.846646147790405,-12.90055927724515,-7.524898052173496,7.070105374561512,-9.287698332296827,-6.822083976464657,-9.529930117409561,11.633247306476212,27.2855059826159,7.519826699599935,5.8803611373423585,8.585705682133574,21.90643258407169,5.348742533267715,-19.105480851558557,-5.929349751647086,-11.005930194128304,-1.0120795263940492,10.801374212057818,1.9580658589023334,16.88995435725757,-13.403379906269478,11.108454416327863,5.691626616074366,-0.006499230093119857,-13.10885275809974,3.6996683450226353,-0.7753443011387211,-2.798007744803464,6.531882292931578,2.721499119165147,2.907826592267083,10.856295558570261,1.59815704641537,8.194964128422768,0.022597437111108017,-4.387142494371015,2.3646694950131226,-2.4458803136768545
9.612365765964867,-7.834486988649641,12.29201021670429,-8.233497993773977,1.6570689859440024,-6.607281602476305,4.574765990767426,-4.019308011418681,-4.90178853989589,0.353787424227765,-3.021429883071397,-8.333772764473334,1.4752192613912603,-0.3168926162537842,-4.754159633592945,-2.641785368363205,0.825499555490775,2.0486456762857204,-1.7339960647040458,-2.0888543756248756,-0.6430912675253342,-4.772004103582667,-5.17150027046331,-0.6497221462787784,-1.3257245292084199,-1.58757120887606,1.8418987810566527,1.1478767249326023,-0.3608977049907187,-2.2579900683418583,-1.2704737450165018,3.5684502428096705,-2.1489957409581772,-3.382651213395625,0.6328027736370209,0.69695719657931,-1.793394451164091,-4.253875157169877,-1.1880028140908145,-5.053678944243954,0.9172544077019698,-1.5201466457649722,-3.1600753928965477,1.1134318963521777,-2.962772524216164,1.9032182954161874,-4.126591038728659,3.1333067980358495,-4.3877817582082566,3.5162050569969185,-2.569941478103589,-0.4353424015105665,-2.951416865193915,2.1602201764724245,3.4800722659729857,-0.8875402984247824,1.0954737161648698,-2.76829113570182,-2.2037739956004487,1.8833779287700376,-1.5809035173909378,-0.5531912043193299,0.14524519457174154,3.965557827276595
18.409785832467648,-3.804479208047919,9.463582164357554,-4.096091440054084,-1.7870411110832474,-1.2359247080000624,-2.083193812510667,-4.126896795621478,-4.577387609244527,0.27489691857627335,-5.382379191235463,-7.035831979582755,7.750742509278711,-0.6840346163404804,-6.253671009648534,-1.3185527164907387,2.4849407384481776,-1.4539286210997997,1.9396297060587355,-1.5666008913557108,-1.8206296957100438,1.3408632160187217,-7.8711242407043525,-0.38748391506315066,-0.930084121624885,1.571202972180619,-7.980197315609319,5.433220140084333,1.8758281305912188,-1.2882593788082664,10.893613810227684,-3.1031059769323117,-1.0491833399276986,-1.715359873042173,2.1583880458267477,-2.4058156117600697,-1.6912719816590607,-4.897090351618687,-7.475906555403723,-0.11370908323637406,-1.4396995247547868,-8.914344676808042,5.800883332635856,-5.863272719175937,0.3775352249542129,-0.28711824300244887,5.6241780517233355,-5.5399105706827205,-3.618349176387636,-3.2525902956565726,-8.092404095488085,-1.36545644781466,-11.858516434328982,1.7804244018198585,-1.991052197383527,-2.5158622395040013,-5.965883712423223,-1.0242395987986197,3.683974856548402,3.3258365488256216,-11.905821794209022,-6.295849857182664,-8.592996584031493,3.1548530016981937
24.08801971315387,-7.6018741275203086,8.316614790265724,-0.9609282616716588,-10.59169478304137,-1.3693849135811231,-21.525702699801933,4.187386015759455,18.455709832115446,20.344611411209574,-0.27747018271338103,-21.329352640977,2.895087724963282,-11.086233131378187,14.874512762994264,-13.758555412237982,1.9380924731487952,1.162784223250171,-6.600559712426699,2.240497805994863,-2.9690970673514463,-5.217252240281313,2.562688208293778,7.084052053490757,0.5093964576528803,4.560346609773816,-3.007154075876733,7.791498294496001,-3.6145284171383567,11.41866702476426,1.2778949100399866,-1.989162405443863,7.985475658548544,7.193092670613915,-3.6765886491836697,-4.960166915926095,-6.7451545877206565,-0.7364829661698965,8.505192882679845,5.990990456189224,7.627935332283546,-1.0509699197120905,-2.9788355778190945,2.4704140318090118,-8.401663683234165,-1.0012020976071891,2.396762161739133,1.6985682119949794,-8.488996663104421,2.4267347087033246,0.9581628750658164,-2.71704806643796,-8.471603802843964,-7.412295332653574,-0.14693223609518477,4.451670929222077,-1.337098389616069,2.3133703011564632,0.7580975336050084,0.2063228052795042,-1.7270445437899595,1.9086890982096167,0.8120968537321359,-8.823578857557292
-18.997611264299984,-12.432287624774666,-7.3733686039658695,-3.302415797506936,6.133838794618928,2.3469302134091037,-7.6645217605744005,22.384640535163406,-1.0920527705207208,-27.172001775118343,7.389247882293791,8.052745302065242,17.811233682804566,-15.548631783418447,3.6773754924359627,-4.163063532892255,5.391763120316458,-5.024181359827081,-10.042455636317214,-0.39496548128087944,-0.45840355832303886,-0.20673309047055566,-7.313741582282842,4.6119729587306555,-10.597458194027979,11.017514765123945,-13.143892139003025,1.9432630309208745,3.8666059508231614,-4.938233872150092,-6.360847459805157,-11.356608491974267,-16.97806411665842,-3.3594769682200245,0.416508837670113,-0.24984324039210476,-3.0500462589784205,5.632123595027355,5.76393335263036,6.945507822059874,8.664327857590846,-1.3227689884202731,-4.4586261425738725,5.255487169471546,-3.387196649733972,1.2561519984292802,9.270988316013758,4.61034241254693,5.059911968419935,-1.519827340147,-0.1164849348938896,-0.6094890949932141,-5.625340895207358,4.179305357797622,-6.366650983643762,1.8680552221979896,-2.0910557823282288,-9.565910893837186,-2.990251713693676,2.309006646120168,4.405736229898581,4.506875594880611,-2.9499150940738805,-4.690743736282802
33.59739324144143,-7.825525288946929,-4.25692234774761,3.123510556698449,-3.8826100212999175,-2.0348045425346015,0.541009673811239,-1.5673157880471558,-0.9207867733583014,-0.28817648739055696,-3.217532328931245,-4.05198670161627,2.724023531513122,-1.8313618892504457,-2.8653955454452538,1.9152199865531385,0.4082460210580355,0.4394632831291484,-1.3003214258159,4.222601743514325,-1.2056283398593075,-1.2047848561879066,4.561664346162406,-2.7482010510648056,-1.2553369499294953,2.40727368436902,-5.065779909018875,-3.2090511403936515,2.831737990193317,-2.974936490384006,-1.4988317020020363,-4.034172497197975,1.9651956487393116,2.592973866484071,1.4847978925938143,-3.9616281318777,-0.1856789155489997,1.4600594063079377,1.5985674881259577,-0.2805621278572514,-0.4902760660654826,1.5303106524833145,1.868013742085326,-1.539800549553982,-0.9635538908753413,-4.331329229483842,1.6837056721216124,-2.299109465452822,-0.9895362148994111,-0.7271963258677893,-0.13757896641734432,-3.9024155520687196,-1.2407247461403255,0.540051677210098,-1.150574780780657,-3.599486472623851,-1.5878340652056886,0.8659764287804804,-3.4267033753256184,-1.9650898348349444,0.5727136869425942,0.23296136091897943,3.5658792531771373,3.635250804422122
0.5835698208305864,6.275859449116641,28.937081576516263,31.294577862661228,9.888636897478834,0.4216449897652641,-7.078560435333869,-6.7131844397841505,2.6219609647487965,-5.896646401130802,7.345665354320543,9.622360382733115,-14.655174861198349,-2.8015224568428967,-4.686634533899043,-2.673505590758936,1.2510851377138097,-4.751570292619827,-2.9035095999575096,-0.8848198374996794,0.5812874362110566,-1.2585684181545824,0.18129065835245364,-0.8113889489781236,1.903337733475611,0.4352420649271831,-8.007002030153963,-2.0539992962433047,0.5481973951708184,0.7103116083025752,-0.9468157409331385,-4.416087331897266,5.933534931810152,-5.880385839130656,-11.734392348490163,6.717790044887348,1.9531850582658217,-1.6333608868864484,1.3248404016627369,0.2581638481538151,-2.0660540171919344,2.3113138560568007,-0.5442928288807992,-3.1199021380283503,0.2075379954691857,1.4406707614512935,2.194208375957504,2.7627437039974594,4.955942585715493,-1.7068643405267483,-2.8842154610059367,-7.390446846022561,3.2152137971332504,5.895936458464251,4.096867920540876,-0.22240393331380626,-4.796036143064534,1.5524717164480655,-0.981287694029097,-3.92038243954686,3.9004986812701996,0.7017825550668487,-2.3176180902582186,-2.024169263139035
-15.885958155798672,24.527530179482866,-0.29772282821389956,-5.738554880738196,-17.881201388573412,-11.090040328378478,12.842808746294585,5.006799887070896,2.134658993276932,-2.321090594830396,4.449118290330603,-7.060531297464799,-3.242432799650983,-9.511749007827158,-7.987150804551283,9.318438335577326,-2.568264973427962,15.033408179922626,7.8819200695740355,-14.522420222969076,3.707205161627918,17.437968684915507,13.971429322643065,-1.915102887109179,-3.5521936845123254,-9.710824560933572,-7.842191339986907,-15.93669734236686,-3.1610050736442745,16.02349731026439,7.1581594664613615,-2.783737710191861,-13.147020813462758,8.81360637193687,1.996474080233385,-1.339555673057,-8.124916585868949,2.682429834662944,0.27456073746917853,-5.275925261576734,0.2692301462474117,-7.003302112967436,-4.33815345103194,-2.2076214302276775,-2.163049731433634,-2.9744151744292227,-3.212749351339605,1.3502011992322716,-3.414667500487927,0.11572172203372816,5.810674211720795,4.166118797854773,-1.469198749764912,-2.397334208946779,-0.8835126355558836,0.2886292129116168,-2.5571133616053014,0.6129169959224556,1.2945692663137438,3.6456091392528562,1.902925538658975,4.152226401998377,-1.0141263578298347,-3.423019005290231
9.760063957897811,-7.191407909992636,14.963838721487702,-9.490224728208226,-3.9807864284040706,5.898935263454611,5.562975331988092,-1.7170948090157276,-1.2965624665878053,1.8040037077462252,-6.34025394692028,-7.215178482812018,-0.6942584364461037,0.6115705164143879,-5.889203827881019,-5.5209934947286605,29.82401799133117,-1.7982954657547514,-5.443569938247666,4.470642087640701,4.5630353604535285,14.185580243694654,-10.566735399004925,5.799678699698796,10.159830522278284,-1.6844408580083305,12.652566220392398,0.20950148006679903,-3.4799978832470733,-1.4610670609781073,-2.1761704672580007,-3.655712446075471,-3.9111296351118523,2.503907214077527,0.5461575947672946,3.0079922699436765,4.753153596777274,2.5358383954489296,-3.256171408903998,-0.6064291620213883,-3.3105933839013804,-2.20380835069758,0.6542167748714156,-3.899059549375643,0.4390195964151832,4.4259688820408325,2.730319997285494,3.7175123234742036,4.581734499348956,2.0316011044965916,-2.657482540165282,1.8064831452958672,-4.159348141310429,-7.967910260314464,3.6727693473669,-3.3650362363307718,-5.901189718566243,-0.5479013941814963,0.3443372407648558,-5.50434784072389,-3.51065250891272,0.7537954307150287,-6.652160128475014,4.504730556505612
17.802737820001674,-4.60766599685531,10.0252273872298,-3.1700456747258188,-11.427286403819801,16.64419459466474,-11.36913451463144,0.07518550297213669,-35.76742139853206,27.455918769670202,23.399036433746684,0.72899439406949,14.358261577205797,-6.004972606550376,0.4493909176494559,3.7331215062073557,-1.21580632969678,1.2674473745637704,0.018838588123053623,1.3709543895344958,-3.304019702156379,-1.0059912955232877,2.3670957600189886,-7.342987816613193,-0.9027492122086928,-13.977204508482382,0.439676937496402,7.99150777424658,-4.703594594081652,-12.897872218783112,-4.792876580457651,0.029510868422052767,-0.22859375343284008,-1.367858690442678,-3.0574585190682035,-7.152786839537581,-1.657141152907708,1.4755806603196056,-0.5190933505294417,-5.7721700535581375,1.3788127042802463,-2.7155042770861084,3.275969821477665,-1.796186511904567,-4.294673009295788,-0.5309716925808543,0.8619025256376635,6.301241084019612,0.674638703164786,-4.8087591166321415,-1.7210176740993586,4.856301072922847,0.4822097516085756,-2.4607955451979113,-2.6376193985142837,0.190176442007417,-3.0847105490721347,-0.4663717409840609,-0.29123207757580843,1.1572865846910714,3.6554412316829645,-0.5527158582067637,0.7720568901034518,-2.184313182564977
-19.69233525350583,-12.466873169871294,-8.01849965877101,-1.7238311969911426,6.374551061770778,6.378359839389227,-8.620716802199338,14.701167179954671,-9.188164979489585,-10.657680422978798,8.193706314796787,2.1827238719530504,14.951508661328402,-7.974901583104913,8.687620060473884,1.7456245453001082,5.777854198069024,-6.338244676993193,-5.706732997025585,-3.1634469732910744,-3.2306741528444225,-3.09654425812293,2.043079789987983,9.406613411957261,-28.050165252369034,6.431030430366631,-6.472436838985062,-5.388862311918658,-4.943270807632947,-7.760537193815071,-5.460500042045566,4.345388694182706,6.630217466353065,4.379008609228489,0.8503012492231786,25.035846561805503,-12.434906318887302,-1.5026739847580035,3.0150073297582276,5.104839862132905,2.669489888044782,3.642648540227179,12.290626465001546,-18.17366896882303,-8.066382835607367,-6.723871119787103,8.203111900545837,-0.5601684614061427,5.542453919938298,-3.1427688795715683,8.443456980178828,-1.8860439000708633,-4.930486132130049,-3.2678512937391697,-5.692387938379362,-12.674225582990921,-5.810754729790497,-0.7943932913485984,-0.09836678940452741,4.09154537564391,4.087821369405832,5.9781368624538445,-6.413795803618158,-1.448774004236529
-13.591340337274236,-9.892376094761328,1.2839126818879507,-1.7838317755721476,-4.119241086406265,15.003801966350203,-1.492074693498389,-0.222734343057883,-31.344375043816555,22.809768581374847,32.639727955352804,1.5248355519610262,7.902266708175293,-8.318303521244879,7.930592687763548,4.924655782263637,9.591867444036438,5.826802212915746,4.826006291664993,-12.929452193792628,-2.466941511414384,3.908463767170087,6.144672412667174,-12.704230929008624,-14.721155960751519,-0.1856423180965649,6.335277964689512,4.7433725572872865,-1.7630400550207936,-12.771411381038686,0.8921705837002963,6.523776055004225,3.8449679709829354,-8.226776643143886,1.6281215177161494,-7.473065983363799,5.250458791761498,-3.9191795741332647,0.34969372806637133,0.7574769345254161,1.0205597773717967,0.8450715464656208,3.576027546697759,-0.9598927630589736,5.992286537422205,2.2272378592315434,-4.041028442831276,-1.8818221456735436,-4.685093190712635,-2.707162883980794,-9.374111635068337,1.6649527640330535,-7.571810340836958,2.4743629341077185,-0.900384762373574,-3.13736052871964,-4.451254523405907,0.2689543200725212,-0.2440956534844269,2.873316481155022,-4.412140643014733,-6.646049761969371,4.6368090800155795,1.1452934769446714
-10.572605508605657,-8.372382879970548,1.5846989133408897,-3.0606819866820243,4.96873490072686,-4.72280321983304,3.732661321375834,3.0112374765333305,2.3536508662577087,-3.320716782694109,4.302919551863552,2.5041931814523415,-0.6681259849375907,4.901816432651067,12.337770534900569,4.544513291883115,-0.9865066239785231,-7.906811695486232,2.0471005688769774,4.669130136156285,4.985724031146075,1.1438076946901836,0.9716165484167645,-6.665788097782802,0.6761658313184746,-7.863766190145947,-7.619770058106818,5.506415413877642,-3.4769065543499615,-2.1997029130921955,-0.8058015084863326,-19.339496101624984,4.634646443563424,-2.2256047767085074,9.396837598217065,2.152637659620608,-4.176049486020782,-7.863108006482273,-4.484473625124452,-6.712618183630374,2.6374835547989086,4.702735286793339,-0.05908009203636515,1.197364093352715,-1.9335813180089763,-7.044056376340248,1.2653573120255892,-1.2658321814547806,1.0443616353126848,0.265754094328488,-0.6025727452860469,2.653253132168471,-3.950120066897758,-7.621070430632278,-3.655309777331809,-6.079837387905219,1.7937627777369751,-9.416172827330657,4.145344687973352,3.099105137640985,10.415020528129379,1.4463296864775974,5.111134071453575,-1.364304067558072
-3.383170587772242,-8.58662378490802,10.894174512763236,-8.349430443107243,-2.7685632852542303,-2.790746429784189,-9.995994949691509,19.02197825857643,4.722340745732372,-13.310897420818556,6.0538717375935365,1.8277177917265506,-0.12840216597978982,-1.5603015310563728,13.716765134772674,12.323850985156017,1.1408771689208919,-9.953455162702005,8.193364684176197,1.0945498613518245,1.912411579613768,-12.53991705791118,0.4019426669582386,1.9462146265358489,12.868269863081482,-14.701726745784388,-1.0653853314790258,-9.627729779306314,-0.036034450913675874,-7.720863441885781,2.6702334054235757,-6.557533094971738,-2.183147950967112,-10.156993327325777,3.9917837109105068,1.1403199470183714,7.281048545498107,0.3683016200933198,-8.394615717509291,-3.7903218463831068,1.0901813059424528,5.213855478778839,0.03031413051438556,6.703291982678568,4.0533108793511285,2.2216987077772195,3.9190247401089753,-2.7267502827099643,5.958441557930323,2.772422221232782,0.7664290736007077,-5.589244341033549,-4.725891782511506,-4.3489075819945295,-3.6215826154433644,-4.038586555920236,-2.4974551909560283,-5.297591015925859,0.6599498179607756,6.148977775392024,5.468272692175399,0.18470377926085024,10.184849832779713,-3.1337000363578946
42.79046488498294,-9.280441400875015,-15.517075478603973,11.21412872447742,-13.536128199460794,-2.3378955794560046,-0.16194191878674538,12.542583576915025,-6.727174472497208,-5.18589133324251,-7.682390310757013,5.758390442612025,-14.772663384398852,9.335741748437895,0.868991539526513,-12.423580438295451,-6.869519534000575,5.602921277320948,-0.7227746948217099,-9.66010253573813,2.9026087859062875,6.117321141012654,2.3661932471528933,-6.810528013217445,-0.37761688318645975,7.58211947856233,4.209210891607404,2.0566705355300976,0.9914532481431005,1.1258781753471097,3.2855133937686154,3.762732323618291,5.270878229892949,-2.405316619951807,7.949768375778126,-4.077090380093609,1.3701831040943073,-2.873215593440232,4.657065829792328,-3.7659309573498523,-0.37808617702299246,3.8143327255365325,2.621691209189543,-1.385892752426924,10.270578125333751,8.36370600838331,-4.148525336804902,6.863076279892544,4.81783700832486,-6.776092655774387,0.6331977156462951,-0.002537409716782492,0.2450725058366225,1.6032003278075244,-0.3935448644631551,-7.279478805700053,-2.2904728687348093,1.8980505351057746,4.28604158625012,1.0250183593435518,2.6005680747915894,6.874836401965528,-2.181247223342518,-3.101782740507883
-19.102654408027917,-11.140416705223597,-3.1405830669848696,4.744684985021906,0.11847482776683618,-2.069387055073661,-25.182991215463026,-0.13962887400742732,20.502300726309176,18.847262192556293,4.792750240653221,-8.567457361669486,-5.203999414036773,-10.106228348437572,7.292439699966363,-20.626712443083925,-2.2663957811405826,-2.5421527250624543,13.060162317385826,-4.227090627038796,13.462248219404385,3.7016446251176625,1.7085528418323321,-3.654844949006867,-0.06317276889968283,10.6876907155755,-0.9039282088722304,-3.283810054462771,-10.472151073401708,6.180038270017127,-8.734350240962693,11.231324693605666,-5.065652728618845,11.57519906416072,-0.868305099976014,-3.3088878260984904,-4.254936911136468,2.7662023705750927,9.620434809531599,9.664753570993541,5.13846721136064,0.8521489776842129,-3.2961361404778295,-4.494246847091883,-2.766538165347288,0.3529150402804398,6.916924804959648,4.822215685744743,-18.149253169767572,-2.8743095862736463,-4.5458977244488725,0.1252280482740386,-5.860590534318608,-6.122005433459084,1.0938600449860902,5.4142710082721,10.062214417794758,3.759093253353223,-5.177826192448564,2.0475543707931907,-7.926774528023293,3.1618522489244,5.344211262265931,-4.468688477804445
-19.682967158924825,-7.0677145646778445,-10.908393878247931,2.752518059491258,3.8293795245475826,-3.9709484810840645,1.7345991202227864,-4.62045211031989,-0.005950621840017841,-0.8052630181969835,-3.099126656467801,-8.534863482354114,1.494787043414927,2.9782687285359772,-5.731640844217055,-2.003319108372149,-0.029422479426404503,0.674923318983283,-5.528267001093767,0.8428354116689821,-1.7812642547204245,-5.408845369363997,2.8826341822224415,4.645189420204224,-2.4207212521822488,-10.90573271455647,-8.682693001171694,8.066662434314509,3.5028937744357793,-6.843041983057964,-6.755371296201289,3.6854571178614366,6.152727490240106,-0.609877820378033,5.167178492745094,2.1624578336358034,-1.2833599338477295,-4.810280532625177,-0.4092354775954273,5.63717268466227,8.705860996342997,-1.2218966339844195,0.37624054836707255,3.443099778846051,10.259958022628215,2.1211784412638566,-4.124403727050323,2.7696333295918696,4.125093530367369,2.2612389089083913,-2.1297879925763405,-6.835488111878749,5.937227449981292,-5.591481522318389,5.996628503781368,-16.690310415949526,8.030418275425736,0.4504424207848345,-14.001834857054984,-4.986377310516941,-1.5174648538858013,2.013431207171818,-10.097042171367118,0.3819606412035779
-14.202907079295699,-6.977088020504329,-3.664830906178856,0.7300595975795962,5.494345001202071,-2.5388859058094893,3.1052772136913718,-2.0489657474927654,-0.5156522094264917,-0.9844953039073578,1.00515831711828,1.8306598864015062,-2.549703656062781,4.223681128947346,3.2964234452454706,-3.422527451493948,1.0772870986959384,-0.03228306125356359,-1.9337821737733951,0.04469562500230071,-0.4296454013795037,-0.9490936173824349,3.6098694937937776,-0.37867690519434566,3.256705182381885,-1.5997788482346293,-6.608863757596339,2.4765330166922612,2.211455555647004,0.5192071945448291,0.37957721892028534,-0.7534030910379285,0.47396981006345146,0.09879535238569336,-2.431487623168794,-3.618117583470412,-0.3044775792842952,-1.8793721236648755,-2.0715092947500766,-4.11838814584569,1.7845888595528694,-1.2942680702448652,2.079805773763023,1.652339320410164,-3.8812693362696216,-6.403768009514131,-1.3661343603837148,-0.7523492964641445,1.133967879404499,-0.8102486676544549,-0.3645613643568973,-0.80186899384151,-0.3170639947105499,-0.585297823486358,1.1941256432318383,1.339503607965226,1.6445984681867467,-3.4842779410980214,0.6478051089988822,-4.953884286361511,0.7184880050786462,2.18392942065905,0.1723659515427517,0.25295568826389225
30.56535229863437,-8.662802798899001,-2.004240191163691,2.326510702847104,-2.16779330550601,-2.1556912987047,1.8632528424486534,-2.416325969907878,-2.734880211569741,-1.3749609645245373,-5.203150278616982,-6.06414429485499,2.0597214831403416,-0.7273542616678548,-4.326022890327412,2.0907858605764313,0.9851408942897258,0.18024337179835906,-1.832470751032154,6.4414080769148985,-2.265819477725358,-3.264012283043772,8.618345825812208,-0.4832738176113353,-0.39428994553959235,3.2064658170348315,-6.047770713649886,2.764137256437925,5.2061343739319454,-1.6918300707862632,-2.1505278208136893,1.337696383641098,-0.9042059990415524,3.8839845306285032,-3.542718021972628,-6.95627480966464,-2.851730766528372,3.1356213537139856,-3.8628307882693766,-8.155757217668862,1.440934638122646,8.712516809617712,3.8722785561469566,-1.334749717230305,-1.7822023366839426,-6.853247498793617,3.9547698484129006,0.26020931349063475,-3.62610949003356,-2.1610873866686684,7.599289085169295,3.448394664712867,2.074349502364587,6.609708578032322,2.296105583498893,-6.228327421159945,-2.0387295440595823,4.9448668630311445,3.8067725725704986,5.372449709682231,-5.1899468932120225,5.49291210110489,-2.6006990224293167,5.581390860619341
25.21279886544556,-7.134718820998464,5.373467393421692,-1.151011242506329,-3.8210336896704087,3.386416237533056,-2.592761040892063,-1.4648480377945146,-2.9852986764295752,-0.6366373958666648,-7.439758473637342,-6.888411021853539,7.85544653007917,-1.909129055009461,-3.3012666273827014,2.1509179351066003,9.198442295800431,-0.7070836832254367,-0.4707622793360154,7.226705242956894,-1.4444037873291937,6.979937418049539,-1.1052632378319598,3.7583299747441377,-0.6280931840137658,5.0889091478001465,-10.806197387019674,0.2232714191213976,4.946268487104249,-6.135479726422629,-3.1653190396312234,-4.788327267666999,-4.966838356822378,-3.363096436661872,2.580119262702948,-7.0114825667437195,4.368147485238045,-1.688441160231366,3.3614061085434965,4.893395481605469,1.9905341547025235,-0.8519069587054349,-4.065186143497484,7.688659518320872,-5.110826858398344,-0.7466717171659002,8.540576023979702,0.12503540502859292,4.299420897077975,0.9939224459110176,-4.515435027640746,-3.3678738723266686,-0.15908334479348232,-0.021527920483279922,-10.740285653143546,2.7596846755602145,-4.995803541177347,-5.124166902594985,5.980465743632327,-6.663298356659983,9.46157446000024,7.313786493714321,-3.038858386291944,-7.883173087155809
-19.003108554766595,-10.98559922005077,-7.749692711501461,-2.8214898103132486,8.870028977942455,-6.449377869913652,3.3513368847547103,-4.788859264733559,-1.3351762272222225,1.541448512702361,-2.5789369248813143,-0.4947758847432417,-0.6452632357538279,0.26070669780004935,-1.8150156929324526,-1.4947723972659632,-3.5571293440064324,-1.0050625494908854,1.0942423408779964,0.49352025370203956,3.058580615308735,1.2739266909549891,1.138389858887435,-7.824231536806294,1.7267207134862468,-0.3083274976450262,4.971557675342532,-5.701020894668468,-12.602784846735469,-2.329335609711522,0.575743917062109,-13.737648113365275,7.342282659060045,1.770895398559453,-4.1925608067714295,0.01673845788532251,-0.5252072577725563,-5.181378769584522,1.6722920603536657,-1.6888382538914186,-2.47624410060542,-2.2031942359526373,-6.9465102929791,-5.560421330313575,1.842854058380804,2.2504275607753432,5.034360736404653,-1.2893618534400688,5.142840992405368,3.282610605474709,-1.4676504633427796,-2.542532514016861,1.4738486301459008,1.7425091102251962,-0.5291903928899799,-1.4827477445591686,5.599296232907705,-4.1219425190054,-4.573426933542512,13.991879059664603,-2.179105202222828,-8.27468172299226,3.8260007336593724,-0.9421590661273348
-17.583473324786322,-12.017874184346827,-6.944138033404701,-2.0965391113633727,8.863050994645553,-7.887274140968825,6.61876444959178,-5.191103371638477,-2.6845942313428455,-1.3252490379848674,-0.7595522788526616,-3.183931865751599,-2.596238549056594,1.8853177620723391,-2.8500171026804644,-7.3372346624769325,0.7720656991561768,3.476829161421681,-2.7336135680524967,-2.6588190496444013,-2.8955950609048666,-3.8092967600711987,7.190085921843997,-3.170601106014845,2.6464625719731134,-5.826951071496552,3.1082586411274153,-3.609478900272812,2.4467207484090605,-3.6248134817214037,1.0725141303067656,3.4252413947811897,0.4755273240599715,4.754953729910878,0.1780830347928961,-1.211342062562926,1.2648576096513864,-1.2947671176185673,-3.309996151693473,0.36037304362152456,10.825683257794953,-4.2491294609170644,-0.9219098783511044,10.424942633116705,1.0028406682867623,1.3950543691880843,-1.147073437848047,0.36488949301737617,3.2304649345779026,5.3651639698885845,-3.9394398128274783,2.3371419875775414,-7.9411851605000265,-0.7745488236887755,3.2313239231964657,7.842552851970633,-2.6838422463003524,-3.5817328351067776,-9.34765321273603,-1.4785497898574043,-6.992721746350551,-9.953442359965265,0.2758944480183605,-1.9131288944298244
-20.83435714564942,-8.807768806516581,-14.589995767122577,2.463563621852233,6.426070620252303,-2.355212051890189,0.04944153852092179,-4.742696271798693,-2.6436994016479924,0.3723723099106651,-6.387100969526528,-5.131269750274851,2.5025605641530664,2.1440708322864244,-5.682469381159823,-5.636990593975431,-1.650312610966873,-2.651938755816137,-3.037601079874743,-0.9957970525506377,0.9668027815357744,-3.228247402575361,3.0326109904048235,4.111033522157747,2.5748601040588115,-13.331530297065253,-3.6097646808483277,3.6010028308233175,-1.7208711015299927,-9.392014778776092,-4.24506016909674,1.4560039972529228,7.54114031223312,-0.3476042212741929,1.180190429053649,2.9256093452282896,-2.280678116918778,-2.5956158402925213,3.7993203786299308,2.7201442776682625,2.4120748638187175,-0.31988753298978856,0.1044175019039969,7.116527580014281,8.258349263746421,6.820394115988155,-0.7940700342834729,0.5120902111902321,-2.067640547354169,1.7931676029269454,-1.4661700847707608,-5.870942341742172,5.635761580897718,0.19135321122962792,1.2244609078690782,-10.983767947302907,6.940607299953292,-0.6170405271210554,-11.568655420604145,-4.976593464449092,-0.9846143062025448,-0.1655247566226635,-7.972188774145892,-1.8183729172540735
-20.00630219103379,-10.063589446410761,-9.59409868504811,-4.293592374477959,2.8581828949626065,-0.5785169841699199,-8.555929588498508,-7.3889740124601335,6.493711935177656,20.762154378082535,-23.04037659295611,37.38497894101578,-1.3453669166443445,-16.926174631711902,0.822808783205175,5.847029004158144,-0.997860514978989,14.422567876772094,-7.629110896844022,2.848131749057459,1.7389861598216743,-2.199939181009348,-1.5505116722024372,13.423683888109002,-5.38369942165266,-9.88438381709896,13.062196078999282,-3.8877491130965267,16.27246232661236,-2.755154117502709,12.760565821600169,-11.755760132725309,5.976011764879001,-3.5975410237265257,8.328118135206498,-3.4741002994327537,1.5015982364174028,-3.764879142839871,2.74011756241013,-0.06850351517776232,0.08730330483101363,-3.285639549711639,-1.9968390658459296,-10.833793917758161,-9.546713877337675,3.6673797866913165,1.4140579980634658,-6.075793808786048,4.928609329939278,-6.212455955145473,-8.160559594846548,-0.9858150899426608,2.8296406660638294,3.0607065324582785,1.8600569416168957,-0.46165788744905645,4.073398329402806,9.264536855965776,-4.033067207865956,-0.158558417818358,-4.7459911595635145,0.3835073636784271,-6.885209001486865,-9.062318438703242
-16.57990628491077,-11.89473291238789,-5.730832759639621,-2.512636154457879,10.402952643067586,-8.743281282755866,5.274793836293824,0.5237692474549553,-3.6809145226292768,-7.362028918054017,1.8745205210379086,-1.5101563563628564,-0.47358282763422016,2.611808285874375,-3.1799484919469174,-12.354415867568067,1.4902546398946046,3.3228364852180126,-5.497924089484434,-2.009575074926164,-5.8237296574401265,-6.767363562054468,16.443869676544633,-1.6856728799172211,2.6281574969311006,-12.093905279193892,-6.283501412050853,13.603213082264041,9.499254245911741,-1.6777265645600457,-2.538618918412334,2.5427947769127694,-11.308909871467621,10.853212116674266,-0.26585549402533765,14.34655780582029,3.0754899108478293,2.5290875190047255,6.818734172982152,16.351001631680134,3.5672121524574814,-5.0116364773473405,-0.6430565921468824,-3.878802666115394,0.15605451225409867,0.3182724840789975,-0.7567757551106749,-2.959771814312281,5.769082900786895,-2.865550622935649,-5.353702889731748,4.602790257207813,-8.723670728270163,5.6134182530736165,0.31766132597201313,3.1076863409714806,2.082244635823791,3.5838999089538235,1.2788427142417154,-1.0099478858782756,4.776346677113918,2.010766923284327,-5.142397263637947,5.31802296383603
-18.316541095513266,-10.34579178458789,-10.692661481696069,0.270480455528577,8.730305456769143,-2.5820882975642157,2.439509482512396,-4.03149047465414,-3.114795577342408,0.6352617682270134,-2.419245247017141,-2.9573783808299754,0.7755820775385839,1.0435776694836123,-3.6449847241844133,-8.277397868174212,1.1906499576435385,0.42214172891742985,-1.6821780948690688,-1.3384623455387907,-1.067463583955554,-0.21962227713568874,0.3746841399130698,0.21078613409263325,0.7651188638020981,0.46049352378341685,5.832738291156004,-8.630277122054288,-5.657921497257373,-2.953809145104765,3.201667589506402,-1.078392751857983,1.0657211571798968,-0.27053870213228787,-2.60705320648895,-4.905288588071725,-2.0704165333738813,-1.068926170547245,0.5213433446795162,3.06510874032169,-2.2537225761347326,-0.7714424517042288,3.025139578701393,4.648384159962467,-5.969770601340016,2.3471302356913135,2.5883054203394127,-0.5125693441230208,3.1312444817496097,-3.0155110262320908,2.4669553108483027,-2.266975802662113,-1.6875451114531284,3.463248271016722,-4.185171443653177,3.7362149330948893,3.2433460375633976,5.247641079465536,4.075205975956922,-0.38158016515406973,0.5748144457086601,-2.7418656371562107,0.7958209083412358,0.8476439768501652
-18.960296274626238,42.00297775109401,-19.749256441475872,-8.538090320042532,-11.703553812061871,-2.0982527054392706,-4.292204633618446,-3.3974580706870956,-0.5778630682218716,-0.4889096439477403,-4.695525425077274,-3.430283857383551,-3.572616278911322,-8.878634605859109,-14.082637908521452,-4.746992596941366,1.1907601765950167,-5.1687245892901785,1.7251447930496857,-5.579314182646087,-0.00976767313802343,-2.6563258209866363,4.7170609690175205,-3.94479532735132,0.018621657158312807,1.0206452888818485,-4.5747460588344495,0.8768444400653902,-3.647235132823876,2.1945023487095927,-7.98534807392031,-5.6200336741000765,4.568699603750104,-7.190155960621661,-2.4426850189060123,7.0434247500503275,0.43297907813954284,-1.3408239939722977,2.3188716807164003,-6.505546608486476,-6.836632179965194,8.476787574175496,-9.813594165185396,7.128453445880083,10.580786395072181,-7.101573892436665,-4.523326280146971,-2.4749192607280266,-0.26177856182311865,3.776356212778504,6.291493244699364,16.75755995499208,-7.185158635699803,-3.098690284686449,-5.637044535868094,-5.8207239641236,1.483704925005656,13.96727083489686,-0.07417481984917879,-6.539229068013985,-6.6565520487801395,-4.815161024273668,-5.366413824278621,-9.876996392812675
15.696029434943009,-3.587205792641828,10.542722800844484,-8.031779877588827,-2.896608137461878,-3.738106542128823,-1.8072940282355534,0.12999597266369228,-3.139887052095402,6.694375736872642,-12.683862338290425,3.03759238718404,1.4588679087699028,-6.941732385724382,-2.12811965945343,8.78861942935633,-0.08916011778705027,-1.8035833077811962,-3.1191621829477554,-3.770802877413146,-9.818786817543378,0.938371755592112,-4.861923811750206,0.27541896922831144,2.7170633033311518,1.574137091191841,-3.963588276030696,2.293324676353178,-8.555454768492144,-4.646302391171162,-0.7073994700525295,2.976593571608361,-8.072583054817716,1.5324476635685849,3.879208662727436,2.4627068775700045,2.125007428928361,-3.7894919314036306,-3.603975180052025,-0.4111279465463872,-1.1767274986571112,0.34127046975251163,1.1813837593462029,2.9212678761794284,0.2587327848690846,-2.1627918433846633,-0.7128046571680086,4.690113280530373,-2.4337261186622072,-0.06653806811470454,-0.5979272697325405,-0.26956643283934484,-1.3606719043647442,1.0752167243464168,1.9193612446588924,0.4127914751839652,-1.7110530871321432,-3.116631719665419,2.115431617169071,3.6622749703068966,4.04039801508756,3.342837008974275,1.4626484460634395,6.475582633282626
-6.027036462726475,10.700201061911056,25.38591986119512,42.268532257215384,24.756653927373463,4.595509649871182,-4.172892382734416,0.3953446588819144,2.044395440194018,0.13737973392828084,5.454663636968139,6.872384746128611,-12.465278944043243,-4.141575107414152,-2.1205513795634436,-1.262503610396681,3.578302848140247,-0.5534429173823544,2.9289911645016597,-2.03811146092936,-0.5373326461958672,2.42186467898952,3.0026919111657553,-1.7399148524868964,0.18291865146559644,4.201940066569137,-2.752142962440205,1.0797881031150718,2.5888478549790626,2.7117164715461137,-0.30800883385267375,-3.7222429102504537,3.2145701091489283,-3.2128980902622115,0.562788803779005,0.8707081285718091,-0.8990760922126305,6.539016481295612,-5.116816034706936,4.950927777706017,-0.35246377507133286,2.5062793759805713,3.0272204957487383,3.6938765769955753,0.019476217713280716,-1.394639937655596,-4.533040590343001,-2.1399346998218856,0.3349874320527404,1.475130226434104,3.073696088041108,1.98600173083703,0.647373742112811,-0.44102002214066055,-1.1318849307009287,-2.7588529489417417,-0.6809677353749198,-3.2715427911704036,-6.420398044785691,-2.1128615783934883,2.6973125296841625,-2.747453703681456,-1.253214409572079,1.3745481545675937
-7.701003131345971,-6.127940166956978,2.380496779955866,-4.71887823170361,-1.9412741202922787,-0.33733865181842215,1.7352247668153458,0.34164034310735075,2.6127558552975816,3.30906608928633,-1.0216759787521124,11.002769157971791,-4.039886298490101,-0.24307411727018743,5.020005169849174,9.062580522798148,4.525791600732887,-0.9238592237362978,-1.3454901060786333,-5.3420006118590555,-6.245792407885253,1.137701255017257,-1.4612537872523788,-17.31062629190215,7.026788227547589,1.1706725193165988,-20.286919308831205,-6.2604117928278304,-5.781561478334981,6.7725842039306565,-1.8306239058991285,-6.129226364310527,9.458692954006262,-12.497297554766384,-28.622880176159352,11.11665352144387,6.661826347014778,3.5555572151039176,6.209991634418644,-5.835222412936048,-4.442293685778408,4.558727547768806,-3.8852265508691946,3.2201544683570864,8.345193563192456,-4.812149833385521,3.7056391333971197,4.71657803777263,-2.427112552252672,-1.6258249455345195,-4.2653089407232985,5.763279693374933,-6.1783054148659895,-4.007490867095827,-0.6583503912532138,-1.088103434182431,0.1261133550679013,-3.9617331610357627,5.177811430580473,-7.005292107493598,0.46862232501667483,-1.680625109570255,-4.453715388230009,-7.518640908912812
-4.191155843689512,-8.58917999349376,10.676096632055494,-8.28649949394964,-0.11569789091840715,-0.02869491692228021,10.636194482689314,2.1696105571985234,7.5240403954195685,-7.13104216361372,4.817044134894387,-6.907311836192524,-4.043410053948148,-10.491703942683568,-1.344654632552132,10.474051720210705,-11.612412675330836,18.264127957838944,9.931664739394714,-12.824628697090604,5.612679971852664,22.010009394925746,9.718836855073588,3.773994957998248,-0.07574672702132418,-13.949832012479295,-4.451046457544645,-13.418011123364609,-0.32365348583520037,13.42496751141185,-1.5336011218854086,-2.6530587343573155,-12.328567875212787,0.4098803544599895,0.5455008844177732,-0.5785403907554899,-15.254934835258895,2.96989952557309,-4.330593570048767,-1.0207797832214138,-5.316829620843545,6.321530360307895,8.774533839684802,1.1354819673483616,0.3896949000916074,7.273706747582167,-2.9496788472756252,1.8006942778195556,0.7750580818415272,-2.0420700997393224,-3.2171721654848318,-9.18425468178233,3.0340771100315895,-8.64042770786568,-0.45404722168986017,8.977564552476016,-1.0438465716476482,3.4421345664999152,-0.17549217916459395,-3.9822898334838803,3.8132476367280757,2.919587784796431,-7.208779425795342,-1.8809037314293877
-16.198371833174857,-10.763596819536073,-6.868923339474262,-0.6370517700142012,7.9596018741146395,-4.999577182654853,1.2731516598433148,-2.9099602530528195,-0.08129702807649546,1.2272528454353173,-5.482500728048809,0.26539298748592677,-2.0956960993428675,-3.204966820034512,6.368821638623397,2.784097287684964,-10.371355015565697,-28.496592464730863,-6.93891527863748,7.4084193305523875,-8.740237176109373,17.353447241737374,-4.346942772331466,-7.081689191464343,-8.955636928643328,-10.719860342895817,-0.5975523319413187,-0.35384176853887095,9.440768267337146,6.228222641924064,-9.011908973915594,9.47707806325946,-5.351337988756007,-2.5120052636112904,3.5753567214063526,-9.276924182325029,-8.548428872344891,3.306026527361677,5.941858555551883,-4.624965710232535,-4.12166288823195,-0.48206763656300655,-0.5883407530610855,-8.106327747335447,3.2281491775813436,-2.427702721961017,-16.027233764803963,-2.6899987547398805,20.52929261497765,2.2186073019097576,3.1769431798317687,-2.639259451287985,-7.581448216664913,-13.089159997837797,3.414468673896232,10.971128264202227,-1.2136566146100025,-4.735814652520735,-2.6715241582062,-9.098598094407166,-3.9304621904730754,-11.105169948879885,5.076452553500969,-3.4864468525898302
13.49555097555461,-7.764362719514897,13.584268850805785,-8.202443837025456,-1.4533887953106368,-6.950941675578968,3.0944687213187345,1.686624463625551,0.415794778717942,-0.2788384350089052,1.7779105811471994,-10.794269073622399,1.3739254428586345,-8.374595149038443,-9.119462389081367,15.881723289357058,-5.463220474780142,14.098346740091786,7.620002588215937,-22.941973583269196,7.309621207032489,28.10488702736919,14.165076223273148,5.535407385207792,1.2589837826076233,-17.4680729726272,-14.04847561871366,-13.287437172296336,-3.035826323657134,13.898782792677954,2.5729222601423176,-1.333500951376498,-10.579300162079868,6.417337658399339,5.440639321389135,0.3178833626144891,-15.180959459412033,1.7106177435453616,5.397938837763299,-3.2688283945478736,4.478278058056363,-14.248423964812025,1.571374023507551,0.331924377600395,0.29130412114452553,3.254164707383751,1.4738816245539053,3.2554614849072974,-6.078480472308342,0.32916316619931024,2.1060694613946906,-3.533053817652074,4.01968023139067,0.841013241666835,3.822662199817012,-2.134121119708553,-1.3058576580926973,-0.33149268917793634,0.11230236059567524,-0.008490274287507099,-2.3059573862963054,2.826649387262033,-3.037198124826328,-0.6755499068766249
-17.870533857750985,-10.334216446788366,-11.482608182772637,1.0496130463115259,9.372780730213405,-0.2934633339796186,0.027636408320284318,-2.547088954159927,-5.070219822036115,1.0376450739505783,-3.6283469260680006,-0.19276716227314375,0.546906068562826,4.8370495078021,-2.204798322386599,-8.54686730451658,-2.248677699899684,-3.5370296767111755,-3.454930358362957,1.9775500159584625,1.3168034876332404,-0.43424496998476253,0.967312608773311,2.8320488734563845,5.634558932870643,-1.8290462047614315,-4.328176385554282,-5.117553555740431,-1.516199114041555,0.7787512573862859,-1.3378950592358732,-0.24770878701746468,2.3118259321298407,-0.7246262841933663,-0.790271648625387,-1.38164201708511,-3.9422194934278987,-8.961171233559547,-1.2037011454675097,-4.940538328867987,1.0571081224570242,1.8586765880601237,2.4232223114724163,0.415865688982933,-3.1411688725418725,-2.00656970541918,-2.6429394792924654,-4.813740572752459,-5.763971165367649,-1.3542510954044855,-4.123636104708263,-2.7211188526132095,-3.318005702840909,3.290190768707152,-5.742872177080286,0.5088018680777316,9.764268523696197,2.0440202708230233,6.597157383207629,-17.262354241196554,6.113961523561719,5.161198372574381,2.3094748257986173,11.634852544246788
-16.18734504617009,-10.304806830048065,-5.0283142398341365,-1.1268572403648376,7.156072525012551,-2.3048731789860115,2.7170221943715656,-3.478915851763499,-3.7437753789042025,-1.0883036159965545,-1.1775186185952555,-1.4499863715529053,-3.923910281204107,4.351929350411052,0.8833619934069755,-4.8040062276152256,2.124734913810498,1.6229328185712184,1.9935776548605861,-2.0840468283555027,-0.9588451499260991,-3.303405151308845,2.110896521070823,-1.1752713085973612,0.9793572733609996,2.4560938576775166,2.1437396969768745,-0.9793931358052729,-1.6168514290373275,2.910757988314286,1.0983770551804486,2.7795518616571377,0.4665172799895871,-1.8344589994032274,-1.451787686896029,-5.348861822869505,-1.1928594853755148,-0.7674523349393457,-2.7266364751756558,-5.304292668607905,-1.0410983961689786,-3.4830544596283133,-0.3813094220011637,-4.7157938050368475,-4.332243570654935,-8.432845146590394,-4.52049243693969,-2.6567295860750217,-8.551337889803069,3.2351034546351807,-2.944055755862361,1.7635692334825388,1.0306955075597721,4.038777541458853,-2.8931901998837732,6.389543551313017,3.370646866785801,0.8922333499391548,-1.2851219131861784,-13.429061822030311,0.17602350908538433,5.8665138058496815,6.190057036682942,6.746359660872278
-14.819322666787231,-7.615752403050728,-1.478457744859109,-2.388015656747529,-0.8648557156760571,6.2433338007960835,2.3215234970271537,0.7119059856985755,0.9906503739254809,-0.9144098203642708,-0.7936688042752714,1.1192204828556365,-0.8859515209170321,2.1149304889576555,3.9061859190373482,-7.112947203787558,29.644662853733276,-0.37518463071792685,-1.8514889497150793,7.624963825712024,1.3295574815159463,26.440049162094375,-0.02387045318870622,7.091230062270004,9.272355836517548,-1.933301141099248,3.1977664279319633,-1.2354080542206942,-0.478351200974968,-5.451032465591536,-4.009548114207469,-4.883947086493979,-4.314173615640145,-3.2601519888399224,-3.200587280129569,1.3427494723212436,3.138475462970358,0.4283150674875537,-2.3124117634625634,2.061248162167823,-0.050275211678169944,2.9104001103382666,-2.066897733849544,2.2098946593486137,-5.0075355698071755,-0.5341167241883088,0.4869319992383157,0.09593851159875355,5.340223421775838,-3.621456108642036,7.392188336334719,-0.840612118368602,-2.8653177217133283,-4.9461628260332136,1.022674343686132,-0.32772604376545855,5.892398859382174,3.1457237077035054,2.217933721712662,0.17815195313497434,-5.455126428139804,0.5253238322591212,-3.1647151518659418,3.4080784489526024
-19.91121327234096,-13.007475378830465,-6.793066978145301,-2.8412080862255564,7.088415343078655,-4.31736371025828,-3.9902676165845934,-2.2486030549172766,6.3298685042763045,8.081870800112242,-6.109808812091114,8.958180829519918,3.0205408143189443,-5.298256407181752,4.3492890389681484,-4.036383145808452,-5.749167999769824,-7.483260759316136,17.489096318813672,17.527567351318766,37.46292609635665,1.6970458940325979,6.422748302693715,-18.65285305189851,-4.663471138427117,3.026057760480563,3.1563226152981505,0.06361879993890149,-23.069895776421912,-7.974364187061431,3.3265710254163983,-0.6788048164569179,-11.332667799011508,12.185995756358365,2.701695153793737,3.26730508681217,6.773829776266342,-8.376481396215846,-1.846384560087834,2.4389369017578466,-3.1519316017655084,-5.012140219278107,3.014932291829969,-1.9695440926491474,1.3269133575818821,6.997529612419385,7.014703169918515,6.172345523133763,0.15252042688435738,-0.6313922805979445,-0.5964245814982055,-1.8451344988742595,1.130521065569511,6.067406347492108,-3.3545191811611006,-3.826955591571965,5.386665950569695,3.1826840978117485,-0.4884428874479924,-2.2844638088083684,-8.345800052030663,-0.5787235429228472,-2.2712261202797017,-5.231280397321268
-18.468656902125364,-3.477146219964702,-14.902634272422075,9.238996946651307,-1.2452731373170325,-3.8876899239353797,-5.513962740290861,-11.837911618247691,-1.3236026709978084,-2.697065771594076,-6.1870256323404345,-11.107987820408953,10.423901705571966,-0.4701445995071172,-6.879555106719291,1.5903568988423273,-1.1842766722327351,3.973007618489243,12.640042922911944,-7.205891515038186,-0.6427687423256605,1.0018589204696378,-12.863827592526144,-4.977185111851734,-0.8402584029404555,-1.5161339779801384,7.747546625068266,2.2634264462706666,0.3369720419494198,-4.989848834394847,2.7991044598353465,1.026140724895625,3.660224089613579,1.0860261804857034,1.1702524245579735,3.1852383391511245,-3.7792516772272746,7.979663005994777,2.6448057523836814,4.538755612025823,-5.064826582266501,5.184510073862704,2.549219848097842,3.6131541317578635,7.7219982602530095,-2.9115357108635176,-10.829202096994884,-1.9877658803032396,-7.5944916523830654,2.9146738500080662,-4.609959092576642,-8.470311920073625,5.065131188352819,-8.981821735218139,2.361714653513922,-1.6295439958751419,-3.9744489345556895,-7.178566070072773,-5.918797537627133,-1.5161071514592812,7.614548314047217,7.714469286570446,2.5497482785244223,-7.412074994549021
-5.635879696667318,3.074196552099944,9.676554908402997,-6.235668995325846,-9.804469570815094,-4.166084623312612,14.241261750856133,-1.7632351771445645,-5.630821089049691,-0.4214270843202903,8.192435756044903,0.1586100734639785,-3.1878018342090546,-3.0519806359423893,-0.014348884245423516,-0.29752050797134877,-5.897543489104782,7.596280582644144,-0.11491810239653841,12.188574860610295,2.3372756360652227,-8.24965974885661,-6.657120984678248,4.015589670042608,9.404107979042545,5.9114778443051765,-4.65747715422539,-10.152965219171406,2.935383172557563,9.33443874878412,1.35795760365257,7.055904769073097,-4.092906591008106,3.984748660504922,5.652019768867061,6.3407671443348095,-2.004665545016012,-2.475273299586507,-2.4422727620422506,5.121453516863312,3.3546967091283033,13.113800527796329,-2.970713756621376,-4.323910617003621,11.239820862826804,2.511230094511893,5.18598051144247,-3.8809617687069067,-0.8413198189835733,-0.5964486295261616,3.2733697634317385,3.3251662483669153,2.0181755766832206,10.49408610675053,6.943021885163934,-0.5587838114255873,5.927929804380189,-4.217920724860968,-3.625816860003525,-0.9518260050121514,-0.812067525301149,1.390204334723905,8.761695805718077,-1.0639447735572765
14.58686539109342,-8.422961891454515,11.55975599398872,-7.926787671907105,2.579659348224828,-7.933150883514112,4.5287301684132855,-3.282388780110188,-4.404841500924528,-0.45036243179813396,-5.481565227883032,-8.52583233416816,3.1401725649530974,-4.114203578388915,-8.766052130538691,-0.42694637834701177,-2.2686979085133103,2.385868116599419,-1.7061767501386587,-0.8841249490182675,2.717571582444943,-4.427258797008667,-1.5013018635241648,3.402659453548325,-0.04451864027512309,2.827290359131002,5.5404354165904035,0.6237506056420953,-0.21294475861096832,-2.72252920465704,-3.0900015810913954,3.1408456935727935,-4.570392991069578,-3.633910694666771,-0.573357146015141,1.2755580223815082,-5.895508152237568,-4.067237693820696,-1.0259700168492043,-10.301691612903644,2.831028243640448,1.1367839945108293,-10.021971909409467,-2.7849063062064983,0.5509347474630105,-1.8133217274340183,-2.0428772964077377,3.54800755778828,-5.812792826222598,-6.66359521872105,2.307354953916755,6.109461695100993,2.763251399878861,0.21836444190508533,0.6481802266797012,0.5376103835373317,-3.806571897718457,-5.671231604707498,1.2226197084796537,8.887804528990793,-0.6270406099469209,-0.7804989293042248,3.1522259290198247,4.523611632931711
-16.444515686575034,-10.261065698646064,-2.847920662889895,7.92516349552216,-4.0417095038298925,4.151450665323207,-27.80272199344205,13.19635186122553,-21.775199279662537,-7.162792167184096,-14.468190427891823,0.3987278146213343,-26.546230795714603,18.744992125471306,10.441553758451967,0.7262795628048784,-2.786228718051381,6.089166829217037,20.23243018086829,-6.1772273088536505,-1.3743275486624718,2.5574972156417237,-1.0245641972341668,-0.8574341776656805,-4.431952001297868,1.4075404987212776,8.235629547220709,0.2943232113434622,-6.143736944861774,2.7762029836306596,-4.793297644638667,-6.97658928494291,0.12412794656520942,1.7183285490051965,7.052866389936965,2.320461814191881,0.8882906507791646,11.678018198314623,0.3297809976798899,5.277468406935117,1.2815968394344637,1.0885428780740098,-8.470450621197472,-2.61712720281554,3.0429491816919723,-9.579064044099225,6.399893881486183,-4.7827231419298135,-6.270757300037263,-0.334595156891338,-4.76748570236884,5.101963003468456,1.7948844322925526,-0.450894629357765,0.7537286530116555,4.408991531902419,6.013910858022758,-1.7886802984102816,-4.8314003868356945,-3.9693604453068247,-3.7341399289034927,-7.11449051882837,8.94179531559343,2.556554710723165
7.3848190526868915,1.7738185462030276,13.920238500265153,-11.028038034246848,-6.562270938959237,3.9518285114491016,8.787843494963086,-0.47964545055590263,-3.55864041433295,3.9824246842005464,-4.030946824708456,-6.210543653992782,-1.132204201589042,4.309312832613233,-8.435265931303613,-2.159497796743663,5.25422456097406,-5.341399517311324,-11.749944562882087,-13.408207991885238,7.322257344252665,-12.68704320901208,-9.992814457899728,0.8424169221303471,-4.560314217345685,-2.136561699485804,6.009154272794974,-3.999475341051064,-1.443290161891597,5.888603479173863,2.5739209614556917,-1.380317913492642,-7.423588754340449,10.295853919120756,0.6484601123449745,-1.1554297617373288,4.024346153343702,3.2428822701014464,1.7037618492448001,2.0716031035813525,-4.220332339507372,0.04549599570760607,-0.38607115929827734,-6.083764604930618,-3.353791895213788,-3.118608295637316,-1.263515059619491,10.031273214158228,-1.5863526286247578,6.344584022450904,-4.9193082441509155,1.5246218039361195,1.2923091274774707,-2.563795859419189,6.484761652750336,-2.643528492202786,-4.227682290927311,-0.9148231069822291,6.38257917375678,-1.8756377456894653,0.46344301863469134,-0.30713558483735093,-0.23659903400477675,2.5538981180708618
33.97170931737562,-8.94193032514075,-6.396192573688349,5.01402450416027,-8.45969295474365,-3.091143855164939,-5.561616621651267,0.7131059165716658,6.951366944816652,8.9081324517683,-0.5260684530993573,-12.378283752157873,-1.2997256629853822,-7.782855434077828,7.535449070803604,-2.637366181829251,0.1723172070356838,-7.926874131620617,-4.333677549262652,4.962137810413884,-2.970251542761007,0.9119115937256373,6.996411451120696,-3.1645421139538654,-2.341045068178128,7.97296959515504,1.561704200618989,-0.3651223285324625,9.581397199524117,2.9821045301035825,-0.507536287231797,-1.8666539990370399,-1.397902249762053,5.945808655164167,-2.927513615846461,-7.100014106947702,-8.053587203524183,-2.5845927021488158,3.679781589051556,5.7783575904860225,-1.9317405038076292,-0.027679232253224096,4.5358143790555685,-0.6541028701258191,5.612693343290824,-4.038378367218031,-0.46841991755981927,2.2957422084507226,-1.6282930301421426,1.5037970899537112,-1.8100060931590292,-3.6198163093375704,-8.965672453925242,-2.191584347751443,-0.21831590332690634,0.30307688348148276,8.617550642836429,3.944312546069644,0.9769587952893473,2.834783756228094,3.908367011881364,3.635768168056932,2.1855056571940956,0.16218796052747178
24.205709407783452,37.19581213598028,-5.1337622050690666,-27.03654940607255,28.86867353543295,3.976640768336112,-12.663542929394717,-3.710940455209668,-0.7068207281316545,-1.2883714412942218,7.038777792594928,-2.2194872266368,-5.683717905607771,3.962025795008878,3.447349927047179,1.8177576144836312,-1.1178227313806928,2.1992892373999644,0.6094002585707555,-1.1389953262240633,-1.4153865234225433,3.6406759596686555,-14.784681099360983,4.137133738353746,0.9594128073219313,-5.32254582675829,2.7093526839888327,1.7711791447449472,-2.8735215447094102,-1.8834012955647625,3.930354309407997,5.521405417609079,-6.3256102276247965,2.8110033920580273,-2.668320022870951,2.3696451968865264,3.864488483386828,-9.586578468147662,9.658095243156643,-6.646344206619759,0.5210196233511762,-2.9891761483465196,-2.1139343796967407,-0.12336211147259765,-0.6204601822022529,-5.215846930767665,1.2967717853857195,3.2352990088943443,0.942754328261336,0.006066647635438383,-1.7174449006150516,-0.6496515106778072,2.254534279941005,-4.074046873782913,1.2434842559767227,-0.6937553272182088,-1.6322187160557677,5.335212483892024,0.6960087669009718,5.228505837761114,3.783718439357427,1.8113267770049541,-0.19192804312085293,-0.936392270305858
20.03007448642866,-7.321101029224258,7.156762123042462,-3.462417906512895,-2.8323916892896666,-4.037966030860649,-2.8668947780594474,-2.2467288638293526,-4.801942114765742,4.675748218322261,-7.1245563625036334,-6.4930289219986586,1.2999767646976552,-2.490250479281271,0.7660977848474416,9.835117619656938,-6.373494622864577,-21.070231112295815,-1.5331045976152884,11.739667582030616,-3.2643600003890705,7.829147228893227,-2.169254855721069,-4.156907970322829,-7.970243668611262,-1.6125262304599044,3.9734819017551097,1.2058263724323453,16.793723509447208,5.131070581257767,-1.6124409836841653,1.613870544627857,-3.404278390710866,1.8225913450111966,-6.1899383054147235,1.6407265283766308,-2.395075085367834,-5.276570248557089,-3.1387413862411813,3.9225283830413984,-5.158288695868133,-6.293016210508771,-0.5724330565509,9.17863761648165,0.9398716467214008,-8.148345000812316,4.177555553929589,4.603766795350687,-6.054419378032527,-1.0322842287686502,5.477568097429033,-6.77367792291838,-5.089635835730855,12.320788461532011,3.9122648138318428,4.691016594422019,-3.1081340684899095,7.392579492581373,-0.09373298204789955,3.626584911130734,7.026625653758627,4.552374827914358,-1.5552726707505689,3.943792412781221
-18.658562396593123,-11.496659225876723,-6.522819745043534,-1.9884758582675002,2.6441653508054785,54.83611987249071,9.337958196860436,-2.2357531826558263,11.149237189831583,-0.4722435120729992,-6.325867478503091,0.6135643836986774,-1.129092463346388,1.9237253764186595,-4.060684147409391,-4.366258148730141,-18.41625881547855,-4.609878852162226,-5.437567000910863,1.4760856349577154,-1.1896690570466741,-7.686433149877592,2.6048421906078345,1.6383184349288429,6.640544007949279,3.723786128427017,2.01051626396531,-2.8347212263500623,-3.8067258159315664,13.34634625832036,6.793915428357716,2.105989355420142,2.8524057585772575,1.7753069203846181,5.757378120527863,1.1019019005969712,-1.398042929176193,-0.1561669591179236,-1.81175286474193,-0.49006819464064866,3.5945019080805585,-0.6369145003958863,-9.672838360685542,-0.45211848577862973,4.084530716884996,-0.108123578057813,8.947889554406665,-6.863622534253678,5.334785027871925,-8.441613754647445,3.4225679404645213,2.5807690259080593,-11.020644757568501,-1.1879355832683032,2.401740072777106,-3.1448933017241743,-3.199868412201845,-5.879303028200005,-15.735568914269415,6.7352152973364285,4.34818473867509,-2.86187564470872,-4.64331898540951,6.081764246989046
10.77096125191602,0.0661656074862831,11.053805782122337,-2.722149148235482,-6.705870843739699,-0.15529779506308375,0.11629254571316772,-6.073082389262012,-2.785392613878688,-4.630278361461904,-5.640606888366758,-2.7010236673985935,8.840104106753683,4.09194360941872,-1.611691624695301,-4.431436006471748,-0.83081997490707,-8.95380366824476,4.624285337478258,-7.1842588071824185,-1.6477944126723765,2.7546089046566684,-15.515073651881977,5.961649975004471,-2.481625006190097,3.2336437444243615,-17.80145000542214,6.379153298003555,7.7080171148898415,-5.459703401070423,20.71275406345165,-5.8832527128723795,-4.265073047881183,1.652176083886739,-1.3751284965068091,-6.576595930668175,-6.480101440794805,-1.5025533300577396,-5.290405644474299,3.219635228651048,5.466039355177817,3.904151985519932,-1.1434702101944223,-4.091226190888583,-6.031587797538649,5.896933444258639,11.831590301677078,11.449393680370346,7.03901054367104,-0.39667475979676814,-5.793708286164259,0.23957130567718457,-6.85747728051672,3.533122218149064,-9.797626938176867,5.2297755361580895,-1.10326668337425,-9.540486613771233,1.3711339846898207,4.105936137550551,-1.292466218685193,-0.39196065398897,-11.069632925246369,-3.0384357397023702
-2.166009790271292,23.508398168772235,11.302972025893062,-16.197552111005844,-13.964013830316654,-7.656728065960505,2.5791060165475304,3.1726236870627154,12.963994931396726,8.618147090671263,11.796166483632913,12.598664571655332,2.1701825454821417,17.920333870524118,-21.134163475361927,-16.133596074820463,3.255839606712958,-3.9972311821877544,8.349350691164164,-1.3126361244247118,-15.842068785723763,-4.2002917747922375,3.6535043236350644,-3.5801297775952725,-12.226322012682274,3.5329786237299294,3.0201565289270005,-9.454566090435637,-3.6556686425204616,0.6119989347595167,-0.8763979643646173,0.7795760997571037,-9.5410799649991,3.818207754539864,6.098121829931264,4.7635637002625115,-1.9851215359466992,1.532416913167134,0.5808824341407655,-0.086625324402418,-0.7242057054623385,8.730216426454048,4.712840743375055,0.16678707881278046,5.6351703386135705,4.10127381441766,7.82895228328773,0.7375993141388403,-7.122849916020688,-6.642465213985895,5.21285488115436,-2.703211804149123,5.785849426642303,0.07114654862145885,5.806138635606611,8.82861071833506,-5.209710729849185,-5.020705587156686,-6.69458840036688,-0.1977195338866697,-0.4019309753919332,0.040256623459344595,6.827784932526997,0.3168659376724727
13.577545695391258,-5.20090444776408,14.296587228839996,-9.385096737916758,-3.0104158901307967,-7.913073534791646,3.1942404688630237,3.3844038754912944,1.7005657068773326,3.4409390516894773,2.3031091832010735,-4.286466038979708,4.945178792593299,5.228452230790959,-17.442271538557282,15.632694971057568,-7.294626562119761,0.7035270519211173,0.2980339613485093,-9.551461621090587,5.242248221548278,12.807394487249027,4.4057678009855215,10.103781913107541,3.453154356568571,6.293082940955968,2.8563885100642428,2.162976488060158,-0.23917036351169532,-2.9771356227217134,-3.3449342852161474,-0.7634455794689072,-3.003941731883662,5.076200582042381,-5.743912863500441,-1.34348084090055,-5.501537928954842,-2.223173476229505,6.834395481221661,-1.4037499620384946,9.239642227847204,-7.751825889160071,-10.924163333344186,-10.051237292881101,-8.281033681778647,2.036508061521006,-6.908270449524674,-6.297701507385793,-5.031602068535473,-5.779189275892598,-1.4006528625364105,7.892573271031715,1.797369547652956,-2.7311293557722376,-3.09287249607979,-10.13117156988589,-4.485371976695952,-2.5571179269819266,1.0984327696688136,8.646213113003087,2.0865480057448327,-0.7621980313458327,5.353315746573399,-2.6044071449974786
0.913367226424418,5.816116340620075,15.913320190686356,1.3118890914367578,-16.53484708691916,10.503912116844559,-3.7536305422436556,-2.4824289962433816,-25.783171694864247,15.661046216151616,21.609171016380586,6.30192469980036,1.6794771342878843,-0.5494329700037215,1.9360724355923242,0.937163459323888,-6.6685614829143764,2.4256134453227607,-10.086366206164628,1.299992792433559,2.9888677511773327,-4.8683011454826355,-6.666663406068894,-4.564017302328462,0.4881868170695747,-10.464323530824238,0.8058416501915826,2.5822438521922724,-0.05048752641574291,-10.127736655652074,-6.0880553916746685,-5.077816341037486,-3.168321487211205,5.790391544829636,-5.838460027833623,-4.291452365719151,-1.0505605216395266,4.560326143721182,-1.607857153480158,-3.2140208450176435,0.45468124315054215,2.0582800486321537,4.470535864561721,1.081729492823076,-4.003326683062916,4.410577427393585,0.7896322628972481,-1.8532400149566102,-1.7016912009508782,-0.4925496640315948,7.161396407089082,-6.237530508166368,2.9492500482819333,-2.175779164945726,-1.4343892663374929,0.12755002287476325,3.1120892006245997,-2.1915657205650025,5.216429327818781,3.8165575791199786,-6.758738420907632,-2.314786277526644,-2.1325488646480197,5.714214918699567
-11.79833395925123,4.739106103315372,19.833207125108046,38.00720584700207,17.382782908138758,5.1444953896670444,-7.776156689466581,-8.033732929609494,1.394545696026977,-4.602105432436431,7.722938292751139,4.728255928659426,-16.242527085837363,-6.613800219975089,-6.5307402287418475,-3.54465602381523,8.307818882044861,-2.280492922379668,4.2376251312787065,-5.166811953318461,-1.3376657643539507,4.256720974670161,2.0219724240647046,-1.4622857470504487,-4.677517687124727,5.706009614056389,1.480626178797683,1.7337873170187617,0.37635830955314314,3.7230203993945192,2.444546888622264,-3.48782799918771,-1.7775947557457814,-2.8617083708978432,4.182761239218302,0.5145772421192184,6.047535572329456,2.0759994689740022,-0.3752142623607579,-1.9251554193217615,-3.632680442706426,-2.030492802132623,6.597766703942892,-0.5259958504031347,4.670607209407966,-5.590157752932398,-0.4429411983968142,-8.656372405714063,-5.887585517184238,7.858033916898531,-12.784317290142717,0.4764144727493248,2.463833693286422,2.4577872532656198,-7.098185092400356,0.11031282460222125,-5.818682587104066,-6.5327099502610935,5.360732062398951,6.047073345396101,-1.207161106026484,3.4636112027659687,4.188644934380709,1.6424866754572667
-14.367178629938266,17.243606540022437,2.4193374341701643,-0.7286011390647457,-23.6320316483066,6.980529174469274,13.415100111548911,4.414574033245745,0.5377620750324247,-0.004986667975158407,-2.0339170269860913,-2.1885178702238424,-5.760566542106813,-1.3719610560792397,6.2593065058516935,-4.657421478829517,45.99480035288712,0.48688706801215903,-5.290990549763204,16.120841157201486,3.5351209155018424,27.958582950209834,1.6418917114500229,-0.2520788854335043,16.936728975329487,-2.7637829040331545,10.518555366787558,-1.4080356572668968,3.0198870539814324,-6.490355500787507,-0.4987182029256778,3.7396968839250437,1.9655074380591517,7.4195203761656465,2.285419756447669,9.09845877487485,-2.384937115365643,7.164110464950765,-0.41161335151662787,-5.370369301079207,3.5077791982843647,3.106650025925358,-3.269049454682862,-4.688013779414103,1.7236678041223061,2.4934857623763325,3.5996419540895244,-2.2837223576278247,0.3752941474973353,-2.998435505059261,0.19283216392860922,3.3771349864288878,1.2892616240183148,-1.7794605390156937,1.8258324590047956,2.497448602801871,2.876062534139059,-0.3110101195153614,-1.6032653855122412,2.0911162344693652,-1.1280396551792213,1.4662955530378474,0.5084076058134948,3.1570136771682598
-13.141539786196569,-10.521984732156772,-2.0333984634466815,-3.1879579503803273,5.233802687685552,-6.6935645929537,4.935270091794989,-2.835301695698096,1.101893672588869,6.2609069096979155,-6.873951596078171,11.501461046854622,-5.616306713771776,-2.79744108727862,6.645750948025546,10.079459798246951,3.9360278242477937,4.571031587367365,-4.61121159150216,-3.72255730275747,-13.173827937465783,-0.8852660234807819,1.0152710267203786,-0.35209938800851526,5.45884312806751,6.4105274407094335,-2.645904282418232,9.690767450445529,-7.71961783651154,0.2862567306469634,3.1413024961488505,5.198039440467095,2.518056561053528,1.6741460758091256,7.874447619148912,-3.744590415900101,1.2643178235138022,2.880734479499542,-3.9836255186680494,-2.8549437084338947,6.036782631155645,-4.385706796132364,3.995609319958352,2.3171253297452536,-4.340420968086465,2.3559820801220788,1.9728127880722968,2.5683019611052385,-1.4871607093636583,1.2829641565473977,-3.5329044774776968,-9.687906454939569,4.983671386386088,1.0629943727358435,-1.7410538218902176,-12.060096085557964,6.90937313098999,5.324622923412731,-9.408312477753535,0.33271147667918854,-3.5729040186170047,3.5641779627410815,-4.232754932640194,-6.3065351102123
8.102747658668072,-6.95950116464855,14.314453040564842,-8.116068190406853,-7.933445012447485,-2.669493459201489,-4.301262528638254,8.83159419467008,-15.798133181738814,1.9789157891788007,-10.858366122960437,-2.670182775732674,-9.55305705136745,13.565730727000279,-1.158811313284646,-2.718779305061362,-11.55101595372986,12.565070052039388,-9.274201446743954,-3.6124047409225484,3.9015645547120372,9.704087377576167,-9.986100905019686,-0.06497827271292948,-3.1178866050232754,8.687737458851652,6.735526783424108,5.580692949565253,5.204284755516181,-3.3298583182701216,-4.810414262327832,-6.398912988118089,-4.875043063467403,0.6906755635765041,-9.862881963150105,10.467198186754306,5.88773396837759,2.0789388128774187,-8.664671872347254,0.5335712412561519,-0.15192837327869152,-3.388388428124333,-2.648390899999619,-2.6847312870409366,-8.51316906725504,2.123406082936917,-5.353625865306109,-4.843151183825577,-6.6071652606602855,9.710431834789574,8.386068940899094,-7.3442344177663434,0.2582832309745847,-6.812029369876112,-3.0223900676947757,5.995679410392818,-2.0407989879292674,-4.6439585775995615,-5.335328071218127,5.3862921075563985,-7.107390955061972,-9.557595632279197,-2.5325474275828284,5.654999869473155
5.011945330790119,-5.831635476391476,13.006749599196379,-6.794936221530456,0.1045869129668387,-2.355687137929118,4.758976412901407,-2.126655382012191,-0.6215257830251651,-0.8444524773728802,-0.226145585260533,-1.9378354025330882,0.31354117788145475,2.772590763966258,-0.8134967066542079,-2.124815173230304,2.479607338962907,1.1014541683341723,-1.5843566218863976,-0.4923100108562948,2.9569613383573983,-2.6664087076997034,-10.559850733455418,3.575207170657867,2.8936862997775625,-1.6886554100117972,-0.30902283913839446,-2.429163856974877,-1.1331318939549213,-4.755091709596747,-2.806657982220193,-2.7197446074364393,-1.8526083896985397,-4.980052836252581,-1.6506425307786479,-3.9019927418312723,-2.3166949184372934,-2.2583347804474987,0.8573399538318726,6.200247479464734,-3.1950591341717116,-0.741185662129378,5.539219228549932,5.105387626415318,-6.469285478887933,-0.45345245280469637,-6.41317114270568,2.548379988357436,0.8862073634728127,-3.5088564729807246,4.916879845142044,0.3015126012744732,0.6062116643936786,-0.09982789684617031,-1.3399341890628027,-0.26673923748475836,5.713582098526848,2.8190042976995353,3.354361868036302,3.279080843685359,-6.175509046478625,-1.2226146223922356,4.185432250754225,-0.2174916587074099
-18.34314177832556,-10.128477377779518,-7.307577950703942,-2.168559659176744,7.019943478833004,-2.712126474315848,1.0758927699085699,-1.9262036475339386,-2.592647232396377,2.417032514174243,-3.402558873348786,0.8079067768556372,-1.809257671590887,-1.5195156604958298,-3.1889642895351162,-4.925700458491184,-1.8493836116821132,-1.0770854471652649,0.9737914256968828,0.8896877122715615,-0.76503556324806,-0.5954477079633418,0.24884449554490792,-6.8225351689013465,1.95590533778897,2.5305175315855055,2.7299749718192845,-5.5672093791364095,-8.284056987476745,-0.4782138364912357,-2.6395912860047135,0.9622904097823533,-1.2958669300209418,-0.4589634379715155,-5.131022788185199,-1.9896323970185474,0.09826205254379528,0.49262512267374814,-2.212190157428588,0.5265368462258331,-3.1060858006689296,-0.8527589426541758,-4.320139054213646,-0.11666945192192464,-2.0570444718656633,-1.9846683491328583,0.7683891676018716,6.295154798096707,4.161103429344139,-3.206063370011553,-2.536050850909107,-4.04564162408051,-1.5146914585526152,6.450143867676354,3.382670038425295,7.888529128630314,-5.749919038416856,2.789196733693452,-2.576331910839582,8.153899836056274,1.0702597523025503,6.089066267673937,1.7329996825926208,0.9284887212672235
3.005914994684055,-8.567931601397426,12.250394981356703,-7.663992796573398,1.097877638006606,-3.6426442586091343,6.140260304195944,-0.0005435926532393059,-1.702989826061941,-0.3488128923644694,2.4199393950853993,0.8694597030110145,1.4262883318994215,0.3435014681618965,6.033686186343607,1.5274690175685175,0.08991252981697144,-0.7449252904752494,-1.4119743663346458,11.831234919683222,-1.79524704982336,-1.17701335278951,-2.666911153038167,23.03382841266255,-3.867782373643595,-8.287933990295224,-4.68473227992763,20.999429521800838,-15.213504698484762,20.60675289102375,7.995246676638321,0.7069246781718334,23.430553537795998,-1.481085084255203,2.5953842951201183,-7.523014777152025,-0.9417420839436569,5.969299789485357,10.103671199064767,1.9080405772794267,2.5001340324980887,8.62359513902728,-3.6060514317771117,6.492855425593713,10.78656934025955,-4.930196741435351,-2.5202460958726114,7.330287195827842,-7.990015391994304,1.4627733507030753,11.372273472235813,-14.7461279026628,-7.648811873001556,7.2697291148722485,-7.338453328266142,-0.19706032174479762,-8.360574775756106,-1.9934652960560735,-1.2410874376024206,2.1480826804018713,-5.016792345991558,-0.2970236810210939,0.735690963626782,-5.476541592009183
16.7317297368724,-8.049468773929577,13.499324733144249,-6.741083837983452,-5.823089021670227,-0.16505246411912677,-12.970324724415319,13.164357812554753,12.728559366233062,0.08129815238243439,5.995189259251695,8.140584062097671,12.88724819813938,10.96703545521035,-23.42854042446628,0.7611614506237651,2.398158561884137,1.7393764302222574,-2.1853208942483833,-0.15102701432281934,-7.658054625526919,1.5629537141835725,-3.414314794550717,-9.271314877018536,6.344944288848554,-2.114660523591817,0.7028426734752307,3.209807031612005,2.2363750222282546,-2.2553228185116336,-1.219805936771587,8.218575835310071,13.309174434240747,7.440009634555888,2.1350320815301216,-8.153779422441499,-1.0004228482649569,-10.168812533745289,0.12847552764156242,2.363987985759544,-4.734594934012524,-7.635781552925713,-10.289203550516934,-2.9640997603929966,-5.986684865679707,-8.282806289103872,-2.6222120278668988,0.9353906415061054,1.042415796514471,11.015661511309531,2.9907815592936227,9.876613524916337,3.661718768130507,5.368614502801118,8.438983519555668,-1.071602376080622,3.8213055469054793,-2.7475501109813814,6.69022199435243,-0.7835383254746244,5.936046331619127,-1.558199950230559,-9.868313725786207,9.221052533001268
-19.726163166043076,-10.654058656103512,-10.448637765319948,-0.6875945415764386,6.7495482170422685,-0.058077577219834704,-3.637330969548423,3.057581270512491,-1.5950049531595631,-3.4764991522520288,0.6647480856614483,-1.7680858351125495,4.064757063817319,0.023777036672384726,5.002869878303076,-4.38980999161344,-12.601191759133968,1.349475661479523,-9.137708449874063,9.709754692341187,2.9858796144558832,12.967748660644295,3.4726556150141628,17.07258213708549,-0.25119984560714553,-6.873772297258263,-4.455303964252402,-3.3183168581787523,0.07718650908905357,12.201973223563426,-8.500474293553888,-1.249898675804223,-4.45013131006204,3.897334959571037,-13.309209195439527,-4.233716421329434,0.6208936022209046,-13.470924475514375,-23.89022286001826,-6.994341181502522,-10.765117104393498,37.35892011554301,9.762458772959592,5.5738098221819365,-6.487816030769436,8.55267831886707,7.560549476081558,-9.88779196198712,-0.5033583909731898,8.283817843068755,-16.425723449234187,2.3506365359544747,15.912911566555321,7.408758778670192,5.243340510080206,-0.14111590841713076,-5.283037236925693,2.716883946329717,-1.769643610687513,-1.171303832094359,3.3050733162862755,-4.369738030395377,3.3791434373453164,-9.238851018876053
0.9060127480342485,-7.424934198594257,15.150508629395649,-9.85457231844003,-6.509785315819853,-1.6604488825336432,-8.458783974108911,8.887791370828896,27.980607918021626,12.45900385007575,17.0184487166606,19.87498198891946,8.664790333988053,36.64699716061678,-25.45627342049284,-1.5139358923838802,2.0080514810815155,-0.7464898049063097,6.9360301022343185,6.853175676496963,-14.06182753887555,0.79522191105751,-3.51827296623084,-0.5935762081352771,-7.106119998806382,-1.1244651284336704,-2.5243382583077874,-0.8578467485478525,-3.0520862134648388,-3.2574955019286427,-8.999117084343162,2.2636097616127326,2.180724748424967,2.186476445354344,2.31095780114126,-0.04247402706056863,-10.34949967625649,1.0844878322199414,4.363496353341117,2.6346560552964298,-1.8697161809245226,5.468613458649742,-0.6956917026835,3.223790720195441,2.577488115483333,3.4657045210103816,1.3965282540045105,-0.4610432989870396,-2.688147486799126,4.379721845146078,0.23565781288831444,-1.6903316065376455,-3.151824974450975,2.0883533630478053,6.737564862487506,4.497821749086978,-0.48199832371584955,-3.7969999517254047,2.4513600124686574,1.3863524038722483,2.6001807743749143,-2.893299916442415,-0.8554042982890193,2.48774941823202
-19.74737004201831,-5.707666674267825,-10.84883390394097,1.7154127200974503,0.04411297924614531,4.628340895891143,-14.834203439320039,-7.513587947302714,4.482236356553038,10.91041236749269,-16.32240523623934,19.90535587334586,1.3345417542197513,-16.685213438292674,-2.7852275081183997,-2.6838903214177017,-3.1216384488372295,9.51627314769254,7.666429138252682,-2.45691306714072,18.593304058943758,-2.713892136951728,-2.779231426261145,12.56066545433399,-4.873136064384262,-14.268067971185328,0.17937938589405727,-10.635225257824276,12.663977568921391,-7.829311494489337,-3.0860489936235473,-3.5195721997118885,4.595522307882412,-6.816044783531242,0.4142305597248104,5.528998270578444,-6.282998504574937,-1.1616109657018048,8.553229400164957,-0.918853752048689,-10.32208281259853,11.238969529421754,-15.59663391110569,2.4810824765282877,12.772187483080087,-7.1476974562358775,-9.25156811702182,-3.332697282916791,-4.550785884951076,3.9822743730421,3.781206367972597,9.772282308049775,-5.450098392254179,0.5121774935178957,-5.1577301283853245,2.972673583753629,-3.5740377689849367,-6.392442437579801,4.091793004534211,7.769431796033555,4.340330774662589,-2.1338775854247483,4.698334875881294,9.601888847841996
-16.852771291472884,-10.718716256054638,-6.691121402533222,-1.066248816813155,7.3305808840178,-4.569713521884318,4.571273759517195,-3.5607198355927037,-1.0223308531567106,0.47463079951110526,-0.7969496217420364,-0.8128845572605423,-0.45015373864158154,5.045716996463964,0.4191341020148673,-6.300344186886176,0.17683873040253292,-0.6150947645802397,-5.520767800111958,1.4706486036119386,-2.6468129868114976,-1.0965232253389625,6.237380197785666,3.0748956582740736,-0.7662924673675916,-7.549999848628368,-6.896288333696479,6.185949201837258,0.0839805679954851,-0.49826220462456766,0.09127494538551581,1.150949420918249,4.901692703268379,0.643854394719329,-0.39513362047874506,-7.359711541032912,4.604338132470619,-1.021774576227062,-3.4004463891243657,-5.804723409244524,7.081380195961256,-0.10905294751346897,-2.338085066056046,1.758955079960979,3.9670860029820703,-6.123035768628045,-2.407777254013637,1.3671668271435526,3.203414198365198,3.834098259158794,4.29860539152132,-1.34123117466763,11.73216096618416,-0.7030438724096804,10.172212992950964,-11.695540319364389,3.5000302689327625,-2.522204625899312,-11.802594058016428,2.5033750714700322,-11.756349854533239,0.3436948008471593,-5.610079199910744,-8.726532421158861
-13.212764143768567,57.2733607328325,-16.65812857899283,0.5980938976730323,18.850935463856032,0.7879951400646118,9.168001990152156,18.196217418095546,1.6346153491444084,9.309395449599922,-6.014459706969669,-7.176607252446994,6.037806150636907,1.1549269460128955,1.7158682885028032,2.97864373044588,1.6543112968054374,6.073511665385167,9.47443545296502,-2.1982231129393623,-0.5721635545725715,-1.2699936884248764,-2.7473533136865944,-2.8079855342158933,0.2992224030849311,0.9945474607322914,3.1485413423961632,3.947301485057316,3.2859321661693004,4.323342010722111,-8.539280262852945,-0.1559821632795411,1.4865356399691854,-1.5963114074598637,1.5783318436540907,-0.2717321848297859,1.5769277357088034,-0.37145808034965977,-4.325395978508225,0.8812115608597557,-0.11822351924661857,-2.7924096547133486,-0.12136512016962141,-3.184775186151442,1.2534089131707975,1.3446714841884104,-2.928269839731601,4.456997199120358,0.24378964627189625,0.025019746740698248,0.5072326584977717,-1.1884301667961192,1.2298454805807584,3.0683679462099596,1.3923192351266132,1.1578154944641585,2.443960703857976,-3.755315319371855,2.3137305153543273,-0.09683393879197782,-5.797378208230061,-1.4254335931394368,-1.4598302087289052,-0.9857350657571002
26.161661415850613,-5.647985720480487,3.269053347550101,-2.3147009578113047,-4.8958384355643565,1.1394416882129201,-5.947233942236334,-1.9554078733640363,-1.858001227457163,3.43990621269265,-9.191728276576365,-2.505785006897288,2.0148663310919503,-6.57815921188207,-8.746246538433956,2.4601705966949217,2.4480140914550095,0.7726660417525983,0.8312966974649518,-2.1152719165880494,-2.515624598757104,-2.3868776396170426,2.298489908706077,-6.89483363724376,2.197318330296063,-1.8502105061596283,-10.72348306464865,-3.3658592683507043,-1.5133598150790584,-0.20754280960889843,-5.353630260131755,-6.098171779540693,-0.7755514440798643,-2.882220266727239,-7.34516158254831,8.508915831577662,2.5830360035746547,-0.8455458689692857,2.5700233909361585,-10.550620517921782,-5.951523495254617,13.281717576259222,-13.291258774538246,9.17054729535576,10.470315246228465,-16.365980978159328,-5.407306543679863,-3.4148628395114553,-5.290741899180885,3.5923358133823067,6.843393055431431,23.858093479396796,-16.592516896045677,-2.2579489761254536,-10.580617706557588,-2.7086906609671066,-1.3353207671463,15.932690134707592,0.08901954643542824,-8.987916867056231,-6.214741038282041,-8.303489812939157,-3.700196140509612,-11.693313397695208
-19.126392590527715,-11.10164818194633,-9.95227023855887,-1.0091346071102416,1.1449691070595798,5.475632078173066,-3.189095373755036,0.21654782477019507,-14.242075169567764,10.477704592567564,5.201301661092922,3.3397295640948506,5.73932834905645,3.652558586151366,4.762319404811761,2.4521931904275505,-15.64073607511796,-16.74547998690775,-4.363465572527074,18.034286209248783,0.15526831474952088,11.606078780667737,-6.403476273947402,4.472960861402283,6.50762718984566,8.029366640194143,-0.35169245825768713,-12.256349257579977,18.612233557902634,17.344441484367035,2.891359874490927,0.5379733666364881,-3.9360322411726107,1.1007945206202907,-2.5652926366842803,15.28824417880157,-0.014130965493824086,-9.371750285618127,-5.908831952752384,3.8476119447891057,-6.411189007127248,-0.7032287908726779,-0.3074218736306421,7.1479202199588165,-1.047428084785219,5.777285882895669,-3.1913752293350477,-2.4946161845106416,-8.36093930227869,15.157394769507707,11.543167316030976,-7.086781216515142,-1.302568300912986,11.927398482087119,-1.7484801647133705,2.924682345863429,6.220714342760082,2.099135080438731,2.8739997278048843,-5.149786308528126,1.4981953722064316,11.541241906437788,-4.221001241779385,-1.2431865655335437
-9.748259241690768,17.092951559615592,6.088791708013295,-2.681311673855929,-15.127520959214344,-8.180480753501438,11.724409464376604,3.6861861920692593,-0.4636425934547941,-7.171096079423815,4.727586825531015,2.236611793582115,-3.0255936068926483,-3.5803799632647033,0.23722548419799822,-0.5568748970306177,0.23077219272977778,3.414117511969053,-1.3537068387503701,1.265471465738253,-0.29791528029395886,-4.472126081243217,-2.2125928703078173,-7.4351265002485745,2.026983890084541,0.3966010144884893,2.0871039764489754,-4.191958663213769,1.9107476244294666,-2.777938607583529,2.296035493024574,3.8724828336662216,0.5164579901311083,7.990320636030157,-0.3946432073941957,-5.576065355189691,-0.12039687386033436,0.4978227236837584,1.9117684856612343,2.4814063956042762,1.1602989427663928,2.8461158411309575,-0.8651823553587625,-1.9781354367250683,-3.614368304315295,-5.078569256184418,3.3025631554729213,-2.40234620276549,-1.06000043333709,-0.7059027719446199,-3.4562762289841102,0.3943277950241095,0.00030210713775198655,2.0332970619341335,-3.509949990028429,2.6693481056832042,0.9918904905951845,-5.9616535582468435,-1.51235217909562,-3.9857403565432707,-3.790105563042681,0.665827787468141,1.6967539886134388,-2.0865180396771033
-15.870250239124273,50.56241920488395,-27.894123782505655,-14.647679538451964,0.31100264654751797,2.423381964699444,-14.077808001359958,-13.222283008661458,2.744217306027916,-8.645354012432078,5.512854048295669,-4.09445274109042,-7.4964287485977765,-0.5282672459379512,-6.215641619716035,4.114681148224172,-1.744020861129865,-1.4988591643308482,-7.766373576084784,3.7317343883297527,1.3558232396852532,1.13266856541269,-3.6742608734012387,3.7737969144704113,-2.147271163787306,-4.6863743724919,-2.326840393236085,0.28668028126239514,-5.688029211874321,-4.097752998728891,3.531552352639678,2.0334927040990918,2.237627641070669,-0.07031812684286275,1.017348372176778,2.167901960754803,-2.2997821545741304,-1.8255721355026493,-0.23608700589555776,3.0732157511176394,-1.910624097742624,-1.977862162686394,-2.0319237108091337,0.6157033528536576,2.4878683216774067,1.8843225888148836,-1.9546631854146523,-0.10400201264919116,-2.175711331028219,-0.5723129269425173,1.5678160447984282,-0.12128705911057541,1.8887662984103293,-0.4613197623901874,-3.4013468755611442,-2.714730630426312,1.1899683413203805,1.5003468476430732,-1.9824039300722998,2.547268610548076,-1.5280173863251194,1.2247353006568966,-3.1687825573654576,-0.7372756834838127
-6.468083231619226,-7.061419153558138,6.804460301131653,-7.759019000881357,-1.4997569354156113,-0.5745508263471106,-4.298783366182426,-3.210741318380888,11.153969175125047,12.10422600154033,-7.0290639287645735,25.56885052634961,0.5769497736925577,-3.434252648742232,5.948053230143995,-2.9817577850117765,1.4025835488107277,3.8368151215995585,13.344325685171738,13.660716602730695,34.3665580635763,-6.228930862997191,3.271895529064027,-3.047933791772182,-9.731705708190397,-2.9332742387117814,-7.987840377984479,1.9687742801780375,7.167145490277527,-3.9977258106741265,3.692166456327884,12.077308278479785,-2.817895700733969,-0.9975608022275457,-7.724617671381091,4.25492214461331,7.485028286198402,6.841888589430815,-3.8603600387265273,-3.04589583832762,2.8874875248419856,-10.927463904568722,3.63403355065504,8.051359008111831,3.0371478508218894,1.5659064899741935,1.0098509277941925,2.555718387489257,-0.8158124667201103,5.93344185061427,5.470398290607502,-6.447840796498293,3.287112538049884,-5.157528866733388,-8.969313303288532,-12.644030696863844,-6.339952886860085,-3.164789946448201,0.27590108772749006,-5.9397003678634555,10.871108573374755,-10.676866607307812,0.6559205553501539,3.193389179257851
-18.624095417719104,-10.575654873817532,-8.521002576387264,-0.8549830984261748,8.146063161756384,-4.821887034736026,3.5700559691463827,-3.3528517297108427,-3.7773190934005685,-0.03734767646308731,-1.6808393701066473,-2.6116980083702055,0.10531406229369723,0.9561740028639577,-3.1159094207058566,-5.291791479739675,-0.5581310122697553,-0.03808690360514885,0.5040227616736053,0.16955864544151628,0.34460707587458933,0.6497779416906395,-1.303771058642667,1.2262737060142108,2.5416609344122087,0.9974133321886505,2.6338489437688937,-6.896248274147114,-4.586575852231345,-0.31794798535217916,-0.906985831978199,-2.266545407390517,0.9498871319721629,-3.4544952149923174,-1.5270527462891768,-6.8015370143695275,-3.721668829683749,-2.7748558289839713,4.203267801539969,1.6346068558840088,-6.710335794241724,2.623828022324599,1.970203723846689,2.264867613747779,-7.307038431162618,4.844648030644439,1.0238807129507488,-0.03846974250547752,1.626790218727967,-5.930754244666524,0.9506771252655813,3.5533400908581645,-1.0631824050218601,1.8160203574781624,-2.590991201908103,4.507188902767434,2.8044011322227145,3.312087097690068,11.658712556074658,3.9770088798755365,0.6169136912898189,1.601497821708594,6.047561725490405,6.8867112941531365
18.422173590950695,-6.342688284475576,12.046789865120347,-3.0421633211181573,-13.635030569091162,2.2835970592963966,-20.732510169538518,19.006758954550723,-22.2602236567373,-3.9988179784079163,-24.363342540227542,-1.243157834898501,-19.029734454677634,23.064704220032965,3.662516463369912,-11.564680214216425,-14.722601020837677,18.25900117969863,-9.416735498613313,-6.954154954125636,4.70876892219464,14.600048801599609,-4.062811129686661,-8.050761958651673,-5.513460495818936,8.142217884553578,2.3709855202697114,7.733364326473635,2.209248120388146,-3.6263317826202672,-1.1150672395768249,0.8678146195778859,2.826380128966694,-2.300352226340557,4.370413060717111,2.6441854806941483,3.1627161794174032,-0.8301580656380894,-0.9196044255750565,-5.164204808740599,0.9724140650643025,-0.5350802331172887,-0.5277081408443945,1.352562855994525,3.8773996032846227,1.1347614928385379,-1.096201828579752,5.2657772482632135,1.569005337693178,-2.6926525274829,4.330279586205915,-4.286854702584758,-1.1588269848511759,-1.3874687537800932,0.1886709818716908,-0.9913301662970704,-1.7050095782445471,-1.2752569992889644,2.0766150987450738,3.1913966177859794,1.295487833276247,-1.0391471826658165,-0.6736648976272299,-1.17766155129726
-18.37293867359208,-9.551086759278052,-10.516065053757702,0.36690198354139786,10.096630412149008,-1.399397665147923,-0.9487774439812161,-1.924528889416725,-2.8499755585432913,-2.9517733339631085,-3.3786107065961324,0.17211725897787358,1.8886500048319188,1.2880040680748306,0.5055391848162807,-8.56550653709023,-3.9171859817500394,-3.886324461916476,-7.081156494734825,2.6783208938384315,-0.9444191976291652,1.0696136704732648,1.6969157969692652,7.765919270416141,-0.7717750388425308,-5.853941925445142,-3.741451520045425,-0.6759240660691714,-2.9672630914327964,-1.921459413405777,-6.429008021894866,-1.4801213951419219,0.5817347944608435,5.6925274784759035,-7.6844197578292635,-5.492012018188919,-3.2340615187783084,-2.7694992543582053,-4.179295638791735,-5.600145204927317,5.474339471775256,12.030213243106715,4.484378099028822,2.276809951523012,-5.018485423881866,0.15276489338287705,4.1299739691995665,-1.9213766764821312,0.6156727288586615,-1.6481642179463087,-3.6968989533502707,6.6026570513078084,6.144974758798241,9.878628498711327,4.173093850570203,-7.909314879701459,-3.5533430314498653,3.269252643440895,5.9549550725401135,-0.807929378828848,2.5055147210608935,-2.461861245971462,2.01266396843796,-3.001285190275534
15.574238340579516,10.374213008817197,9.93515715474017,-10.807547255709858,-6.337418289541673,1.0027665053365025,-16.286247957414364,11.250675469468336,-8.974500059270705,-10.47213806049601,-12.225604174394796,2.845680341534745,-0.5133835510392862,3.0445990119868895,-1.9886740837358106,-0.17561512573304824,10.121602219990985,-19.422773557128913,18.816651033865543,-5.654192475312434,-6.373922021886532,-16.811931496662258,10.528266245717893,4.681711481527927,7.778439864293195,-12.984660708097628,-2.0446557967142858,-11.161911582615447,-1.6136812771814149,7.050564250534878,6.755055789600877,5.331798927561408,-8.139663006779209,-3.793405679557103,-0.4877356510774777,-11.368675984521268,10.235705475638648,-16.555116678749947,-1.9930175696666952,-5.4202442222362945,5.357092711361328,3.7068678927856715,-1.8274156603981884,-6.034524307794633,-7.85171673114806,15.172757022310371,-13.578541613393508,2.8165237274102495,-8.089421421491481,-1.7460405677133675,1.3800039380026512,-5.7265109108819265,-2.8329617437284402,-11.333865677559066,0.6247362595215978,-1.3614595613344596,-1.2369683379588405,0.550696851793802,-0.9027615684417095,9.698883937138753,4.9231801621525335,-0.03047295066425155,-6.20850464827367,1.342142795217471
-19.12681371084822,-13.235846869160143,-8.32605613771074,-2.220571971077053,7.10221164566915,10.16357287255887,5.694387776092024,-3.415240255561584,-3.977515918329499,3.4446117951555633,-1.7450294829470803,-5.45093919271922,0.9385480300753114,3.797210093155338,-9.29535985467589,-0.9114881727638205,2.085431215997131,-0.935693873762937,-8.213102764769989,-2.2662770777463286,3.530241939998341,-7.499712923048899,-3.573212905097746,6.424299898854882,-5.546315237148847,8.906466692817913,5.260314846943167,-12.681886326597903,-5.845325507335396,12.104654883312023,4.985116525584182,2.5196305603769424,5.2238990123598,8.631840241166104,10.163253198399174,4.076164447935819,2.1010783655973655,-4.2177105106174055,-2.9316103133537115,11.967036088546237,0.4745930553155679,4.464105798024374,1.942697490896399,-17.02288171510115,2.104155281877342,-4.697864253480174,9.345807853110715,5.757962816906249,11.827772314985518,10.345490631998773,7.728324641530839,-0.24405407420846928,-1.3529787175440648,-11.61428294270845,2.739451178157597,-15.960419465219225,-6.409152727985004,0.8827932230237764,-4.311665296780185,0.864582925119104,5.753700405695462,2.3911492306699778,2.924676146919717,1.8534678153930126
-9.99734388192665,-10.076590375535547,5.834867920261642,-6.1284364980213475,3.4129309647278805,-7.45172555107196,10.210047580302536,1.6277713518574768,3.0671386324968988,-4.189916143804586,8.509440147682344,-4.973710777399253,-3.980513717487751,-5.819055441642087,-2.328065711704522,14.891494770674655,-6.172544436314092,19.18694105593427,9.11163546169883,-21.806369306976354,6.057104024436557,26.82873503753958,17.46011360762882,2.4505921444220005,1.7731019045820402,-16.114305292110902,-14.808509778801438,-13.203706051463543,-0.5574104761343762,17.714496365032332,3.7511510848882885,-3.2028870170845893,-8.300753006262367,5.200795746204493,3.597331763222127,-1.54122589637651,-16.968268786836358,3.491018600093691,1.312589726260644,-2.8730138597660755,4.990641611906461,-10.043506490645157,5.054039163266035,3.482802779565248,1.434433740496885,3.548509183812623,-0.9607783277813515,4.039419179311146,-2.7473979724500155,0.5366968578808926,4.756970402045269,-1.2637734301199275,6.130054409375888,-4.683961851610907,1.1880534234311046,-5.375189257794692,-1.175034231097306,4.515100924755707,-0.8305992793919424,3.1406037514043073,3.6074031716703345,0.7607270030543811,-7.68003771418329,1.6353321360641302
15.117290024352503,19.30206880254462,10.670491863483598,-20.184885647223485,-2.2252345418954054,-2.2456454922071414,-11.543239529955642,-0.7982229815253591,12.092052078072788,10.628947505745716,4.397970101330137,9.622015920507593,6.213130864795468,14.419749989937976,-23.06788726198016,-17.914889038393653,4.480821963417294,-8.946996449192612,10.702252307004414,-3.4549238957739243,-15.18610745303381,-0.6364870702674646,5.240843563185749,-1.0124534545684125,-14.028839442910478,2.367809989554021,1.5065953663216225,-0.685667390748841,-3.3150590510398086,6.668454307743394,-4.708855277292318,-1.0913676752511725,-8.043391582351761,-3.001256577025419,5.488843714493747,9.934405631721257,-2.773763235125715,-5.957595371584581,0.040105550746788635,-5.304501892763342,1.2057765885189107,2.5822679752276727,4.393701990573377,8.60022503866787,2.1406520557001603,4.598260717695418,4.24383952992292,7.2336164693515865,-6.313874052108916,-6.410180359818035,4.344331556776395,-2.4166945900812373,9.307508679628416,-6.937010741633424,5.713157567152702,12.036149110884752,-8.407704380801729,-6.245575633377559,-2.9111600579143415,-1.1799458590251888,-5.338680006464421,-0.10323737913326965,5.568613885069003,-2.809490482593262
-16.21294470019308,35.06551628135598,-5.886099250622644,-8.20324361221027,-16.430956760353638,-1.1079821661842701,5.4606253994300085,0.3094947481885959,-2.5407469229476303,-3.907114288697653,3.028521993018192,-1.8106386253536049,0.305333469762372,-3.93526160069782,-0.8766426123978188,-2.286162551143955,-1.4352051707797169,-3.8667063070842684,6.605529637327942,4.798737715770995,-3.9385998686593946,0.36991839930136156,1.2102290782407752,5.275683520668971,-0.6159727400622442,12.564174441735101,-13.306756606651954,-3.4313056689056767,6.47148640675056,4.218458051147277,-2.3769230763496636,-2.1411866919271607,4.874090766938721,11.54965718190348,6.925684609103204,1.5360971210591947,9.788515652016871,4.079954745602911,-2.978211572662629,-8.828461095789688,-2.4437840367931534,-7.080111444110155,-1.362535329620621,1.5213165027447155,-4.432380697856033,-0.119670264459152,-7.535538098415336,1.095970052528919,5.005269880663636,-3.839861922229487,-4.895102145674508,0.6602811231715042,2.885796688225027,1.7495838413769516,3.834928205493493,1.1873374800961856,5.36423883484258,4.319995374945152,5.652837538187796,-0.9426746137036598,1.7053413142827663,-2.5705905349708873,0.8274031777360911,-7.7105579812109
-12.926490543221181,45.65492648114898,3.3181443338584593,18.082063480480343,2.0294580034836462,-0.8049819149643203,11.566892269352808,8.941865549529174,3.5314958565240353,0.7658695065120514,-4.353085262264902,3.779809587343578,9.531967697503287,5.389289115669821,7.937906062836379,0.15883564819008242,-0.32062052759430426,-3.050815943862493,-8.04920729935085,4.4357900653505915,0.6614235840210044,1.3010030578238427,12.832299760964569,1.317968789618097,-2.4539792181792826,1.9901349211715125,-3.100623540788735,-5.228361699268218,-4.792487491051433,-1.480897929847502,1.9809133811362871,-0.595846885888581,1.4452563922292365,-6.987410814928539,1.537999430226315,-1.9473166648594762,-3.192920623050171,9.308901482294505,-20.454181793903338,8.706765851490358,-2.160693081984194,-3.7235860184522465,-6.148313292665587,-6.302427373038837,-2.5664733043847154,-0.297759925249359,-8.481619544983307,11.186853631251472,-9.389874681188086,-2.8733276984153853,-2.325392177956946,4.2368341354418195,-5.9746808504595545,-0.5690646402458547,2.90440025535729,2.4897434206225313,0.0339695251356907,-4.372520664065559,0.7284586540251092,-1.442575377507218,4.665361165054006,-1.9686104627566623,1.2811000561955166,-3.2716624058841375
-21.53388607913663,15.44988127535577,-7.130933373702303,7.215370797584438,-14.801502891911339,-7.994479760166634,9.523502158630233,-1.7302041639679142,1.1828861497231034,-2.0516919069683603,0.6626643300243973,-9.048918974237283,-3.53183305707909,-1.163330881853988,-5.9172378996133155,3.91727124935355,4.15137477198997,8.869968299184173,-6.074324937175456,7.649050939371203,0.33544759302102883,-7.4423246815799295,-2.4401149082916413,-5.444449485536167,-2.062930288811265,-0.5469745673256731,1.5387980630197495,0.8556081773788614,2.7644037125933734,-1.4035515206525875,-0.5146977973797244,2.799732558349692,-1.5243029756084576,1.1205479806995795,3.1663308815310027,-1.7769708530901174,-2.0115960342046657,-1.462029627340043,-1.0265174558396268,-2.0747938516980535,3.3650752757840974,-1.1363992334665214,-0.9049908575163008,-2.0006961245954593,-4.807527058968247,-0.3310488036862909,-0.5691679289403365,0.4677452564826182,0.5442426305151291,3.940934413445679,1.1995708394257991,-1.882045469940875,-0.4811027745407367,1.14164871761124,2.2581367237398724,-2.6553836696829447,-1.051147630515521,-3.416480305401588,-2.0041194640935585,-4.95364979146423,-4.316233379526409,-6.4618317505575265,-1.1870565344147583,-1.0744016451056104
-5.569924930234482,-8.621615064923715,6.901702444149248,-5.690030703662408,2.5089654559612145,-5.827716125812786,8.985795490994544,-2.833457275143524,-0.45573155565352297,-1.7795871912567431,2.85227592689084,0.25877098248979,-3.7894728277662715,2.2324364135848835,1.2007740639583788,-2.024658302807759,2.84657302483357,5.787376750655693,1.642792784489543,-1.9814270116609147,1.2294647828033511,-6.593080297070969,-3.246175320864609,-5.453889796001837,3.528610770829045,1.603841053436111,3.633421082949043,-2.293005171466833,-0.8525182581708993,0.08328923919158461,2.0276124698496343,0.9854972201832533,3.342129219618382,-2.988995166092461,1.3231419720407858,-2.973112020278567,-5.846798521261069,2.7318391566310245,0.013732314932405749,-1.1120376709625832,-1.180705980670526,-0.4978385015425055,0.6497786475622599,3.4690108963158583,-2.4146983745358144,3.1513369105391824,-0.9259071269760486,2.4970898586727586,-0.5273315166767929,-1.3516344942335519,0.15080924326770961,-2.8802285352453527,-1.5207069295418825,-2.3452926951188062,-5.675518859942053,1.819980463330475,-0.9652501013987494,3.6291060344739887,1.2467184701807874,-4.010878708210218,6.090907407456943,-1.7871018161511323,-3.964135387780588,-1.6478660916855816
38.723998476889875,-0.02532716234361647,-9.942829779675055,10.557465307558758,1.2490251417846514,-2.9302778362722557,2.3978162668343894,-6.761034278956258,2.766161829620476,-2.635319691914423,-3.4484252531694004,-0.03587698781730178,12.22472382468998,2.064255571800056,7.5904707473303255,1.460021015571148,-0.6068174747898544,6.840004532962667,-6.225411193684083,4.399061054886853,0.6073655780576515,-1.7672022943504364,13.449078486419808,-3.5866660778555186,-0.6680904969324605,5.126873454781125,10.232200686277476,-9.560832834933034,-1.0511313060039464,1.3510257342201668,-8.026929230002054,-0.41892071674172393,4.579311603827989,-4.016681485599207,5.612803597099282,-3.834371432333131,-1.1723465993972118,10.339369758027123,-9.483426460369651,12.016718757736163,-0.1187394353503913,-0.7299626727299465,0.3722548564316455,-10.041088995234283,2.691047382328374,5.435535177399366,-2.559995346479729,13.680008800328304,-6.977464571921727,1.9534502110863041,1.3796432375872725,1.8586466640032264,-3.0715926292504916,0.6728341984165978,1.4500001014297035,-1.461268894359417,0.6823222856909215,-4.669699043350731,5.686104312056346,1.7871120110323095,-2.0649671279886816,0.6574480543966166,5.470876051466231,0.767871153759276
-20.91285820085771,35.90725467398366,-16.542234948322157,-4.485935089289423,-14.413856427116027,-3.4541562033856885,1.0014948307842693,-0.7875647392217507,-0.28087198421083415,0.4621911779227061,-5.276798180133809,-5.506214118317924,-0.10167920199342949,-6.114322064390731,-10.659534728011861,-5.345321379345142,1.8717353799786056,-3.1148432735627565,3.559721026779643,-1.4622537618140816,-0.34224989312654547,-3.5459388137638053,2.2650580079834373,-3.5669295651863644,-1.1615948256979898,1.9450199180377346,1.035204642327378,1.2766567675992275,-2.0327172787792835,1.9342042473045098,-4.095275546669918,0.11356714894106602,2.082369647256422,-2.2253439637508254,1.5985129167414682,3.625169588073547,0.9019910277073879,-2.745872097547083,-1.5016221709046684,1.5162729287048888,-3.2175186204139004,-1.4637153756739107,-0.45190473410273296,0.9813217594252452,-0.25236821712675617,-0.3353452312193225,-2.293276513807826,-1.6608494633334,0.9406241362990555,0.9808047662425551,0.09160242191766037,-1.6163472726538484,3.2945100319451126,0.20487476955352038,-0.2645015010189055,-4.38123859671291,-0.9481419885257988,1.826267999728064,-1.2812660943462904,0.9100483131333807,1.5934678734282464,-0.3239116907048347,-0.2378472240668816,0.008733000439335423
-14.287960868361095,-3.8168512032935085,-5.865788300087697,9.454927322947244,-2.58522109354884,-5.545084269674921,-1.4803681210468682,-22.807402201977865,1.5974324035021488,-8.77337788116753,-6.3301466851367705,1.1846976131357347,28.211304718329604,11.8251823601499,19.183687896863507,1.4896083904379993,-2.682698310049406,3.289223840542778,15.837292365197484,-6.896070323885958,1.7726211641770706,4.9846096957210575,-6.444795725286703,-11.70170322800639,2.7617528136339136,4.159396944539965,9.127169053423557,5.907205831946177,-5.2423547383916995,0.6419172898127662,9.895257761779717,-8.733254558786388,-2.7320593393849553,5.145988214908442,0.20870054106494573,2.7021131494543122,5.245477104227982,-3.0180465241698977,9.083186846041123,0.6090928559463793,-4.419943474982655,4.789845137667214,1.8739464545151645,4.045315551560598,1.076502248595859,-6.040323622757329,-5.611545485100567,-9.38619261373203,-0.5583828399749736,3.6418906859183733,-1.1963473934134345,4.076592224204397,6.51183622006833,-5.451626962586894,17.624623384958443,2.8891276051478862,-5.751251452844804,-3.054139208863413,-5.825461443492255,0.5283443198860565,-2.8842178329291825,12.719378389328984,-6.883154866694293,-5.489546834038441
46.59215757017835,-6.64848385470215,-25.411836116488143,13.585870284697746,-5.475512716497115,-3.3791652302235184,11.418676453665972,2.792970868459968,4.708043931969064,-2.332125695670266,9.60196512439591,7.026845024734534,-7.374744483002484,1.640092209611641,4.088375102151589,-3.27405010175905,-1.3029975560280933,-4.52396006490302,0.009824295866092559,-4.139066418210892,2.3041271197098085,0.5707804662870504,-5.124018711835104,7.8667143688246455,-3.041691521901194,-3.5870369176711625,3.2562384888797347,1.2312515536204303,-6.272773197599486,-1.7573105654364183,0.19778365305752982,3.1803896778261507,-3.5953893091003204,-4.355594212086858,0.7406037111040584,4.986264054990515,2.202423342158968,-1.301748676501898,-9.947007099931952,0.4239858557762176,-1.9760731662433924,-8.984492496161213,-5.0826498600846115,-1.7505313116501424,-1.4755804619385893,1.4603042280434197,-4.905343273428806,5.725254417960384,-3.0202158195533624,0.35380385798292924,-3.433754363956716,0.8224930552624351,1.5979801577197077,2.6256148374595645,3.5070731256320395,2.7068370496662943,2.630898895643879,-7.566875765114206,3.316952620987937,1.8629343750101182,0.2053437378773606,-0.8636013937857889,-1.0474043078575634,-4.395064813922141
-20.333447767697887,13.9971802122732,-6.332085433303159,4.2440460521520755,-26.22919020351567,-1.2282048600043478,-6.849646897645864,16.71187440269837,-7.675676892296223,-3.8353571417565826,-9.283351055548199,-4.943065077505349,-11.268573771529889,11.907913802954639,4.688913015977185,2.079372339354713,-12.631775750334384,20.52835381511311,-12.690000452325254,6.2551724641997275,6.169095525539385,14.264677825068532,-7.769212682531167,-0.02542403995071107,-7.217195537836814,1.6234926869287332,-0.6674334071396328,4.454417882700018,7.780381631105106,0.8714450944954218,-8.7664759682837,-5.480336919535256,-6.00270307216377,0.410913634184038,-7.707874987664984,2.6307008693006653,3.6840593843366407,0.9946362873842302,-13.785464184706056,-2.0572857792684283,-5.3171582991371515,12.694289193036532,7.499543442778114,-0.643392343190034,-7.627938844285159,-2.491107476868744,-0.674506981023309,-8.688001871645872,-3.857982487478726,8.567356631012288,-2.6325106014022093,-11.572475835214584,-1.9375149771215645,-4.472375584312417,-1.2572966213498273,9.715142187935651,0.6559431857137896,-4.821560693368018,-7.636469803273276,0.5597713893942915,-2.554210722106485,-12.857898981842963,-3.7250726648051136,1.1776123033234802
3.3697406250292,-9.490100663674477,10.49681212422456,-7.573627929834717,3.4698740282356493,-8.626882125778412,8.611633534400859,-3.274006587923065,-5.707544525946086,-1.732588903127795,-2.200957188999426,-5.352472608681533,-4.882050281215582,4.946862521976986,-2.271208799285929,-3.241703237720586,-1.685793617715972,2.2758383476664568,-1.2459210012795405,-2.20736409299502,-1.160619444680619,-9.05702815790808,4.09381336051732,4.402499480897641,3.695290273973097,-5.126335963763129,4.554393695072469,7.07828448903194,5.206367774617998,-3.5331410162900054,-2.1033149944897764,2.767722110099273,-0.30442312818833195,1.6946956847605261,-0.03135265485661583,5.002280762324241,-3.7893974845081253,-0.10386715498481715,1.0439228187874368,3.449062509713006,-4.00069762885493,2.493621756681,-6.950529520531646,5.272454072050861,1.3222808796870864,3.715196644398274,5.076671924058066,6.683996853547511,-4.05890048662527,-4.097141875229518,-4.766434602736903,0.020257308518598922,8.630254545106375,-1.7660415329514132,-1.7804016199938602,-8.228869659480651,-2.0501699447150825,-7.005778383674726,-0.504507936636354,1.324374558965674,-4.639506938037612,-8.792766093390675,-3.2186071699288523,-4.1109122250774215
10.596511953512016,-4.791433832900169,15.490114910176956,-0.02530609569380387,-8.15805563074102,6.013823641492723,-19.29147083198075,6.40303036548541,-19.61422924277114,3.1843923151716504,-0.3265352975047209,0.564142763909043,-6.348589703892576,8.513323678567536,5.752533557675677,10.754685553942595,4.865088185616667,-7.2210440321487885,15.790008256287251,6.337568746477745,-5.68272656486034,-16.182757970968094,0.48889871217903025,8.887170671411544,9.950310803177516,-17.487662292446366,-1.1152409189480659,-3.9251544236519464,-4.044721588593864,1.4217211146978304,-5.627895971655718,-2.09807387196609,-9.288415498130925,-3.817938838537525,-2.796907871420182,-4.182728356026777,-3.3003439191789568,5.53099985969081,-1.17211098625017,-1.891635070437724,7.42269501634856,-2.5883408223590356,-5.0689929294747245,-0.06909952934005109,-4.857302283667758,2.797644244384849,4.536369362617847,0.6794554986814635,3.399740281001291,-3.005877106516963,-1.1380111335783154,0.7376467166401336,4.181592082937972,-1.7072821071059452,5.478470075941808,-1.169816462001374,-0.5325821378270132,0.8489302825653422,5.616170122930184,-3.5244657189130484,-2.8627979561816583,-6.285906825778147,-1.9988536766350848,-1.734853300418891
18.732598345866396,-1.2634341008834071,19.05572555717079,12.257355449566894,3.8076933639780535,-2.7147148602169673,-2.4698000381399563,-5.142842989598921,-3.8997304299585034,-0.5839070362126901,-4.145570319632864,-3.7714891697634436,-2.7705858596439175,-3.0406925285357564,-9.1636900151599,-2.00924173912398,0.4210697491865334,-3.473767149213659,-7.07918573657783,4.786995746104782,-0.4233954456043451,-0.5001504917195687,2.5504475078074393,0.11990614770171144,-3.678335066202098,0.5488782927508701,0.02683757000786906,-1.2859058079113646,-3.449711087131143,-3.3349768706488354,5.70737021928707,0.6447514582085454,-4.081677647938529,0.1810219899293429,-1.0040361925592955,2.8563533708678572,2.571612878472584,-7.260599021230089,5.214110865373549,-4.8632419111111975,-0.028932881968534878,-2.942679755920573,2.7053282059352806,0.8194961615756332,-1.792295577563395,-1.224424534728921,-1.4243067602378643,-5.682640258433324,2.3584134721202323,2.564040696424111,-0.16193201465327978,-0.6499931405462465,1.5920762205645924,2.3338636477000954,0.45119199317921377,-0.6533222090493704,0.033846969341242865,-1.7349610912959839,2.2326441863233297,1.1224135316892907,-0.04882250425605204,0.7419373339250669,-1.484131309129229,-4.124456641829348
7.430024158988189,-8.658089624589753,14.001208404924057,-9.100312992481813,-1.3634260794583128,-3.522767199180011,-1.5112545660892653,0.7469254210793547,5.043452012075107,7.077898324225804,0.3665847523495605,-3.2552932791831686,1.3968668128865953,0.508199528642575,1.7303647434908243,-1.9630412928499263,-0.3577250286710309,0.9833913880928524,-3.3941804831083866,1.4250481424484913,0.8500068782304548,-1.0058319666205573,-10.189637485294465,6.659869094544289,-2.5134877246851235,-3.786913867632168,-3.681920014409974,-0.533732407402153,1.5827018400507482,-0.10670359145507956,4.341755954939486,-5.931726940180428,0.13378663935328036,-5.97917785392317,4.481147091012728,0.3796257420075247,3.5763892256788608,-2.9618726479059774,-8.117259346291158,-0.21716954601197141,-4.689777838728058,-16.536009182318,11.622365317887795,-4.447304165823579,9.51444039245249,1.9074517047918622,3.9832445229557285,-8.775119498152621,-7.74332685944288,-8.8672263952785,-8.196345817284568,0.731809549057751,-8.444878460189702,-2.494113181133074,-3.85079469895609,-10.6513558639406,-8.840794683331373,0.8137226857783206,3.18071486683913,-3.1728287639391763,-14.469547828317241,-5.513073194646236,-4.964900043496819,5.839400859022308
-20.032856176583362,-4.757639434427235,-11.255295860992643,4.476628025558717,-2.9919270342464674,12.560324276123165,-2.3020388168942474,-1.5531950029343744,4.300748456664985,0.03137669132872567,-5.946622455974788,-5.542539308095636,1.199810527340188,6.455867155733452,-6.9023159098907785,3.159605666138774,6.098568184373668,-3.501541220972647,-6.229271335001988,-0.5709160942870632,9.417784172368107,-2.399514005640429,-12.911018897081323,5.081952748428159,3.943701341437928,0.22445911418287384,-8.327196306031887,0.6279798983747975,-1.0463199419060691,2.7906637136447996,-4.331912339630124,-8.190447780858195,-3.4023489322678184,-9.004319750917311,0.432125233555205,-7.418471355059119,-1.5162777425882963,-2.7555228540313923,7.5691855988447845,18.388289763417244,-7.707163935804474,-1.4847697463964578,18.397446267786087,8.768192772051853,-5.184553958673073,1.0462904889126052,-11.308027028977023,9.997148736352699,9.617680356741582,-1.3932086104986823,9.982853812389319,8.38764671896343,5.608895190073957,-5.246413212254229,-3.3028916806113173,-4.209305919779573,-0.5463148594215195,3.3603350813778867,-6.322293917958525,2.330064828518368,1.7998215843914254,-6.575046664859783,7.875046167765344,-1.2682869323861257
1.8837215119170465,-7.158426490831871,16.792395876007262,1.1628407396153195,3.3410135022005827,-6.334046705938023,0.6337875020576256,-9.051030585206245,1.94812883021539,-3.6640433565156507,5.576441030293897,1.0289682038866323,-8.54629581433258,-1.8216433846710063,-3.760200451686431,-2.8632381698263947,-2.858907514258191,-1.2213237340496472,3.311753448792102,0.08175135920043675,-1.5166433373310813,-2.060333988446905,-2.1317074460417174,0.2430248785630414,2.658797448162833,-12.921739508925363,-3.4117767987549588,12.371609210667684,11.1557476252305,0.5121604365611216,-10.518657491012744,4.965916197454957,-4.080082055062967,3.61269771771958,2.8860608257604605,7.460358956435773,3.0910812082319774,1.3776852113774507,0.3201779874216737,12.797292291151193,2.1311813164571625,-0.8764605002347139,-2.9605704748299346,-5.973840295190015,2.883371408774125,6.252028286073001,-1.0018732816888969,1.6297167285320973,3.7294425194375402,-3.5551377019544135,-2.8013854726685494,1.3094693122388295,-3.63758567879714,4.755035947736635,-1.8634104047985547,-3.366808220275435,4.8917739774705655,5.612383761970891,-3.6831064786571486,-5.57071613186643,-0.84373475100333,4.03743980568548,-3.4565705936855537,1.7116428111366107
-17.845574533650638,-9.446548808957651,-10.753161256889554,0.48177153356248226,8.101920019680083,-5.053270985262094,2.70713427598787,-4.9701681528392765,-2.716739654190375,0.22972489217643371,-3.2204513676531947,-3.495369542202671,0.8771034462182721,0.7941897285244961,-4.576358579927547,-8.847281779508304,-0.6717169535318384,0.29146278710261975,-2.4141677938739203,-2.291458770993422,-1.0485734359812247,-2.838696716230343,2.165208453769911,-0.3272566191896292,3.4862014873144833,-1.3666339103130039,8.720180369888348,-7.933442677883774,-4.8969598214741845,-4.1510887868559765,3.1066490350657996,1.3735427090799375,2.8213249208265863,2.0822660005186244,-0.4285336110825951,-2.450303175826199,-2.6893412454617653,0.9863048357218752,-0.45818762408089403,-2.772728951711916,-1.2211844939580279,-0.592231351221778,-0.3562014393188309,1.6489295112338997,-4.256875404838788,1.1115160473498704,3.2849825611562338,-0.3076341888231378,1.9951745359553654,2.389981319508336,6.001566658056296,-1.7988724010484325,-0.3948970490258096,6.165972280779036,-3.2826397493251513,2.6738249300196215,-0.9791757555147681,-0.6251834315077159,3.5632233491044567,-4.8229110976778795,3.7647353139449256,-2.29854483207349,-6.612007717977259,1.2163544765909662
37.868537685239886,-8.614386861494529,-7.870184225925538,5.248718413214158,-7.786354633659983,-1.7554749574288877,-3.2143462670170218,7.132801059612078,0.49637733213002766,-9.396250589569192,-2.0411545871747867,0.659402545095283,4.7441410449188535,-5.44186823163268,-5.914728822253912,1.330118075937351,3.892658937851232,-0.9367035144549823,2.907007282421068,2.0096525876137847,-3.8829073607220588,-3.492792022993837,8.4118581671289,-7.147323836847664,3.8903622810201326,-0.4030256919427006,3.5425219156246346,-6.96653176789181,2.4495033728784423,3.857207397692442,6.615502295700024,4.51396991696537,7.735524295117181,4.643093850522095,4.589110083726361,-9.72376580418168,5.303717100526552,-5.959980258583938,-0.20980049395514183,6.631319688096436,-0.9999467037950474,6.234611364875642,3.726911407457152,-10.203808727693529,1.2588709875976223,3.456902194506446,-2.5360333746975305,1.376098186390685,-2.7909899050711946,2.429515506760605,5.183603382046189,-4.145651371408277,2.680125350751903,-6.576392008616269,-2.5826074082704276,-6.921788037149898,0.5949795405206058,1.0026556475747816,3.5216989320918546,-2.0151265527580176,-3.9036312588237085,3.6852902213472647,3.7039462395881824,4.512158901723752
-3.089216412841524,-7.107993708731143,9.30084073790544,-8.02496339954961,2.539892274635377,0.7787686887768395,6.026925662600938,-0.9358281345957103,-0.7274013439686946,-0.6285739768407748,4.244684792033189,1.11801591230297,-3.0480288461215332,0.6254222561870302,3.924034862287075,0.41082522809288413,9.286519409878535,-0.7698194292535345,0.18944744783712544,-1.447125192436025,1.8704289042365838,6.102044332997618,-5.532503358027325,4.959039293926488,0.08275251941730774,3.5958622945416017,-2.2969595832810175,-2.3530970496577535,-6.118176390318979,3.0418338152130393,0.21345008017073697,-3.9901598084679195,5.530458943035114,-7.001318925234129,7.75209254290941,-2.312139452878842,0.9355173450254098,-2.36286494947491,-3.16556986852871,2.0245372352297504,-6.43729671441842,-9.672600783528262,15.807410404828266,4.793071407514526,12.745776395672591,5.974703861643864,7.233603144218382,-11.641480654349653,-4.976953347218463,-7.292255888623224,-20.904564122576964,-0.03410567297768201,-13.308406843011225,-2.4441467246489585,-1.1826765565551387,-10.259557738306427,-21.87050569366153,-6.283150907098695,8.03910408895082,-1.658605677888096,-13.953786147204031,4.260730403017951,-0.2895250246466911,19.20236421917826
-16.49281574634967,-8.71109314542445,-8.317558737791016,-0.41160351427313885,5.974597092674875,-2.4363297617100965,0.9341115477850238,-3.000845842279105,-1.6558952625686616,-0.8173605268626043,-2.8710164506986993,-0.8119647859875291,-0.838503371826214,1.5778031392410874,-2.8491898487326175,-6.423307137034722,-0.30753082621351746,-1.1468730647865486,0.4068865199955064,-1.4739633868172575,-1.7786149354644398,-0.09151658652716946,0.9447632276339204,0.46769395966489236,2.0475122107396446,-2.2388658146217355,-0.3490503666775726,-2.861809005805999,-1.8898100486286729,-1.5400929023858685,-1.6914074481639345,-1.7563100324551195,0.6106073092078211,1.3676183291107675,-1.4301294441126624,-2.4553550092956495,-0.9033590643532871,-2.3808735657015867,-0.11960792992961677,-0.9806890703027162,-0.436299909070739,0.3254282672939488,-0.2786424855641765,0.29982243012173904,-3.498990698313623,-3.738824939480479,1.2459044657009302,-1.8643426915277699,-1.8690837208661988,-0.5476559915102708,-1.1484955264793275,0.3688305741069013,-1.196261212515614,0.14483250890850763,1.4143470048008682,0.8694736491816845,3.0908094221484066,-1.4562697495202317,-1.8603691994302383,-1.5123066326201875,-1.8234653799424683,-0.6848658293394051,-2.4002241231512316,5.72170199100204
-0.4733004313883454,37.64702909438699,1.9567313561416553,-24.78611959299113,-1.023680932577626,-3.005456613293281,2.285025035641871,-5.75037706684486,-3.126263198901208,-5.42291056472819,8.698489103349745,2.013259870495898,-7.199476132385348,-4.190030296008658,-1.383060273736405,-7.0875890441765454,3.0393429101739087,-3.5083458517898283,2.0032671273933507,-7.534095469940709,-1.0145744552665519,-0.7861793536053073,2.793103670880854,1.0258763891377096,-1.5392125809198047,7.587537327364073,6.017925517867052,-3.5535378052293716,-4.815897398225225,4.357951121182848,0.6759723366191147,-3.433530232673088,3.1097516238385365,-2.270803184950831,4.289429634036965,-1.7533230326027873,4.283996231841503,0.3884062489301946,-2.7540698433624367,4.715623540946686,-5.554452971920687,-2.4457522081874816,13.070980304090021,3.3025982990012546,5.048625234410451,5.588756542835666,4.341426233610446,-9.66534997692241,2.9343098725376064,-3.446269823556391,-6.486527887548446,1.3293552418956123,-7.69004966409515,3.083422266515405,-1.3512348123885602,-6.060085070243954,-10.317606712722894,-9.300567155155104,3.698417635211004,-1.652738330251851,-10.474987419701923,1.6739171910151547,-0.27595764503721754,4.9097704209682895
-12.182424306733596,-10.807844249839684,2.3186266371802016,-5.977177955900459,5.676593801958072,-9.965921160287001,9.276025486583068,-5.128996585368623,0.6145540339876118,4.02153760256794,-3.5550018557852763,6.316883139546641,-8.744963652005367,-2.610454014901602,5.495545408011344,9.791803520203644,-3.021837793489317,-5.071983218125536,-3.638873356521316,1.2988067858060663,-7.398688923172021,3.2283444913475225,-0.9477952786176213,-13.038301662948038,1.3607439682721614,1.9351039137829407,5.765579696300884,6.687017937189245,2.988561942359022,4.623708339156351,0.7688521284010409,2.0954046984814965,1.269899994387747,3.466238666435408,5.2080568492806245,-0.07899891971341498,1.099319303596389,1.1395753126376609,-3.1455942625595927,1.112366922788701,4.273314658248591,-6.403448841515253,0.00502491504059889,0.36568068212909655,-4.644548927621586,5.50425871239244,-0.8295276954143768,2.416340958831421,0.9941359733720604,-0.41849781694307553,3.0417863404952485,0.030908500316652397,7.7595783463012165,-2.519985735179538,-5.600344426045689,3.7814075429571252,-0.531121261674357,7.192446107159659,-4.3301802478064255,4.150509813191909,4.2716615274669385,-1.409857537508758,2.9303946853705156,-3.840131675270353
1.1048090730454216,-8.366110955617188,10.276370064696243,-8.4326694723915,2.1866111622887177,-6.0272888536764615,8.1929476931365,-2.888426645663184,-1.8705210375142487,-1.1145909475324687,1.9214191643772078,-0.6823948234551225,-2.6729780643717858,1.9416441215430884,1.3350275299996863,-3.791570707232049,-0.9804772534542295,2.906429518182597,-0.341418286903108,-0.6049015616954089,1.2312557999304539,-5.8219184637504835,-0.6848490845042294,1.6228870109749058,1.6627359965291184,-2.3846420563974715,1.5084469617383003,2.6905271207170864,0.09495838589298006,-1.8785177145912304,-0.6399647845176003,0.6229991212584344,5.379661799355026,-1.25606750989622,-1.2919792581407152,0.5151358624916416,-3.8222979913605113,2.0996798945791086,3.131143494607835,-1.3088922916903276,-1.5861996934786837,4.41988388989675,0.12451882904063441,1.3631577119517226,1.3427292282660497,0.40156334373118985,-3.6530095981746102,2.564596208919593,-3.2244242228335587,3.205740006028243,0.7681945049837774,-2.898495933646254,1.9644507454608038,1.589856620133818,-2.397840582272259,0.5828716325860627,1.4900771658447116,0.6542786675214597,-0.8072988900433005,-3.8089083864073334,3.1694756819597383,2.183414303759863,-1.288416158583418,0.6929010537278245
43.065033910607525,-4.24292391214238,-17.92807693448767,3.8542389667622206,-2.127917781292879,0.7693257477209653,-2.1475600358290063,-4.874455278262109,3.120936106526905,-3.6843404332302505,4.419608008175598,3.202909360001231,-7.0519588584485176,-0.4656682567860167,-1.3000882011706139,0.7506614169919162,0.5502750540556269,-0.019215396841123136,-4.533131789492561,2.1112552895665577,1.129482825639672,-0.1227653231262099,0.7579634668841516,-2.356240077876464,1.0986906697288492,-0.701074650734199,-7.1728070650972295,-2.4394024923456965,0.7751678259108903,-2.6037176442882113,-1.2097442230810862,-2.9426105882985083,1.5229606414518884,-2.3145625798566223,-3.3395117943670294,1.7115223808144222,-1.0513397380421388,1.3996177820547882,3.394983506822573,-3.297174125194563,-2.612005502998852,8.156227171083495,-3.872836315387188,1.4251389873716254,7.218254376091921,-6.203634381914773,-1.4469078993210462,0.9322178564609871,-3.110003223742275,0.10951258828308552,2.606503682973935,11.161148187262386,-6.040393006781716,-0.484396254894881,-2.412901627482302,-2.647144357017477,-1.4730387041519057,9.641015308609811,-3.4146250109275194,-3.1468052113375844,-5.943277242771319,-2.3182148293948033,-1.877618876649628,-2.248414902715293
-7.5132877041499295,-9.611478677233986,6.524294437663445,-5.46576636032072,-3.5865467268113096,-2.2000155237982266,-12.944423491199474,16.88439485350705,-2.162297587192329,-7.750157432975556,-1.7658715767097086,0.08320711951138006,-11.771562183700194,13.463111624902634,15.540047298544746,19.2382776813558,9.010659448149054,-12.931766551523639,20.49192045111407,1.975468977489457,-3.6654123622172587,-17.559357080222576,12.374394601344374,4.781058790154935,10.290313091437374,-14.158612711058247,0.6009939238490976,-12.380875134734271,-2.802041380577003,-1.0510159057147705,6.680992347182436,-4.217712184081665,-3.963344373639693,-7.833707532596836,2.681029003804482,-5.28302726357959,6.018799405599707,-0.1494634568219938,-4.22564789777271,-2.938043923026074,-0.1281864421823347,3.6826822910285726,-1.320326720257779,2.191328527641544,-0.466876832804202,7.831213046600713,-1.031314339540177,-4.619159351428469,5.654543625491106,5.871145298866595,1.4562291868024777,-1.4210707385048376,-2.9970484336571337,-2.6970595177663683,0.7985703159761932,-5.42610128885042,-0.05396405353058709,-0.5577706504815044,0.30195422775593356,6.928560611651094,4.103046815537623,0.7196766654720457,1.090289506249292,-1.1492336456728813
14.07637295809563,-6.937300830487065,12.821711224665354,-5.864469838660744,-1.2421733070595602,-2.884004361400458,-2.9652946785421506,-0.9355366434648303,0.7131605199390011,3.450671002714695,-6.6172300434497835,-1.448063922731826,4.173650414740209,-3.594813200367968,-1.0211168152630943,0.7703399052163568,-2.5876946017590035,-2.963233120389202,3.9477679232242133,8.225351928270285,14.992814686648137,-0.44247677790783924,-2.997041460598709,-1.1552680968840707,-2.1067952257137934,-3.095856870517658,-8.843109723451969,3.3106944295422513,-5.447746534082795,-3.3623516936180375,-5.120299674101572,7.903451139465027,-6.927146530444804,0.6190054004517264,-0.9561777094605628,0.4393444468870268,0.13653469925624448,-3.646054217830978,-1.987752566403316,-2.734310660273428,1.0027308259241752,-5.830094683290503,-0.9864231368842714,-0.7827889998518892,-3.5120375986380554,-1.9873520230667379,2.8632225526278248,3.568062461454642,-1.427234359366342,-1.056892288639842,-0.643650411232121,-1.2012762462094044,-2.3507934183925574,5.236535167548623,-2.586712631732895,-0.8972063316404273,2.548119567706948,-3.6053788007404464,-1.5261480144931605,-0.669790392410074,-4.525457372925337,3.1859585678347004,0.4904758956859366,-1.0226268139962555
-8.043294057150195,5.877531625966371,20.214881773110235,31.622121011044744,6.236937423734567,2.4443991545991413,-7.966689219268713,-8.618265359185028,4.597055485901828,-6.617893563688765,9.350725508024986,6.096764866239926,-15.531380463151248,-3.246328981698966,-3.0043329537795254,1.8103010668265465,4.654058350061523,-1.730686460947351,-0.7997335319995155,1.5621999240351365,1.3201345898829038,1.0624580530435346,-0.42862126548826485,1.0268516020778262,0.6233748157952458,0.3481044061334094,-4.715784033252196,2.8679966627856954,2.814797648824482,1.4770524784891768,-0.8730559973108076,-0.3754644013875772,1.2224466112913253,-1.8024014196442155,-1.464530691169617,1.8537339465119316,0.612250570535662,-4.02144946343532,-1.124774906859753,-4.829897180306192,1.6201768001920775,-1.2003657741738942,2.0356884616000404,0.41871436354351155,-4.388819028213866,-0.15710440560592762,-1.591289280015359,0.8238383594469213,4.39154183028021,-0.05160894371058739,1.3839717678303274,0.7668296215713603,-1.0345290290565206,3.6090431434021744,-2.845986022491407,-1.181731039836898,-2.402279881053336,-0.8074411000954574,3.2088107170718154,-1.6396894042447867,4.109590798462406,-1.8367411293544005,-1.765750640758032,-3.6297908684601468
2.543419754244731,-2.6217178204722575,19.654151065131114,9.716203074620212,-0.09190838811732273,-0.011144080439013238,-8.283266186120235,-7.390072814717613,3.131576023379006,-5.367628121197782,5.2772752599584685,5.077493454580209,-10.778989055241265,-2.1304111210710786,-1.3696543406330526,1.7450346563025072,1.890688989587783,-1.3420102142418158,3.769312301387423,-1.9308086640913862,-0.18210874516438857,-3.4460538738235584,-6.864774917011361,-1.012626698611327,5.059531180464663,-2.951149758459574,-4.717414463684328,1.1230492975089679,4.495295707767474,0.47937414723563265,-13.52767927575742,-2.6772599232834406,2.8850723123381146,1.2082366484207478,-3.3016397192489007,2.2197488118700774,-1.2449886439003912,-7.145496977510149,-3.7558750207199774,0.45051078288687785,1.5982453172656974,-1.1228729960603896,0.41598485544670144,-0.14758702943929547,-2.0996251277815445,-4.942587359592805,-0.6854032832168218,6.018915231912277,2.0387988176519833,-5.3727126924008015,1.7726364757024267,-16.903064060667262,-4.971313733608519,18.308522026897453,5.783141866551724,1.1272095214872193,-16.255101935676777,10.916425046532149,-5.688715774433804,-2.134828007574764,2.1074143557353997,1.325232546807061,5.199806766530975,2.0966441389482453
-17.205492245486322,-9.14410420267575,-7.955681398144538,0.08710374153304451,5.719975688389589,-2.3876412314337583,0.607522754123686,-3.282424222424267,2.7087979810264002,4.29054783048913,-6.848140613294052,7.735331245681479,-0.5466673422469397,1.0227695871717506,2.4020037602618953,3.525524675980715,0.1337642467428712,0.3681164630017947,-4.7626167925329845,-1.155590610197597,-5.217182894239658,0.2537883512725419,1.8627473990353511,2.2144846567792515,5.512257366157256,-0.38532880576220935,-6.747042468400937,4.803440683836886,-4.159525421682929,-5.4645110523565235,-2.8893401409793777,-3.138826313965915,0.8907655858891795,1.2999224485172487,-1.5256908291194102,-5.514286660583788,-2.972145096916546,-5.16745026208214,-1.4308125435661214,-7.460514934038344,1.0751181888315047,-2.8244845172335107,3.8294327324065645,-2.3169439172075164,-3.577607859308778,-5.838154309599831,-1.1832315164897416,1.3985076685594624,-2.4588405475754502,-2.843266664322632,-2.076658190137948,-11.8103354268625,1.228017827951497,-3.787058599996088,1.344477969862069,-5.69713987979801,6.833818339480648,-8.171017660020858,-4.02241896200506,-5.5482688785089485,-2.1542868591179425,5.882329727703865,11.755964170120354,-6.573993842011571
27.54413479453334,-4.980712326554015,5.502547401509624,8.060209476073585,-0.09641827729232426,-5.258697456501339,-0.7729815686696251,-1.0551200458139371,-5.688948259182956,3.2228102042644986,-4.565545627809898,-8.75026443353844,-0.1352729591840388,-4.601073481481882,-4.3898391606338265,9.067805497905198,-0.5672712457352354,-13.177854262259682,-2.487346689103453,11.369847366030784,-3.4751153885909547,1.1065997052336138,12.80670453529155,-1.0467084976426837,-6.377509578843325,10.973762820189794,11.182933846255949,0.869008989895646,13.168718315192777,-1.0148896680790815,7.506549242519665,-4.420786166386298,-7.977320252331447,6.706516124614783,-9.890083482353933,-2.450067583964634,-5.65572548850217,-3.990674320734136,-1.1553934723936106,6.103169745695622,-10.992796606021974,-1.7958926115354201,2.331629260737305,9.86229793515881,12.809682665911675,-8.27312194280817,2.8693692695725694,2.638251569268169,-1.3972567081737044,1.761145821702565,0.5898436212316734,-7.442704036903053,-3.0152813071914255,1.441232063333581,2.0995590474490093,2.000569262461837,4.090370358953544,5.0130211608057005,0.21396605928777307,3.148383267722383,3.8787827247376843,2.984229975846889,-7.049298196791909,2.18384330239836
-0.22972758580523459,-8.583618446469991,10.719032566678381,-7.003792547207214,2.405025271908992,-6.810470417623241,8.877510727489673,-1.1273966508285245,-1.0962525382567256,-0.5875727040821636,1.0029619225898112,-0.12081211325382385,-3.551674791758838,0.6990764337114448,0.10970901391103909,-3.086509608014605,0.7684259281924491,4.081059328624827,-0.5296046332307036,-2.1115915841003123,-0.657427482716852,-5.904041271417938,-4.324128412863504,-4.681646528254344,0.7187651426900584,-1.7619962127485587,6.0841061252033795,-2.578096272634277,0.18180033062511397,-1.3835994732323176,-0.38891290590739613,0.7019455295121769,5.416866522855154,-3.9501600032280404,-2.354125121691378,1.1139785029182308,-3.4652027445653903,2.8695511091147705,2.8732537689686852,1.1535481061057562,0.6117226431213938,0.44740658386670923,-0.7620628233965882,5.1159314497880874,1.959353365279736,3.6254594880654176,-0.19406943454991035,4.162386431848495,0.5389564508938323,0.6798829564842103,-2.012900618937022,-5.261820153789924,2.4133239871101746,0.04620846519365959,-3.3446649899634227,0.23010358909713635,-0.05373476706816032,-0.2668525125735984,-0.8874997072393171,-2.060924123255055,3.7819353743872317,-6.043221065172506,1.4011471801886823,-2.074288848060804
-1.670527497195332,-8.553280563868137,11.502667946949758,-8.849885891341183,-0.8370757851387705,-3.8000444483967266,3.939069731890528,2.558378406788117,10.127719130022678,2.0129546360754826,7.132654027906563,7.550648638116532,1.1210050377798513,14.568775730929046,-10.52100167389082,4.407984688920476,-0.6321953461160897,2.86519202413285,2.474784875858373,2.2407870568147175,-0.6091480142227198,-1.1014263566991316,-7.087409649148599,1.171371238138116,4.580982268650471,0.2680843090373296,2.3244654223648893,2.226305780635535,-4.1793066663826375,-3.8807506926720143,-5.928405875188819,1.6158000783678512,9.229668528485497,1.5716706239888372,-1.9435785387147657,-7.568625036551583,-8.232351111031846,4.307325632964165,1.850661805167936,8.404096559146897,-3.4001393534318556,1.608138733326436,-5.355997565306441,-3.7999066303269182,-0.7873585530084303,-0.46734653395673015,-4.5795947900262535,-8.228170080169173,3.3058027873753,12.249206846829384,-5.226047166557602,-3.370231480655363,-10.831631894619235,3.32413596253608,0.033714585168218916,-4.908087662162952,9.765533634919448,5.134329844014795,1.0179767168998306,5.733622595938732,6.173347382840326,0.25101255524450433,-6.753472233788069,-0.848134764162463
31.48854596824257,11.996677012412237,-5.043510141522451,-17.28158506407211,12.363560006325974,11.308357836389913,-11.681049297011292,-12.02885453707294,1.52921628493392,-5.96356082777842,-0.40131308109188824,-6.801800496875649,-2.1805881020480737,-2.5730952111885332,-3.6710764799701683,2.6047718833510003,0.6306809536597587,3.590793513562701,-1.4290414472550321,2.5951073657865016,-3.1691386820578296,-1.8887506906396303,5.711256195070845,-4.861119168994789,-0.9304393350006742,3.537283171857113,1.9967851773005967,5.492056785621876,0.8223513338905181,3.1820585025165533,1.644271383310595,-2.7036596169637335,1.2113102777618634,-2.8673280472472626,0.9413123607492907,-0.14987186255889756,-1.0005190566110134,1.050039006142963,-0.5682947513523001,-3.1722938345976304,-0.5334091792892484,-3.9999418302243535,4.47764728122894,1.1072979640890777,-0.022946199584584017,3.815450095195951,2.2349158892558876,-8.160732632970639,3.4303642882432617,1.73952833085774,-1.8211177683077355,1.708824014890053,-3.021829130853998,6.490540772172283,-1.237427771829667,-4.168110300621428,-0.8151347941126498,-4.7114954665496835,-0.5659719572427129,0.7713910214196285,-2.594705648686626,-1.6122527371060345,-0.6665471288045351,-4.047726033154518
34.78303319107444,17.149439381816062,-10.094231067714423,-19.3824378920917,17.2079660434654,7.973626163793011,-23.37976440108086,-17.568095790520267,-2.2162690790734128,-7.664224909139056,10.008536043384764,-2.2760967302743493,-7.139446489029957,3.7748137229217544,0.8169478924539975,7.824491088298518,0.9201600574832001,3.928547257057029,-8.983243085690708,10.558989972811146,-0.746718537960732,1.4090423184160477,-0.10504112737708421,-1.5155447064505994,-0.12030397758601252,-4.208887343057576,-3.3679765570718545,1.5053989666835903,-3.1434989592568554,-4.031003219282306,4.196673079162954,0.6085012706413333,-2.9427143209574074,-0.14758256759581756,-1.6089893331917138,0.5667926339684363,-1.6345017530843973,3.3397600339962583,-1.3942601533142251,-1.1527149277783506,0.08185532630262828,-1.2219503864678747,-2.0796411256069036,4.87980996953391,-2.9210006306244565,-0.7643301306512099,0.6705007218026463,-2.3291318776658656,1.3157551188660606,0.11764268293856414,0.8591604905634266,0.05741145030512045,2.831128005340743,-4.4170502591739975,-0.5835619438577815,1.7577538691923096,-3.0156809064565695,0.9041967938943537,1.0594138639276773,-1.9488674615513528,3.3539469479123696,-2.0678122585905205,-0.9820368595790983,-0.9517875477461624
25.521393454987347,30.919039341886172,-0.5022081174834716,-19.093417121272285,30.413251097268983,3.4693743078833217,-6.3802858196216885,4.406510422461279,-3.1867730646433157,5.3546161277275255,-3.3359176967757262,-6.452941305796602,6.107765718320741,-0.11362836357014075,-2.2327213513708504,-0.5170595747255979,2.79861709634069,2.6818783892425255,10.560525815832065,-5.820246357471654,-2.498686456553897,0.6820771600500082,-3.582371685584037,-1.2762590041294406,0.01939674296136065,2.496529509551595,5.505255344417215,5.238152486473694,2.210560403961033,6.743079463741762,-7.39658149855292,-2.7486874018768415,0.41226359926041994,-1.2771181257604458,1.8680738354319681,1.808263798578108,3.087275199122761,-4.220501626855731,-0.32421738558383595,-0.7124113484514477,0.3069930403235341,-2.8962157677440574,5.166642628619565,0.7414154204250782,2.428197451518592,5.524465007869475,3.274342247492509,-0.7422481754875558,5.356136652014083,-1.0395296567800987,-0.6357289863676663,-0.27993835552259344,-0.713962520250595,4.736944633217912,-1.7101623424162637,-1.2399613002910552,-1.1812477010470899,-3.6785434642975754,2.9593550807702664,0.6095776630347458,-8.729847909518321,1.0579601449108498,-2.1655111264568316,0.19626418697602718
-4.847130957980627,-9.931868624898641,8.597240464766703,-8.823678877685598,0.24460022339508478,-8.27171626871072,0.8739668274185365,10.362363208294726,3.5592530797417283,-6.220924687506991,7.0221451417083784,-4.9298980209179435,-1.6003921148873461,-4.737406634586887,6.8063606597161845,2.648607364604692,-0.1251323640518828,1.1678179431061542,0.8205299778739453,-2.1014665377939936,1.0436329648047384,-11.486109294559098,-1.4396439535861127,-1.1640681885407307,9.059111960751203,-5.985751403931082,9.526823793427953,-8.868473696681265,1.2043395852675278,-8.477236409867768,2.1267876567146944,0.6984848327683262,-0.21728442012220506,-10.06490771417049,3.0549667528235394,2.702299723746012,0.44728772817856055,8.730315642807518,-6.066295405473181,-4.487178494323152,-0.7560354040713382,1.0413961022025227,-3.3210994810339125,7.064249928317033,4.267977910202256,-4.368770986098274,5.369954938190296,1.06994183151484,9.064511692878074,3.381750288534244,2.17109335101598,-2.3103968685005083,2.3360726830342897,-2.255629418867934,-2.3690545674428694,-1.4622449702630045,-8.994035413798423,-3.034243045563586,0.19387431386746165,3.094140390510371,-1.505928700320009,2.1146059347209962,13.144030103192542,-2.3465579049781398
-15.248544384291156,-9.482476924994188,-2.2092280403253177,-2.715297714310472,4.0403483128308855,-0.2945763352584303,-1.495501089838721,11.718391344407005,-3.787613804084166,-10.87435700179194,4.604439810768376,8.314031116844417,5.638384592970437,0.23013449877348038,6.8624712608058624,-4.308838105954617,1.2375696699959307,1.8219913272927182,-10.069735476424853,2.227238193587796,-1.4059925095702754,-1.83027000484757,-4.553808482369555,0.021915281477194102,-8.736983246556436,3.464788165228453,-6.9829922279928685,4.458912888696933,6.3770850230860665,-0.20710047007869295,-6.1195014115560795,-8.319825368348617,-9.444083894942214,0.6170197205763915,-7.647475500210384,10.968618736427905,-3.936791406804544,6.868792191260461,-1.3456605435059978,-4.613257390446931,6.010518215425192,-4.529231185944413,7.261001120964001,-7.066931191171105,-9.774446409850166,-1.6860501238106342,-5.8552619769200795,-1.0321174572173337,-7.366077068948947,8.694329740757796,8.784290542828211,-4.369068322961651,-4.837762853452838,-0.7822751948774066,-1.2547428579542872,-4.631244818225522,0.5521160022017843,2.3942383155707962,-0.14578243301388508,6.537316513138441,-0.7777301940648175,-3.3373352110428485,-6.191092868953605,3.0373685632490863
-21.20129741311506,-7.721702059498039,-13.1504811256089,5.451528745595837,-2.8709366908395233,-2.3526246251817415,-8.009910118157864,0.5321794016612121,-10.335316548798362,-0.5499580409935252,-12.692125243960643,-11.009737188478262,-3.6996196265276713,9.003728186102908,-1.3065817212751896,7.85780755680238,5.760962215278474,0.29111443807135895,13.254579166775637,-1.2887019887796614,-1.5506274422285986,-12.313287539684275,-2.7541920447868122,4.38789653855992,-1.5435542214358695,-4.7868411434023095,6.799477274869523,-0.4647944640341697,-9.914133041199717,-4.238533724613423,1.5129941154479902,4.963739252906744,3.4480189639668968,-4.5638038982740055,1.499261485358167,7.4479700412827095,-11.255674517518614,8.85619090343485,2.572828217875995,9.252005347116198,-5.761339848322139,-4.99857726465323,-3.851260668277714,8.269326482431017,2.6684448872032465,1.043710202665119,0.8940621338185177,-5.671479991641024,-2.3647642819499217,3.75870287089197,-6.006259245242575,5.6744443559550515,11.665215860444057,0.9921850686157699,5.186611723391387,-5.029644122914073,0.24127258818201414,-0.7410831266500468,-5.003413837799246,-2.699280211545221,-0.004217377280070836,12.616672303154754,3.7625920713706162,-6.897804740306699
-6.709703408161491,31.960470593309996,5.123758766928192,-7.772037077787154,-13.282495827835438,-4.209963479108439,8.422971146380984,-3.418560004636178,0.5815370725229142,-6.1095670574627725,2.29047329114037,6.862091258345898,2.3735485871854087,0.9363547816000491,6.596914274233667,-4.311662017044022,-0.5425000297912587,-5.433932024084362,1.9852119891704834,-5.474193416642974,-1.049678270081557,0.4300822238085894,3.466442884021264,1.2934985931982557,1.0458461580415928,1.3932181771301495,-1.783066087966854,-2.0802617531390606,-0.8086248050527324,3.4282085120141774,-2.272502986613312,-0.2823175300662357,0.011258358839801865,2.49109072224371,-0.8079476748538454,-2.487183682581189,3.2279896731380604,-2.889371129256031,0.9709339967123525,-2.2877681576575952,-1.0235029808969207,-0.7494694089184547,0.01105990355555796,1.5162089015175988,-4.723069127947372,-4.576012116059555,1.821487401920502,-1.9281583177542072,1.8035522559804853,-3.0846982386707182,0.9053085771988165,-0.0674211933039439,-3.6862474464331507,0.8934935303044594,-1.5533571216593831,-2.1100101104840547,-1.693129780469907,2.4465692626567157,-5.166328046392206,-0.14123897379943678,1.9178218891865741,-0.6144262613854374,-2.309242234793181,-0.6386073990109137
-18.334684651625984,-4.771551580702694,-4.605146981193368,2.584255628953752,-12.280143580895116,-6.307531773432806,-22.044394553928218,12.272555698968008,29.005797956871284,22.55170468713848,9.295281873021368,-30.520236776489106,-4.219853172772982,-6.908704476643256,23.53310298398777,-8.199799368771062,0.22742750461238956,0.39941189532480814,-8.587968639861371,-3.8512139564985426,-4.587704067775704,-7.2045811873680705,0.2771748289863557,-1.829387865254931,8.799535343940043,3.6326889044351476,0.06217944169133783,0.0015869011783023132,3.409097254073669,-1.9139105824412783,2.8521110061538453,-4.010360764506625,3.628232807442132,-6.636002272223838,3.8012836162474186,-0.18274298327530566,-0.42921705077643235,2.5449194870937695,-1.3915946375630524,-0.498806733122803,3.3571425375473734,-7.584025057218289,-5.331371307876436,0.6766446872078287,-0.03236861079686739,-2.5718666298087567,-0.8751969992824538,-0.006711847477783933,2.4070745249882726,6.430357484256257,-1.2500001163576302,-0.22797899893963294,1.5185170979717335,-3.6834734909367515,1.4602367927976196,-4.175999472711058,-1.0728180496860233,5.548138499969229,4.904404735008965,8.503064019922286,-0.990195530695493,0.6812621187625648,-1.8232762152423678,-2.5236498595597308
4.953461348287591,-3.1995420929321132,9.963431397184058,-3.1069755662643708,-4.664817747251608,-3.0087892955667366,0.8062825764106325,-10.125374600496441,0.25595202998721106,-2.890170832460419,-3.4251067885532582,1.4014450752799874,10.050808583883928,5.902783240897238,7.504309663748207,-0.6148786466120943,-1.065837277629141,-1.1560155878498581,8.356449518030894,-3.5503254485390627,0.14276602239773048,0.42496467812801075,-10.55810942996697,0.08229268047922493,3.1912903714195937,-2.3545057254398354,-4.847999991160067,2.8866867699640344,3.148738335595645,-7.7509440948245425,3.1531241504538117,-1.483254781277214,3.0276233082232102,1.394136132344065,-4.385265499195521,-2.813386084135548,-2.8314773403767077,1.4656940570977448,0.8929636399097325,1.36818504162188,-1.1859593268481365,3.41841562671007,4.692227573246076,-0.8311592021403154,1.5921558277989154,-6.496150569993788,-6.621082049232343,-7.038250994188136,-4.548274538479036,1.76000333079401,-2.3081638692546065,-8.021370038669685,1.6679881049667296,-0.1460103536428123,4.760759429906828,-5.280134823843351,-1.58300665401335,-10.544943598168672,-3.8579567419332443,-11.805719131451129,5.404866486637907,12.10624835499349,7.026248680525565,-8.986771460423215
24.482539446670106,-8.80544589444135,4.069621120555878,-1.5827075644397863,-1.0881811945743234,-5.353373528082447,0.512053445951239,-3.803580791696105,-3.7177270656155477,0.7141154037228247,-6.325087433538898,-9.359997276719469,4.344119458942446,-1.4501650559357808,-7.072746201345389,-0.25989924469040543,2.478161034163679,4.411587128250776,0.7519371952991737,2.3980981751121684,-2.615779212845901,-4.615912460173515,2.9915869923449265,-5.381186176980493,-0.988147466311645,1.4259758030168252,4.1654712568815135,-2.8307858138333497,2.554286510637206,-2.248302829694779,1.6188601773188978,1.2858826308892284,-0.6809324268812443,3.6742697497818244,0.23290883057141065,1.91642545299996,-0.711731086321758,0.5703592955402857,0.2620681543820115,-3.116531275349244,1.2872857744521378,1.2738115768041314,-1.0376910851104426,1.9910006094331092,-4.289193612757934,-3.0593676482637187,0.0861557651221747,-3.2340443219334265,0.628534829954173,1.5159811874937164,-0.696044411436277,-0.02485895133193111,-1.4782932903686254,-1.9976695050602535,-2.871528079179803,-1.6956133435782357,-1.5233155303627592,-2.24483518536835,-2.3663261009145686,-1.5845636906040848,2.7800456224062,-1.3122490878348605,2.0690378298798016,-4.954014939420398
-16.36560326976945,-11.324365924283297,-3.736223413601072,-3.751689241929828,4.362859473873428,3.4707069593992,4.75886387463887,1.3749110299724645,-12.505259777413137,6.186655380730417,10.746981970448985,-0.4644296706251697,2.8945598151903007,0.9927172394246083,3.409829630845974,-0.5953714681153802,-3.1149668107089927,4.810173619926177,-2.3493243166840245,8.144632866444935,-0.26837978050768435,1.152785040216289,3.3819100425375486,1.7743579100761568,5.03554660195115,11.626665276393203,-0.2164811257116209,-4.757417069180002,3.953699162093843,6.605110946657871,3.3558883369575656,7.32676152988441,0.401520874796402,-3.4273988681822996,0.6696697138238182,8.116542681967967,3.74875159333431,-12.011136344685012,-7.999247620799716,-6.995331424879833,-5.540924650907786,5.1204489828701085,-1.7092420440615659,1.494400215094439,-7.049494026590362,4.726168752428759,-2.267611434359658,3.3339891328746143,-2.18571605592406,19.244069178396387,5.851547532007279,0.31381324529716065,-11.064498470271877,-0.5276769320645885,-3.6057302711957866,-5.893709833865408,2.2268528168219888,-0.5438326867149842,-7.782460353705189,4.8840252354155105,-9.241586991085043,21.38588472921658,1.2341379576246962,-3.6684805372460403
-11.00562736726658,44.340729919454276,-8.399570200097662,-15.493723161177412,-9.902657603473168,0.22435167442234918,-5.117395474382869,-8.718438312311825,4.771107979408196,0.5987794085367731,-3.004652576138193,19.291896648518865,-2.1091758716987954,-7.249425890628266,5.625095558692146,-0.14325482049255386,2.4456689109328367,5.675646912782928,-1.5599452478031504,-2.31060654722671,3.2136043868665207,-2.907973308288223,8.75985041859401,6.184855962633997,-2.8122055640438437,-1.7249024298949065,3.7129924460324326,-0.8325373310465047,14.067072298387163,4.037586886046896,-3.1772506338124527,-7.547124483788721,5.473357400171462,-6.048463833932921,4.633052549118353,-4.2008218337539915,-1.879237631604352,-2.2655456055181173,-0.6294858608850196,-4.170815594347397,-2.8959758369319837,2.3560109907147475,-1.7314419188183778,-5.768918856770405,-4.9342477509752,-3.668236354424201,-1.4773089430432271,-3.8025363559611205,9.284427497549016,-3.0185147320371284,0.5959616930627781,5.508567703262915,-1.9724294244953966,5.604772596216766,2.4640603242284094,1.6282431166447726,-0.7271472785772665,-1.703862705107723,2.7614617080282566,0.6397376238663895,2.1931784761715045,0.9784775271757554,-5.355638964551204,-4.253838046496759
33.113460651722626,17.22672652116234,3.6066632875797215,15.3566384085364,31.578934135084673,3.8582009731195446,6.4354622100080165,19.584469216626324,-0.11166313748451598,12.689881450085986,-11.862810862394433,-5.903861932651422,12.903356951936996,3.712665464158591,3.076555621876129,4.8970254442912875,0.5705669896059321,4.87741758040274,5.227877556122019,2.432846922852057,-1.8973055186420766,0.34357733220890657,-0.05231708979776527,-2.862293785627707,1.4573145093566782,0.777311065121424,-3.398960821609932,-0.10737386155806836,5.658083612497242,-1.4062349042979971,-3.475472568251589,-1.705473302511246,1.7934973155472103,1.9450185439095158,-1.344573027913226,-0.38556686312257366,-1.1069471354849987,1.8351227941275636,-0.9340966143767179,0.4644334346173885,0.6444816552039527,2.4866435148759822,0.8533996710130246,2.0658481859741014,-0.4394312597282541,-1.356090855789548,1.9980481028994108,-1.8863857855734107,-0.123710739781416,0.1510242111216497,0.35298335785920293,-1.2280253792823461,-2.132296447751388,-1.2506364397381633,-1.9782220167857616,1.2446499148905914,-0.8169991385680232,1.4115626918377289,-1.6636048189768795,-3.023697078480123,1.0989975862713446,-2.915453748135008,1.5118310900897836,-0.3191646039060281
-14.432945753685397,-6.753082023043942,-4.660380759751623,0.5881720191210789,-1.9933307258859043,12.347474342683368,-3.562052525463525,-1.8115076075755212,-1.3555042389124647,1.3280378018757288,-8.082462470972745,0.4709446029589099,0.17935863188863732,2.128287176781883,2.863759017835818,-12.04204742301749,37.979733439412826,-8.29236169814775,0.423530022695635,10.633351208703216,2.6650833681676764,31.843469534735686,-0.8542068966032049,10.762022286504456,18.075691202144498,-5.482635502032507,6.7680514535242855,-4.566868756147208,-2.7090811607504053,-8.791593642965728,-4.125965582114869,-0.6024301664317525,2.729714560092257,5.328755579839779,0.11403596196865434,6.541922362793641,0.1901773477712807,3.962352936735035,-0.10015683265211117,-3.491769476128214,0.4434616739938074,2.432000570649913,-2.1859816993862533,-3.3066015528313706,1.0653797379365735,1.1806929463834366,5.258384400945765,-0.9761729100276539,-1.4557037636280967,-4.7757403052324685,2.0885434100534823,0.6786964838724852,-0.4123800307626805,0.01800459408965604,-0.612513930326224,1.9905661703458024,2.282729454381379,-4.848498962814004,-4.149353081201994,1.4294701084640047,0.7190752337045181,1.155149579529879,-1.9145703852807545,3.69640948895489
37.33202502920884,-8.26028835104028,-9.623376002430012,8.70144883479578,-6.0225293210520245,0.35837443946242464,1.907517948785742,-1.0605991203172944,-0.32007461056729947,-0.16756032720041614,-1.9999161915443378,-0.6341342993859469,1.3282896771394481,-0.4762605332767582,-2.4205836850926365,-0.14023745030706733,2.4383301875629817,0.814084740965352,0.44088271226866343,0.572176377861494,0.6203469408851127,-0.6276010707705715,2.8246405181195415,-4.095257402574203,3.1186598451688616,2.454797348791079,-5.567960761934403,-1.4018756048184184,4.505860771265345,-2.909970276447955,-2.819240816138705,-3.2300501209326815,3.1112129464164635,-0.9690753242926754,0.3908586830482495,-2.1914898194223267,-3.765268358751151,1.8958720998574647,3.669187181126727,7.074347603876037,-1.8525214253417677,4.096752388527867,13.626361132942849,1.351983814259446,-1.8589394371718049,-1.103684090762663,-5.633001514914525,-2.713928530914503,-0.46016168857337814,-3.7359831800902654,3.4321614184393607,2.3297530733646266,4.505334194231493,3.9758836859281868,0.9120243708007407,-7.81931158464646,0.5713240678489103,-1.516847357397227,-9.73320825229038,4.126068163996,-2.339688411548038,-4.34698429405278,-0.05702814098724446,4.606769549739868
-10.869043343124133,-8.216321762824103,0.7737558279524247,-3.0402033423795154,3.4710403222794266,-5.545962437564986,5.736383486014652,-0.9429385361687059,-0.2802574597213547,-2.382474829065905,2.6503779482367227,1.6682039927642163,-2.783905606513667,2.691179200793208,5.087730105865696,0.8675416426818557,1.4023837231952285,0.1985781500556408,0.08905392997642549,1.1819460719939794,0.16936536174379035,1.1622750568916398,2.30343874259955,-0.391291227373144,1.7999943902956375,1.2132653998842502,-4.707993410222828,2.4249784858150374,1.948870814749437,2.8845918744033456,1.5573131629070611,-0.7978485585189932,3.939857561052206,-1.4171732495851468,-0.29122087349238746,-4.211466460137639,-1.494343922228445,-0.3145182288363417,-1.7942505916228715,-3.212476918208903,1.4593857780292672,-1.07728547532403,-0.02630186521192935,1.7095773588269774,0.7155881636427082,-2.806972948179745,0.5871037458053676,2.276406948026537,-0.18309928010427529,-0.8115516397012967,-0.5767204016870929,-0.07696303891701547,-0.6278376010944131,-2.0060597455960374,-1.581552851592316,-0.937512341837963,-0.28645438436829584,-0.9028323615554502,-0.9644568966005365,-2.278468708742233,2.311878093564271,-0.9418386016073356,-1.682487043575222,2.9400356970541415
-5.774374562176215,-1.566848585184886,10.649137861827667,3.9061490012268627,-4.9364221088486415,-2.6656131096162654,-1.223900724204615,-2.819656622869761,4.54491156251662,-1.4926001876963841,6.309405706983892,2.7300447873814084,-10.943746562230846,-2.9110554450800596,3.28112309887361,4.3296702304862675,5.968743748614808,2.9910898823649785,4.93915051597226,-1.6320181240653515,-1.328239234734505,-1.8512803471194714,-4.619711550527785,-7.981783819577815,4.120734086392294,1.2103852197264653,-4.762867300307363,1.183208236870763,3.5936157385005796,3.200566399305538,-8.581464863639036,-4.417321907022121,8.139780731754904,-2.5412245438298333,-9.704942049903096,4.07704835315089,2.900230238793604,-3.4805555138542994,-4.13315773062536,2.633590420886907,0.3199045527190388,-1.50717975458453,-3.5063079640321133,-5.120241585201687,-1.9204217945146547,1.3170110648164761,2.4975735835671737,5.271958591046354,2.4706035646966624,-5.499054901082347,0.5480107868299593,-9.201915672344926,0.5662859620881309,10.813965257311036,2.6659865249539885,1.7779445658612276,-9.134627298792445,4.206140257547433,-2.917085617306305,-4.890395018800845,5.744194475288406,1.089997610997865,-0.864391590602924,1.1194675280469286
-16.742636937885262,-7.980582479793211,-0.19565183539250053,16.995559815237154,6.347286466028021,3.3662174034659893,-18.281240079421288,-11.83042402630756,0.3995154883280919,-1.686970580051845,2.393296703897466,1.7471197221547394,-12.394381372255165,-13.152196061590416,-8.333321632811828,-4.064750319573088,1.0052644295513355,-1.6372402779260844,15.652448097169131,-8.398207442543718,2.2861832536851687,4.824004669314558,-7.693978012073839,2.08149367656849,0.03011066530554138,-3.2048296969654397,1.119837045050456,-7.286271932128159,0.24750086393006668,2.9057547644932087,-13.28678885776391,-5.033820947510842,0.2886702004348634,5.573643767416891,-2.0865794418213306,5.697121057043425,6.937863940213147,-0.5128898627852488,-1.4309163737299222,-1.5808949669845167,-5.172163481655321,10.01865367822457,-11.860181049103062,-0.5998593682513614,6.840065985939523,-13.85333313407279,-1.2062544576568714,-2.469364864724283,-8.928716621653203,-1.1433786092957074,8.23909610764913,12.876138076678023,-15.057924259160268,1.7098073600476051,-10.332203575668347,-2.3562534944032603,4.402996409901146,1.4181913258079462,-1.7807183394292043,-0.5831557572903566,-2.4946817996599666,-5.026795780497309,7.396310652587855,1.3114312767011893
-10.358008534354058,37.92539714072572,1.946235755317994,-3.920517825847523,-16.5910640773314,-5.112253241235579,5.626192295616404,-10.553060597167892,3.1133784521295564,-10.641387445264845,1.4921506960106774,6.9528325835548666,13.503096668231157,8.472034753517304,12.936394351642562,-4.929094356906662,-2.451290483414398,-4.828990621979795,-1.8406501269635078,-6.209042155517436,-2.9002507609103962,2.1468220501218007,8.57421833077196,2.699816628354635,1.3806167936999174,1.0230801090762902,1.005747395633508,-1.6028243740635082,-4.260402577329211,8.190622933750086,-5.685339976206121,3.0424320161463227,-2.798653850909148,-1.7898964536212971,-1.6629458440814602,-0.5517354375823879,3.4938909619220992,-4.86424181656567,4.286642995887378,-5.729232762746318,1.5585347377466865,-5.503199402387231,-1.1429868711944413,2.219254830479444,-3.85775679999215,-8.021305221200695,6.003256654877192,0.2642242904741181,4.266067380947638,-0.34379742330265767,-0.030380396282078833,-1.8675011013663463,2.206325605610455,-3.7130274976529583,-15.670652741642947,0.17464356248691598,9.300361466143327,13.237177195081758,-3.274325513860199,3.5808645061927917,-1.450276331358464,-7.248095980136978,3.1239798362472873,4.6272820040720255
-19.64284239198028,-12.596760964037246,-8.673501314228739,-0.6946265762343944,2.833089974923661,12.077507974051167,0.8309916853685988,-3.443094204438458,-16.27561017111752,9.97760839745828,9.64017637378389,0.7261513485026414,7.891357392814581,-2.989372965959459,-3.9781699403140047,-2.8417353675437442,-11.374305787638265,0.4359277167234351,1.102984337639337,15.737701260419115,1.326977840665495,-0.16967939410662913,-4.895869221791928,7.546750505043036,16.13791870509908,16.10206595096936,-3.8462004390277587,-14.257643528742813,-3.1406418837591454,21.550909347462458,8.839061386496091,7.210818597790895,2.3532753766006103,-3.8965544271328203,16.07787422162522,13.389167042475238,-0.2860518771524084,-10.44565602662726,2.4708537336264884,5.478341420941166,2.8730164165048793,1.0031438448840608,-5.560922120128068,0.5631289728190684,8.325985634198721,-1.4191547797127568,0.14367679063935238,2.025588413288809,8.04864671868901,-2.84068138948996,-1.7854291350816476,1.225985438058992,-3.5813654794705423,4.902847968182073,2.257057213149578,1.1688115328067576,4.3693747269561225,-3.699756644167135,-1.3994972091146431,4.70414379038148,7.828985884375955,-4.332449724371782,1.7111293997691128,0.38658320818402325
10.6883642182491,-6.910853265628823,15.240396754440164,-8.373764648557728,-6.110475382859182,2.198890307995409,3.2125337227655373,2.053819119118768,-2.4182268647567735,1.169937928572314,-5.689537500246535,-5.4046742402444075,1.1736745797135377,-6.098888835369244,1.3490608621036633,-3.9541215031824253,24.973891516215264,-1.5621422598564978,0.5526691173014767,11.631829311594613,-0.42734080630004045,18.026652213927743,-4.203114397536772,15.383592242626287,5.355949346624435,-5.208192372271925,6.794303838891945,6.963942679356747,-10.56133149188744,1.5035041765279125,2.4813906307417435,-0.32498134855500527,8.352081513227908,2.288418782365411,-0.02460841889553282,1.456373663661832,3.324896813555944,6.919802958983917,3.7542255281749393,-0.04045308381447256,0.9981147454472333,0.21894924486254017,-3.1767393247432247,5.260305381704943,5.2357922546287705,4.515125180607607,-0.5094809779315653,3.471548068286409,-1.2069269300342316,-0.19644788255493864,1.7832446603962195,-5.001285884235292,-1.4736061808355247,0.4027879573884326,-1.3298403588650212,1.6909708552999512,-4.63859752221191,-1.8226296599847815,2.8494580225562367,-1.8444309558837224,-6.435972898047193,2.364749983490203,-1.7936145039863614,3.5412051423863247
2.097869256128116,-7.513136898766689,11.995828158343885,-7.615172942462389,-0.0992614587721745,2.836567263422818,6.8710821279806416,-0.046157107222836155,3.411784416737884,-3.826473371306442,-0.31100446066990334,-1.5618396489466078,-1.769926610496446,-2.4901054745728155,2.8881663781184392,-0.5765650883634564,-2.4035854656082742,1.6772230666070875,4.76206432624186,3.178440063070576,0.5140477097488716,3.105583810302509,-4.582213117654729,2.8983646670747842,4.15421873808188,-4.459415226443414,0.9060097011269908,-4.299484913136982,0.27264330389189406,-10.46214130099898,-4.730713710058509,2.9669481377608107,1.1382003949585349,-7.752765109678936,-0.874828447613356,3.494931566256634,-5.80967008131601,-0.017886010957011495,-0.46629513784979615,-0.708873735207831,1.1950697321041668,2.560494196368976,2.2260145352756426,3.775906066383459,2.2437699895624457,0.6911841539295107,-2.896021422280239,2.6634353105239796,-1.552822183537694,-2.799720379000055,2.680084413189377,-5.740148067578384,0.47917061393138566,-5.07899412176677,0.5698954780167915,-0.9173771601611705,1.9783734365492895,0.41147611933196004,8.819794816628658,-7.518155906884754,-4.097759549183079,9.077951103593353,0.10905122404678576,5.537968291155349
32.58319928594953,-6.533920622484133,-2.8090456723036223,4.6858360275606055,-8.074024823380306,16.364927836996202,-1.357992951536056,-3.8710932829141385,-7.255885041100231,6.2465388241247215,2.0607499656118433,-0.38343308575459517,9.425002125965621,-0.6369723177211128,-3.4523044187999106,2.6633270573456973,-0.013556340307818769,-1.5603362671993977,-7.243938152672646,1.5599714483440643,3.7794395156821303,-5.98792369567617,3.7698224863019134,-9.591231378266928,3.708300072601624,1.244526340421569,-6.685133440574566,-0.6490545252502862,5.535074171339455,4.524841060399251,-2.0270192630052644,-0.4417314063564649,1.8904110991555487,7.355691852608257,7.182034783255008,0.7804556357786864,-3.1672259590661787,6.198048407398082,-4.2394554077096815,-4.667962249960464,1.8835777499575874,2.85053491350597,-6.019410672157373,6.108036894126184,0.1243288879969688,0.05201452981248049,0.16779597172575755,-12.41156165608463,2.875587297109615,-13.972458052624932,2.6215449369376382,-8.956041437775395,2.4374891119459323,0.3261231697210092,-4.785457780541445,0.13132625209103782,8.453323279672711,1.782688469194591,-0.05403551993986628,7.081800988648461,-1.5319831349794846,4.2566115224060175,5.167672726657019,1.5480772587669283
45.68671044185595,-8.81395560704074,-22.812276083927635,14.978388401164436,-10.416036896355566,-2.194476002189469,12.616044418676848,4.6244751118576275,4.245942047619998,-0.13944662527382445,6.463074732034679,7.869319051052812,-5.76949005731306,0.5310100296147185,2.3750119745159353,-6.192672622969643,-0.8101347499338748,-7.001163958237772,3.7485193883640373,-7.302942089606248,2.00674881967884,-0.12063424969860967,-5.893763144312327,8.219475076680496,-0.638947488713498,-2.126188185289657,-0.14337509673073823,3.183186619981809,-2.826092473855588,-0.29469510099123747,-3.1212137809449017,0.089487114537864,-1.5312065846301044,-4.665622190462049,-0.002421162539194428,3.730635842176623,0.4971661705411626,-2.7400032563248597,-3.5847890363253185,-0.018743091997855003,-1.333191975262493,-4.44332344138356,2.7539640668267116,4.933840399499349,-3.863494811792311,0.34060818084212197,-2.376552608792104,-3.6990064287784814,3.7662017089323947,-1.0723077549492617,1.8093230686163018,1.4521662460396922,3.084616695995706,1.445944437888653,1.1818578891224336,-2.6757404638219424,2.8303722750392644,-2.9116290988621962,-1.239416035029889,0.46525358313250315,0.6463056369528858,-0.941284875987568,-0.4035534057519263,-1.2737498004159227
43.912903356723724,-9.788056639268914,-18.51820428111049,12.983251241047073,-12.981521513763315,-1.3981358646683992,10.575575727265758,5.005889372000103,-6.955880240993505,7.776523654052404,11.762084744883992,7.951958065838922,-1.3185915803766632,-8.668974114553304,-0.849082795607488,-7.3186740293245585,-2.0648091758205966,-0.3956579562564731,6.50874071684812,1.279779588398521,-1.5920869553392316,-2.0195671225878415,-0.38456226552956907,9.845452332594895,0.446946858999683,-6.726793676742573,8.134031184885396,11.873363529019247,-13.995051521791275,10.375830862790734,3.506016297568915,-4.9315143447838174,3.879158228729226,-1.5912469772862086,0.8397219712399335,-5.9623091546729245,2.574595446377336,11.928726511971856,3.2732464253536295,2.7317354583735067,1.4186335655379312,-0.23888759901217452,-0.5497008287645573,1.106186329412129,0.9684306203363118,1.7860500336373526,1.7917535208905155,3.65985272474208,3.209542157089844,1.5196929963402686,2.8088690447346942,-3.2837219695250788,0.3822944856241608,-1.9693300763046706,-2.37380526078281,5.047299221643973,-8.608480942941197,0.2872875249668805,1.9136015983576335,-0.38359103552812485,-3.2805461477901243,-1.3144965646266735,-2.3341621490976947,-6.829321780745584
25.836729560426136,-8.259111431326533,4.4415133234778645,-1.2170320628040234,-2.565634901766411,0.035724799162201434,-0.80482428517231,-1.5943212213300288,-3.306643565892133,-0.49016969856234066,-6.4255241091964965,-8.465287899107874,4.099076856499056,-2.189563597343332,-4.411356521938855,2.874645263536701,4.512754111252571,3.673464733585084,0.7649240313104553,4.6235368754934845,1.2349308507857697,-1.789661067520287,-3.576339720068361,-0.767317738747248,-1.1669373407067316,4.684248859862337,-4.165206535918274,-0.11356030948436005,0.5741315895284246,-1.9333227684820675,-0.8533741256471298,-5.07587941205467,-2.6341480880276555,-5.813092278267499,2.2086070578443784,-5.33124902866521,3.8632545332661143,-0.6095224214335977,-0.5200857737455267,6.256874768413488,-10.40169062214855,-8.84408444538856,9.645329775021645,0.7889583905538925,-4.273356934621993,-0.9794655045441324,3.2982845315411895,-11.412489522686085,-3.2681647790468937,-5.1307322620500235,6.753182116128573,5.771414015866451,0.45997220302714437,-2.932853456472838,3.007753106736015,1.047490631744711,-0.5421949459188617,8.269472547652214,4.702197478037656,-1.7595229193354531,5.695180669263261,-4.076674401565111,6.514362982435497,-12.741973424706744
-15.768057676116507,-3.328502368157138,-7.374412981297955,3.9338385616109535,-1.9347467433532812,3.786801896904867,-20.19350990676844,9.373172878361114,-7.3674933591850245,-12.43885684671866,-9.77023730987409,5.25006868995422,-5.205678649101692,7.535652679506007,4.974806221847579,3.7139509696715445,10.912445516969548,-16.06546791244665,25.181829660568273,-1.6602449630296814,-5.083325951105575,-15.117246251253672,8.413406322321602,6.376901114707383,8.764808027834242,-13.841931973243398,-2.760956775354122,-17.705237277013442,-0.9886626948838274,4.8601052016958946,6.355728802243491,4.285776985430045,-7.046496819177764,-0.040100612551390614,-3.2080357544766063,-15.915211236718742,12.236758548420054,-10.500572327290682,0.4887524660793881,-1.480888378842845,4.554593657526082,8.698696664270495,-1.9187721952120447,-7.8865034525164015,-5.856623379130424,13.351232005474598,-9.375526923355542,-1.809562720564437,-12.729017162818748,-2.7612587341019124,3.246968343824349,-4.471368114065665,-7.081412155187372,-10.433532214967265,-0.8604270302042951,0.07423695051039399,2.809295515578631,-4.332952330133863,-2.8534986503584583,8.685062022247655,4.056490655246149,-3.397418987612434,-2.115347915504965,3.2581767450010504
-9.18301782092027,-8.540422130199703,4.924183598407277,-3.798003076868164,1.8168085704037942,-6.663030312928233,4.962907675718784,2.779623635080569,4.200502340828043,-2.902859093036027,9.895067178871663,-4.708762601317757,-3.3032289020965067,-7.216940047959868,-1.3738380002399797,18.518685006515284,-5.535052912907994,16.7319464615628,10.9854745520212,-25.068175198574817,7.102088754958127,31.147225362949218,17.33670618121608,2.4159428965692196,2.2590644281065084,-16.009037097074643,-17.951853766656818,-14.265471727841957,0.8258509304285153,16.956402531784835,4.2928721509914824,-2.576913621438032,-7.05624663240257,4.861733525514533,6.089291400696215,-1.4575058372951102,-16.957868931516924,5.2136257849910725,4.373541408585114,-2.958580102521681,4.056804428917842,-13.245201496630274,5.798094019045659,2.567113355984039,-0.1188301176319807,1.3276784818527385,-1.3107753957903996,3.003012742197175,-7.414632169738249,-0.41879596863966934,5.556690155445318,-3.3245474417021943,3.340977245861235,-2.4200483098045567,2.373424041401292,-4.784932002961451,0.5330141146459875,1.8801324012314071,-2.8004060960359785,1.3114292730683637,0.9562253673203644,-0.8498095674179157,-3.8524801445683714,-1.3923258467709358
34.11077829817403,27.181800102424884,-9.233944374000924,-15.623946847682474,34.053997461693456,6.434509575411001,-10.86613250353881,3.1368191350413848,0.6738114114144902,3.2847727548611063,-0.35053443363638515,-7.252535540031995,3.1064272296946016,4.733601578738644,5.353501938299944,7.796145416558984,1.1213732356526966,8.222404267004617,6.619957285723266,1.6488564750993873,-2.2235439242883173,2.7143966066272,-11.986815903697751,1.1826217820795855,2.489753040978666,-2.699380137710848,1.5889568022843654,3.8352659098424726,4.82784459987472,1.2587767755563306,-4.273097090974489,3.699529027183475,-1.2739149904362905,5.350866989489404,-3.659049658586993,0.8504695681138317,3.9109875637701657,-9.313489039882475,10.746038854236199,-8.362996541371968,2.2902161901685365,1.1641874990264987,3.64902637207727,-0.07648963643642487,-0.16106000102257173,-0.12930914665409238,5.590553256082728,-0.8628740791311336,5.981508858892558,0.1509610694460894,1.9268044668579867,-2.515691597506689,-0.19816758394657302,1.993870473981567,-3.8364091086106535,-1.576520679021854,0.5619992537614646,1.6003974051675092,3.980199000954364,1.0272145353750683,1.3162776090091788,-3.6832235921656995,1.7789882488311919,-2.5521938660670402
-21.359325907759374,19.38420764752283,2.025257637412971,41.28683908769294,-4.1925208177060105,10.022697539493343,-8.596028169601613,-6.807795199506626,-5.152608292945266,3.2850379510672565,5.118093565471082,-2.3808038361611414,-1.605687739687022,-0.8594352742687833,-11.31466323641508,8.23513726424414,0.3383275231590572,-0.5628200364639315,-18.259217947705174,2.634400174338454,10.159771431439895,-7.505750666028563,-0.960422076022355,-2.3037269595694587,-2.4317312382081004,-9.68248893235508,-1.8977871830206587,-0.22942670194333645,-6.0899968829141695,-2.4184490610526868,-2.8703980693620603,-2.1267531079260467,1.4118421176324372,5.358217866912495,1.4785519576218942,4.062914628643697,-0.7957522563097084,-0.5435013808073549,-0.9668039045948155,-4.453609174155338,-3.3957116107275724,2.5365245802545404,-4.547589298836921,9.716089074816397,1.0490425679727517,10.76189042942832,-1.9018003283107672,-8.578295752778493,4.657344375596747,-7.045892451631633,8.701139267718087,-8.460730524558995,8.80478875073256,-2.390419916468093,0.7586192380967943,-0.11863629800513162,2.2406449539497464,1.1144422558769582,11.910388233939393,4.410234228583014,-1.5088383457083265,0.93454648604394,-3.4227052426270386,-1.5271197539334773
-9.134760078898935,-8.978039567266265,3.2856827166543923,-2.0094552570486317,4.3818140784536945,-7.6094870457265715,5.722786335773002,-3.6204656810302063,-1.7717946634868513,0.8102872577778438,-0.3998202649229887,0.7912396704001299,-8.906583269357647,-4.698211248022332,7.399433192944236,8.534409312841087,-8.128039076742612,-28.99843503042103,-0.9797387686024375,9.091419166603133,-6.251184697680043,16.641820350866503,-9.887904606622056,-15.578316236904277,-15.877823072973433,-11.30880337147345,5.682533582282675,0.5678859615177416,24.072127406169916,15.773694459838362,-4.864681859750797,9.47692552106694,3.957953446188336,-4.991656709850699,1.7558147591135307,-8.214648071203694,-2.632378758250594,6.044050913943629,4.39589102980487,0.8034053021237917,-2.1859306146838295,0.7588804728977162,1.031154646902887,4.847514699087956,1.8035915514107659,-4.400936582702887,1.9666471815340572,3.694420542801541,-4.8044028632241496,2.0371550610107496,0.706222714223699,5.328608074402822,-5.177444809783146,-0.4727943228250905,0.07963183562712062,1.8575216206559149,4.1517183420143295,0.16471707892836893,1.0915999189261774,4.313108073866614,5.122519959973708,-0.620216766645821,4.9219238105723155,2.63528047249982
5.02020524912369,-7.0941702369852475,19.656480069445323,-2.114806743754121,-3.1244208824161372,12.562973587343844,0.795330632268391,0.7935874573709302,10.832446579624493,-9.835273664211865,2.4132164267625282,-4.787333186664188,-2.464115483127104,-12.25007699299064,-0.17338970315469615,3.3854538384089516,-13.711810152174008,8.94657218584754,10.680506255047012,1.861688937949145,-3.3385515204651073,12.303833308671067,-2.1056389232315316,11.334457666393591,-4.098851473953028,-10.33584780397984,-0.3595452492474271,-1.3383751366486174,-2.908702849564187,2.8151395446510272,-11.375108609362021,2.04254000774938,-2.756844511434026,0.9038696151882116,-6.329575959987245,2.1567456452412603,-4.4647795081344075,-7.222072553788933,-14.095012376692807,6.108010308573665,-4.300770749952915,14.738905153813098,3.854160299475707,-2.524092497210307,-4.431914651097913,1.4368734236840845,2.8617528404979424,1.8623939305538484,2.4003693756949667,-1.4203114156360561,-2.399871267976011,-6.2093604112754806,7.212264589535616,-1.3691893629580858,5.1283316617929104,-2.7981926592698785,3.250790543116555,3.049936689465224,7.764566730591744,-6.954365221012953,1.9150916126590498,1.575621566175112,-0.526222795349243,-2.154408129376452
-21.56998087567458,-6.698745263967802,-13.736664231564463,1.420918418828405,-1.1873208014104777,-4.104299249897463,-5.115291726451153,-4.321420745800007,3.7934665747342216,16.912412589384704,-26.26765662229877,18.060054917426648,-5.0109668557818585,-13.833106394983579,0.7493209159789148,26.446215930185215,-4.129041957376915,-8.563531845114191,-12.28115651586096,-6.140217678595017,-26.034776537479406,8.00968124869911,-12.83979232948009,-10.865072542257401,5.1139170939586185,0.13817184589382983,-7.139349301809543,5.8100513878320585,-18.384408153392133,-0.7155025743759907,-4.450070107713194,8.856378604335204,-1.7222934847711746,1.8275375977623203,9.972750882264972,8.436951982543455,5.457566882754968,3.6473218548817234,-1.81684993663201,6.256012852842795,3.523467006782203,3.294086123881819,7.15288059332455,9.399931630872205,-1.010690416408029,12.397406451798775,3.815167778859457,0.5223009431339881,-8.808377566810712,0.22832903023299306,-1.826063879095637,1.4911704173569968,4.22585630864495,0.7819846789813468,-4.319008124972429,-9.758038063238502,0.12093968276153307,1.9992649516300982,3.6036715567177655,0.6878477113023156,4.011434517551522,2.6020179204750082,-2.776046284031279,2.4748765716465626
15.068040985512777,31.21040152658128,22.49404907640155,23.43657335058378,34.343413137696615,0.4748362710075431,12.752982021736637,24.354372793418086,-2.7609132316933893,13.770677543206158,-7.3712082655674465,-1.903448572803187,4.935244387357055,3.0257918536376067,3.988956398868522,0.795180340495426,-3.2008946872114747,1.5062840734019773,-0.41556796087947984,0.18964699132983975,0.5371450625228884,0.9478053769552398,-11.091651462159023,3.878587741546407,0.9549103808658166,-3.0313138805513837,1.5028563087127769,-4.24123118429156,-0.07629788426775007,-5.206127224341083,5.61442223138941,3.5602711995454928,-5.07099491606174,3.9434321333111098,-2.8451095576403027,0.40572865123473295,1.8413421763541353,-5.015636026998455,10.775344495894162,-3.210202352016996,-0.432398085344284,1.2888653425536396,0.21071725436007888,-0.3211191719336129,0.8376855951126918,-3.042509956363125,-0.03521542236908155,1.3408960150343638,-1.9225151058276397,1.3612021992916639,-3.3070423054725633,-0.363105506994744,1.2976994518362717,-1.1575040073856724,3.327952959243901,-0.4572180413288191,0.0038998983467948144,0.4872638418711233,1.009483477481433,1.343325438150848,-0.09964907840589679,-0.21712210495726098,-0.25978817331309323,0.9858066666547898
-4.323839626376386,-7.7037372914592215,7.236104656590077,-6.108910632958641,3.140971789333959,-7.158958208708251,10.281155867391954,-4.03925559564932,-1.648935635901233,-2.550124232731506,2.788539572010583,-0.14622602963899578,-3.9508993277211033,2.2796136708715915,1.219272553941792,-4.278083410110814,0.9223747810306361,4.39393253306775,0.5228202640625875,-0.870269124774728,0.8816821759076804,-6.66747914574133,-0.7850249085951114,-3.8755207712243487,4.249927727564616,1.386679530557827,5.316293419819475,-3.1398877870896795,-0.5461477784597966,-2.2907698611375356,1.2275849933048437,2.576552890332118,2.547576727005633,0.668039691769689,-0.8577412227558121,-0.41730281431257105,-4.691557484261103,2.051021202916148,-3.2462241500515994,-3.1417148006371685,0.66740411443236,1.5560669270413225,0.9149714713411431,3.656472732190556,-3.786494475650501,4.5544980838491655,2.1136648376603904,3.3749599046009355,-0.1617446337261662,4.192528317057854,3.725388257327649,-0.8965557871542555,-1.5991777565674208,2.4324267547182536,-5.085218805529577,0.8483918639500144,0.1007566757508111,2.3981233091680556,0.7683207248583012,-5.9869579966670985,5.605195186499063,0.617586220143308,-7.454942925429782,-0.4252047593364661
-0.22504286392904552,-6.433272227818989,13.546892942959639,-8.645456731898088,-4.880022054407221,45.257543009069856,14.925667427448428,-1.7625438735930714,18.7514450008855,-10.61116820597007,-5.280999789439241,-1.0366497216336432,-3.50727323438364,-5.235444653775633,5.343269420284316,-3.994299671451205,-18.78276122178505,2.1460787942720447,11.390921837396967,4.045847449069107,-10.702591627235197,-0.10246161990223958,4.2498693498084625,-3.1693315000126225,0.677574308626657,-4.48446176661437,2.704420202767177,5.916629898972069,0.6660682529730219,-10.583010594271128,-2.0989707604461483,2.4910374879128927,-1.6961691505280225,-9.86647726281084,-4.247254064501187,0.9896216720960244,-6.972775551359028,-0.9005650253968801,4.013221260114981,-4.965916623565749,3.2865128077054266,-1.2566002664606286,2.660097750731528,-0.41970493492513156,2.4025337582736266,-0.48527205495083964,1.6178850098477622,-2.2661851265353286,-9.162328171749738,3.4408472646334043,-4.953219217680502,-6.621695419257643,6.797651314218972,3.863757358833883,-10.879371847168702,5.582573608696926,4.270457625755051,-0.7752227249272108,8.142330522588608,6.810033285035454,-0.7624734565899968,2.589675568427797,2.883455812318071,-1.9428478848804727
-1.9216232853058735,-9.076955389224688,12.014035482276936,-7.534508063381739,-8.488998891489937,-5.42695770595737,-16.137878829217737,13.20206350037855,24.788544346700657,12.549670607610528,10.938576345356585,-19.05545104792833,-1.8237148998539987,-7.2363247744371435,26.233870019267094,-6.074133458575155,-7.422246420771073,1.3207075291432548,-7.98927561101841,-3.1942394915800256,0.10011342521237822,2.2658211207003056,-2.5982425421816253,7.573211468351358,6.488842319477053,-3.585535201995251,0.32699942309220204,-6.258484844125278,4.319577884015014,-0.3601097150402238,-1.2666900490783906,-1.8550812654615993,-2.025685808484508,-2.745103927998463,-5.697552626897429,-0.855011274749393,0.4316276130028524,1.458521585029496,-15.047032606563537,0.3724302868789015,-7.670523440887345,19.219836077454204,5.454914628909205,0.48705331232149934,2.7678717002509337,1.6873723874558155,1.5575188115949232,-7.830227273429032,3.4188604268381098,-0.565842711693431,-13.401876058860049,-4.79990661608469,7.413899099783713,5.584487094952831,-4.785438553912759,0.8410453633377236,-3.298893173858955,1.917102239623039,-3.0393705158488604,-0.8156076408719956,7.961351906030631,-6.391082733544137,-2.979794593059938,-6.941353440031382
-24.10275668023925,22.469876516432223,-9.391755780898702,1.4168595055104907,-23.912710786879572,-4.090420910568919,2.384020997078907,9.435778969289276,-10.13065411055857,0.4043946812009313,-9.786728683767208,-6.994932489686119,-10.003572133971963,8.098644173935464,-3.55300613322055,-4.901927193380927,-8.993053258829885,13.630381587861276,-7.339924171704859,2.889810364526025,1.6575199816777946,3.752359692814568,-4.269951202924034,-5.392687369680271,-8.260306641187716,0.10127329262929133,0.1222234736678987,-0.47637368194804564,2.8565037141497793,-4.158822749861768,-5.467307744594786,-1.5133445440731714,-1.2988200243276689,7.1169481765833105,-5.9402960838188354,6.167975499093303,12.52440984418838,-1.8136028746159327,-12.51588918951844,14.375188630002912,19.490639521494373,-5.705359262336604,4.359690011821081,-0.8438449430221289,1.069673750224831,-10.482226488805203,-5.100677581455604,-8.205483476907458,1.3956115996034346,8.474207959452352,1.1191806233728188,-0.8310068200124303,-1.0480035780178365,-7.799807954264405,-1.4973802062402366,11.825640027879384,-5.9191559925159565,1.3016500562761453,5.335512469620532,14.359673402715789,-5.658108560252904,-3.394123873122547,-0.7958021400838818,2.190914078024757
-15.224030746100633,-10.16198164310817,-2.9253696694491618,-1.8606010638058275,6.884711666549104,4.3374586435070155,6.576716798542327,-0.9824804700627789,-1.2675970893422135,-0.4010683210563074,-1.085242687113749,-0.03113067746741714,-5.25251647724829,7.078691759606976,0.5648481999492012,-1.5149317253618086,2.8785609157270717,1.230120761931541,-0.8347075681021756,-1.291963547721477,0.8841250776931002,-3.72619696086794,1.0121780844756707,1.0161516612254953,0.31112777840577327,2.149041468670677,2.5594399149198024,0.7213979934819107,-1.086495898447394,9.568562901793525,1.0445816735418463,-0.6486074674147168,-1.1371702427595884,0.3017032285729747,-3.3983760856938825,-5.152962779237257,-1.6229961719443957,2.1756742825580053,-2.0764344792985487,-1.3453843485718615,-2.4439150187537777,0.5235696956009444,4.688743324856924,-4.492394890123542,-5.845587307523379,-4.095786322117754,-4.069070006406297,5.967638255412204,2.964266734675477,10.158455121536216,-4.526743157985326,9.358963474405618,9.34105876902349,-1.1021985454178878,-4.723502697936195,1.684872932648932,-5.956444890955009,7.831196296043299,-3.5350117706164026,-11.835078220542647,-3.2246571625293288,6.871567808921105,4.74733331569834,-3.657776186098865
-3.3529723896134453,37.717318256144736,2.248457147540605,-21.03132393514226,-7.185958788782212,-3.8609603317581596,4.608690576545695,-3.014709096501458,0.0902130940889707,-5.360215490121241,7.046652562183402,6.562335747485608,-6.7778914760540925,-2.831146319958718,3.2166058523221297,-6.512065717558748,0.09529106393228924,-8.512259752910976,4.337487152172844,-6.414484555475652,0.6565111658788663,-0.5052450474545768,6.836544674713756,-0.34391090351679765,-1.1108795497591764,3.946868373505456,-1.828890431836482,-0.39513508992555185,1.3466110739645436,5.035291390794342,-2.656077123021109,-6.109488541647079,6.611931028234911,1.204270674275437,1.2290208748532863,-4.557035462766688,0.11096406061294761,0.9651636906764913,-3.0136018450363102,2.990479429693559,-2.0986422759648966,0.6065597789282587,4.9490721444520736,-0.9290759857820204,-3.1361624586425942,-2.8004799117081975,2.637609656456692,-10.293450301771445,6.315890351632647,5.253893498412275,4.661247294110097,-7.2818851386268735,0.8881458818469337,2.8539505711529904,-2.9612635507911977,-7.653021345006119,1.5845325323107768,-10.682222380063102,0.6164137231514937,-12.979324770820723,7.860963289591542,0.5802919325613909,8.942132712917049,-4.033375533480988
-4.414632447715082,16.68323093848773,15.996136552590144,18.88552002347923,-13.388330546771503,-5.983426453963943,0.2673100895927637,-22.104782361169843,7.200823029435359,-14.78572715051673,5.2986796452772955,9.07613911798355,20.215645439050252,14.902214879301395,23.397824324060807,6.62256002593818,-4.935251377171366,7.005050806319508,-4.562151397119593,0.14422628057989056,-1.2792614605933132,-0.7233249244586152,2.7223795871051713,1.6638419962626618,3.826582253601371,-0.9559795627527926,9.224304042568216,-3.9899787043023363,-0.403061251346559,4.7683872879520965,-12.957234589555265,3.2970235834269834,2.0210320193078024,1.1354980139753417,-1.005139603197767,-2.0201892041293474,2.1464020824673318,-2.2041479298879,1.1467201111693552,0.385271069044732,1.7013009720794103,-2.9460138714482764,-0.4089627855183452,-1.2229287226434191,0.48912344653440903,5.535847444561665,7.634476898252069,6.027673386537413,5.984979877168426,-0.7663407082259115,7.052928757761097,5.890652985778239,-8.318204583585848,6.650420662411385,2.628986901148766,-0.8109166090850325,-0.8735690871624893,-2.2804161743132316,2.617665334019643,-6.569772677831015,0.08438117774316992,-3.50805776212893,0.763144428087635,2.8802191788965947
1.0715536269069894,15.593747285938562,19.464985641894874,2.078441578787825,-10.410637105952153,-7.8595040372394225,3.0463728732182505,1.2880655167021167,4.035436251552487,5.749039638524264,4.00192216242653,-6.230282399296138,-8.090471672140426,-6.635652391749337,3.5730345794492773,-15.59794173990117,-3.644457941133535,-3.0063857829316416,-9.4667163661775,-1.5983045579074884,-1.0704860428153857,-4.7145710890306605,-1.8763364130401239,4.003714610554867,-1.0594526267276583,5.757106571760047,-1.0740753464961683,-7.359926869036656,-2.5187622769363798,-2.5039896129487285,8.831364729902472,0.06692952487033439,-6.2891729976248865,6.288010714057936,-1.147745832258045,-6.199983086157503,-0.6648353772868402,-1.5007082095570163,7.532837121498391,6.006722366386486,-0.380093070981968,1.8861496742527342,1.0590584810045964,-3.8151704407539313,1.4923813700310948,0.3428484718793072,-2.1339879988800723,-2.1501499537535875,-3.3831412315537395,0.8672544794983877,-5.197097089289536,2.776695290275085,-1.352924629225917,-0.33923031697132006,-0.755319874261342,-0.4669002712575376,3.5836726529905247,-1.2457702641031445,-0.4270650190592476,2.0564697074002325,1.8436077565647226,6.55464129627468,-5.326380100825677,-5.230075081094766
33.03895942591217,-7.2469855241073615,-5.052779744048225,3.9240734017592716,-6.722578609567581,3.357580387710186,-6.733271149923424,-1.4382572535594709,-7.911581956939683,0.3379214197010635,-2.8332038999991362,0.03572715176680147,6.122895452938118,2.2595883334534945,-1.5752172079821445,0.05438821886285632,-0.7917966036272843,-0.7717769384535519,2.6778718499495118,9.234221557428064,-3.6392226756410913,-3.0412817121435918,-0.2032229128450386,-3.6214543134705264,8.497154130451587,6.167344359815407,-10.045620021756305,-6.593406938424718,8.088648706041123,8.6698713791671,3.2314157204821643,-1.4594337757167561,-1.8878268076326334,2.23253651670737,5.538154416482081,5.685792269767884,-4.152184355513841,8.275488972835658,5.072838070489933,3.8016324174275433,9.80083366315468,5.963574225361047,-1.9329949272299523,-4.087814508867792,-0.4934164807896995,-6.592011468549928,-2.0308694846322384,-9.93796903800033,-5.2569576874971835,-5.940443577083153,-2.1107273019119126,-10.663540424234686,9.659182499041524,7.707396935360351,-3.9386402273300485,0.01568436306634234,5.521694371534778,4.294807943614923,12.086985512655081,-13.343859887798711,-6.928492123043419,-13.263623645976375,-5.137514527391235,-0.33946921300305655
0.2338924024773952,7.981936485835249,13.30146444002877,-5.695042471158725,-9.072453802497353,-10.260992843128108,11.580590483858861,-1.6620350986684362,-3.5733711329410283,-0.9982742974437635,1.2536980204564985,-1.2139120498765386,-5.091916081884867,-3.3174178612694676,-1.4349434756197643,-2.7153896237705575,-2.825700809419645,-0.16519527211007493,-2.6382345139388383,-1.0333984868823831,0.2748539213630289,-6.403088150867734,-5.969419026126558,-0.7727806477660204,-0.10542658879561907,-2.455218448612883,6.469455130837518,-7.30392452991746,0.8210449620737594,-5.989399532040109,1.754478414577701,0.6795788376224153,-2.0194971406277,2.8401955908844516,-0.4511219839361805,-1.102592017473195,-4.055278909473801,1.0481222367181737,4.847022352175941,1.0532379224729254,-0.7733545550880029,5.445128509130718,-0.7390015952523502,-0.7021151988039332,0.2667306521025829,-0.42690993025103263,0.4132995508021476,-1.3643499506798684,-1.9583474122581153,1.217745067680193,-0.07734726731167352,0.8161549544630523,-1.2359973503817623,2.7735113108939813,-0.029705971517041904,-2.2044301797073764,-0.4516887997868521,-7.230595973603614,-0.39365320429802597,-2.8413214604515002,-2.8523794121766533,1.2893973889214785,4.594194072455103,5.7323249382117885
-20.000087475660305,23.2650964700369,-7.730647212807301,8.83655998125173,-26.224859019515584,10.759422843747739,-3.6100211945873073,3.1503701967778186,-28.808475595607046,20.489302307828446,24.5609525495234,3.1346810335664976,6.928339687081559,-5.468191353161415,-0.9559181885317519,2.3440046885402075,-4.824728440147481,3.5894176440769514,1.5146132113207906,10.170486211499547,-5.092958511941351,-2.8398978786384923,0.06671458272476714,-6.046787739501207,5.783159398996662,-13.540713226707227,-1.8163817283081696,7.413368438193455,-2.103594919833629,-9.479017960720524,-4.601954447225707,-3.3980716833888267,-2.8905955109612984,-0.4563299432422183,-1.2478843816719534,-14.53057286176738,-2.647615465527868,4.86652466883669,4.147503958855742,-5.496784006244301,2.538155958005783,-3.0628674536027383,3.280996818762717,-3.715914052291517,-3.3275024112432146,-3.7804031591926104,1.225138954558969,6.948452542101233,1.1829214783662867,-4.372288488630879,-4.494095986910381,5.974649837351613,2.0213310452395694,-4.2925247036289385,-0.40039109922659816,-1.6270100989062704,-4.307816902759377,0.4604961385489956,0.5358399230467727,-2.150809756350918,2.434006521284588,-0.19095404410658326,0.12539415711577934,-0.12426216471625098
18.07672523754849,-7.833399547463719,9.29670770068293,-6.532742081278952,-2.801203523285049,-5.921943169238542,-6.169065915918501,0.6867807025047598,2.8058441629560398,4.532716831996357,-4.951703067019077,-9.312591029374435,5.781540240360286,-6.831499859339497,-14.962725700516154,13.648787120062716,-8.678663164685835,-9.656486255638297,4.078623802917619,1.3861304378860415,27.17880650163361,0.20426635548200345,4.0758015347152945,4.128748739161583,4.526129616960831,9.543027005446962,6.404243161254922,5.273445471719557,-5.068847974136296,-8.561830717395063,3.3275715795409617,4.655495046562588,-4.868940964465376,-10.238240421902502,2.1563239583448786,6.752160768677279,19.35565408301091,9.59947470870126,5.9073747710017015,-5.698208222051186,16.095988765797053,7.380855488210011,12.64393233692134,2.3901332076642294,-9.296069839697331,-3.3678985470312957,8.285772334548351,8.42803853121491,-6.296704623592012,0.6564460074490406,-1.2986901390309027,-2.7859669667121194,-9.439668895375167,5.486708415296759,4.950589268377461,10.050166056820295,6.6983412995390825,4.492943839585587,-0.3477199669298918,-5.415412465931715,-0.7470293636014639,3.30991967267499,-2.8456394022493927,-0.18514157322993796
0.647820025010538,-3.5204956478083087,11.003240323979163,-6.93109777636359,-0.7958973137629977,-5.620307015730494,8.661607326246223,-2.1145453937095255,-2.27296942365321,-3.3244067248978992,2.7208713002062628,-2.803679812294096,-2.6615667985905094,2.22002638401942,2.3531592963706425,-0.8842879547853739,-1.3901411277507574,1.7802311520197511,-0.3467296861467319,4.056892293201605,-0.3557088908550368,-6.337876780700313,-5.242532627954746,4.617973367584236,1.9001830455728326,1.0324772157647057,-7.0173568908722865,-0.36808280158991225,3.3414929478894884,-2.863601696024569,-4.194353686642437,1.5436764526133016,6.918124929807443,2.4779222486417907,2.569033347303944,-3.0266333478220657,-1.5566554566499164,2.3430975170173425,-0.13208911641731655,-10.489149569220176,-0.26652000228130407,1.317731681456662,-2.3528552138900833,4.1191436666398555,1.7424349272000856,4.52870446423581,-4.4249339165437185,2.9594269935033464,-4.402282354612318,3.1509876211516277,-2.4384215767697968,0.3762272849131522,-5.776809829167325,2.12599039844089,5.2863814723666716,-0.6543516830706673,4.185393780496108,0.6812939240413323,-5.495334814473773,0.061531333645301486,-4.1738415987743025,0.707348858828524,-0.07521524891682589,4.604096083188503
21.155412614673867,-10.048884054514472,9.920568006058526,-6.988084782781638,-2.5187241312763113,-7.816833924333414,-0.6068707301931172,3.0208043843566794,6.807286582015473,3.921053486189635,3.734634725282815,-7.948531371570324,7.124560359756294,7.300470655458337,-20.8825989071465,9.957433362128304,-4.402870905736015,13.904455597155142,6.576818215325679,-6.8991314566422375,-3.85259547695966,13.617791372702992,15.800406065111694,-1.7776579833157704,-0.015295336947820993,-12.128417153348975,-7.21795582061488,-0.9134717173253019,1.1770818766155688,5.449500610371704,0.5280941877966947,1.0673918941081237,-12.273646585767656,10.596382675161735,4.742717402078939,6.5332650749770265,-4.717005193454448,3.2720980038544383,6.582610466914639,9.387330952250595,-10.572740770934391,-6.903502528047493,-4.998120631040662,-5.3344591986188075,-5.131993282134861,2.3210406589598795,2.069775137351543,-4.501296306970668,2.444215412150369,2.029524004556732,-1.991882070330027,0.4393242869792464,-5.92660838902539,4.377663824750974,-0.355349056791166,-0.0780946575014563,3.01718133485662,2.4271598902511586,5.818026223120154,3.392721527802326,7.085374760914966,1.7663384105102389,-2.20385475511214,-0.813126720836165
5.506277866160137,-1.5486355526925522,11.600895710509711,-7.42262568693295,-1.8094897267356995,-7.287439647422267,7.362101152783794,-1.213470067810777,-3.455861863122753,-1.4537793302315904,-1.7200579343259006,-2.858666919286392,-0.6938435341526599,-0.3332826748267167,-0.8793912046825186,-4.104870243631762,-0.3331703420261128,-0.47899825936467166,-3.509448072428722,-0.6075734218615166,0.5833223310007956,-4.546540917962906,-4.561395502488566,1.85530686297391,-0.3754242372212055,-4.0200671782502795,-2.6904089118229653,0.8780975698426396,0.30878838829383176,-5.84747433481967,-0.305787295026279,1.6763821341661085,0.20523695021303048,0.47698999673754305,1.2605789373209961,-1.354852654948675,-4.994647798840024,-0.7446672721672861,0.8787865545141267,0.1206253266194247,4.555438581889045,0.6457696837203462,0.16838815518119213,1.773385905508188,4.176703955265009,2.3444627625570074,-2.296739474615767,1.9855844395936726,-3.2938227893080456,2.1519820563154797,-1.6355435799875118,-4.649165268807309,2.9453683241715343,1.4263630123397175,3.43713201004492,-5.627046762549696,5.278037192356505,-1.9443879018772874,-6.778292739479485,-3.8124231950599334,-5.8644108694021755,-4.968813649606806,-2.9363743208979973,0.11118640271368505
26.558976566437618,-6.1047188034132684,1.7339500801895162,-2.9276210905233837,-6.742789458810217,0.9098003363284402,-10.491110443229756,-5.855625453713588,2.1526881903617183,11.804503959001993,-17.951944792677974,15.46136505845162,4.039184055876536,-14.239010210863738,-1.7812961923549,2.4903955268850897,1.1736035250513555,13.611167236615518,-1.8563109484841458,5.856670335814399,8.927687999117094,-3.8394278830028816,5.675834825869808,8.089895125589386,-6.364977959224083,-4.522814948333918,4.012928709310263,-2.3308270244998917,19.817587310130243,-1.173478053763751,3.2444983347545104,-5.639643192438304,3.533361644853008,-3.670016370117675,2.7853874209456655,-2.1307998583798198,-5.116269806678511,-2.52536434473845,3.3179569485623626,-2.5518550641515327,-2.706592569756021,5.1736167111402604,0.06619625188166754,-4.120750619305056,-6.35226398568043,-4.165825580845937,-0.5730947178957652,-8.918990476533697,5.093363201812941,5.00362836421169,-6.147878282613744,-1.6259428900653563,-1.1179080675814284,-1.676375218932842,5.235140757797901,7.219211640194462,-3.750988152421826,-0.9381938430220139,-0.9473678051542028,2.032279135733797,1.5210573381139336,-3.084446175833295,-1.1975288479154726,-2.7072128055521447
45.305895974072136,0.4814549157713724,-19.767877758903264,14.225029681743814,8.496789388228157,-0.9872612992798367,12.22574028619415,17.316442578394422,2.329073165842015,5.458601721637424,-0.1319742766391765,2.5475617781516546,3.248184634022095,2.4462846262711686,5.794779520925649,0.683889475790812,0.9439829128426349,1.47733312744026,10.64829543445568,-4.3714861111431444,-0.5254354561952378,-2.4507518681324916,-7.634662886706249,1.3603623808234244,2.9219578604054406,-3.0406194730464997,2.7693426024747154,0.5031464876541609,5.336170104798456,2.3321543288665745,-5.135460712440964,2.1292171736510244,0.43019694013166815,4.377952695365187,-0.17487392123661527,-2.940033419669197,3.2095422159623346,-7.287844397390511,5.372504578601216,-2.3834249076341516,2.737037033296633,1.8564855113873182,3.6241704058303466,-3.1212448865239413,0.7211496693853088,3.728419179139018,1.0410175116562579,2.023590804195411,0.10758293894843746,-1.2020050174057904,2.82341668384858,-1.0498536517047288,-1.0446089258196065,1.4038588841230821,-2.5232483499110776,-0.9633494542257892,0.289886442150277,-0.5935382434656664,0.5196751856579208,1.5836185353127756,-3.2935062310699688,-2.053556785160412,-1.8970322815616176,3.5339564224112996
-13.124650528135549,35.37424895155751,-1.6171529433965715,-8.99122711358027,-18.925707561014967,8.759392145108455,8.935802380916016,2.4479608248178155,1.6889938424174529,-1.8179514122640568,-2.384130426580975,2.8564217835868364,-3.501883919286729,-0.035589076324461344,3.1391553687287272,-12.15288279557643,38.67288719500576,-7.517968880485954,-0.5176978320837413,9.349674979317227,2.00913787631883,26.625882934843265,6.153833796197778,2.411408928568169,15.512394678817063,-1.2855672774634592,5.545517356047082,2.9831486457050898,3.590393343276558,-2.27184770710538,-3.292383739527271,0.11119380992165785,1.643531898115605,4.1253690793809765,1.8293833673929916,7.04227270053242,-1.492405292528407,2.9069971693398142,-4.351733584677555,-7.645202629906469,2.9454220855058684,1.2717895498130467,-2.2716135255372443,-4.431783143395974,-0.4137331380203527,-0.42213540831857227,2.558598344895991,-0.31457881396860565,2.500139104968497,-2.915426549122401,3.0484727884909706,1.9845310688548214,0.4860774822467725,-1.38403836538194,0.7309437944442225,0.6605572596693245,3.570710564173423,0.9781874722011925,-2.3225352837233944,1.6020625239230184,4.079597392216269,0.571929378958014,-0.6510319617810508,-2.482283799562656
-0.30384233620257256,35.229276733998006,19.011888640465134,7.210994513438866,5.506742762583051,9.069780083390253,16.49194084890801,10.114419229773784,-0.43215138310485357,4.136720862370386,-2.69173762875209,6.246156281066721,0.9917901901008586,-2.3725382627122436,-2.415625317346193,-9.093584123764915,-4.169580726003495,-6.026164641554523,-6.372056692390908,-5.932225076361642,1.7020548679736585,-8.970011003879879,10.206514595451905,-7.686801919584757,0.4307852546141969,3.3519927777862795,0.5242286967217649,-6.3189487842549275,-4.412861279540976,-0.15176675780440535,6.997138108306218,-1.752594306671636,0.9588086004053439,1.6873526882388938,5.3758735911476885,-0.30308384727445226,-4.62297458596468,16.777229306953178,-11.114567020885596,6.707920622164399,-2.922181083007409,4.748587068622932,-13.019049566876287,9.35965209165299,0.07218589887387919,2.5876443129809616,0.3663116266782012,-16.526428658831083,-0.5635756220104507,-13.717679802390972,3.111458730903146,-4.778734983584566,-2.7957565025765816,-7.903369265954159,4.579197238737673,0.2771555744947473,1.341480832760146,1.4854418786257984,-12.159704843553552,3.980162636129671,-1.2022101771231568,9.708463631336494,-4.354624399397706,4.317670931141193
2.5354728949229557,1.0846707887304297,13.883574753683428,-8.267873249540992,-11.954981903913968,-3.766939158771235,1.1019864495062106,7.080917244556423,-10.834728963249713,-4.737422379896167,-5.412500130763368,-4.87636039466847,-9.693087780019427,3.9151843482428013,7.284715695882969,11.915117385793616,1.5319639128729676,-7.013331449094622,12.005518346722289,3.53112428937744,-5.367560308458474,-10.562573445154063,0.997586587743576,14.137711755864103,-9.616132377038072,1.9825362637503752,1.064090368561838,-7.919358856024351,-2.022472783102935,-5.416503837837008,3.026514136941558,-0.09530601638243505,6.343302115460464,13.372109878801275,-2.724067145960522,-2.322174814210325,-0.1629929066860671,9.299612480054176,0.8577496855696589,3.5930776289300956,-6.581982613224382,-4.070357786322336,0.017746832894298188,7.220704093122832,2.2954169038973165,-0.676000828620453,8.807686532786807,3.680714457142318,3.2256427601960316,-1.2118138410647015,-8.137955754508942,8.471023648899074,4.848916232368571,-0.9170170770969386,3.515077498992853,-0.09657012379889904,4.115679288463581,-3.71687930448489,0.9341085249367688,2.831143076663691,-3.7062725389211035,1.0353737637647746,-1.2976729674134477,4.230916627127749
-10.382787629790837,-8.945816694067844,2.915045820867891,-3.720153675549889,1.3262186665633222,-1.205160878904986,4.817418925922018,1.143665156352266,0.6248552808182617,-3.1786760792678206,3.442538280311724,2.002959120994696,-4.1749012246964305,-1.1381579991704402,3.3507689288871774,-0.13671509380304056,4.802132089685721,5.134683680957059,5.360912493681959,-1.8021739973018314,1.3792137800151327,-0.7129584889868339,-4.403489371611442,-3.432528720512592,1.491586949112914,2.403436636219479,-1.4275471595204252,1.1344665808298084,2.723115657912788,2.889282476662084,-1.9808752319000955,-0.3857582873385659,0.29377413898689037,-5.236721920130528,-0.9709119854805028,-1.2707523676537542,1.566041925895459,-2.226521065540759,-5.353726362722187,0.40717872485536416,-2.433883322139105,-2.6738030216374478,3.619528358589461,3.1729415312250304,-5.5666666739214135,-6.798126430851408,-5.967954898777053,5.108334388602978,1.635484425333805,-4.2037451583751215,-0.3130753610738566,-3.2236452486842735,-0.30828553316074525,-1.3750743405064239,-1.2855659468160696,-1.524938073386262,4.9685498654899725,1.029468709294405,0.4965301961555755,2.338745623103892,-3.3483471813958077,-4.045610762122301,-0.005216137352719628,2.257295333694459
-24.775689424256957,22.828192585036568,-13.620861459077027,4.502753833849294,-18.199103146411055,-4.308576377618761,2.6344561993059052,2.176629583514554,0.1173187270316965,0.5298481354888466,-5.937007155251683,-7.02991168716335,1.4478383532900918,-3.4003156615459544,-8.20566931358465,2.539782876948069,-1.9356323252662673,-0.3474091822790271,-4.326747499836738,7.563678500445913,2.0368522117635597,-4.176908267805047,-2.391628638103038,5.890795161043951,-8.721536640713024,-6.180703292746344,-4.865361993861575,-5.3377068084877015,-1.0922998659150562,-5.867738513608356,0.2347086059630425,0.9509177039691448,3.69592442607963,4.979657812106065,3.6080987337035397,3.4884854160984484,-2.1089949643620747,-6.840006575467467,0.08199386778626264,5.217738796126468,-0.8553424481036361,0.15241162911488668,0.16917331355707863,-13.304875977143388,1.4144593049228804,-6.0978850726436304,3.092403708087861,0.15464686549845477,3.035455727270455,-0.33137471175841904,5.934171141777468,-4.115994008325081,0.8191597834757665,-6.992746065156123,-3.6561760025018284,-17.738043853117702,-2.902946092721942,-0.74688704442122,-0.329774416342753,-0.6587520421283044,0.3390029519704371,10.84685065999643,5.25438311538788,-1.7365006385772985
23.94815542819323,4.160906437705847,11.706738391796424,6.960097515027354,6.765758095056673,-0.8057612687705474,-2.820949983323573,-1.7043125301634048,-3.2499834480780883,-0.720728885528417,-6.464125351742558,-4.986820641987103,3.6320435962955218,-0.6247788022839144,-7.895760371991655,-3.0248090866583013,0.05922983919883982,-3.767239544243801,-4.102322136875766,1.9243705596661327,-2.8082804840744386,1.206162434419461,13.948153121751865,1.482082636950498,0.7079024349357049,-2.2996889779246943,-8.87362058974735,5.215279713266397,0.541300889162691,-2.287012345804127,4.922809125042412,0.4117967066178779,-4.087370661605056,-1.1680311379210955,1.9943774988152463,6.287491466217497,5.607113767408351,-1.1606586596789166,1.6725599443361743,5.593136654201655,-8.44480675976972,-3.4923600861831208,-1.706573422479838,1.0349069403291427,-5.22803142432813,-3.339283871833787,-2.759015859576835,-5.978274827490176,-0.5107505268175465,-1.4585875153625427,-4.450711163627121,-1.8765259874719071,-2.0595718849050293,-0.3933849499863834,-1.3493297529240493,-1.93170318084177,0.2694400877809615,2.9563418644161454,-0.2672528780970382,0.7408992953215792,6.897928728142174,-3.288588734735876,-1.9747555687600482,-2.7969926102235907
-15.818502770519535,-9.142581267708639,-1.1829699796211004,-4.0711619316285335,-3.523324907155664,-0.2975965598929724,-13.153312566183773,9.753398824604714,29.939551897082005,14.766366527673851,16.068461657814375,18.815429345085608,10.382183755653385,38.375617180106794,-27.70265531735962,-3.200774622987443,2.4253240330314525,-2.7224297375107196,7.352088766120668,8.950690870232426,-15.038208442942093,4.4530959105206165,1.579422871651187,-1.3928177706508138,-10.523298847986172,0.5739651704943296,-2.617751109667347,-2.209327538239803,-5.275612526054753,-0.3553105184407216,-8.217651814102535,1.5758037928914639,-1.8915791882704012,0.2833882095889861,3.820741688488864,0.14672797238681246,-7.8609164043723,0.9306632315464671,5.770962694997146,-0.7069933057147223,-3.5569313092166874,7.526236031742719,0.3956906052345269,2.698655583310911,2.159199120540725,1.7791268382741194,2.1489361597680356,-0.7874188165867227,-2.3965728386979928,2.8325905910462232,1.1237011214816075,-3.004362768480891,-2.492241412638203,-1.1279284551665325,5.712272863632768,8.539548273326211,-1.7281939355837854,-4.381474290388828,1.6072217203558956,4.11885819961535,-4.6909074866732166,-1.569832053329253,2.2737637462863263,-1.4716764945124332
-15.11101122697711,-9.298305109344593,-5.270932283794364,-2.496130166076313,-0.6057223987837821,0.4926908212612752,-12.32706219366849,-5.355345005716512,11.091045318923666,21.687166163018006,-19.585137391414076,31.06144872204686,-6.0806967967237,-18.176907234150665,11.800763117594435,8.300754239818067,3.9459294145915207,11.223848190068031,-8.531366273057285,-5.437734614158778,-8.877681374447603,-3.7565201981856475,2.4630360880784736,7.24038682839172,4.908680682029615,4.949246839795309,-1.247127531419175,8.249500440147145,6.250160102647631,1.4994584699038993,1.4551088712710123,1.0262455602355738,5.306605134154891,2.2893244447684395,6.800703184836191,-4.784226898800858,-10.117682986194522,-4.092315063712952,5.574187580311593,1.8922470080388283,6.036583583652173,-6.013795040559888,1.3406812853971948,-0.23912051502447115,-14.070001991406354,2.325327524935399,8.805385078139597,1.8591491204207178,-2.269266470385087,8.296079027932151,-4.062088736008881,-3.079826803578701,1.0264605896869778,-9.105983915175829,12.66702969072027,3.9840900598306073,4.871890849101333,4.443316329016702,-0.2680175884362717,5.212624633152646,-7.185911573923355,2.3029527472032827,6.358691928834195,-3.68694786602523
19.215883399281278,27.176064421185202,1.9222289938985524,-27.040657102568005,8.62484745097046,2.4131509377393456,-16.769860810933288,-10.678621599525997,-1.3943808653973855,0.4281797649040433,-4.5862773805143595,9.467188196101628,-2.4821396299893146,-8.340904705640613,-1.5907054964688632,-3.6884248680300744,-2.0914356048213527,0.6201147769867202,-2.0196556761108115,-5.569053701600328,2.3070182348625727,1.9631836800373401,4.247435684098099,10.083738950495432,-3.6101836828406895,-3.400951810433327,4.908782367183978,0.011658187772918677,9.313230494684285,3.330915781500937,-2.1041865567420928,-6.260195435765358,0.7966944164431111,-7.508783613463373,2.4010362201622093,-0.3734386776947688,-2.3644833075699907,-4.413929414539432,-5.23716308360146,-3.9864319636123473,-5.481235945159693,6.692345846855731,3.005525632767145,-4.2086178940959735,-1.4948612746550451,-0.19090120292023527,-3.869841109101666,-4.064753635392607,7.163016056496651,0.4165402860724737,-5.972632011841429,1.2911341125639995,2.548985298541576,2.9075881156495407,3.340942797366266,4.322645102394489,-0.12566761518263575,-1.1456480991544964,-0.9917512750508413,3.5994012075517765,0.7204869871808806,0.5497357355270147,-5.79907638220979,-4.315905694596179
-17.572258367020734,43.434799781684745,-2.2165588161976366,24.613828790482007,-1.2210656251472947,-2.8159672377394442,7.310195893473737,3.5081967345988487,3.25555536740454,-1.6172982952664432,-5.6574601660118775,0.1754895708990244,11.951405418659201,5.302784830073465,5.83902158155352,1.801628964463839,-2.689045845263139,-1.2681149968820409,-14.394613713058446,5.836925774724517,2.092226489096925,0.47726997857489,13.702420726865725,4.1130760474406305,-4.299943553931108,-0.41125429992829315,3.0514962294160854,-8.914540421223975,-9.334528127429083,-3.1003725414838685,-3.046895080482394,0.539648245341012,0.16862452191854616,-9.771718542080778,4.54132581189143,-0.34995449241532406,1.8154260428512181,7.415053887226921,-18.8227120830298,11.222166974047145,-4.746400849740519,-8.877638177955086,-7.2956026924694415,-10.535606137701105,2.1225316607677733,-0.7061447572716282,-14.915809664963113,18.457654141195942,-15.63804530782055,-1.3580886451532717,-5.969650584180551,2.5963580281553162,-0.8203766993759274,1.2749267827520112,5.371991589822464,2.6955504665911834,2.1000953508410376,-8.890934402130334,5.039603478686569,2.463841234621935,1.5583234474364305,-1.8673604361755327,-1.3040039841435518,-6.113911346305736
26.12113618560014,13.523450938624242,1.2249084900341751,-15.07607410101686,4.046234906627071,3.577192397063785,-15.624069694649355,-10.197308332704008,1.59851365207421,4.613732361863223,-10.674025691118617,8.27140144205393,5.2310432117202526,-6.898616853191198,-3.4014188461821395,-6.63882049839389,1.8581687373238711,-4.475237746113029,11.817369152381701,3.239345945760056,20.563764056757172,-2.931358022768339,12.549038270678173,-1.8514387860295205,-3.899555104512188,3.6236763170460753,-7.63072101656858,7.834985060503167,2.215557714659688,0.7341418035087927,-7.08227466892014,11.338652426653601,1.4013309136163905,-2.55946610788267,-4.516447749757596,3.0434347054242137,1.383083339543236,4.794797872692564,-2.1373261031061412,-5.637735655461207,-2.11813221369565,-7.160732362161642,1.944186055669231,9.496368630038116,-1.5418797943553444,0.975059292053573,2.535819741226772,-4.869753877793114,5.564363833783841,13.298155697289209,7.557202111618441,-4.924193558516066,3.1787761761049267,-1.6915183780137821,-0.4931481324842015,-6.015808780512016,-8.706726792881067,-9.139595941736797,4.581523984876489,-0.9436867997749003,12.187563725518428,-11.941456648855363,2.454274080924273,3.400059054496788
44.12791972914382,-9.364717828973555,-20.225075051026568,12.663658942265613,-11.098037106556992,-4.496890531591311,9.669224834738694,6.633394507069138,6.088290502080187,0.027862115390468314,7.111191716596301,9.78588046565535,-4.323740058145169,1.4044105673754255,-4.176251929262431,-8.84786620795499,2.0473216062535005,-5.805543665621412,7.399191355332225,-7.30476454792022,-2.6124949178995256,-4.879988782557616,-0.7090607911158515,2.511331372552477,-2.9001523073932884,-1.6792242623552807,3.5072865065328243,-1.002930525575218,-2.654729234738652,4.413231381522622,-2.2171613092567277,3.013995698576531,-2.4692339741181035,-1.9168155565008018,1.435372348389518,2.3602345790895582,1.9085420387533247,-5.307957578999263,0.5242029444150859,-2.015565048051752,2.1004841267160512,0.43466615108447265,0.3164618981266506,1.1815664896068434,-1.9087829477567035,6.886045438839255,-0.9503903926090413,0.2419661096857512,-3.0904823308869185,0.30820561001386476,3.0653617965510414,-2.1850222156847976,4.155790996983661,-4.5169779476728165,1.837963345748042,4.080423175311057,-2.7340579159034157,-3.5710251514672926,0.13038196129193236,2.0466938669033112,-2.899105674408864,0.6690634175765877,-1.0150316274896147,-1.036222025722843
-3.3529723896134453,37.717318256144736,2.248457147540605,-21.03132393514226,-7.185958788782212,-3.8609603317581596,4.608690576545695,-3.014709096501458,0.0902130940889707,-5.360215490121241,7.046652562183402,6.562335747485608,-6.7778914760540925,-2.831146319958718,3.2166058523221297,-6.512065717558748,0.09529106393228924,-8.512259752910976,4.337487152172844,-6.414484555475652,0.6565111658788663,-0.5052450474545768,6.836544674713756,-0.34391090351679765,-1.1108795497591764,3.946868373505456,-1.828890431836482,-0.39513508992555185,1.3466110739645436,5.035291390794342,-2.656077123021109,-6.109488541647079,6.611931028234911,1.204270674275437,1.2290208748532863,-4.557035462766688,0.11096406061294761,0.9651636906764913,-3.0136018450363102,2.990479429693559,-2.0986422759648966,0.6065597789282587,4.9490721444520736,-0.9290759857820204,-3.1361624586425942,-2.8004799117081975,2.637609656456692,-10.293450301771445,6.315890351632647,5.253893498412275,4.661247294110097,-7.2818851386268735,0.8881458818469337,2.8539505711529904,-2.9612635507911977,-7.653021345006119,1.5845325323107768,-10.682222380063102,0.6164137231514937,-12.979324770820723,7.860963289591542,0.5802919325613909,8.942132712917049,-4.033375533480988
-12.406231485279553,19.94476669782041,1.901953720223357,-5.204549729777258,-16.84626712564971,-9.511748367312281,15.062939573576886,1.8348238331933453,-1.5911346947615177,-2.146093957851034,2.308229779960554,-1.7248093667442306,-5.6888532473115365,-1.48346824624852,0.717544616744082,-2.5250577224406054,2.62924431229547,4.730397004070245,0.8024976606902504,0.19870284009229341,-0.8792014204799127,-5.364378045303228,-0.2594275983659108,-4.703090203493474,-0.8722084035124695,1.7325992197144393,3.958661041438886,-6.052278459345279,-0.12495863728451194,-0.6118467781991791,2.1975591622514448,3.1224156070585036,-0.9510141361469497,6.073387299478048,0.6619388352181856,-3.027124865367127,-1.8692900093269695,2.2067331051939543,-0.5130645933845379,0.963457008023857,0.5028912300793935,0.9924883194397195,-2.528728325295536,-1.8988925947595243,-6.219117441226954,-2.6600273185697194,1.0226516567445645,0.3982602903903479,-0.4664988113974821,-1.3274213326861404,0.35173961576525103,0.5222286018959637,-4.871181843146989,1.4092207086930926,-2.0569994026874046,1.1442923390754633,-3.535196029945814,-3.1840220837739253,-1.0841615152992383,-2.2592990500583157,4.047499742519702,0.687141047723605,-0.6814750145803252,-1.7042884946204027
-18.422743853164185,-10.7326559358432,-8.627107443838467,1.1588311356139696,1.6533893915197946,30.907968626449726,-0.33265327315616133,-4.863258705195628,1.8797924515743583,8.028273182604009,-3.2434319610885374,0.8218334732406922,3.305188945006799,15.679045002208774,-5.295844723453467,6.051060422861768,9.759584462629206,-13.028139620179331,-26.375961196815876,-19.444183242794725,23.358604253856623,-14.36065948338037,-10.757325492697563,1.4920828870757146,-0.5415222070850972,-9.653147959828392,-0.37041564166806057,-6.511594087049357,-2.422926326931968,18.356323647462112,-3.285584750601151,-8.41699009110517,-3.97327359772435,23.43211543469491,0.5397194011517743,-3.6311171756482175,4.612805065189398,6.60824045133121,-4.784311708972467,0.63721796929602,-7.099479973738564,5.8529628693275315,0.2946398388318917,0.8896244190944844,-0.9773788405379706,0.8467541242690975,0.33776594836553797,4.3201555028911285,6.169771900924352,-4.335244549856091,6.88127286040403,-5.006766520034551,3.80667351260561,-6.946598197106744,2.7126106543831323,1.674470920465467,-0.268204428391089,2.495628756089604,9.882652691811417,-2.7425305961501842,1.0012509452900118,-0.8755750000211531,2.202834990539222,1.1356549500652295
11.076138356097948,-5.1685782675901715,12.033342726422934,-7.333972709178475,-2.0877527785458123,-2.1269098993051605,-0.19555725908058336,-0.2534839118712392,-0.9641474729267507,2.244973109199264,-5.267692745438545,-3.0547316045876634,1.9838390345434402,-2.176609812599699,-3.9221740774289606,-2.297296568620859,1.0266051725675525,-2.1313030395879595,0.09854887929449764,-0.4072177912404655,0.6861350624439495,-4.29155501907986,-7.845351951949648,-0.14650189911769967,2.0375037475919746,-3.8320496941511952,-1.5551333983707087,-1.32251027250705,-2.5231275472241443,-1.993232847975445,-0.5466591266996776,1.9678019940474236,0.06166671317897041,-4.661695250343427,-1.9739712168978136,2.348049878790075,-0.30170133625438356,-4.451432619264654,0.6652956192854805,1.2817270840231134,0.7102035921021573,-2.752614709599124,-1.9351847762125163,1.079970062753483,-0.9825565345418246,-1.0081347203036954,-4.0065760287556,6.073444592446017,-2.2261611234865537,-1.229808069196239,-2.035479169910392,-0.39243195302228767,-0.6945498099039157,1.6399385682545893,1.440183122076745,0.30111132254390094,-0.9269739784415981,0.28294054129074214,-0.9983244939860845,0.3699423283248855,-1.1350153179774611,4.696902494928461,0.5840258721751724,4.197989192391392
-23.032496693928216,22.69573180786392,-11.836468566318555,0.20729392561745982,-22.0377015081165,-3.933362391624625,-2.2230575614483694,-3.0854972787924155,6.227333523997334,12.96304969964044,-16.74792060287927,18.69595337616857,0.19524786066844083,-17.442652559627007,-3.8353724962446054,1.537583991934348,1.7862517561148625,15.505009283806642,-0.210516881609345,9.027130705230762,17.909747052395872,-9.929794376260901,1.488676926591655,7.24445025619233,-10.611340281269468,-7.3266684978262955,3.8526529968677927,-1.9399364688746104,18.12894052585063,-3.9926588745175313,6.054953734047953,1.5865508729060978,4.3471878809895035,-4.479976930535834,3.8231820071083975,-1.3011839225685102,-3.062632821390731,-1.257032631402437,6.635950417631979,-0.7304364071674888,-1.6344076966188057,-2.1914859395217428,-8.144585412500726,-4.2815330289583935,-2.9558814381005307,-3.3117124114590872,-2.8655793536090597,-4.869284819335685,2.7324370990516886,6.823903716289357,-1.712742932623039,0.4276914923689749,1.5964772955840039,-3.0521608720092193,6.865460335977377,1.7357566764904455,-6.188175672618835,-4.668930831653058,1.9151675776089703,4.594366812484925,0.15142348990073054,-3.685803391222296,-0.3308070527835871,3.7840363595939417
-19.16083666539467,-9.91506024655031,-8.741078881122188,0.5912017036556053,0.00965181832040912,5.896324879393252,2.4681413264356697,-2.1238560138169067,-10.889274555665734,6.29544792094985,4.780986650468177,-4.037372418574763,4.709437293125536,0.44748100792267037,-6.914159150134965,-0.3724257211128868,-8.09392342925002,5.3063730760826955,1.391633590225751,17.040496831797743,2.6795110148265464,-6.414110324434977,-11.17470054535232,4.774318148192899,16.96402532912746,19.2549293413746,-8.91053404327934,-11.47812384763498,2.975704271729357,25.32961023380261,5.378487790262104,9.513982480306685,-0.5796661582822165,-12.58904488977176,19.743687112328924,18.524453013945784,-3.0786457086178505,-10.164786537156994,1.6666942941070042,1.9931160621277968,7.0168269004174775,0.8635477445418224,-5.664709857325886,-1.4687025722075673,9.785687421860173,-3.7534425000341867,-9.35849011296015,-0.5832184047346817,2.6623988858170295,-0.7409130433139272,-8.367955661358668,-4.362704087313413,0.44791551611815694,1.2008573816058752,2.225280075191122,0.7452647381689653,11.08485453624361,-1.2858750090536435,5.489240153840594,-3.012337905907782,8.06973765007895,-3.230409944315408,4.242738562079633,4.9264055213486735
-15.517974322576805,-9.556818632708776,-1.7467301702005895,2.785117520085256,8.555331128822147,-5.699514175225777,0.5434408571838307,-7.321903238741094,0.544022840671495,1.271082598805367,1.9139029319165202,0.3134696472779418,-7.016668679291673,-1.6774476428353833,-3.7117844175297865,-5.240452338635191,2.2004981044020457,5.406127576337265,11.09444308243477,-2.8075105037966375,-1.931410153041037,-2.0851247715242383,-1.7660694120258704,-4.841393715357293,-5.632485556617715,-0.32528079258922904,8.658206178876755,-3.1440396007366496,7.300075949604104,1.87761684000753,1.2229246432240461,-1.4519802063244496,2.3447796745013934,2.2030139353289107,3.243646101878603,-0.21208237076909844,5.8320321130282915,5.360875413695277,-5.831332183453959,-1.8414286212828868,5.230704656907352,-1.2808675601119384,-1.6181781426928952,-1.8947823594877253,-0.20921106488800018,-11.50254190536839,-0.7420220156395054,2.4277473930345153,-6.366187987860895,-2.377030925472557,-2.74616274232623,-1.5395953439954442,0.30544394725079194,-7.043894808859931,-11.002239394737815,-8.558136244473353,5.994540997731257,-1.8736374000304803,-10.562971339955482,-0.49080676537339935,3.886535379656586,-6.006258789058411,8.730659817884082,-1.2429733621442693
-17.963167777140928,17.675561319407084,-4.344396779835654,-0.08550446797977329,-16.65894159961824,-7.32809408529055,12.045352577615297,1.6920509452334267,0.7796755391200254,-1.5886783900720056,0.6038031827383918,-4.392627518812418,-3.8446668631945187,-0.24223440234830798,0.4939210148999979,2.318316978909507,2.7740744648496736,5.376482610448459,-3.7679858206898706,4.445434918320306,0.23899302087640814,-3.368373559554703,0.37980654980323053,-5.0761408009783615,-0.9139406538719286,-1.0503532938323132,-0.9762458577714722,0.06828887028299431,3.507152296073196,-0.7235148402527004,1.1642173336772228,2.767094040373392,-0.3014785463838196,3.4091832211291915,-0.9439303479986798,-3.1652863126384205,0.8814909227711437,-0.7111219604009794,0.3125405149082843,-2.9839396373205234,3.5323979306252395,-1.679186124468378,-2.217990144567251,-2.6859217535560704,-4.013867596304782,-4.672814160924397,-0.22064718873984718,-0.07047335018442467,-2.3833867898246535,-1.4546469743977715,-1.9252671488113569,0.8179684244265549,-3.0696600752346495,-0.5273567635435679,-3.031088194612296,-0.6926535722679975,0.712436236322421,-4.390953915986685,-1.3140800284250798,-2.217334713405379,0.011639941224788517,-0.5375066416271994,1.9923653676920563,0.7016808103445894
2.45427919862704,-5.946414459822005,10.412175062998346,-10.338960655765192,-3.818747484395698,0.020319169996441875,-5.876588648744245,-5.5602671597855755,7.9548372659878614,14.679068522951727,-14.34735748430619,34.11424305892933,1.4795315505247189,-9.221792957647926,4.821099344331975,2.1162411129856533,0.3639787679484998,16.043269040597238,-4.115931978861495,5.5960220257534585,9.671089706723619,-7.505725345655563,-4.416275023889745,16.131745569726174,-9.533348587434933,-15.299378153906536,7.8828827831657,-5.450396614686758,27.82895785604373,-5.076609449814221,8.087776560779472,-13.944846994232849,5.274682892644563,-9.92792626965967,4.963587530159905,-0.5338973278414589,-2.296408658281457,-4.4392347799524625,0.44338008545996505,-2.235768927442493,0.8490531856972656,-1.0290092640587272,-3.246903127945271,-9.03837605538472,-1.3003420879073708,-2.756473478694715,-4.958548964577917,-1.0377128898471628,5.1220340449769575,-6.975656614068189,-5.5507748351854005,1.8712276344452314,0.3947093738874266,3.6853583961457845,-1.4756478173829344,-0.03945206467066667,2.463115977328073,6.137735261976076,-0.6127028940095444,-2.3965698943866753,-0.9586653715035104,1.0107602801665574,-5.715813756305968,-6.026241657079259
-15.70185406939788,-11.21262938982909,-0.6731504776741691,-3.848621873976461,-1.489020933674966,41.86897462680261,12.58878814032675,-1.8215076130872874,13.870632011856843,-4.047179676467221,-8.097598827976887,-3.27596177306711,-7.62276431639072,4.015625881265381,-2.880773733973444,-0.9686749723361993,-3.4834050958372553,-2.730132759498793,-1.764933249345088,-2.7942722521787826,-0.8483173185230276,-2.194196845670581,0.14204395664692723,1.6632530528810041,1.0418768261083462,0.7397609500060687,3.41358026751097,2.3237573557656974,0.030707881487242628,7.079773130017496,7.356524265971952,-6.757936569634067,-7.238684905998269,4.095994909598476,-5.211241278793526,-9.28500328943801,4.386129170183856,1.4844042105733222,6.346471240104914,6.797038371995152,-1.3380998522518077,-2.667335539013496,12.71950452135243,-7.788086001201121,-1.9401260936947637,-1.714582650347785,-1.5366838897535882,14.234400693709789,3.9997538111939015,12.315242686847176,1.0068812650018948,11.059101893900491,1.127387260555672,-1.6558429730416777,1.1684905373494412,-5.211405290991241,-6.300255434927325,-0.7622531164447642,-7.456029032459214,-3.4456824821499876,1.7895042596745852,-9.743743181303731,-5.566587053574033,2.6431035527380464
-12.91639279049315,-8.334393949528726,-3.0735902947333362,-3.17358569349909,-0.5207433193362364,-1.8800458626128564,-1.8679380248530806,-2.565929863362943,5.491977318479698,16.82698146233635,-19.520959301626185,30.372136468585406,-7.218813889360834,-11.163492647620059,9.653326070315307,24.77454434883903,4.502218234568914,4.060583334792761,-10.513242018437172,-10.461748541816906,-29.244151360350795,0.7000316857416351,-1.5393095510069432,-8.244687336161238,14.023314422197512,9.709254518077692,-14.680612639984162,7.555878765008603,-17.110100705122907,-1.7723455618478026,-3.1887358147204337,5.2072279500164225,-8.72635121201287,4.962412384745889,2.0809065117048435,3.9045419943523685,5.52074276221465,1.4584378049538589,-6.121224634219979,-3.745378162576928,1.4664116865691998,7.113069177645072,6.720863477460551,7.58204689085702,1.1287528873707782,-3.0623186302986376,1.9608619909902654,4.9580821749240105,-4.36471075372808,0.2636172498080847,-1.55173870698422,2.7000877386295095,-4.339609166838147,-0.7317737255693051,-3.636521663233809,-4.302710718660432,-1.6250947929369919,0.009453262275017551,3.32335746647011,-6.242086218767247,2.3002455675612636,-2.328891156481896,-2.939303847022987,-3.4347663675950844
-8.344272593294333,-9.23922418867119,3.8687582667269176,-5.619338138516266,-0.47525034239364033,-3.4828621097488086,0.401549766237707,-1.4785584811138324,4.885090166603897,12.296602128840478,-12.186869919523183,22.496061440211445,-7.255784797152378,-7.835120497719865,10.956609338850368,20.917501569004262,2.9913328430809276,1.6463183537853354,-8.14046687569809,-7.470594230494726,-19.7496925479008,1.9324321645968277,-5.311440726426839,-2.5669743728870786,12.527774905680788,8.177802835315626,-9.207547932835443,7.701085467149526,-13.528480884694385,-4.139288324335822,-0.948136788360855,5.310423492204741,-5.0747204092426355,5.766163813696089,3.824708707770811,1.310250269127426,3.6220181805797007,-0.20008082563644392,-7.010181526863871,0.611250088394579,2.423977584156818,0.21004719074558026,6.486861201571204,4.553121932154045,-1.9274603148721747,4.1358886554554,1.7951766278788355,6.383336226560309,-1.440162646462588,-1.4134083610262802,-2.0857851506609446,-6.545540065453612,1.1301133139887827,0.27399464581755384,-2.76051117945284,-3.5404788488321586,1.3091611884052234,-0.8017831057799325,2.3623087185609823,-0.22644165115691162,7.321126092259871,-0.16425889188387488,1.2900085189101886,1.5167933817756833
9.198300515118772,20.795192728019952,10.123242516103508,-16.592983774283145,-6.03085114428583,-1.6558900102416756,1.4227709278609881,-0.7417175543232809,-4.917469905040385,1.7433406207248086,-3.8289781754782073,3.589266621780146,0.048610304732347946,-3.308082376486204,-5.139512189250981,-12.851737580308665,-1.3158572486872082,-8.93966437013417,3.0507969924499982,-9.584361726702472,-3.3296263614201225,6.562186419475023e-05,0.6078412926342447,1.3370225790227965,0.08244983087716601,-0.6924017636222232,-1.9264494461691226,-0.4136948421526089,-2.4606509423292136,1.1633279139513983,-1.3030024714416033,-2.7099679532909478,-0.3837111361103058,-2.524615773761791,-1.338708335552683,1.2396844879495061,0.9390375032617291,-5.18625253661992,-2.340104418405694,0.5484751332625265,-1.6353384993021223,-3.248297080875975,-0.2569619414108128,-0.8462635816254954,-1.791153572811681,-4.627377275870792,-3.852008314215719,3.746914046505021,-0.8877673612781118,-0.22922989530341517,-2.984786939984602,-2.2295221395118108,2.232210353970752,2.3669707722488567,5.739560107867065,-2.2629633071406587,-2.651645652182698,6.950602957357415,-4.751879624907243,2.7408857948023244,0.7271993025380705,1.7951121861398072,1.0140612479748687,2.149793939979426
-23.1345835557784,12.449790262176696,-12.724939416747763,4.837912762786856,-18.377578456983574,-3.2833529755962116,2.2801388161220677,3.6401211799983177,4.737048229567286,1.0931640270984564,-1.0369541242112534,-9.06701236188827,1.3672458062967336,-2.9319575034478333,-12.46516032279068,17.131859242050155,-4.229152092393448,10.258248664850962,-1.9265515871765688,-4.180155176319575,7.128251422461588,11.692161184633077,0.2858188848414516,-5.311562183521765,0.7805110032300373,-10.680044209173364,-16.723762266924204,-15.171741968761813,-3.430654711143298,6.94050900700816,-3.7817141212882466,-6.407292708111947,5.529549057442835,-2.51540080512843,-22.9936540054811,6.019765965252203,-3.2495182457619713,-1.1336926328978274,10.46407775809992,-0.6330434863016781,-0.16675513803456327,-9.775291236443504,-3.028393183426409,-7.372978969944982,3.301501876747482,7.364570207844506,5.920492055426838,1.6904727607389631,-2.380392105598564,-4.147896282492312,-4.662363100590873,-3.17764269573464,2.2829676958884297,-2.165103552437534,1.5319167002927663,-2.8595647918930496,1.360976854039541,-7.445100069008033,0.07999346638252193,-1.4946483672202229,0.22949291977773004,1.5693775824545269,0.04201150711792479,-1.5011552941074555
-2.126913036714169,-7.583003450230501,9.195232522540197,-7.167749933628808,0.17670546321049582,-3.756529812155635,5.225758420154424,-0.3754777446128816,2.6267603100910106,-0.31654279736014573,2.4885534556363638,2.6630242746286754,-2.052272411015909,0.21085088156489218,2.860323413689565,2.087942282162184,-1.2018070155366083,-0.8253578096219599,0.22181046525311374,-0.9520036096409876,0.2829186353882379,-0.1817293523119455,-4.519967066712564,-3.760925856231619,3.0020108093209914,1.6657883164213052,-3.3341009429955557,-4.703390152260356,1.3064494353976128,-0.36320784553224605,-0.11686484624005498,-8.46463088710027,6.233788838685175,-4.678075361725789,-10.646297265748109,1.3648680662246415,0.9217080341824951,0.35731858727049154,3.6103609916019517,2.130941579984992,-1.0240124352628464,-3.0336705326273843,0.38396091113358555,-1.9676935457339693,5.632806786174003,3.273072391565021,0.299512112531353,0.4954593847544112,1.1583009528804815,1.3251627142283735,-2.479907351403816,-6.008287325791971,-1.754456303856367,-1.1263806827479947,2.8389236289889097,1.0243796673607508,2.124017942444895,0.09204879606980375,0.8153735560726426,-1.4677994274155297,-1.1741285458252004,4.545422153849674,-0.22420309333527505,2.994153243912106
46.02234895074918,2.409112536814738,-23.415631047328624,11.757474889791538,9.679288530856155,-0.38156570911531434,12.99130075412303,14.109653800256249,3.6560058109243174,6.05724166704824,5.223163446990728,2.1940849175817796,-1.6622876198303673,4.894308076331875,8.346032512435192,2.634831227504832,-1.1450787443505477,3.30928903066132,7.11540354232927,-3.1220580996949288,1.2560331252723254,1.372750878331704,-17.50866315101858,5.003030555660705,2.359086941020349,-5.6250678270802785,3.1669436019322936,0.5946299596305259,1.476935265241782,-1.5200402376320368,-1.7290899626439906,5.601408297993149,-3.996695914307912,6.468017860378658,-1.741714443298742,1.4324476442283869,4.352719719748079,-9.40009463146907,11.847660675698464,-7.389019435097878,1.4019080500398877,0.46286076669725773,-0.03940382549594382,-1.2249351980203218,0.000778021284440021,-4.825518726784929,5.6232592330419555,1.3541022630181392,1.046184862654126,-0.7452928804464314,-1.54685589894922,-1.9750715854517005,-0.43306810304873805,-1.0378933379635422,-2.0031320417913814,-1.2828025637788385,-1.2431809012448665,3.9751897340165763,1.8889356937084638,2.3385555293740947,2.3144450050218266,-0.8459358287248668,0.6952374736910493,0.33070373421862903
-6.8557481319455125,-9.647463837859357,6.941687433561067,-6.1908529046666,3.050833478611013,-6.165918407328548,5.866294391921083,3.5636861635320085,2.2988658438006655,-1.6673268939500843,5.732205929994648,4.327479549508796,0.3955161440990788,2.321942607104312,4.933541986685567,3.6942827906707727,2.844544539132298,0.7462170667005436,0.988909233905118,11.872426457674797,-2.568853631711181,1.277106135395756,0.6710244928793839,19.191286603357398,-4.9563528189350015,-7.653197064774814,-2.240668803311829,26.001539475715795,-18.69625756851472,21.607254430107233,8.47533391378531,-0.5737590551753184,24.73999379081402,1.1244084102721494,-0.13975386119039465,-13.719195981837068,-1.112092501553169,10.597373963167668,10.762095178642296,3.333302175457351,-1.0477105528588204,8.164581610958711,-4.779371770089899,4.388901807954744,8.432811457617998,-5.981550335606422,-4.736058221714578,1.8528058374738228,-5.053931422387861,3.959062082796101,11.93451037167674,-14.303329476794229,-11.611985480441474,5.389286231835329,-8.59814509781474,2.7309346954309817,-7.66881390158693,0.9545262390168997,3.4460966390018015,3.8735011484641166,-4.5507103065042775,0.1500942776299395,-0.9427602086873664,-7.734710707657932
45.315224325433185,-5.746777828488193,-23.099060390244794,12.6606307378105,-4.520338946821041,-2.982466536047112,12.59567942493888,6.58058182844502,4.038904943504883,3.592540911098922,4.463378088215022,7.371811390967801,-4.9309822126362945,-0.6836672240000915,2.4855725201208188,-1.8028302810265127,-0.056749050051099696,-3.3107105967147077,4.28511918072655,-8.210437273715243,-1.239427692273913,-0.5301578017959915,-6.942175848852256,2.8267863193046723,0.4322311424691089,-1.140336553865317,-1.5347931481834114,2.0004503614847757,-5.177372313869291,1.877359169166903,-3.2361630478152907,0.6861272798395359,-2.479130553610554,-2.6200084425610988,-2.4667113350747827,6.189768974437635,2.766248504215768,-2.7357562212555373,0.6515409113244096,-5.6665327401526095,-1.2878973561612295,1.5528492582668112,-3.4836467228259322,3.1270069466121746,2.1022018268163882,-3.4437047501667735,0.11782829577286717,-0.6272292540649009,-0.16612340347714044,2.127497410015885,0.5592201429237197,5.835449902672238,-3.6799461876396022,-0.9626274722450073,-0.599902362744381,-1.7918861182864145,-0.39344014669325567,2.5942665334166346,2.4597206443043516,-3.197713553637561,-3.471851433572776,-3.574583450459236,-2.4815939388400508,-5.474673539968766
-2.0957122109837036,-8.556800846618058,13.185235912254614,-9.190987153321954,-4.113369017217364,35.119647356869415,15.225027838998995,-0.654965992612425,14.300194746158626,-11.838674997294,-2.6032394101739684,-3.5991041204672127,-4.398372514220142,-8.258884107124993,5.528754834399867,-0.5494251385830681,-17.34550809573042,3.757883794671142,15.61163910945092,8.356227810564603,-11.200920385207102,5.250490105978575,-0.12583148865184202,5.814223658681175,-4.339845469419832,2.8404187931583302,-3.601090031572559,1.1597890896230243,2.2018999996086017,-16.272731006276317,-4.712642108563163,-0.6339557095745765,1.0138708348061414,-4.619659677764621,-2.954547565663545,-2.9742314376917376,4.757071851183894,-1.073134773898239,3.3557089567029372,-0.13420480926001777,0.14962385643139584,-1.2619610835335042,-2.881818111684425,6.533739476125758,-2.414829484292046,4.584200418549818,-0.911482671400147,5.97124673709536,-1.0895354502622188,-2.2458024855000107,0.48866086165283346,-5.356752969810294,0.5965912429812744,-1.7053066036660958,-0.49872875121257,1.4133150162561885,0.0772534026659276,3.005941107263759,13.934640382294383,-6.280057775143849,4.553086378452609,3.4590820871330226,-2.1811324558675182,-5.126941082546208
3.9968731189450977,-8.220693132436304,10.891325756703845,-7.318235078517773,1.308976758012259,-7.717304475021795,2.991925221248061,0.37169273291159804,1.471789145297182,1.1314905716123262,0.17708980463442717,-6.523093303063982,-2.249027033948029,1.7742827147881437,5.984406601553699,-4.167000337189571,-3.777810106740343,-6.044163753907683,-5.3110358407037115,-3.8819635138377775,-3.9030087608714044,-3.9681727234432587,1.1128054892968393,1.4961588174463256,4.429585224620097,-16.901571535314666,-2.710992804197918,-2.564003167205659,7.15322231895116,-10.530117346746179,-2.1218984113007107,3.975521012282981,3.58138536882428,2.3235510786664917,0.33576255119244147,1.6639133069446113,5.4240623843786215,3.93664305951758,-6.344031355563166,9.49149732459124,22.32191073253777,-3.3595556866027954,5.1005894797488365,7.847456615838871,14.270023668908495,-3.4698305151680153,-4.058626957225921,-5.7188775650285955,11.203273616450872,5.269334156276914,-1.3658270083775397,4.772236959001171,-1.9276960093692939,3.5272243220657638,1.9836330832088969,6.707522844120366,-4.810256597904658,-1.4134588755914774,0.1739718808361916,3.2271951471189726,-3.018359450185828,-1.1213906049634288,0.19275587369273844,0.4691899798537857
1.1733609545609074,19.709624717547296,11.805685869373875,-14.01203791292384,-11.1569638590784,-7.650795128977154,8.16589154458376,1.7271241657938683,-5.84343097793964,0.6478090243690641,-6.615940859538908,4.177676174577553,-6.103611968774871,-1.2025630648925705,4.438357045730078,-4.333708644065019,-12.599402827488849,-23.393128605746956,-5.959408807576589,2.0784065298282117,-5.277024470121214,13.203928848809609,-12.970162169444643,-9.08682336354544,-10.047966729462843,-9.618276775217142,1.9801835595515582,-6.22571816066387,8.94775049650893,8.66643107757295,-3.4387557873806407,3.8602004220589774,3.302029794259242,-2.0587168876833033,3.9338129624075924,2.5863314742012355,5.8894855669773545,7.4898339979783195,0.1915955374926218,5.937774108473574,2.9898687570003366,0.4367272629098176,0.7022772659561906,0.010161778080999911,-12.68262239478749,1.713889671457437,2.535941528187261,-6.478700129347131,-12.839904602976778,2.299669984273313,3.223115272551136,1.515217226750498,0.586952276592642,1.6991192560948314,1.2973804620385623,-3.1338788866333673,-0.9174529752598867,0.9556236944881717,-0.21679632434161505,4.7345605049263915,0.7264021418722526,1.0770403709119205,-1.872816654031236,3.3881926259727035
0.9699723663041171,-8.688170221288695,10.699428793704874,-8.409272606926645,-1.562636951970622,-4.324819589859523,5.259799044282195,0.43998935256846566,1.029970785810635,3.3963219285277795,2.1613372591492994,2.165705719600166,-1.394060839173501,2.4944562732745053,5.750575678324366,7.347681702793321,-5.9475824368252495,-11.007296208722293,2.291543917495288,1.1075423673524911,3.801280844667048,3.1441797093349324,-3.852006064221379,-2.847743018679718,2.469459542350307,6.395078508244413,6.549647455529343,2.7183048749036645,8.361680480756625,-0.7330950740321432,2.747174868257068,-11.156387799183744,0.640616168697692,1.9116690505623397,-9.496826560344834,7.5670313784624,-1.7594528797300797,-3.8000045339962623,-2.4646807790644085,9.225902199310712,-2.4766153558652895,-6.508126415546494,-2.3791612315606345,-0.044229863649800444,5.0282620779435065,6.915104873989259,-6.38499579130255,-3.7220448002458744,-3.962393353543897,3.686661569106725,6.880026535836543,-5.579784914721975,8.592071040138677,7.906757609929593,-1.2106226564891742,5.26727774723332,-7.643624319125132,8.93360119066616,-0.6779903465189729,-5.804175820251829,1.564969837859417,4.113392957606965,-8.176831858162451,8.299680167086517
-19.589837477938154,-11.832308520365801,-10.970605294096492,-0.4140120242436654,10.07383926937507,-5.088254607123567,3.9104072474616327,-5.253599138034007,-3.8863838996512623,-0.7474673160573968,-4.5108228569816555,-3.001774927963271,0.016363229747329646,3.864065081325526,-2.8400550152812354,-11.004331264905584,-3.6538860509569666,-2.0479515527460097,-5.43432909108796,-1.3383671364798766,-0.7605793495630379,-1.5126623431528614,6.933965204463898,1.3466363894310551,2.614920172467413,-13.774328067385737,-0.6954350008238046,-2.102783433002483,-0.3538943066649376,-8.698022056009039,-2.6831508245594167,2.789959598523101,5.51894619006926,12.601863789511519,-3.8195109741396966,-2.2923597000497664,3.0853269197691384,-3.5658555820959976,-3.2738134241600227,9.021843160366194,23.635826120588515,-5.5582728055794135,6.752758216077726,8.544972157623933,13.999611738712073,1.3065437762512113,-2.2492893126777918,-6.506709341376255,9.027890942115182,1.907389025171635,-0.7960356588487243,1.4888394087703547,-2.852617466510292,1.0345875785585759,5.693490388328467,7.177077822472019,2.52354666947491,-3.601425360635196,-7.391876272272061,-1.1529257709237777,-2.7158284625874094,0.9841927671641306,-8.420300533648554,-2.5333058933915162
-18.814301133784006,-10.218202458159013,-11.538702757864247,0.9966136932042061,9.97440534711054,-5.137828722545242,2.921460995152234,-4.9328163614445835,-2.865521266426018,1.6922932453475135,-3.6133770491544164,-2.5492018496269067,0.2734442730297793,1.5575241163605404,-4.411908737970306,-6.9917627976570005,-1.329796795597225,-2.6466722852039766,-0.6641495546493655,-0.5727985110699669,0.967626904921467,-0.6645503906977481,2.661367813971385,-0.22731605923394832,2.7479634761327514,-0.3843069921462239,9.381872859327736,-7.338656646664104,-3.143978797282395,-4.755002451528114,1.2734485363198034,0.42233575927411454,3.2855416624036686,5.645233099559482,-0.7606322324689382,-3.9875775997523544,-6.537282183710678,-1.1587703941985845,0.8833246727183331,-4.605342733988851,-0.5560208009006015,1.5546275375240841,-0.7865411042068193,3.2954880622655467,-3.766002811864972,1.549233521103738,3.4821391601334053,0.9560027511722664,1.9473598830923868,-7.0706319522120875,0.7519418621644837,-0.3259811977758408,-1.6280732202578325,0.16848235577148063,-1.9810411127471588,1.8649601078287272,-2.0722493850980497,-4.928240384922239,5.861020570179559,-3.4386222186604827,3.3948797255136736,-2.7331904627640538,1.4389702195279164,-1.8235526659301844
-3.052451802119583,-8.334926468846996,7.002781701392387,-7.311045306816113,-1.5966566062783991,-3.201485806971233,3.7543126125903497,-1.024622825059993,1.2989924779047934,1.390467086586411,1.756989367499,7.685598586561659,-4.44205614124335,0.8345443066252969,-2.6151408363447426,3.0714452857094967,2.2402256567134353,1.3786550966880173,-0.18223274943784695,-2.5123479441411267,3.6728317039489453,-2.579442069804602,-3.5427343069394275,-16.10926561654351,5.192218268829148,1.5346223273364858,-12.292751148145976,-11.669991375073538,-3.079398584390754,7.240689257412461,-1.808784170138951,-11.09229518175346,17.52335784976101,-14.205319193134487,-40.801859077550226,11.248748934547455,9.178936100665664,2.854942387894767,11.942667273222712,2.2940988879025963,-3.529623590539733,-2.449286508382587,-6.934178171441419,-9.333917466760818,8.445200686948047,5.550510443835303,7.237505661545766,8.159488968084876,5.990321209644674,-3.452059137338579,-10.027173553514864,-1.5929449952500259,2.5640024252948628,-7.729059102464613,2.5307289428444784,1.1493353418098038,2.543380056388295,-2.225828930522684,-2.486128601622793,-0.6031471453961887,-0.25891148084194276,0.38025227775559334,-3.7671560632416483,-0.14858657143865134
31.4232968438563,-8.816577647594963,-1.004530494845163,1.270227061996588,-3.7347488608636827,3.4374342049729645,4.796242133049689,-2.5304721521553617,4.123743181433113,-2.8585250249193503,-5.3672774418907565,-5.298370799918455,1.8140424699668254,-1.7298786253738192,4.01243916936737,6.925648247417934,-5.095165162510262,-4.446992301931736,8.283535886898747,10.813011815941719,7.945906692688157,1.9320927619560793,8.98558549304511,-18.75878174959708,-2.2085193004526666,2.545441550593748,1.4936633879149268,6.075719022629173,-12.139461025794557,-6.381549541306873,1.1833071058068785,-29.05723208395875,2.129821095526428,11.964152917406077,12.981311460827794,2.6632173595237227,0.3574352452999787,-16.992749870822387,2.39758349784549,4.100662185844136,0.6817827798786646,4.194102216177192,-1.2358464029081482,-5.43962236244752,-2.6094680229082847,-0.31185336248413154,0.6766946012965975,-2.549386497717229,-2.4973805766815054,4.176058216184053,0.4916570440447068,2.179305227752681,5.216197795170244,2.107429566974667,2.3082444972922755,3.8870049571588097,-0.48881608731552245,1.831366172586089,-3.064926036865745,-1.1953375283739878,-4.649129186138261,-4.364812730858679,-1.1655942109617152,1.6807822842540223
-13.535998486476903,-10.321990686909881,-0.596919941005323,-2.111657122855453,-4.410532274068028,15.189787913189148,-0.7942882716549331,0.684896099845149,-27.83886638010573,21.998505378598946,30.319878914162558,2.161868587809088,8.371563951679494,-5.81692189940121,10.408591795459845,12.034400150573454,7.029175561653581,-3.139025241255714,1.839204443399444,-6.867150290326532,-1.712212553561599,5.334793065444193,11.050939481347188,-9.254926849077792,-16.289967053286606,1.4101127801144482,4.37328390207281,5.4137087924998095,6.130000727817157,-8.280166216299374,2.8462117213890274,9.367716028370305,3.924661792982395,-6.532669209388123,-2.7389082702774283,-6.646101037365803,-1.013266281841861,-12.289447268601021,1.2274780329986696,0.8529645775657959,-0.06468900065990064,3.6134778972660526,1.1935089944090482,1.3104597863559353,8.952404760097417,-1.217156033573614,-4.02121553983498,5.779836021608652,-1.1972963207223077,0.8972064721848704,-5.205865922528885,-0.08010557186095525,-7.246261160863272,6.568343336144735,1.7925895552541662,0.940505349426971,6.019228336517607,2.330079801123998,-1.9312304544484464,4.752101809213251,2.585585531647799,-3.5016514592185053,3.313614417796742,1.8036687175073747
3.1133468003189466,-7.789415567938752,13.008904087683867,-11.622537352282912,-2.154824722873619,-7.540303127590575,-1.8199363308279564,11.536293754677933,7.863491027478926,-5.941159704659346,8.313115825438906,4.292007336156673,7.151242319292276,1.6987555536436454,-18.802580754409153,20.934956102716516,-10.374046402881907,-10.615713174619348,-3.5280304188533624,-7.987164044501555,13.774117957797209,2.8325852371024807,-2.8166079862405002,15.398531925973966,12.844465798321986,15.624799617629293,15.167728632439095,12.183549817581302,3.2037626568259183,-10.051662287415184,-3.673957801218315,-0.4156934415426541,6.795982296238793,-4.3977581308144025,-8.067985790683693,-1.318700260492203,6.036276952320556,5.931189021171944,6.429265795779955,5.684365102040331,11.412008895633909,4.623872173980672,-3.43298955584658,-4.590497681990066,-5.141659062474276,2.987500701760987,-5.787352713780414,-7.2364503707962635,-6.731953215492973,-4.896784379113029,-5.287639905386315,3.8024472211518137,-4.554052726780395,-4.043401155807164,-4.253066964682295,3.9981089626284505,3.042451937361854,0.7605158894568939,-2.533433640909193,-2.2471484045753285,-1.6626419022606511,2.386166078932889,3.469782876582312,-0.9813178262413502
-13.48989787050301,-9.181385640646653,-1.871711394691123,-2.758898201860539,2.63628653517481,0.6368290127655475,3.739222784199149,-0.2338394121905322,0.18411842003578763,1.1089778943097321,1.182011609454037,2.6428406978482695,-1.3540964186726328,3.3464236075264218,2.0677715799180825,-1.225260318415897,7.016077361266082,4.292822025133628,-0.5383938415543951,1.1764470809788103,1.7012040499215766,-0.903845460950977,-0.4808967493054901,-3.149393626188173,2.7974250197910857,2.182406973742825,-0.8362710739202089,0.2504081366698475,1.3636002533486564,3.6886621311704673,2.593324298817931,-2.0430309676122866,-0.5292422279872636,-5.298081585916329,-2.4000534316219997,-4.0348977232992,1.5250490373641699,1.2686663360318422,-1.3936234374790017,0.20612371929449597,-2.2289111754534576,-5.416761999698329,4.021427849853812,-0.7848198551863766,-5.176761956928328,-6.574109392064869,-4.079514741593727,0.9084807795688865,-0.7688743287431218,0.42614231720555323,-1.6299959090432319,0.23187015998732718,-1.3526590242432395,-2.7446084529604637,-1.5607796180027638,-1.4445113533414582,-0.6029148736818616,4.959093384981219,-0.28811109453542516,2.5806678189403915,-3.645327920164848,-2.380699644615141,-4.035116209684847,3.842352201952886
3.643108769265365,4.396087529665663,14.075100548760705,-7.390773076307703,-8.492215373455451,-2.1268073822667257,5.884693986661683,-0.7738181462685331,-0.3974156477748848,-0.9926084500465767,0.5519035342912461,0.5978494234727878,0.4360320367083136,-0.06704802120624746,2.2545718781507165,-0.915295908798827,-2.999942256347597,-4.244772094808926,-2.319006441064779,1.1318021190784158,3.307794764865426,-1.3505623249049123,-8.73168522981591,6.284826359387806,0.24710111774202453,-1.7663265910343928,-7.874027410253552,-4.71289797953574,-1.436642756537014,-5.013375721546695,-1.471630465184179,-0.8613583719984275,-3.4202185487380716,-1.268752573529985,-0.772124706079468,-4.70345662017913,-3.383732831334505,-4.407114503661698,2.8146208198937703,7.256271498459011,-5.628627153379435,1.1647009682947438,4.583106398902326,4.210588614999315,-4.950615675725768,-4.341079322272696,-2.5387664751938868,2.0880746886826373,0.9532239744053308,-6.2153223433950195,2.1090581372669246,-0.3858173321661049,-1.6501516051704879,4.337269643028852,0.6936266404316379,0.6286052591020114,5.745487867869257,-2.605517530788078,5.789492228022034,0.1009223740856237,-4.531985304025886,-2.5229348756518215,10.167759669642924,1.9570785501670354
-18.947475582856573,-11.645903072999303,-8.075837138099377,-1.5276403467936333,9.079777528343643,-8.944247423043972,4.70793325008141,-4.244550418830383,-1.2612630915281624,3.302531523573659,-11.052481149193527,-0.29427764481659213,-4.291926068051931,-3.6899257020016574,3.616264490846488,1.5673081936277573,-16.1661845635411,-34.81594841100384,-8.523534720940434,11.58860014465923,-6.452886836184415,23.358145847647396,-13.843824434536124,-21.091533629079418,-14.986280258716947,-18.33883244752755,6.509219465736394,-8.091580255689447,11.087040189672745,15.994564843555029,-5.759575006114136,15.51108940637609,8.18276858947262,-5.656264191766049,10.607265768665497,-5.752520263145531,4.121300162905448,11.206690406802917,5.998980240621924,4.2031418831394785,3.7752621611741564,2.86793336073758,-4.112033587167513,1.430470552985195,-14.042978731870143,11.298280102435964,5.992129438345723,-7.186818513429041,-5.2609792285172485,-3.2212732256876078,1.7122620879426569,14.635965610493825,0.5147838660492081,3.622072360131689,2.479698117701373,-1.3335237549984884,-5.019918572091016,1.780949805025103,0.9649578209235046,1.6042207905059478,-0.9715905471215486,1.1576037980974707,-3.409496107492842,-1.0506235565822033
43.912903356723724,-9.788056639268914,-18.51820428111049,12.983251241047073,-12.981521513763315,-1.3981358646683992,10.575575727265758,5.005889372000103,-6.955880240993505,7.776523654052404,11.762084744883992,7.951958065838922,-1.3185915803766632,-8.668974114553304,-0.849082795607488,-7.3186740293245585,-2.0648091758205966,-0.3956579562564731,6.50874071684812,1.279779588398521,-1.5920869553392316,-2.0195671225878415,-0.38456226552956907,9.845452332594895,0.446946858999683,-6.726793676742573,8.134031184885396,11.873363529019247,-13.995051521791275,10.375830862790734,3.506016297568915,-4.9315143447838174,3.879158228729226,-1.5912469772862086,0.8397219712399335,-5.9623091546729245,2.574595446377336,11.928726511971856,3.2732464253536295,2.7317354583735067,1.4186335655379312,-0.23888759901217452,-0.5497008287645573,1.106186329412129,0.9684306203363118,1.7860500336373526,1.7917535208905155,3.65985272474208,3.209542157089844,1.5196929963402686,2.8088690447346942,-3.2837219695250788,0.3822944856241608,-1.9693300763046706,-2.37380526078281,5.047299221643973,-8.608480942941197,0.2872875249668805,1.9136015983576335,-0.38359103552812485,-3.2805461477901243,-1.3144965646266735,-2.3341621490976947,-6.829321780745584
-12.507958916142641,-10.269578589115794,0.9706697332594522,-4.029966052822718,0.0321642489748032,0.7071005143042839,-15.099787857871963,26.805435261557903,-3.784614994170965,-30.148780883063797,3.438455308746634,11.191604261509134,5.562379840154054,-6.589019663209477,8.713223345083932,5.3187828050494685,12.204988337752358,-10.593005777789966,9.948976779868623,2.4484842439254373,-2.5235725648623326,-19.470081887174832,3.76711832628279,-0.12713985965389538,5.557796118765786,-6.46542913764042,-5.287007467338817,-7.145428177614507,3.7535464365177,4.097407929040585,2.961023944282167,0.30119869238291413,-13.755367734639709,-4.239461170136941,-3.543171787194345,-0.47960933790036514,1.7341413070707046,-3.833339738874153,2.01516839432347,-5.651138569495781,9.438728141031829,5.924163192865702,3.2321510168199237,-5.379232662989423,-2.9523688869148077,14.168039844494702,-10.223809731829236,0.8464316832248955,-6.290824181563969,-1.6908467231272126,0.657940641621119,-4.4953225490765565,-8.785190284742244,-9.797848800228701,-3.1703762882879425,-2.643823125998873,0.4481026692833709,-0.3815753473506494,0.22805351760844494,7.4084143127233695,6.202880514220881,-1.2141240279590435,-1.2118095914716993,2.0160079459807774
7.974987474805347,-5.756390061398615,11.963501713092043,-6.766753185996898,2.3281723038775324,-5.380104491867584,3.2792243024788883,-3.0668192921316395,-0.5909640128570801,0.7716103455131984,-3.8144085207731826,-1.559743901178355,-0.5147354327249988,-0.19302682282745834,-1.7798509357380214,-3.5009555551708154,0.8623767252427792,-0.20122377018015275,-1.2249969393958686,-0.5234272790304312,3.8443025977485155,-4.035984392126993,-4.044303710125121,0.8961714640051971,1.3499724949082097,-3.137996948507885,0.527657196941757,1.3519710981842263,-3.6622889807235475,-3.2681646868776655,-0.3299917563866253,3.716027674388858,-0.3895261564312265,-1.9729481532185014,-0.5406340152985762,-0.34454272745133635,-3.865576939813485,-1.0673749759138438,-0.8943433460838526,-0.9639545884033885,0.25940189451702445,0.008685170225399209,-0.3307933844315781,0.09460441744205765,0.23089062575802285,-0.5265120559084855,-3.506174065590776,4.498476602890677,-1.3491931542526086,-0.7449559374053275,-4.061534337925063,-2.874767263434919,2.4588136443193713,3.3249016840704404,0.008207756158923869,0.6085717935271385,3.034130145576878,-1.0858821292292897,-1.0405112849772207,-1.5712890379371334,-1.9308150437361735,2.2929573753319423,-4.360355590604485,1.0361561120069118
4.6618117043465155,51.81107700527589,-7.99733365559878,-24.199496539198467,21.36436201762382,0.12300417053958736,2.057102585857155,3.2557270276864294,1.7796543288061937,-1.9276132693475798,11.069531104045561,1.5181481556995395,-8.89011838577818,3.702424873214743,9.93018877061537,2.5911937461612786,-0.9131837807892687,7.191231863653253,5.343753210137166,-1.5352230698112,-1.0604004135354284,0.5938186777544789,-15.206494376145535,0.02981601816006674,2.756174607481717,-2.256733433968989,6.109081153485069,-2.1438107404134636,1.2434870523127968,-0.5401805239113301,1.888658122772935,4.927955636447285,-2.7246450128220987,9.596418033258205,-3.5258689046294136,-0.4543439276149084,5.009362811081933,-6.140708491855683,14.078131801476468,-3.6241754016816685,0.3605927604541141,3.4240093059915866,1.0575948482662838,-2.677836298934984,2.0313384822407996,-2.6158314574145853,5.664521218944322,-0.02241906015855575,1.821633991879536,-0.5100799782679286,0.12556678993316267,-2.5264376746826716,-0.1386705025174816,0.49293810654873393,-1.0831271919746464,-1.6625119017207808,-0.5364994502733557,3.5476359311861017,2.218566617274347,1.2823093542632336,1.2676161983628835,0.3674481667478245,1.0538615930710205,-0.9752790453321069
23.766812502745537,23.78924844511112,-0.9562271951865994,-25.956192153157055,13.870049815991376,1.8145785831831638,-15.671045921879506,-11.843495378592145,-2.7742544619132965,-4.882486257616213,0.8585809190606544,-2.4260413302820827,-4.025701965790133,-3.134930865923298,-7.238889198290333,-3.1193032023934095,-0.07103372450291988,-4.470690145678324,-0.41832692629054397,-3.7027782720830245,-2.346431699426624,0.0509432542754556,4.199498512863349,-1.144649022941102,-1.336518556926177,1.7465717486281558,-1.487588252797433,2.8443235850190156,-3.0983227488600296,2.748535484023164,-0.05816808830726944,-3.8607268724790655,-0.07156964628516227,-6.029232170670719,-1.3268641890881847,4.0046362469685866,2.035522862239169,-2.7950746775968205,-2.161426005879143,-4.660828739469581,-1.9621679877367022,-1.0563664683010852,-3.1468186665309053,3.171348941959561,3.23242723170046,-0.6495941965902285,-3.1240561485895006,0.9289741899677294,4.334203480185606,2.8694369755348292,0.8993033209339087,5.994351385232484,-0.49904029910289566,0.5760968102246504,-0.05191525547400775,-1.823773534080647,2.560316096030259,4.271977535967304,0.7251912675383949,1.9609143449353548,-2.8744149892705386,2.0996633202359827,-3.679057474424897,-5.417834812226316
-3.495703907569334,39.77070086472585,-1.102987053053688,-21.774689419743623,-7.460613868508107,-1.2299437660458676,-3.5643733986218424,-8.631256499791052,3.3352126832776468,2.826335136900482,-3.4347286196013105,23.895680483010107,-5.01792822699598,-13.125049958433046,3.457481139973046,-6.478579404880467,1.0382854591618111,3.479226697177478,6.281084041183455,-3.50862282131793,14.593800361443195,-5.634810391361618,7.676396047594623,5.951270047200536,-4.633519363008482,-1.7475768562280731,2.604960868184554,-0.9149180191056174,12.992620104771968,0.870408286826825,-0.2073289732061226,-0.9826581926828809,6.503765335839539,-4.780230311763918,1.19610461600204,-1.4769057273065682,-2.198105463546769,3.8447941052240275,4.472747928280897,-0.6567597379403872,-5.1257905309552205,4.783168491934366,-2.7911199902337196,-0.5368269561541592,0.283580378818387,-1.2560582809658507,-1.243714569732294,-8.098233114174148,6.312031962313444,4.963480329696303,1.359981543333535,1.6703358167022242,0.1461927302598678,4.275931979196868,4.227781499291468,-0.2553751360811402,-4.996241127546773,-10.035912687634562,4.459237562872232,1.8896152336550578,7.379094272145203,-3.489915428079258,-2.3456004243682824,3.588375151644695
34.68757214365625,-8.287690247742816,-4.428411067822639,5.404403787843829,-10.353484999545119,-1.2412363817056988,-13.337820367763863,0.1624120989517988,15.53206082869071,14.467099443524,-1.089304330537686,-11.219656981907171,-0.6693636926240389,-9.251295705906161,7.525535001203618,-13.971645641928886,2.798349353420067,3.0442612016226622,-4.983598693067675,-0.9926417625586327,-1.8577285298314468,-5.965083691144271,7.610872706475775,-4.699444812035855,3.135917142084223,12.062270274205634,-3.0438073038477826,1.6691980442722072,5.797946634838486,5.602365983887467,-6.34250844682763,-0.8632407060775601,7.117287265638783,7.99367058789695,-0.11574121382321022,-6.188609387763393,-14.846494732456678,-2.954734145782506,10.514642443172265,8.029107987840833,9.341198910880399,-1.2772580334880872,0.3582818060914985,0.16878071517055973,-9.051440958585609,2.169621952071275,5.987835823015409,1.1091493970278636,-8.213184122606817,6.4011200660915515,-2.1253152611379753,3.7222809825921956,-5.157343258716775,-11.27355961801259,10.853225314561827,3.090037519920282,4.8757009862603855,5.582221650239967,2.4552271200761226,2.309690486783397,-2.1714417613611836,4.40441123767294,5.722860355089597,-1.084879747060484
30.282747929146648,-8.336034875233915,-0.629267181118742,1.5882068103738696,-2.621865162188698,0.784481385322185,-0.08610994611001585,-2.0636493396163904,-2.9574820720197903,0.990309881117196,-5.657780932867764,-6.0782065077253336,3.7485022742980907,-4.006315340882647,-5.994540935787958,0.3345118693192682,5.663290863338446,3.3911323215390916,0.5803686867375552,5.434569690152312,-2.09604982534886,1.0784663769002607,4.0688209533160675,-4.72217229737331,-1.0851387286429648,6.248469751377306,-4.255549780514683,-0.8975595959558971,3.2419293072238005,-3.453567025311375,-0.9867519255224276,-4.611749072021469,-1.940546436739322,-2.233732793285331,3.7392602609174417,-6.5365224907033594,1.1393408968872016,1.30719501591014,4.448134313746179,1.694876623199224,1.2105289458110051,1.2969936571567997,-2.1129750634680513,3.2701925612998486,-3.119445773238545,-0.9187990033922483,2.916110548572629,-4.88728436844538,-0.8872012367536459,1.337218162515404,-2.777183383905398,-3.8944560682935268,0.043743258687159885,-0.6701935559359158,-6.135351401601848,-0.8948711049862571,-5.349647310833293,1.4833467574218149,1.643116183647433,-3.189341174286805,3.254710810198125,3.4817204375730118,-1.6720083364395144,-3.092846802309755
2.174030925516238,15.966020104093927,11.45356959394274,-8.546233869893483,-18.760848865271857,7.854438826587576,0.8938704524659512,1.283490993654459,-33.67833495082214,23.474460788660327,25.467583430690347,7.980304808403051,8.123881567252942,-8.168300838346857,0.3881070818589881,-6.14314660756423,-9.001638875911924,-5.41164933161758,2.7623259736981107,1.2445823430072729,-4.054523250154024,-0.9357899191308734,-0.9608474557923354,-1.9267784093402816,5.645549772760694,-7.133771015025099,4.853291606740927,1.7325474103186922,-1.9769687861078895,-8.45655235823764,0.47526365845924723,-4.755932121090393,-4.400477845739291,1.7124837364257932,-2.8601385214674173,-7.3848612766514306,-3.1509781700499873,4.003732758010063,2.4736251471026627,3.3094092554426853,-0.3145279532862298,-2.6031322065308857,4.912672527925066,-4.512443151768536,1.6726844647563635,-1.048581306456807,-2.60546151522286,5.871866628850211,-2.084220351400074,0.3475554081800853,-2.3565664186852655,2.341303312496705,2.258404319154935,0.9718144675097807,-0.7971462260715139,-0.4863019685994055,-2.992709690229579,4.609553549662872,-0.9960180784650385,-1.197983394020208,3.3764221640346386,6.385261876123384,-1.6738532916285633,2.8026058534661544
-17.59143511777141,-11.238993422852774,-7.215540287561419,-1.5675223444800528,7.358014006611972,5.613841885858417,3.5470590418423016,-3.8717750375114415,-3.9667335559615147,1.8700432356545114,3.388037625411938,1.255404231890841,2.7106652243432507,4.235697128378558,1.3117770492618663,-3.270458667513777,-3.691786828637818,-2.1322079926598283,-5.190094272941047,7.703173302776756,1.8826289126587232,3.8155461916685134,-1.283577095062735,13.884605261116015,6.102543488896892,9.851250696710835,-9.6294267634978,-6.8490223392959955,-2.138509276903698,12.552705193594026,1.2075425301110518,1.2730870816167952,7.2393309643240755,-5.474270231475425,11.71440560900958,2.988113383299786,3.3655117636033527,-14.056275997711328,-4.597621926563781,-4.977218987087602,-7.852205939478844,-6.110148811011151,10.623093877376487,1.6024961015233332,12.16201331736716,5.673983105337961,6.818652534496901,-9.490316436964603,-6.572433203503592,-1.9444887690462027,-10.408041889689072,1.5719097396668453,-18.488206464634775,-5.131251523835314,2.0311241529985504,-5.418696089852568,-15.601710839292098,-10.761961221587306,-1.45303648567273,2.0571200515742656,-6.716230102698216,2.3469735102121883,1.1704859484396528,10.162651327618537
40.380155843962775,6.1154146689273565,-15.312564412894334,-9.261039181878315,12.368099504471033,11.10612553873797,-12.44619974833007,-14.590594344204703,2.5051060084584105,-8.508994191228265,8.70193274810792,-2.066459781973938,-8.45511788775577,1.191945465020495,-0.8223287081346436,8.650774880572047,-1.0963890530935174,6.597983195515131,-12.305572475122728,8.238489674073188,2.354062124395116,-4.554075659037378,1.6801717261590479,-9.546773274232615,0.4936123604269967,0.19174804996144737,-0.6002196669528026,-2.3348537438785386,-0.8028518890260281,-2.446562473601627,6.867163214693008,0.24502449917457705,0.9272614792396953,4.758223516905435,3.1850091780278347,-1.6238622059248171,-3.3809891540910315,9.762436800895266,-2.7088187283213783,1.601683260941826,0.5865154707533975,3.957665852742002,-7.0895468257920395,4.590768792429986,0.5707391824369725,2.770987918489104,2.0127375385033153,-10.740096213480609,1.6082626022460615,-10.145044611154178,4.054216667658442,-2.8556803683550744,-0.7500786922838479,-6.227706444050128,1.5149538650069505,0.26042735364388964,-0.8946643422359728,0.7486091147408784,-5.764345199310739,4.163211730159931,-6.79690723766317,6.579681290114107,-1.6125452244303697,6.938681733681135
1.942844128515429,-8.019077683421916,13.745760816852789,-9.890749527381661,-1.7888876915489145,-2.516987658515507,-3.527224481010666,8.684717508313398,12.5945785949013,3.5561279301587834,8.633897292912554,7.640507293697151,3.6399495678489253,18.628593904946026,-7.791451254465374,8.21411120599694,-3.2108993497664318,-1.7120234398503809,1.262113284139783,2.6936896253876106,-3.1266992320470384,1.7237107829978746,-5.345962470206321,4.33613848714653,6.603337532517971,-3.6798204784337996,-1.5456046170900162,-0.05751632738160955,-5.60788363610507,-5.8360863510159255,-5.86917842423966,-2.9231900472440393,6.283657679386519,0.8889251890936515,-0.6695378628580253,-8.901779912325717,-5.099653451095235,3.2231302672291773,-0.05030496411683408,4.685561867350274,-4.567341719626443,-2.2642058500803497,-8.303518928462635,-4.298322404709449,-1.5701633503262817,-4.621944493936735,-4.1154809243146815,-8.993899727423367,7.2415872865739415,14.118922024580813,-6.604802649405596,-6.4303997179586965,-9.429954600019526,6.751579520642772,2.5610476412046883,-11.23915338335711,11.25787041798813,1.8243304065678505,4.633134626607499,14.739104350997588,4.1821914079469735,-2.4733166163303317,-5.635257535338803,-0.3816307186453989
13.297042836673809,-8.261956012425081,11.22914228152143,-8.186184561516702,-6.757030046237028,3.8819501453579726,-7.100361392035764,3.7591351276286686,-15.426820526135257,16.26847019900641,10.603273550106575,-9.664189816166175,12.103964678106252,-9.618514986379909,2.7957469360150085,4.620228665561185,2.4319777644866765,6.875133177693732,-3.249542762894004,-2.065185030828029,-2.2063589107298145,4.748545353060275,1.005663162169805,-0.5409023826223467,-18.298260225195804,-6.692594519576378,4.8607255853487095,11.429312895021683,-9.095844483809769,1.050387567170131,5.935832123537489,1.3461740642458158,1.779770880568077,0.20985511097769394,-10.016010542113255,2.482357382778814,7.89345304317675,-8.487225392905097,-2.1385066046784247,-5.086534453291043,-3.2879891199153337,-1.0543912607471395,4.106018483500908,3.554933152030422,-4.751955954541617,8.735740155978666,-11.759940209806093,-6.4387771744332625,1.0158393583657215,-3.074998788864846,-3.343694169868651,7.256168883532118,-5.019669028227318,9.299273362244561,-1.8216214562764002,2.2172290162958492,13.494024352675392,-9.251783429845261,-11.406715317617847,-1.918823849676229,10.528177973596728,1.5267677754519915,4.88228538643444,13.666143019430109
45.621015868941186,-9.235227678065511,-20.760209782670216,13.380658382598796,-11.903554407135466,-2.445873486602043,7.336175198854554,3.0383074310215323,6.900792056343235,4.191261438537611,4.572414058459786,9.210166362195578,-6.1189371775213734,-3.2029933664188803,2.8357005123637946,-8.345747196697314,-0.044774084483634326,-4.783066784608646,2.0769104599689276,-7.636105229972424,2.0146636357765537,-2.6706255547297064,-0.3730313464761568,6.829385722194025,-0.07295469570721999,1.2602792307791506,-1.9941291668703551,2.928598749869359,0.11003343499607424,3.6582196032947167,-6.100851853553598,0.46607775644546057,2.193564834714103,-1.7805508574539168,-1.688905557909198,2.042728644692061,-4.935901344883706,-3.3986105421710406,2.7923782214430366,0.6238145931797614,3.59215729799938,-4.484576206353024,-0.6131752553041078,2.3315373912300044,-5.907605965167962,2.769585101022376,3.926136842871113,-0.4208992928668203,-0.02987056473999234,5.872245374303319,0.7500406999364944,0.9748981772767092,-0.6237632482968717,-5.481711350964676,7.010107968163089,2.2629944982157726,2.2205292694203402,-0.9948683646936279,2.325080583861401,1.720187676203048,-4.209190906725329,2.4553264329270883,3.392924958276767,-2.619343441807537
-18.11882104758637,7.626312018438998,-2.8997741157408963,0.4573747404512715,-17.660834998207996,40.902205308430524,15.740684198923404,0.30566860336624313,19.258852862960218,-9.984074383619934,-5.4348127188323945,-7.793322561645667,-5.379277200561021,-6.1206577182583395,1.845098067119461,4.028743093598069,-15.460272372497988,8.853746817082534,8.42238271405263,12.242839539176376,-9.120053230838481,-1.9211852860812106,4.141169378955049,-4.568197533848663,-2.4912253417457992,-2.322507526505349,0.17115939091787144,6.485742169572339,0.7229067142545514,-5.819381758418206,-0.5919866608752881,5.224018816217514,-3.7347748189004997,-5.86130354307723,-4.608997987622122,0.21504308902706304,-1.72171643460342,-5.283401953234754,1.004869183034809,-3.276197805401576,3.4450833824266462,-2.991656949978736,-3.117997147281778,-1.640221472398146,-4.399535366666285,-4.81048924231044,-0.2602455033244352,-1.2818328819941445,-1.715048120671097,-5.543172073923939,3.360654873560523,0.08709625819030543,-6.3094383248632715,3.0047158658914115,1.0436547332595214,0.5799515446318582,-0.30206760913465214,-5.897468815618419,1.0678020463826545,-2.014827102186148,-1.9751458960691468,-1.3821485430754732,-1.2946575692252902,-3.397807726323207
0.8987297910789183,3.3551647133152973,27.323966660072593,27.402402208579872,2.4575589806716573,-4.209171047088421,-8.001138684680326,-20.859300520750306,4.5851457111831495,-13.675332459107253,7.519349741894993,8.866571560050987,1.8691989809844272,3.8855471625612674,12.575209373983498,2.77327280127262,-4.7922711360119195,-0.6106220049722041,0.2828828867851787,-0.5157312755431672,2.784947179230817,1.086262387139577,0.8115910795430553,-0.08500899307723181,2.357478173341283,-0.9698887436857146,9.399284558900293,0.4285874334507332,-6.991495761656563,3.7869002715777405,-10.886580628179267,-8.176432039598783,-0.21527661342354545,2.5224388301980585,3.21835492998646,3.1674126116379373,6.485340546369889,-12.4488332589976,7.640556847893721,-2.1524277489292865,1.3697647164341744,-0.366406839720582,1.713252336863112,-0.11400842021103938,0.8612106274179433,1.0177864370119467,3.7031653946267227,-0.4257600004521687,5.824422874632363,1.2937607938238438,2.451642342618405,-0.7857377575545277,1.4234916874870207,3.162921805480996,-0.23910691928359554,-3.25863257093999,0.21474889840947872,2.533091874038333,1.249159043878977,-0.9065842757069317,-2.1522737604283253,0.2478797101514556,-3.311050984672508,0.13417985869356328
45.35259579981923,-9.87831644096601,-23.744868671237935,13.56324235162075,-9.988405581137878,-5.319566678811987,15.53877829238524,4.598254596359411,3.388054743120359,0.6111038555195207,7.352769304330611,6.889359219994573,-7.595070336812537,-0.9752707909579343,-0.04493772987408742,-7.3341348388366345,-1.1313318675827229,-4.851233156372629,4.88557749283644,-10.433038820636533,1.7120419524639705,-1.4610618729645357,-5.284692885528947,5.844114742467111,-1.910982151345096,-0.4821201282336368,5.7555925895493285,2.5423694310770415,-5.26984352193955,1.3153134271800009,0.09924895239398984,2.7666301282644525,-3.306876162780585,-4.418988360861276,1.0647321466312032,6.479458180724158,2.0306613480444056,-1.4738741108337234,-4.5236355649445645,-1.7386905017078773,-0.6631085521237585,-5.301540668022059,-2.9312380051322835,2.820315975071382,-2.7710964168017873,2.666558144837872,-0.3305121028187392,-3.566219330911074,4.842787809986305,1.660952816195641,-0.43185143560900774,0.6106484554995868,2.504771303497141,0.27992737251612104,1.8521124570973106,-0.7302057234175159,1.7264736890328938,-2.2908845732992438,1.5223509804309607,0.7530288552261508,0.29389239566051384,1.750048214514548,-1.2324242713557678,-2.9659204563544983
-10.482774490133048,-9.580503470580904,3.209492677337868,-5.127567294869938,4.026733379754215,-7.0343003946560625,7.426279983581839,-2.713410447213143,1.4731391483349043,2.725851360808652,-0.4528481145952395,4.007167285790782,-4.600260672931136,-1.3406358744673665,3.5368153199355725,1.5263197440394427,2.04170210053906,6.8292926815198065,-0.31599760956386197,-2.7941759940556388,-4.085047924547989,-4.570197918349231,-0.27356191002316643,-6.446268016175364,5.198049995683627,2.3257335432277326,5.990162442278176,1.7720331217790717,-1.7817298397069414,-1.45694068385509,2.7008283054339235,1.2996265283132131,0.2532435687521106,-0.292345336572342,1.816275010143814,0.8689392046949429,-4.510817157035238,2.894172613550068,-2.4002893239439316,-3.1229122309054342,0.8910918874700287,-1.1150751290979093,0.5952204700193866,2.1582860945618245,-1.4983545101262157,-0.42467998940780655,-1.5891804491907258,4.813985718357247,0.2154529556717394,0.18580631527885738,0.9655653376999903,-3.858024651739255,-0.6442574469203194,-2.6682423210287256,-4.055672791484004,1.0183086475462382,0.9119749695656165,-2.5403388247694707,-0.7966348043701891,-1.0632275763881591,2.9793743431668016,2.6771884529790793,3.182155929466193,-2.281223409245222
-17.292518973122505,-9.189793292605499,-9.931188307929823,-0.6078776588113631,8.68799019416875,-3.697235328350475,2.528009841232061,-5.802750757036727,-2.6568051823193763,0.513948406407691,-4.013456992925749,-2.975914738895619,0.25742248778376936,0.2791506224046564,-5.325956024451205,-7.347938159904644,-1.5227159485807842,1.5870465065195352,0.17956202129205065,-1.9639724663442832,-0.8313624469418907,-1.2644529481681033,2.1304765242726593,-1.4594878883745492,1.6789302373020691,-1.4102266825683107,8.237914027829886,-5.003216486678445,-4.417158460868503,-1.155673481170967,0.2509227755785957,1.0496425868205503,3.301700198466313,1.4516776876693256,-0.13626542767808258,-1.13370828529652,-3.1548169966201303,0.9224793316504687,0.363839388361934,-1.07424390473252,-0.6914015615534064,0.5746254987340319,-2.8130466430517065,2.21926864898306,-5.260335116900474,-1.2000549147382769,2.2721456179338797,0.6773908577531363,-0.029235554015861885,-0.6468100969426588,-0.9575942886050126,-0.7969985255087103,0.5240902285150473,2.0932639111329427,-3.7216950642349422,4.378407785730872,1.0253235105214955,-4.692594528484137,1.4654052229545131,-2.9528260545259615,6.051101434904738,-5.636528539473852,-3.924380786174775,-0.5182111411848416
-22.39319755318137,27.519001911542972,-5.6210983462095845,22.074199164072493,-21.587124834653142,-2.5944257711453376,-9.24071841456606,9.97345141148426,-12.351504323919967,-7.508163689845672,-17.01131697873786,-3.032491900536899,-13.98952033767401,11.034407132788823,-8.059999403827481,-12.244480157624928,-12.653723526302409,8.815676703452809,-11.665133308472736,-4.394285180199129,5.6117323183042,11.713029461498092,-2.590679137461242,-7.51076489529242,-4.552213232920306,5.133858260686746,2.456564241052672,3.0793834778199685,-3.256638733513408,-7.655397709218414,17.48615306884263,5.249925643087472,6.323407316411471,0.03442768023528936,6.885386697411926,-1.9004329313414923,-2.6743295950701524,-6.31529457337123,10.347269886588917,-2.2297291096666836,-2.163725301179217,5.83513044385896,0.4446530796347004,-2.1676880495543247,14.08426062691138,13.914995422158277,-1.9656483018098456,7.617025083558133,6.490181737050472,-5.840477247937253,1.1115819805830018,0.041435586469427,-2.091351465269031,0.2758041435865907,-1.1764954311389366,-8.174598798702336,-4.055888613549873,3.532154624624364,7.267818932569533,1.4278861644751126,4.529868388986653,7.775280067891568,0.5408474408496262,-4.375539815194027
-21.409326723101106,-10.625794283082467,-8.977501256850857,-0.19728138765328812,-0.035993228177509246,-8.228627612798688,-6.542426454453124,5.942048290284804,10.548446930085198,8.834184894837902,4.502718408156874,-20.151845609044827,-0.3058429562546868,1.7050813523524984,4.522300368565739,-3.0531459824209763,-4.4787397020456154,1.7121214884317748,-3.8586414021210587,-5.252748815458756,-6.521199991186717,-7.638165597649751,10.89809766755611,1.4210529022568623,10.46864211429119,-17.83678087990694,-2.516635884257713,6.788328868868607,8.570494289903188,-11.340413126497088,4.897288110041154,2.370252264095858,-2.8715645517476536,-8.30482450034739,9.575074447425887,16.90113676314512,17.688705026519024,8.901677229390625,1.1311711616060363,5.791684139811557,-16.9833488564966,4.843588419010232,-4.341347041305098,0.27773175375761455,7.209748040824231,1.0281678998866401,3.079468191483003,2.438398156188679,7.97979815010042,3.9418543729593174,4.257105503309241,-2.791666737456938,12.768188686413898,4.052054974707647,-3.0125892775337157,-10.266141632190518,-7.188480518503248,1.7617097104621304,5.059587309218833,7.805619118258522,-2.9658915591258657,-3.4255813149935963,6.607633722630817,3.1467539786547323
32.0820059880706,-8.153828339583166,-2.3764715187636973,3.6390259817274706,-5.916182545709244,1.7743630865746232,-0.5791252698439412,-1.4842293782836906,-0.7696232476091337,-3.167410203954736,-5.487671764922455,-5.5330768552116805,5.866485124441633,0.5834706231207982,-2.7455703244112706,1.6655463389939364,4.247816273140093,-2.6455051303511183,-1.1461026936185472,4.227259394708562,-1.0154231797372244,1.1752617746897194,-1.4038218357755954,1.5366089099876805,-2.0724398196249516,7.574184919636651,-16.168589346789606,-2.4305511262884356,6.9319436768878155,-3.1745587631042436,1.6756193778782424,-8.87297670621382,-3.2905844062364884,1.5823692402359857,1.4486561089367014,-12.28466755629318,-0.11661239013180195,0.05741813457589181,2.8896616666631574,8.008446008786784,1.420440334474246,3.195347763791007,4.993826760513032,4.9441219526277065,-8.801129538217689,-1.0522891513640331,5.4084079178339515,5.157626665759531,6.985015337611818,-4.1814964893965,-0.4920588087759201,-0.04081560729021373,-2.8939723684688015,2.509545075024141,-12.459940104452041,4.704014370288703,-2.2749681900191625,-10.008071816747629,0.5843231912646678,3.839850597773379,5.232729216364942,1.4336165075766671,-4.722981150816879,-7.579380872916354
-5.351253614356091,3.995643292008748,24.193740799284306,26.909690963836685,6.967458124410026,-1.059327497853066,-4.824594150028869,-8.841815661221649,2.9812659424553765,-6.52235485927538,11.455306658484863,4.442093466977288,-16.493121504530908,-5.701330097944493,-4.553667329772082,2.2397011409357646,3.3445777105002965,1.0534876821198538,0.6727517302460797,0.6587826637712788,1.1444888627783747,-1.0117671782641213,-1.2451790853738147,-0.4699195407304707,0.8804580920009281,1.267680317764733,1.4063849122597676,3.615405164004892,2.3582300111752645,1.1652158196094062,-1.5129585071668674,0.022742126744569994,-0.4570997829448759,3.055183560053702,-1.7742411678117849,1.5479744052020927,2.632687560530642,-3.9451475911974074,-1.9220894728825406,-0.2793272524470459,5.0943460849993984,-2.8493117471505074,4.72277363145569,-2.656767147791664,0.9793104955105754,2.898727424157031,-2.9448771455655134,-0.5924663579238952,3.8481988343640245,-0.8532164215578508,1.3807551506115596,3.2532045066106994,-0.8169398929898257,5.2360270052772515,-6.7911941559415965,-5.369231328998754,-0.16569285688025429,5.295317228732386,2.7334598944363684,-0.23551031754701998,4.379125350523339,5.373905672306761,-1.440144047591226,-11.22268098467619
-14.235207907442192,-9.452262781892747,-0.9984943384811902,-2.375161590949898,7.514784832440136,-6.797798887113146,7.354252798935846,-1.5742131166320816,-0.41662893487735564,-1.257140832004688,5.312251807537349,-2.8067780691726636,-3.652577766035142,7.299265588889845,1.8106152773819277,-6.05655044791888,-2.4685031633532812,2.372913385314742,-3.0427176350810052,-2.199263614040933,-4.16354976711121,-2.9967090596774946,20.051676254766885,1.1740373650093725,11.199569846434024,-15.80818088227624,-14.687456423589063,22.67815398583163,14.913702370418301,-3.210363614686544,-1.1650546020605654,5.610808481948247,-6.7934607331124655,3.22623798397591,6.268648688102245,12.43875161992894,13.935157569538791,-0.34357942560247856,9.35043356284397,13.720618625908852,-18.154869094191472,0.10433641585729127,-4.247228818999583,-6.758012129934571,-3.4358114171923164,-0.6258067787976379,2.92555356135635,0.6637099830230196,0.9011333583249437,-4.767310180269032,-3.6568174434541825,0.35617686150655054,-1.5903588786274394,-0.11688137402175493,1.3684281715021926,-1.628872618567129,2.151021585613761,1.5618252909986161,4.672217468772345,-0.4902571291893887,-0.033752619157835353,0.17977871611637528,3.8470000894252157,7.180553463934653
-20.600763424060304,17.861684152620374,-17.26249839811383,17.972462637221398,-18.14493893275329,-2.6724984666978884,-2.2220019277539547,-14.311992900419588,2.24033979353607,-6.735231731694857,-8.843621533774739,-8.076069163010718,21.696242928066077,9.441860433414048,2.492360588585566,4.56413658072924,-5.353520501306146,-0.9109498566424558,8.892103955245215,-4.668790504157893,0.6430706738730954,5.298653184925872,-17.610117398735028,0.16840110773610303,0.43312303701181515,-5.519588217358517,-12.734288309263489,13.210155758599774,5.179702336139462,-10.804083920428655,26.49461023746961,1.0086580895663306,5.932700173634566,1.4943053579949723,-7.2251062319354435,3.380878857412337,-17.10666846688752,2.061035803708832,-11.923727531851494,1.6759291530035547,3.4519703615933963,6.67871503677677,-4.720011310595551,-6.188738804343722,1.5218469172908882,17.97263101201636,10.596437163851336,4.399761258579708,7.455273882756623,2.273280300225385,2.3440313685493708,3.1300200739377138,-11.672589985320906,2.8095976221298926,2.3259261023036246,-0.12647752640364113,-1.1857621379427798,6.686538546485606,0.9864745985246292,-5.243657633051533,0.7078467132366333,-8.133594307544668,15.008891860645203,2.40872135745495
-14.9216921955578,-8.639591763220054,-4.335671575486318,-1.1732018922083123,7.057479788682759,-5.661802172173924,5.397905428719483,-4.562234424795502,-0.9658188255077184,-0.594300335254008,0.7744236557425112,-2.1711575476179927,-1.2453818057844561,1.939578945374006,1.4502999522784357,-4.9250955928225055,2.232304022348903,3.5178753091318393,-0.36492692918494246,-0.5323720733201377,-1.2292539678705352,-1.560680903796196,3.0946285172723287,-4.041308832846072,2.7162918608403688,1.216195785822537,4.001589411850065,-1.9756051275573583,0.4673754782763886,0.29181163220582507,3.2447493666900598,-0.5801426969618243,0.4232683157559054,-1.309088322665043,0.49807391248073496,-2.1515526276196377,-2.0176553806556403,-0.19947373225343967,-1.7949239684750442,-3.9020710240226077,1.8882859034493997,-3.942236531979695,-0.636294941750109,1.9798189189012094,-5.041909638851751,-3.6085056326911418,0.384244723983666,-0.1481710355992141,0.6111919718872197,-0.2821975703558443,-2.3479529454413797,0.6257852502150397,0.13015218974724088,-1.7148860720858259,-1.4639295313084966,2.982908851496039,1.877697085771224,-2.554276845546801,2.184274508820895,-8.179251047388636,2.6742047839845866,1.5077780006026933,-2.7240132778785293,4.602756089185374
12.08754617909272,-8.121259749778721,13.757316589122082,-8.801605370666687,0.4301111316336114,-6.872033823137867,-0.2944756948939783,-1.7463885635311316,-1.9657531393410017,3.1208981110000438,-5.771847564558635,-4.799661259764421,1.7971667736286077,-6.298124872032132,-3.8429385002750234,-0.1553691789995258,-3.196166578200689,-1.2671854790692283,3.502468660687497,5.269631461144288,11.425280689870622,-1.4200768427667083,-3.6367457323536208,-4.862949345684251,-1.926100243969414,2.157137531202597,1.088355475104146,0.8886336116229798,-10.621707699148718,-3.4349639897513065,-0.9525411831021706,9.471219523736833,-9.05427650083299,1.6640257988784013,0.6838401173716275,3.077531491795375,2.0149587547221484,-1.1833959492588058,-1.9767203065839423,-1.6685114606168328,-0.985005446032572,-3.9427645941874276,-3.4352479635593585,-0.2739533005213282,-1.849240315944351,1.0361850583636716,1.1122090865237264,6.120877718542314,1.9402348881639973,-0.7249599508519515,-4.263570918624502,-1.5625050346381495,-0.8086861802093718,4.247792769303741,-1.8473003279429743,-0.7898172781954462,2.5386012803806546,-2.140525102934242,2.572257937432129,3.3265002224757723,-5.339445925275871,2.521239410957022,-1.0480675465520126,-1.0058626893789817
-19.563564522943587,-4.177193261725938,-9.656110402661339,5.02293265704006,-8.362526278726403,1.087712368812211,-18.323706736545898,15.401993266093873,-7.648006255318695,-8.032131153654479,-13.687125696663678,-7.291949029671101,-11.785406798293593,12.229353558880147,5.452014202373907,24.436136052630154,11.5464994126746,-13.211676314113118,19.76647398078354,4.292322798162554,-6.053016817158313,-17.924878278979367,10.509807237761887,5.742045226334855,1.3228252071606126,-11.758696609908199,2.0676415049316392,-4.871643186117379,-5.014009887414874,6.388993669523889,-0.49634128425662133,5.890847441959323,-6.348194127914556,-9.643717465317183,0.6881890295095822,-6.2552714988749925,-4.222396455112452,-3.611642660033196,2.1280288386665256,-0.14323975834212757,0.06295192664234142,-2.9217939318734443,-4.367200087236382,-4.854287163409704,1.2077281333006862,11.483350520842905,-13.492708909849513,-4.0260703993805596,6.279761728723777,3.744155853238876,-6.889631958561783,1.5963036940336606,-2.2438831952037095,-5.718735739450424,1.771274688187253,4.056912706654203,1.2461594382010728,2.4039329365372257,-3.3364841551489404,0.8605177756426883,-5.489389733199077,-1.9342302157502747,0.6108402315128724,0.5767663424885312
-16.2868582595063,-11.050032514848986,-5.829971967517807,-2.725743143309337,6.237420623884384,2.438038609635915,4.4601516334793425,-1.2919017471616627,-9.784304328099516,2.8814150312700186,3.230695547970532,-2.561077193716107,-0.8417077991818493,3.0454040032135827,5.044985754214785,0.8552173191306038,9.67942957831088,2.014461841167212,-1.978869749589522,-10.583770167756049,-2.7904484361396804,-1.191003636123459,6.237823203262457,-3.020350130367268,-10.71974856545534,6.614912967020609,4.1777071245427955,-4.961122048337922,-1.487428414572662,-1.7169507871398748,4.0452994088635394,8.803899331019055,3.8549066137812207,-4.81885247153985,2.92598366762764,-0.4438499464669148,-0.9890015378360117,-4.226498526269127,2.0455248495573564,-1.2110893444611286,1.971195119915694,3.519261619383311,-2.34534950322224,1.3223377240980567,-1.9243131925054107,-0.8240000577179202,-4.33880270023241,-1.5280705751840682,-4.117921347528083,7.645064432864459,-3.7081760122547123,0.07813762315401349,5.251699820228295,7.729332108331042,1.401858830619521,4.0549639902873835,0.9170861891481753,4.927311524541326,1.336755629263897,-8.229252450431899,-6.0743451710763035,-4.049204929506561,5.70731228411317,-1.691429855948989
6.049476047879908,9.843354741552995,27.665450786493285,20.623173207073066,-1.2910702553529783,-1.9746532097343552,-5.863521018231972,-7.685495397947786,6.170500424720662,-2.394668821110195,6.930387476373491,9.200626978540873,-4.146893132788381,6.625359930549307,-7.760595878074682,-7.691515474531124,-1.618742589324105,-7.7081392957568236,-5.982367403995339,1.6654425537359276,-4.924748119037539,-1.1215082253579776,-0.18705759646757106,6.35712824605403,-5.314441346990567,-1.923764844611722,-3.8799455757234997,-3.1166294579782856,-3.1266793524869416,-3.0477642340754136,3.7676487831894514,3.242030736173703,-4.591362770748011,-1.1291033854726833,-1.6093117781666633,5.957986981908925,-8.310124302205546,-8.116623223746226,11.259517507288631,-3.9146665508866554,2.372697986914193,3.7427992946711757,4.393848249144593,4.962672801545376,2.2475738228627953,5.511201932477597,6.4080753070481755,0.9291939842434249,-3.3964601104653815,-0.3137460691626941,0.20093417367669414,-3.837037395187649,7.395614396682447,-0.42359778169172196,-4.713826433639996,9.406650596225834,2.521974142840643,-2.032069239939381,1.529368427660119,-1.1036700132266586,-11.596023179030256,-4.201419023825058,4.245559603473658,-1.5221594691261695
-14.738587035184835,-0.018503408162089938,-7.185995517634777,14.306741985757789,-5.277613823014717,-1.4150053743811002,-12.581122163827784,-28.668317389552474,3.5046297162692226,-5.841899139628419,-11.215802105507661,11.0238233255103,32.800933306757834,10.339583616327094,20.647935546397402,-2.701538017172253,-4.941891308944846,4.93141777070906,16.4208614241501,-7.599507868234359,11.940399851881976,3.869892088275659,-2.1562819607208006,1.5576297097696072,0.5225650315958892,-0.19821864187172286,5.80706985690545,0.3302830893668563,1.8168130572744579,-0.20636766251045724,-4.0200933249915005,9.567037755573207,-0.48107010723704513,0.8526591008234915,-6.299005739883829,0.07833246785775802,8.986369972027171,8.822350478129389,11.865541868960191,0.7961624394012918,-5.779442034865017,2.5887232135403653,-1.7172097345450463,7.159247427679688,7.38868639019412,-8.637539365350891,-4.483952462926543,-8.707134713206898,-6.000134644994605,5.702702824057851,3.62613462310084,1.0160438076394502,3.570210025569115,-8.243607260802632,9.091923590147472,-5.443839420626024,-10.565923036895546,-9.132226568402334,-3.735085426817988,1.3307242377460151,10.840226670645245,0.7974020139831657,-0.014064652248365367,5.074277471627369
-14.602478276758466,-9.019113179544204,-5.289770320685421,0.979528607747123,5.453579931078117,-3.122850077088675,3.8602273632571076,-3.6562756597149693,-1.3939373856721866,1.1917397174544866,0.6485924448029333,-0.7935779398220538,0.30525355932068143,2.109044435968853,-1.562773137421323,-5.504305923876032,1.8260845716732093,3.387308031504334,-0.2634054512338132,-1.1259074325824066,-1.6338805254947213,-2.353783842058205,1.4012130685772335,-3.4444175730671795,0.7446227944275455,2.2217140042803836,4.353179912047178,-3.5647981164166676,-1.5346348863355688,1.4134832060884186,2.7979892709910277,0.7936577653458327,-1.4491599219866949,-0.9487692431489373,-0.528681165481488,-1.6191576251372006,-0.6174854375227058,-0.5402768474295035,-1.7660915917416649,-1.9082555664769123,-1.3009681856979352,-0.27696186688964886,-1.8340242650839225,1.209837026276632,-5.21724996137137,-3.105390963665099,-0.2691363724396368,1.560610060352817,1.0066639323430855,0.6953456588528254,-1.685800077614956,-1.3128420618598755,-1.2070366321618173,-0.5433219156060333,2.0024462645636896,2.8342466255176624,0.16717066660151314,-2.4803672092336932,1.0398142588898298,-0.034565505133285,-1.6344376087744628,-2.3551359732287085,0.10685576436534262,-1.6608667778248722
-4.720899528393986,-3.702585859461605,9.025206815476107,-7.71028786892243,-3.5859081979546885,-6.143839504492156,9.754190296113359,-0.3767493604143005,0.42947022842473814,1.7501313222411656,-1.6965847999963493,3.661371412081708,-4.429062043060668,0.7849881656542338,-1.0184050050975813,3.164901789487719,-0.7409339161744167,8.268718114481066,-1.2103245514456078,1.295670576346537,-0.6497223548371434,-2.50059328963315,-2.931310995097358,-8.21502366715549,1.9576542962366572,-3.988729306419385,-3.6651557610220244,-3.5782021732176603,-3.2256242532819717,2.384804604472905,-1.2624361782170794,-3.519495542291548,6.973106492103341,6.408461160814182,-22.678496259948368,4.168743076916713,14.650369872036116,-0.4171495217429025,-5.527892598098218,13.339787411559174,20.90508205398705,-5.196026712073706,1.2218675214837864,0.2897415965698203,13.011032385970537,0.1964594557495312,-3.71117792426352,-5.814377449197911,4.600559954279488,3.2240803272025604,-0.7055779187434642,6.232889727411999,-3.33833798422687,-2.9472965259119417,-3.3950298230104683,9.384853158114632,-2.9940378480168794,-1.460185936977121,10.600772460702311,9.151581481948666,3.327676028289997,3.0471526211534665,4.744651479611418,-0.3353219661688033
-25.490974981615448,12.637215321017601,-14.235055120200528,5.978702226525453,-14.992163895689092,-8.41650223360427,7.966732407589205,-2.64255917701066,0.19561942138965538,-0.5063509228457213,-4.530317029585706,-13.642901772697538,-1.1400943378757127,-3.5374325955935433,-9.482612957129618,4.366582519604785,0.464381137399134,6.698109586518434,-4.728875977647123,5.422063625884809,1.3150189401868424,-7.28974177985448,-4.345913466806988,-3.396936154124399,-0.3322722593137734,-6.072293671739544,3.6791625780568764,-2.833763928504317,-1.7029285475398963,-6.873690812895095,-3.2175068261621576,3.1825243046966354,2.868650489398564,0.3502618129615184,2.700413591420626,1.1851580893070985,-6.387846128468237,-1.3480550960895328,4.087405457934938,0.4815827825302312,-2.6089297328180017,0.9103073217826928,-2.533408703898207,2.4270771822768196,0.6905730919276635,3.5349440587995375,-0.5131548666243353,1.0350597566614745,-1.716248273055546,0.0937753387353749,0.9846484023787803,-4.305713327275726,-2.270682149936854,2.0987301894843555,-4.701797193882996,0.8744427073091003,0.17577946382827825,-6.776298421574369,2.246986140685833,-3.332641390369036,1.5158297319654788,-1.9761652281573314,-1.094123817804877,1.1697458875136135
44.98846248302987,1.3225910612409928,-22.028753759624074,-1.039386771880013,8.071976016119871,2.383520771423397,-9.513532590253957,-12.009188384626594,4.853339117044679,-10.028311055299069,13.542863702077556,0.4787336658262349,-11.076729636019355,4.870838640714844,4.658115350240583,9.068183971272205,-0.2626320396981586,5.3071419070544605,-12.15613394766528,11.844827169340423,1.0455821493289685,2.01122029515429,-4.389884780160221,-0.498096234305966,-1.5660939583509605,-2.834484321130531,-4.022485514978452,-3.875839071141307,-2.697721856071558,-8.088162882386268,10.829948681008542,4.00254894483775,-4.093730942362232,3.254020073573916,-0.6430353225339269,-0.7670379565697587,-3.0428292780314363,1.529908197138922,1.0535492811595448,3.6130428983353933,0.14412121498809854,1.5506321512199857,-3.9300164627268632,0.6417130338680115,0.21834410383326125,-3.141192751800767,-0.7727384821000285,0.16447399317880734,-5.978023899411674,-1.2516029785019531,-2.439257712701157,0.2766293393974666,-2.3485507521066253,-4.130013581845508,1.8397482383139399,2.2716791728040193,-4.003606900247581,4.0681159934892905,-6.015718577670553,1.2959663210910244,2.630410692343907,2.0135741010838837,1.871764685885168,3.796946883857857
-16.444227177478965,27.95371624404161,10.096547111060685,44.91949648268165,11.08965817310419,10.049267302245886,4.783428319152685,7.757696153564722,6.540482493775339,1.4654886723370948,-2.7908469182899793,-2.6369665953637833,-2.542065123891616,-1.5719869567361184,-3.2656686519662403,6.852216703865187,5.129174206869369,3.182577012224336,-7.033881489749079,8.704401708471705,1.2797032445234238,-3.0910697443831188,7.9803302271530425,-6.278886169564362,0.531885710475918,0.19084745226932223,-4.759854337002269,4.675240478659528,3.0787754002044383,-0.5830273488710528,-0.09688357586420432,-1.051957291944756,0.9598397035511824,-5.549998633683278,1.5575300751390428,0.7762915091452556,-7.140823320876729,4.8761540250169295,-2.21902110404221,-4.553655413195626,1.1283814807883794,-2.0922744977066845,-0.9536457197102431,4.935386323778743,2.2261106272317988,4.618906797138594,-0.7967684508815142,-11.00222384152407,-1.5272669081203756,5.129253932341817,-3.565374685915706,-0.7750387376596071,7.520452868758371,2.870068056516794,-7.339387352741294,6.685953379034212,0.6506926657318949,-4.534305823000386,0.7447740719015215,3.068822681343582,-4.831755453201045,4.839068112370822,-0.13389074213019814,-1.7888064274390783
-5.236068352880313,13.327461311579636,12.96940338951922,-4.3364611088193765,-17.922310628633223,14.809472297383746,14.006509627113273,1.109362822800477,5.511275916351243,-9.037156439780167,3.3044865449992096,-0.141652999627626,-5.654300266581494,-4.615130641687498,7.183871057386143,2.394170980187961,-10.646797685420301,-0.6357557133649617,9.179926426941398,6.669797626536733,-8.628681480077041,-0.011715355265575498,-0.35628571535685705,10.158114406130041,-11.850488816188834,4.939549408491383,-7.001218303139578,-10.08897493168191,0.4684194812197674,-13.900276255317934,-1.4941939643966873,2.6542710816696626,13.878061395931796,17.547477889509835,-0.15390826670088611,2.7991549226907457,7.435006579673331,3.53489640860014,3.6611138986058,-1.3877852449645416,-5.815681589369284,0.44004127277565586,5.610918270194942,-0.7157144172585993,-5.436128845382043,-1.2738207180867362,0.5755819314852567,4.475056261518502,4.678118084552956,-2.321401500569208,-1.5843540632878785,2.184080273727486,2.482892395921566,-3.0400706665384836,1.2697310444177994,2.5534341532832645,-0.9409806514293751,-0.7767570119930256,5.77763473673433,-3.358395547468275,-0.525793424259938,-3.923257177568812,-4.214765695888741,2.8031760693363323
-13.402095140984962,-10.179186336462696,-1.8020030702139866,-4.492953062019546,6.49075626335499,-3.500720714519433,9.026725574476915,-2.701235751444941,-3.079263131660944,-0.20431220522019733,4.68333558486557,-2.7194110092498702,-0.673839373076055,2.3914032160930567,4.898634837509209,-0.8145669097646644,7.300327641318535,3.04795558350318,-2.630448750696358,-3.8379762614177464,-2.0005169687615423,-4.339522570376099,6.954237937449697,-2.2845155861798974,-7.467629945422324,-1.27303301108769,-3.5540646116884,5.736104555799222,3.5074121798234827,-4.57415896620872,1.2650379498506448,4.696571507814849,2.6919864818553303,-3.4979070837545696,3.440957134696662,-2.5185386716292286,1.5386143992560828,-0.35727685896487976,1.2798182237973672,3.148914605593401,10.399216905420316,2.2112572368597223,-4.615523143427498,7.783953381644943,8.488722319037434,1.2772295662174622,-3.914416534181207,2.099225368770737,1.7891721980231194,4.997152745377343,0.38999257198044035,-4.823507693321321,4.6447613263391805,3.4120878412367266,10.91204577877473,-11.845677008323708,7.526810267219414,4.966211083743084,-11.604111072959503,-2.6965516642549736,-6.471901733782565,-9.12912054524983,-6.660635060188842,-6.801236176103637
-19.661060076712076,-12.446793944254306,-6.923093577245514,-2.8282470386689162,2.171345226393711,34.12238979552667,8.68381396619052,-1.585991350880195,9.285323341049912,-0.081981222204594,-7.127030184316629,-4.2705246550955955,-1.5942086807052658,4.5043384935084765,-4.917987281510714,-2.4887779704724036,-5.838896698848922,-5.175872761893736,-8.200426635957857,-6.45526405827804,2.511397311472346,-3.090521269748221,-3.075649211576395,10.084345584042621,-0.7327317909886347,-0.048682564239661365,0.40302651355981534,-4.678699798011335,-1.27080558982354,1.9759807686818562,-0.5361944545503959,-8.115594316134661,-7.042771786567955,7.454121384665363,-3.837634971538901,-10.82208830346784,10.547444930480074,-4.118205314323263,3.3414399814957383,5.114983934304766,-6.451354257623494,-3.058842613680557,0.8086301957053789,-9.4231689837642,2.4658497462764792,4.903791297035098,3.0388077610875204,9.2260858775526,1.4238691568894561,18.14334692008008,7.877848078363978,11.321954044447875,3.168594163215977,-0.15380398979126553,-3.321617879781315,0.5940480828048289,-8.10057535428548,-0.7205360660623327,-7.805223760203812,-18.241633137274597,-3.999335857716141,1.443125252788028,1.9991808533903186,3.6031969086694184
11.393296335174702,-5.72562027818865,13.955614453009535,-8.333595518146277,-4.776460929894776,-7.353005987107299,-8.460876813905465,4.570291824207736,9.066975543479764,12.986588405204516,0.8698210754897105,-17.037621965013763,-0.24919271462780787,-1.090791941049309,9.944972250787206,-2.409809064478833,-3.254657009068886,-5.929666409942618,-3.5127791574507423,-2.2176272034298017,-2.0605328267028233,-1.0646457369716222,-3.3902345864663457,0.07128075078067794,1.3560193466051464,-3.850858842143501,-0.9924704009267985,-1.7493730726431338,-5.66787760035882,-6.698145169974601,2.8091788811922997,-8.58492557539931,-2.1265136711088837,1.4339371617706957,5.330244733523078,1.1401104834322842,2.294560413571652,-2.8174715982321166,-3.3675974473754167,-2.940215745186442,-2.0057009243001613,-5.062925670365608,-7.1480787784128665,-4.364519918205084,0.28221166059684505,-5.428307275942453,-1.842665457612745,-1.6803700217240967,2.9804021856309966,2.0301093106557064,-1.8457897814845776,-2.204429685054797,4.002620991537057,6.863243608144632,-1.9089136462916039,-8.238369080232507,1.28350517143681,-3.187357627095286,0.26113322358366203,7.5981476143703945,-3.8962782438069032,-5.650525286599417,-2.9829815820525836,2.84243308994709
-12.139794752907576,-10.161009417820033,0.4165122669447332,-4.942434620520585,5.1367743826143695,-2.61782303827899,9.663834828338072,0.3339529727858462,-0.9997096545979908,-5.094161090105932,3.0525017874522593,-0.27934632006450294,0.1523264132454388,2.1412785376449035,0.11991623861046746,-2.3277986571369644,13.027286770265507,4.918486283000243,-2.3060521619106487,-2.575406763076469,-2.3328557532219194,7.490231732843391,-2.143954285022677,1.9495155759803755,-10.64477154842872,11.706109923070562,-10.019003337033217,-0.23845064711434089,2.166279607750964,3.118307191495654,-2.3969306773078047,-9.678480589500756,-14.52457860732372,-12.593834522910765,9.426071496830044,-18.691942016600947,9.361307991901546,3.3822136753374767,4.612687401998069,8.433691174182782,5.536271967766021,0.8444738893244078,-15.747618127831046,4.649479773842849,2.2130148352436105,4.54799927904121,6.18000131522968,0.8256534365369529,6.1180378525503025,6.691055909304922,-6.579295901638062,-0.4687495191187648,5.178044527888632,-4.4170698201074625,-3.339255408354461,-5.131608675625878,-5.001032813150752,4.047849262541982,1.297724701183699,-2.379706935960204,1.1125005077913366,4.558874277932575,-3.6200523174917363,15.369124709514479
-17.511326131174993,-10.138048686733185,-7.213725532187381,-1.1170823322236623,7.549395035548582,-6.690983012178872,3.617421445975595,-4.212241924489322,0.27942774396899295,3.500184816518351,-10.669042382059507,5.281675867290341,-3.9315372885752953,-2.301047655980242,7.450664811205293,6.426924819602261,-14.041674918273479,-31.610392815920754,-8.89109861030412,9.87125038427995,-8.503137954713488,22.42522986136388,-11.78990247354897,-16.424348532392536,-12.34330812888894,-17.60110804666708,2.0364641157285,-2.8215531701955343,12.828303613135112,13.077155698862873,-5.14375574035665,9.095017865654501,10.88509568244605,-4.674956640696363,11.798785866115002,-2.9049504159835173,5.182816667009098,5.4683397397981075,4.765373572801382,3.780776369246326,6.130282789303655,-1.86513391535421,-1.3521598704448357,3.8553095416141354,-17.531095767922558,7.594904114675127,6.373339111794218,-7.037882672042063,-10.768814294052495,-4.518131010480418,1.318608856675945,8.805441395326515,1.731003703677313,1.6801938812672237,1.5409920459814304,-2.942258295913962,-2.4758146926734423,3.2802114176494714,-0.9540654734144467,-2.209770816232149,0.8849802007250895,-0.22343588333183942,-2.2006552702924713,-2.550729812462387
-15.538316227122266,-5.220925006216837,-3.526934655469607,4.015805162277132,1.1410175359654313,-3.2006401100518325,2.4297422536883375,-7.869428136925069,-3.026136872743093,-3.349322398104735,-0.5934052691076311,-3.567741619525685,0.6668970521454384,0.6815416495549939,-1.379819458741259,-1.052856064697784,4.387934929464518,4.810788600283058,9.621443534682838,-3.6259700742222285,0.10973163863308269,-1.837350084863758,-6.982722764791219,-4.647222975604821,-0.598899554809673,2.743890257150278,-1.8724249608875847,3.9692670368411744,2.185084609346156,-0.24090692569070807,6.00947491125079,1.5516842575588632,-3.0450729436516775,-4.500878849253598,1.211609227515172,-5.7738419595428105,3.298915758802099,4.626279025948768,-1.4190479973136143,0.16595268660946322,-6.501272207651305,-2.6354703300793854,4.400384640172915,-3.8924859967452243,1.642885743893874,-7.182959642261543,-5.6287026632093236,-11.318259239298039,-11.173374815362074,0.7438687850869661,0.28601939043800806,0.49777585092638915,8.611134745127394,-2.364481686182565,4.529272191897209,5.550113735223627,2.670726898099747,-2.545422265734609,2.540260560538499,1.1459825623870796,5.203616754481912,5.489780072356555,-2.025375698070385,-8.494633900635643
0.903247402648473,10.554001569669596,11.626820920130443,-1.1806883812361424,-12.436125440054404,-3.2330559457098804,2.980318475307708,-5.760436506579564,-1.2284218383649663,-7.718767067836274,3.953410779090913,4.676188024883532,2.1825417006908414,5.89682072634174,6.6871892993839115,-4.464397540499891,-3.1657360956292586,-3.7983165439741136,-0.9372539362256418,-2.268432948485506,-2.537831261910848,-3.013714217801566,-4.45108187657395,1.8156441633599882,3.5596369178600193,-1.8252165681856092,-6.98522539447082,-3.4727157638065793,1.2005406451110272,-2.6031277362164733,3.8923107617304478,3.257795875294713,-0.48137658624921487,2.7185805125865046,-2.877129551258416,-0.9939942646925644,-6.579806342814334,3.8510878935026867,8.534858891715935,0.9359168408107351,4.550256340917212,5.217858676473372,1.3998081876731325,-0.8379309393858464,1.5719389263998758,-4.456917547246143,4.107745314614019,-5.537198174307683,-7.777806502293994,-1.0587974176494062,-4.852981794991552,-9.377999091136626,9.689761980399652,5.512656811063044,-16.51220763651514,2.989505389244505,10.063338954842015,2.496077657513493,3.4877449278844934,-6.220127882636786,-11.223938171707518,-10.531755663249026,-2.1586674575653206,5.387046229438859
-18.903232764519434,6.940182293351678,-2.8958254619397006,7.942951415589681,-9.526846898851833,-9.363679344045636,6.960655181472718,-2.917559980356677,4.143258399613895,-2.5232402107592984,4.029108794635895,-10.385717916913578,-7.457789873912587,-2.9161131764771913,-4.128904307018413,7.363058794997668,5.183258609229545,10.324886981303864,-0.3131959906310591,6.731154439681691,-1.3794057864183056,-6.608291113038695,-2.5122935748152915,-8.549740504730094,0.6643446237044016,-0.7997380353055036,5.4940786793243666,4.90098286722252,5.243266171399498,1.0878147212952172,-5.576236060266578,3.8548784970798526,-2.5342488457137313,-0.9241600368281772,-0.5941574806381157,-1.1739063073540874,-4.111296324571359,-1.240715415930954,-1.7719478550379386,-7.583899135882281,4.740925428321491,0.9773365713213367,-6.217211535297463,-6.375878951729117,-5.420338322900346,0.48982466684854004,-3.6416588488744037,-1.200445759706126,6.392462667636954,-1.6506045708322092,0.7835703058022264,3.278694303053677,0.5594564822937856,3.3883857900459087,-2.4473356691885484,-1.6530185595216358,-13.148843285034992,-8.550077718043667,1.5458096907622796,-3.4892304662756013,-4.91866558866373,-1.1482553039565302,2.0834132735650366,1.8595161705880754
-18.10027362319971,-8.3510903248095,-8.585284444053183,0.8045219103710634,2.2240737099857033,2.587974561506669,4.970155318719266,0.6872851908935926,-4.514069908076865,-3.48493156212909,2.565131204902674,-6.998335840376504,5.2396489087594205,-2.834204937417479,-0.9566429808340194,3.6356383194338497,11.27906687785549,3.2896243413302755,-3.0345912376276303,-4.269041858535083,-1.093235083984244,8.038169224181138,-0.9784060936070641,3.7895511234755963,-19.128188894230473,11.485036649002963,-15.361805861133718,3.8098651867858875,4.891443441702497,-7.642678032251577,-9.235501000052134,-6.963980138498424,-14.818369184692493,-22.33253271602065,11.448585932546028,-20.973923930160733,9.73611282758251,-7.758550489265094,8.142735413883466,12.62927097147168,8.383884346916068,3.729813980993505,-26.3378972970764,11.520136083453972,6.944341206523973,6.911941062932399,6.1819738089754885,0.020144500898480935,2.582017780918134,8.074559628607787,-5.640374078656795,-7.248663284517532,9.633648275175764,-2.576093069306621,0.791816445433091,-3.6000591878359036,-2.639348717199047,1.8662579601762952,4.111659764122437,-6.038934196741326,3.163747099584013,2.629351227751286,-2.9193651702274837,2.4260076270601427
28.524575749194366,-8.580058517735704,0.00300714678588893,-1.1512926707320066,-2.836528635598399,-6.342815637619657,-1.4441763135115189,-0.7785980157554969,-0.2110798898998818,0.20619836370896483,-4.329282651201536,-9.1006440980121,3.646529549381996,-6.83650922359353,-4.447415574653534,9.035009259419459,-4.776350557255679,-0.9519420466960142,-2.351081497623021,2.4046674033482236,-0.6865801228111761,10.117104298496564,8.635564198999168,0.5362422826943641,-2.36036216959921,5.30565246412423,4.161795364668192,-2.7059530992219707,6.93774976695211,2.5462757829730043,-3.5075892479588275,-0.6315729988085436,-9.821675442053888,5.040695798892423,-3.0341101602710494,-4.336799183677857,-8.167663687968746,2.736361344417232,-2.181387078734761,-2.733315768472619,-6.353330212956867,9.389534366346973,6.995578552835755,-8.106687734673793,4.288613819830686,-1.4730138272127018,-9.64651722213485,-9.342027264223223,13.385708877666778,0.6359559069714653,-5.762960043810024,-12.5124919938349,-0.43208131272283234,-9.035751071052122,-3.8200428860904316,10.65276608677486,-6.043907809658963,-2.8743455264515836,-9.689465775947266,-7.2938934337623875,-2.584940548044897,-5.099003441638118,1.8891301857042422,-4.978450277657665
26.772643476187145,25.005764278271087,-5.063666377213513,-25.670647287584003,18.557150349570886,2.5275846872604335,-19.18066445943632,-15.159807928101234,0.10770403758562695,-5.982107513415932,2.97498263625089,-2.785755725007817,-2.6947256155511368,-1.9724794649537292,-5.655731414977242,4.899097198781096,-0.9326200663937289,-2.096021280525437,-2.8274867071100225,-0.7383518703696494,4.800834234177983,1.3392882866660922,2.692266284635166,2.3640108747566395,-0.6991730278798644,3.893786742553032,8.598726380763475,3.6494991102539673,-2.7921405022467534,0.3768742670192185,2.4383339944531195,-0.029777965628753716,0.12284870769728297,-7.067409613943537,0.7345495906880837,4.786448848674694,5.202211567472558,4.522074677473039,-3.7839777082274075,-0.16805385484914315,2.062713931641931,-0.883008972932884,1.5287024316249853,-1.241407930020498,-0.34485177956665186,2.698262486532852,-2.777049013028762,4.518584708817558,-2.1828452290610283,1.2880912209150328,-0.9333063113454991,0.5159421530041903,-2.354925570278571,1.7521575908076905,2.7026844801117877,4.640175981373333,2.111693296750245,0.5407949388553482,2.0658526664038606,0.5995276780745836,1.2811581800522798,1.4263356301874295,-5.784015525822119,-2.254485253523834
-12.304356240569296,48.85240505478726,4.310471419453879,29.59925672061844,23.610880492209827,-2.2950256130122297,21.112630826230095,28.939709559055647,0.9754794498306131,13.185846474709683,-4.558916085731662,-5.326746293993737,2.8860016528138224,2.887168697226909,5.358625935539731,5.9290295110163465,1.0530890847476597,10.640330956045249,1.8180158755313094,5.356925672871655,0.6569431371656861,-1.0023990790009287,-9.786069800256568,-3.3964224114604264,-0.36214081651624563,-0.1607944498694324,2.6774597174192705,-3.2459138404628685,2.181092678931503,-2.319684234088568,7.96262216405875,5.071063980662589,-5.888766465620395,6.610771865674462,-2.190199366635913,-1.9595470021316919,3.6381849617949245,-3.852075565272005,12.856660519847486,-3.188552776535476,0.2878470691671718,1.9720088357357275,-1.266123027880442,-1.8574662859239441,-0.5548835081498003,-4.748515792798287,1.3335724822751234,-1.9915148542794632,-1.5876896105826488,0.6143143264103959,-2.5351827951607744,0.5449762627338547,-0.7051859755003635,-4.787451255852266,1.3203920479717541,1.4407772146643494,-2.9177873152367133,3.4475223963416552,0.5358749380471045,1.2150953222953422,0.5188898186276875,1.7231340273232898,-0.23377949147907048,0.04982734032031477
-21.564777484585335,39.35672878449908,-17.803398579045282,-3.157304670822178,-18.612718631630393,14.90732008134253,-4.105810487199602,-2.5919140762425266,-17.10727943677002,13.138505246612615,10.33410974190241,-0.4466202507185099,8.005978521059156,-10.14914802876441,-11.46167310490179,-6.350670832863268,-7.732165158956117,-4.411214279883763,2.274266414296113,-1.709226667863311,-2.4774248159620256,-3.401610806341709,5.896351757207036,-7.213476822459291,2.6462656207675206,-7.293186843551093,2.384842102776184,8.205849091584632,-4.799816789937161,-4.860516604047408,-4.456456355695592,-3.3462758680222864,3.3055800031959905,-2.3163343930741878,3.7869732117903547,-5.518213544628872,-4.6795606138778965,5.658977194923754,-1.6162161880327581,-3.185198034775822,-1.807722431751813,-4.292207125044047,-1.5306727366486612,3.2428672598994708,3.662986181768477,6.9423282705978755,1.909433048797754,-5.375201057312823,3.191482923579609,-7.861822798493029,-0.9883412606814186,-0.7503556257655029,6.55906100365675,-3.372720714117783,-7.737032955587868,-1.463988083407431,3.0864343610006526,3.5884279028670174,-3.2796133488478305,7.197935499066774,2.010628493572988,5.786731184529117,-0.4577292021549604,2.6477166644337977
-15.890305121052522,-12.972813237963267,-0.6529333203975556,-5.676229949444491,1.2125676674966408,-7.638553837591531,-3.665238441438746,18.969441887486255,9.706305874206397,-9.582401590903183,14.585778881748965,-6.098015583983054,7.643285355869186,-14.36454586100164,-2.9385843498699686,16.05978594679452,-8.680062757404727,10.417640229774621,2.831877719431496,-18.646907933684528,6.977509273824822,20.062044299199346,13.42191269591003,0.7160799351598564,10.830215098689942,-10.259207350023793,-2.4787115508847783,-16.138096687514757,1.5581979198807332,1.2686235455015475,9.84654151326641,-2.3373961677745325,-7.098995231517288,-5.134881763486264,8.609988282837627,2.504618094387289,0.9571571194151159,9.577342177875508,-0.5132841098214668,-8.950497271922256,-1.7091827387995873,-10.045732262560971,4.458115003053944,4.013864523961162,-0.03243932132865176,-6.3070287416859685,10.19449473363277,0.3293195898852966,4.6145221972557255,6.831995533526767,9.918514993059361,-2.907052376409369,4.434742970006383,1.5388216658933473,6.017069495896743,1.5828162132471448,-2.5058995252953977,-1.7502061505307938,-2.0151533571892704,3.337035086269096,-4.966634768544989,0.9646463444353819,8.963389087679126,-3.2886638340189243
-19.767378275430488,-12.92890001481978,-11.517455031191538,-1.1494271663693574,10.146077207357786,-2.2681430229280304,-3.5147868791979384,7.722496028186824,-6.599975035186799,-11.667125064687916,-1.9503291051567684,2.1692898058799495,4.35239624436546,-0.5926363071471333,1.9416451708452358,-7.725331594975748,4.415488940982405,-2.283756702563466,-4.887398057082802,0.4410514358782043,-3.7867502751770403,-7.391586937776526,0.2741782502319313,5.425880257101381,-9.15380564916389,1.4194790545175624,2.033870770577007,-1.274243369135187,-4.178180595323761,-2.296760384693885,-6.22045927965413,-4.117381145043336,-7.666967484086516,4.211103230590479,-4.541285897139463,9.911646942212549,-12.517249853568535,8.502688170432739,8.412122898250464,-3.8433320683686962,7.412511438054927,-3.6372176224022783,1.298929874569326,-1.4772559149596682,-4.962144533212801,2.1000403238440404,0.3591334542842102,-2.9916985980792976,-0.4117811420709091,0.24948616336330448,0.08301072650358447,4.121859580291228,-1.7346241568827256,15.108088317844052,2.969606334175467,-7.595466337342397,0.11850042589861491,4.3408644389996365,-0.09903504363706903,-4.524143782528214,2.569149425058365,4.027314369299669,-0.6911320993184137,-4.040823542283262
-10.506451305543123,17.15901086229133,6.267109105027284,-4.870405121838581,-17.29995146109749,-1.4662647399315507,13.054868321512766,1.981333390267753,-0.20186253484537706,-9.442599396704319,4.716594940940367,-1.4423623837974622,-4.029949875015039,-6.767905974218347,5.709022824246802,2.165027132626012,-2.648123005999902,-1.71526175736237,9.061409601115892,10.502132319394914,-4.380777438036811,1.105484193704821,-2.4451752420064663,10.084126735529518,-8.583856555796913,11.14704548189387,-14.939285703942186,-11.835514644730829,5.99064754667556,-10.74060532455929,-3.92250793222834,-3.1381680004695194,15.97917464641806,29.593092275405972,6.941291806877389,-2.601760558076792,12.644218672400013,13.932436897621844,1.615098883321306,-14.272397670935153,-8.782924288324681,-6.756618015727191,-1.9814236147971729,8.145792394891862,-4.232977261484243,8.688512201293609,-9.223215668400233,8.64421746644775,5.858544872836005,-4.854952771758541,-11.164299354156615,5.593006492481192,-0.23920024037634208,-2.144427102541166,5.486728841831337,4.0533882535037105,1.9906328345341453,5.56538410689569,4.102587640556969,1.9954972077052309,-1.0151683336449022,-0.6934899312038664,2.8809094656940344,1.3384296427069218
-19.34484243489107,-10.898005644323979,-8.349945611931897,-0.26398957786123717,4.948466765771975,0.2248210347622046,0.6906738171573193,-3.059525821127213,-1.7779411622945678,1.6462844538855808,-2.4288993737184787,-3.351938086090003,2.252204076064705,3.039185603447897,-6.413360533067146,-6.8145561391703104,5.7730095878517815,1.9212913842809631,-0.3660534337161274,0.3809156472196196,4.187652894547207,-0.5200203341031623,-8.103437760633357,1.4585484428824078,3.3850657856643567,3.296512664902261,0.5015677151050935,-10.288730144064107,-4.950982233228616,-2.7313160616187715,-1.3819771875342515,-6.0465031773954125,-3.308961320326746,-5.358138307888643,-3.809898083987946,-5.525867036414344,-0.7590814354166304,-3.5099158336551906,4.353318787112201,15.360905048116384,-10.035055316976619,-1.8135276146813337,15.255177771781037,11.140131260662356,-13.848489519240239,2.1595401495872086,-5.801958656313173,1.2102725471123605,9.034453653975294,-9.642781103590435,17.579004965942225,7.227256121889049,1.3830734659863546,0.6266819702824119,-3.4387059562232394,6.828826371402063,6.603290865839261,4.097279908920347,4.445383521233618,11.046194685214848,-6.820359796445565,-4.6934456119397625,9.178211468275512,-10.792250659914092
-3.402059771926712,-8.522371652013454,9.979260191822252,-5.84916554270429,-3.5800927373460487,12.790453670668239,6.0944191174456455,-2.421858604969149,-9.428894495971278,4.761459109714327,9.606533739659058,4.966124159739736,3.859758171617731,0.4337667306388694,0.25782132348190834,0.6205838721538018,-9.406097990755914,2.6462426922241837,1.4297194817084788,13.775436318852979,4.741373447067469,-10.177274423858078,-10.80360126200042,2.8270560269461114,18.055852708179227,17.4657842239986,-9.146933519823053,-12.652910251794271,5.154494803057299,22.863443894799232,3.5690588907569762,3.7519816945851545,2.743060778427967,3.8483263028175423,16.125370320694163,18.37448400815483,-1.031902095277347,3.2366991220707004,-2.0378498172363266,0.20492020779287304,3.9444162905527986,2.865375968461077,-12.108521513205883,8.548462306981927,7.98098570978622,3.7433781027413082,-6.538389152458709,-6.433685918932005,6.950128700713939,-8.6168271562527,-1.9971853863744295,-8.32888444752974,3.2909967265298996,2.9151578593826666,3.706171439910166,0.7352096599701047,11.293609854278893,-0.12081516422238887,3.618189818043052,1.5729597207658013,-1.9746835812673107,0.884765027089576,0.2592321148540057,-0.541813835598228
12.957708213133412,-8.98139336732463,13.970955283737704,-6.527133071056121,-7.4888406910871295,-5.616678463755253,-16.82455369438595,6.799171910579602,16.140254994045495,18.353977842909867,0.8145184593941422,-23.339339055170093,-0.8429502323457857,-5.746690981450989,16.833615480131872,-8.93873804608999,-1.3223674207126677,-4.29577453875208,-8.229434020478044,-5.635566718117183,-4.249598620290613,-3.1046480519683017,-4.829785759721006,1.457974440604328,3.9997316879520985,0.584113323723222,-2.7562659573330057,-3.573250284690679,-0.20629121754148028,-2.1933000099809825,1.457106237204774,-4.299358041892354,0.04175971109251236,-2.0846136479136748,-3.8412407860811686,1.6928098677792136,0.7429155344553824,-1.941910607541965,-0.392276267807532,-0.024723328734921352,1.3146621624295032,-4.785876751370886,-3.824219141764793,-2.8536396393444923,0.917416729686923,0.04567709177865907,-1.9516804191319135,0.9159955948458672,-1.6795318513300543,-3.283983127388541,-3.9571272473518206,0.3279608632597633,-0.7897763616196575,2.9194960296880024,-1.3841186964815337,-2.715063645899038,0.13389552193518178,-2.375120028703464,1.2173145637561598,0.983409967426628,2.099933090264179,1.561414309172695,-4.588386941408871,-0.8161112819524512
12.606080850242723,-7.564347163235974,12.321868597540888,-7.205372808239195,1.4223393264040722,-6.248277912380447,2.9460455198768516,-0.6909364027785526,-1.5990279867336703,-1.5185512829982608,-2.2037044672607164,-7.734198264070302,2.354606993692742,-3.6611282583573663,-4.085615032363206,1.1634195319402971,-6.1263967225837535,-2.237911085226604,-4.633676535100758,4.41777286844792,2.0725874435463867,2.132444939664305,-1.320017532774221,6.999760072578262,-1.3504275304757611,-3.1393598319909946,2.9244092587321115,6.2096620842402945,2.032598122661575,2.5589977743484087,-6.50903231843838,1.0897814994842885,-4.74108380901458,1.8850131464750743,-10.321173872376992,-3.8188903405937475,-4.913696512351377,-8.42880501199005,-10.910432216805335,-7.221055504869026,0.49592934878311823,14.291645257820338,-3.8695310398434946,0.7579328864304887,-0.8838859737803941,-0.4372939275165218,4.360485313279822,0.5014733559873955,-2.3712691150880003,-5.527981172089951,-11.20570155824029,4.743857534379274,15.634394094108654,-3.265588592666067,6.653371518325669,-6.025912838446562,-3.727586395439624,-5.631572274046162,2.295136957487956,5.0016496645061626,1.2838196233747374,-9.548412101080073,1.692359550022142,-4.040637086110106
-17.921021179276956,-12.35457818891848,-6.118147021465722,-1.5431215797761197,3.3195811473615606,0.2357236488973135,-11.60100025088721,13.494084383166765,-11.2272870725849,-10.416923531568939,-6.657630000982848,0.42229688167114227,-6.833653718315293,8.51476420130579,11.196185432827646,8.311035876228155,9.754332024200167,-6.826495912847481,8.87732739172779,1.8313070701027883,-7.260693232413657,-13.438492599127853,8.641160908537074,8.137151425637354,-5.707374937347001,-4.182690815918388,1.578897734540857,-2.341791688910327,-5.4481773312365815,0.6549816145864041,-2.246548539360244,-0.6663518337702672,-6.611239941005235,-1.6734044163135882,-2.0269659728068863,5.839596149926607,-8.909367270414482,8.69447169269824,4.3790074314495,3.8321006789303036,3.081324710409419,-9.087467382974967,-2.604782053314154,3.491100064767868,0.017786856034612337,-0.9980704986574335,2.720709716341497,-5.6175164202113015,3.808015998925631,2.2262980907165617,-3.203699304280934,6.298003888925754,-1.0300084091666886,7.474038852811498,11.299357095216191,-3.6063479663482143,5.0555448645466114,3.482322486450855,-7.11816032290364,-2.4900398610231442,-3.1968673096770037,0.9392076734097526,3.75162194210722,-2.6651929678350377
-14.44776864288625,-11.626306393683691,-4.4710223601390044,-1.8199537126608731,1.8728432179742318,-3.861941681646989,1.3363744077932813,-0.7258934139833974,-1.4656442590150396,4.126617989838172,0.03936912200858305,4.3582584061865015,-4.020293057190765,-0.32180956565275376,-1.3084511037225803,1.8128904402435513,4.670933390267825,-0.5068302500982954,-2.391935754938689,-1.9817571872293451,-4.672044591721975,0.4636777357580064,1.7549200059685977,-20.68234203248512,2.052289584730244,4.09006710905006,-9.631557618961951,-14.164245529455538,-3.7845224919416123,8.97621221623429,2.234310603436587,-11.422305027093712,15.892347454226263,-17.679108162285022,-39.89925154975747,10.882688889610495,12.700796151612293,3.1127115021374423,12.285575675044285,-1.5951420623765726,-5.118029159816859,-7.210983818088942,-5.524602193086426,-10.458349265445724,4.257363825484921,5.048753866772824,9.909201842275225,6.671622166334076,7.449761158223454,-3.1264953370037047,-6.022769715148395,-7.330123310297055,5.950232368145206,-3.062099471822969,8.393808041897616,6.292962006156487,5.033651458282175,-7.868442551899186,-2.870665151657801,2.9908597265407555,-3.6889015856570317,2.7728441040989047,1.0118292817713443,0.010128849471702872
-16.842322123166387,3.3531671625065704,-11.207113769021586,17.324879850883068,-7.250539183397078,6.238654538661112,-9.796121569999203,-22.32880294929968,4.703882548351179,-8.232650042489947,-9.390582615360948,-3.9944629580892332,23.80192177267505,10.05532901360172,7.295874930469198,1.1079532323697823,-1.86858660678275,1.5570253118531505,11.796710949141822,-8.672815753402192,-4.054621604658254,4.674560643888269,-8.45124968366927,-0.8412341960856303,2.4774540409825954,-2.8094474446729527,0.6619794396035873,7.60101484701533,3.523489411597453,-0.8219174184572712,-4.624312836944078,-1.3224252415808584,1.3603247844630129,-3.6534791369531656,3.027094290647798,1.5800228194605737,-0.29186063258740125,3.4543723784827653,12.681486148832724,-5.357445676177548,-1.229106808489733,-0.4705751737485142,5.8602399262592995,7.527187165500461,11.461065976017025,-4.090317795836906,-2.710108259513454,-9.732615250809923,-9.20838720622181,8.910732055775771,-12.368969227725113,-4.204529652321312,15.957150733869435,-3.467823980239863,-14.597874346750938,3.6440192030173146,-3.3626925501939713,-3.2469525701550257,-1.9064161882257957,10.808392868857954,3.7186317730674836,12.602074773554113,0.757838479115329,-4.052934808518365
13.744758856276107,1.9414525449633686,9.452483730923651,-2.7269062787841336,-2.1389132779559192,-2.149107177982959,-1.02688542059246,-6.50408326494973,-1.7751156481968353,-2.023259973592024,-5.416292941064311,-1.9675542317559194,7.25775222905769,3.6009348116315576,-1.1302985675934345,-3.388349241201022,-1.266621427436859,-6.2690649889827075,0.981407139404648,-5.96143326481933,0.379771861496917,2.7731388142421918,-9.635580432382424,6.635509752686798,-0.47641137564688724,-3.6496813192935256,-10.46039454044609,2.7525718635461027,1.1759727115814531,-4.08905122257252,7.387069730564944,-0.6596911270699084,-3.205184999506571,0.6956640762611584,-1.4101538208647277,-1.4626466769427746,-1.6425687501979223,-4.882416078868315,-5.097674585072919,-0.7942551596588289,-1.1297566304255078,-1.840319735365944,-4.054529102867027,-1.4350157227087086,-6.1844965250923725,-11.663973178260145,-2.061075353441102,5.503117305696204,-2.676276367001205,-2.9462825941312762,-2.510790122130496,-1.1419297071338115,-2.3718925331409038,3.049903072341609,-7.244071809864424,-1.4397621772816906,1.6209291448590093,-5.4222714643010175,-8.185103000350965,5.69092567555597,-8.366731350464404,-0.43919847574369536,-11.962084154148611,-3.8218201332449886
-16.75768800916395,-10.510070168563407,-2.4410271389691687,-3.13387655765172,0.9998117497526899,55.83961777928284,11.926313216634748,-0.7868386672570165,18.89766192508669,-9.347305098779668,-7.545275277130624,-1.1511630440685479,-3.818687215611879,-7.617157834833146,1.943744101121303,-5.9341605664045876,-23.701460417788947,2.3452530818682362,8.432701065594394,3.60073732562913,-10.905515572633197,-0.4977953579428786,8.88874126108455,-5.3220379985280735,1.2025891716280679,-2.9217311900042704,4.831913173493595,3.105559840574849,-4.002460668532538,-7.580960485983153,1.8881992747420986,3.593541852311554,-2.3461387444474515,-7.371706292779871,-3.9045576787533394,0.19247026905373316,-3.6172213369830915,1.270713982677464,-3.8290039915848886,-3.2917367565526274,1.6571600990155029,-0.523461487277984,-9.269800829845437,3.8507743657785074,-5.754813799424521,-0.7753131435111962,2.7768138722711577,-10.722036576602866,0.5357518434271415,-17.064522911887387,9.307663347717432,-5.15083630182339,-8.326060704978058,-3.033321309375476,5.649184791491638,-2.077789800026821,4.217215532799758,-1.405418285387766,-2.3469584937770547,2.561464442285249,-6.2055958793408825,6.381804388656853,-5.667852700739685,3.5158415199208544
22.446299145196857,39.05840602452987,3.8341800145815506,-9.475651628985155,36.63484075216391,4.145796419729986,3.0377312719746974,19.4172274284166,-2.195685798267364,13.488483700070747,-8.48509225766398,-3.194089365755382,10.21832533322135,3.132824446410182,3.692158796664376,-1.5946979191233541,-0.1797902144645895,0.3906491181461181,12.86423016776644,-7.9670413298124165,-1.4151887047871525,1.5448649108005656,-10.133406789431985,2.3614217122705354,3.0116160851913087,-2.88485243861895,1.7386882994276651,4.657520761161156,3.9253958652509318,3.1730174286034707,-7.517680321377315,0.7136151648796094,-0.7793677480238617,1.2360729995142952,-0.8572895453648799,0.7852506161144264,2.7266407567657773,-6.749922150677319,3.1305265759805603,-6.206229458944057,1.6359321541113763,-1.5267154558096325,-0.0006484950098763807,0.9739910988323285,-0.348937567932549,-2.616403853961598,3.742190883275202,1.0471421101250995,3.709707974764342,-0.5033828639369059,1.5513885017050875,-2.202390074681034,1.2725495360601318,-1.3661574794722589,-0.7445903396528611,-0.813506618626532,0.9123590900320214,2.2258536271978273,-0.8141572357906767,0.3086230672280083,3.0595583882289863,1.319789057694309,-0.32727681805132036,0.12387570043396139
-2.157052071653917,-7.519853767681782,10.564305504465759,-8.622198162623501,-1.7018117865330928,-2.2005714297392753,-4.796490259966892,-2.8656900136805707,8.874546278815039,9.444179514533559,-7.013329633683445,17.630153128953676,-0.10680764600623967,-8.399292858841228,6.994401584236919,-5.767773209808945,-2.9101438422362094,-1.0619233370388288,19.718977584908295,13.464014092533963,45.9892422886037,-5.374579746427874,3.3921275857409916,-8.94863586929797,-1.7682957769917387,4.3473891184388425,-9.220244484891918,5.210952626015811,-9.341142130016319,-5.350322009209626,-5.092613389136394,28.06904580483322,-8.525106160746816,2.272363189865428,-8.614426310437342,1.00581106238646,2.2137378027073487,9.947871145521361,1.273646096836806,0.9246365209529865,-3.6965576333320858,-4.273088847094127,0.6089795507125416,6.250446131697512,5.593334598680925,4.282374215566187,2.8347403754431295,2.702435641601362,0.8013796998266454,9.282331373986016,0.38833480214709126,-4.045320995562374,2.884656664601261,2.055179803930189,-2.1583327743481595,-5.705442353532895,-7.153350871767664,-6.9675050394482625,2.7977003002319183,0.07827792990116413,4.414222437176258,-8.092706305677932,-3.152227360534897,7.857476329384006
-16.599786145237292,-8.919471583335422,-9.285688688343052,0.9467841188453405,6.5987955688786055,-1.7145747826925108,-0.532561243792007,-4.762189344017281,0.7691148333467809,2.6643537220412172,-5.803515709143054,6.3442246402735165,0.5091135021708563,1.8498221438735463,0.9926476481299811,-2.534706818287321,0.1526529523783591,-2.308603042841032,-1.749554866436576,-0.7049915333890919,-3.3821460724150834,1.5119923894703782,3.8564930801589763,1.6701138253809515,4.441908886062185,-2.520069873135327,-5.1346846285626615,0.38778849200813703,-2.448601661297388,-5.196705724678494,-1.5963537414996232,-3.1866509414028195,2.8688330071360437,3.1302183095661973,-3.5230909677808033,-7.603829310091402,-1.394229433292412,-5.157806645112795,-1.3569057135513583,-7.422982893244761,2.7782623660906647,-3.1847613396106897,3.4810372521328006,-2.1705518158899193,-7.3156292758507595,-6.143547954634418,1.6510666359367516,-1.677556668785197,-2.451309439442812,-4.693206620123056,-3.1072535743675194,-9.525318356619536,-1.1007224756603986,-1.977709582993438,-0.1156744145549885,-5.164936130101722,6.5454573490227785,-7.534820250495955,-3.8286485368858654,-11.944724162804594,-0.9397517563632375,5.766771438189185,10.473661627345832,-7.503858069703188
-20.64358241010128,-7.814562661778797,-12.295884208113822,1.6507893119999668,4.574830290923616,0.15916833565804817,2.470230140466158,-3.7351087592289804,-3.7405101624482766,2.534243734835003,-2.6486867182412728,-6.692808840966217,1.6436301364791515,2.3416736214612306,-7.997869721395436,-1.7454886280872697,-2.0100864384753567,2.754744755433569,-2.8226771268093613,4.105732348824769,0.2547385321807062,-4.831994204466278,-2.4498047950250856,3.4008304249692793,4.385507427276581,4.35878217951369,1.2311521249586241,-2.697268250232617,-1.311709891259716,8.466827866219745,1.0005339896154588,5.009584254053541,6.758924447224272,-7.658954545716189,7.863322021588167,7.621931394000078,-3.5570247768379457,-6.332889773070385,0.9792443143947439,0.03407146429363269,0.2698372300702697,-0.13542984873185152,-2.6998591987073683,5.059748144660161,4.349758222088945,4.344559324344951,-3.313090523807029,5.216889540313586,0.4665177893670147,5.786251582703227,-4.3926160643672265,-2.972247299905161,1.532379043201797,-6.343974147883177,-3.7681945750823354,-1.6538876787962178,-1.1312898720719007,0.6618370821512719,-6.702977133697459,2.3108789725423704,8.520267772771664,-5.383177043180777,-0.26988122931201075,3.200930734870115
41.53269466442293,6.3946729813275764,-18.400505251959608,-9.98831863427058,13.544850387761455,2.5971908797674974,-13.493559133275793,-16.856049263527733,2.492667797049596,-11.324047474515917,13.146451923670561,-4.1057759687292625,-12.72143303111807,1.4676535987494546,0.3938429691560713,10.367584023483307,1.3377334265728793,9.441496396491008,-12.16456065508809,13.08912989125833,-0.5425225143788679,0.06498537176478615,-1.8853659403732608,-4.754420332142468,-1.78582168404704,0.3612601462278861,0.3693595892680917,-5.251506754216579,-3.27265673460015,-7.294900403074189,12.51042443351545,2.950187590624712,-4.228633787055119,2.706425640669101,-0.3891193615879637,0.3139699715945052,-2.9495542076947294,3.860147571976562,1.6207307133347966,4.483330221941848,-0.05766369007497316,-0.18746567077822185,-4.312117104577475,1.8266593316694768,-0.24407475039988016,-1.3906217507436012,-0.43995502306374656,-2.174441469899934,-3.808431347149839,1.3894255307035581,-3.3883412711454337,-1.512015520204348,1.0399895949489406,-3.4966766850760824,3.6028436372341233,3.654369425049749,-6.5260836484437155,5.63098989783028,-5.116728740715115,0.6516919936842024,0.985897554128606,3.236679546709409,1.078376275206522,4.342053952204431
1.6503096991653274,-9.043617667603321,13.851614809444124,-8.52991109346145,-1.7153428436064164,-7.888284532798377,-1.4687880107561513,0.8180185434077034,7.324314253943084,8.164683150799053,0.8070089312511923,-6.562499327607884,-2.832909485425003,-6.25389826393236,6.391544650080617,-7.672258641803643,-2.3277218299522384,3.926652109279386,-2.0290700429974784,-1.8233570690765741,2.3680297858807253,-7.301135162051305,-6.74571482058725,2.5536679482477944,0.9576467474449003,-0.9102953163392996,3.5655625698333897,-6.363544535409514,2.560862607888459,-3.7954767819291444,1.0245666952129175,-0.023710724075471094,-5.88597486965995,-3.176514542544529,-2.1918116073754015,0.9202209131735904,-5.066902619462519,-0.31148252792200953,-1.2537378271464803,0.6693125910046689,-2.8931487175754187,6.082131789662729,-8.940216876128815,-3.0469592069810374,5.740079154976506,1.2729719725638113,-9.471969105263739,3.196017241522966,-0.27668430733657473,-1.007242513248258,-0.3597487605951772,1.6890975650300024,-0.5788819988327122,1.3549111551499775,-8.323628874790543,3.226969097392755,1.8246844376539975,0.4887932148442106,-2.1117228447528333,0.786885647925765,-8.920751743926282,6.661782663747773,-2.423775358412252,5.762145364496781
-9.585976744383919,6.313029234803531,10.909753195885157,9.777283671668238,-11.66186074323021,3.6292008710882007,0.48774249746601167,-3.8782547757060795,3.3522458515235023,-5.265340192643136,7.003785905834637,-0.03898879739940989,-7.461769970337423,-2.5861063239018818,3.8795555384326876,2.74155781993808,27.94479334700056,3.009674956089249,1.610759729764383,13.105105355048078,1.9540712272822622,18.51416414962566,-4.4907240285039824,4.979034373180614,9.421120975850018,-0.7473049517198265,-1.2709042914805049,6.162352265080628,5.772299517980288,-5.289175446708541,-11.37422543227475,-2.6533259132206117,-0.7702826166276133,-1.099083445616067,0.21837349197887052,-1.8174909700786956,3.4754400988693774,-4.072958925383574,-2.054177750398098,-1.7436910776571903,2.272226163848128,1.147889615031298,-7.620791833393425,3.711377108841276,-5.468988871476938,5.948053569189655,10.646953441680543,-0.9350144247175654,7.589397166744662,-5.805388258560908,5.6749725059651155,-4.152164686822313,-7.178463751926663,2.752982384461969,-6.21360404391371,1.325828230151087,-3.4057602733482275,-5.674160987811475,6.464294021803233,-8.776598049717132,3.8048602936938902,4.381648453299374,-5.9183763001543905,-6.719984121218262
12.807924957486271,14.363581464856487,28.463620251735858,27.852375045449524,11.628481468409117,-0.2695665852379805,0.8067819897142049,-2.005467256205565,-2.0083251916493507,-1.0342659791559952,-4.4268006757433085,1.5010275679180034,4.711870885138862,2.3124849372405163,-2.067845168031663,-3.0908009979937994,-4.241787398474856,-8.806030336224154,-7.798957799693453,-1.6560653834014325,2.327688167648089,2.6077560770129784,-1.002368606414893,5.090592921581526,-2.443369597409402,-1.7214369414723514,-9.110635735756752,3.157605885698506,-3.7983395019162356,-7.88693225599828,21.1948003486946,0.3692480675675789,-0.6868527258684264,-5.478180663587887,-4.595686865523871,4.721188079502534,-11.38496696463289,1.33907891640911,-10.256710822324996,-0.3538634758115193,0.8373364079401627,0.0371045588011538,-4.022660571347415,0.15642074592063235,-3.8362242259146413,10.49925860121584,4.937731046508547,2.5416597229734728,7.152912821563494,6.166943733140965,-2.0596318873064514,5.085552906340245,-6.554287729154158,0.618146847319118,5.692275656881991,1.1021467555632931,2.269967930776916,5.007146471977868,0.8345817516332232,-3.160650526133702,-0.6199506853637363,-8.956301986153514,12.882407516149474,3.5137717142306446
-18.265432210324143,-8.876682046980001,-9.440701400081675,1.1151242850243324,5.925357439728564,-3.2196005911271954,3.0344923716842285,-4.168305886473222,-2.989400331765153,-0.08010566538910553,-3.407685966373082,-1.517672759865455,0.9243029857764877,1.2632869594080216,-4.118218162717315,-6.850852857636028,-1.0281410918936187,-0.28296785508971317,-1.1582230399073805,-1.7412475618680838,0.552498098651446,0.7288240702318441,0.16122496041464127,-1.7515831862087292,2.0496968449156774,0.06770633723007964,7.363809294455095,-7.776882418960494,-5.128708652486727,-2.145053743837813,1.9480030430357576,0.13068445003246196,2.7743912888913123,2.5572487564474633,-1.0733128377313297,-2.707679462830115,-1.535481300410614,0.43011838517775747,-0.7950503715088751,-0.18932228698695583,-2.255720323347127,-0.6269911163086387,-0.4948536943561989,2.7997753325290944,-2.570162337075981,2.1967622553283244,2.645223515512013,-0.4280631737290279,2.184523665600012,-0.3969840420478482,2.2164356692496927,-2.210879619536849,-1.072535912547828,1.1394992557720565,0.533480562199436,2.3887795812604664,0.8959814905710494,0.3546725937066723,1.4719767960961758,-1.9759889741164303,1.6922020470782149,-0.42264126498575877,-2.9688392692359433,-0.5882933349089554
-18.6031434386992,50.07671876390876,-18.608752569755065,-0.15042282651357716,1.0812742317131139,0.6348858932986285,-2.3105167107650293,1.8406038674662788,2.124985208905603,3.2950244592557234,-6.697593886523804,-3.069174468219728,8.489307383759522,1.1665673298441122,-5.269623765170096,-0.7557852867252108,-3.5025420475750835,-5.484141791072021,-0.2761839181486735,0.28360053952625536,0.6081613390112056,0.05472559391664621,8.668089268129082,2.4283574957235916,-2.1419653888301378,0.8182366594258547,0.8095382226748871,-0.7234274223335085,0.1581441773544094,1.2867037297234278,-9.781210047303897,-4.790681136882824,5.333257657310885,-2.5275574581092983,0.6920516125068761,1.323592946701864,-2.4255038431182534,3.0624237946960986,-13.321812146599665,11.483061712786148,0.9395046575443309,-4.1449686368192085,0.9845088082778989,1.3097475693050489,6.581308435350197,7.75199284973377,-3.8338210996873485,0.6131520151020577,-1.6317410255778906,-0.7313761640307901,6.313571930261126,-0.7789394205586908,3.172999703456617,2.4548461433136595,-2.7411382309085637,1.9199419697481053,-1.6197887270456395,-3.985105096165801,0.4072189577239458,-4.32096961751416,1.8128632558866036,5.174189056661145,-1.3508357428415982,0.26079745961359574
-4.0443989539625775,-7.09377065502424,11.244369502922504,1.839394801670667,5.903365688421166,-5.992024495963498,2.415223469123245,-8.579673856424133,2.2627612155577848,-7.6187567993842435,6.724306394387935,-0.6513691259035992,-9.187458800959384,-2.835207773430723,-2.806184470582819,0.03181018887305422,2.496674103285626,7.193710353315199,9.024288417450085,-9.688376894418433,-1.5929384016411487,0.74030448974402,-1.1102080590164234,-0.9381424116074618,2.125706094376424,-6.994901362257711,-0.9227423553046411,4.13749294961519,4.053398694167065,6.209973422305284,-7.8218966519628745,-1.4858179652328083,2.110814694054027,2.6293900467987825,3.6484907434744627,2.7746084217573572,-3.6344751097645784,7.256117140652078,-6.239085378386446,-1.403026227541793,8.341890986466831,-0.32379350891737035,2.4200363596166774,0.4918690180401834,1.238709637888487,0.5405982044183998,0.25290653414941844,7.473589503966705,-2.0192707160050323,-0.06440804487514895,-3.8575228984782286,-4.144367525264321,-3.4690460265599468,-1.559435572734737,-2.904580044119363,-4.360392191400579,-2.5349849790868895,-0.9484729320157266,-8.841701164352664,-2.1045950886397753,6.460995819314745,4.055074747663991,-3.3888233599715156,-1.8970230592428154
8.970757797063055,-7.628302270810763,15.944537978668702,-8.637540502663537,-5.0707700483213465,15.612021416080692,5.543396782002921,1.1367041762848547,3.3213409635561035,-3.4904952790492354,-4.866571998060501,-5.572427875514965,-1.2256288104961184,-7.877223408621543,-1.827948874351127,-4.680492248545493,3.025133963761527,4.661961332319741,5.140490704243277,8.667337900065718,-3.0171057467514717,10.08374342026334,-4.35732336692403,6.973615010967906,3.8554214261980855,-0.16369655187253843,9.264241222474917,-0.23086355909829562,-5.594043445308111,-3.260166118854112,0.07004887358164676,0.873483450599863,-2.2782919866338065,-5.231096381844829,-5.165721449544805,4.721616974387094,0.7138003750853409,-2.149158685217194,3.217659911321057,9.063061984567103,-0.6555319406858573,5.314804288260495,8.995220201648285,4.950335260625403,-1.114060488917791,3.8448427813011197,-8.251775379273353,4.524004788691594,3.742856094975683,-1.4308640615165662,5.157990232812995,4.429227506338915,1.586627894068733,-2.732504237184012,9.37321996207965,-1.9679510304337202,4.155284567294504,2.16369277423009,-8.872946976487148,-3.2863223222455753,-0.10494685760985203,-8.988830468682568,-2.953914641825478,8.830099816869163
-19.821812027722892,-11.815734130086483,-8.63086298449597,1.1043493660588213,-2.4351191816339357,18.17503351149652,-4.8777820939477055,-0.027324679881585472,-35.61504858495019,23.97487600170286,27.89631319706877,4.2762597046135715,12.367095733587336,-7.789196675245617,-1.1895412993021024,-4.668569838110405,-10.831337132523272,3.243948908106647,0.5667035916213243,10.987086470772297,-1.9601846965902108,4.000491458094872,3.0857849422093033,0.6257511781738199,10.327143740216838,2.9572213226709643,2.101727888791615,-3.61173964035927,-0.5736845026420844,-1.2787420428704828,-1.0282605889385796,-0.9517483927452095,-3.0457379508611027,-5.443617914936844,-0.07367762223746512,-2.3935362323265053,3.128138499370504,-7.748906863166161,0.9265208339828317,-1.5313563097926013,-5.3844731439996965,0.5121965222907685,0.671370574072709,4.417042446531511,-1.117843901934949,14.78504245162705,3.902344707414034,5.936583123386146,-0.5547783889601681,8.710606804234025,0.29409853975900374,4.672366930490889,-6.547347538728696,-2.0630227571703377,-6.345017649462365,-2.084170147107366,-6.848920402911929,-2.067702169127771,-3.883226126711491,-0.04263611985571503,-0.3263667997518075,15.48759013924806,-0.14193966916176032,-4.412825938607829
12.562225538200963,-7.979918532718987,15.889978647570643,-4.847340565637996,-10.44062345632457,-2.7198776962262,-24.37433527172752,7.921808770483676,23.92028538201804,21.903113909159877,5.220531717707854,-20.05445341342425,1.3881176519104401,-2.017868202799684,15.55076487145799,-15.120442758723035,0.8739472349507001,-2.7560743714896945,-8.143047089110533,-4.730996217343423,-5.899198382166181,-5.401171101538622,-3.653141490112948,2.1609500543450366,5.544942041330923,0.31607703442324653,-3.782563460533386,-0.4914860514714894,2.654727880129698,-1.2736862659960153,-1.9584051294921359,1.7033277252498944,3.405564253439379,2.3956058331541707,-0.6247427354492082,-1.5244643206509914,-5.386362521884052,-6.398687041641078,1.0779414275508377,0.2610331162829123,3.8252504887669105,-6.271947064832976,-6.567482254610536,0.5044934378894188,-4.278841765205849,-1.8420757314761065,0.1775837371448746,4.185106688723855,-4.346068490232524,-0.3516244224056694,1.925780757739917,5.117855402875066,1.5428612513494506,0.6152329675163151,4.420250217368068,-0.5627476770642909,-1.2303501940515824,-2.317619802798972,2.5532454424404913,-1.8948065734263893,4.670465017312198,-2.424281429203942,-5.163416363742811,2.1199397226497974
39.68057116022711,-8.313964408388625,-15.486303110700968,11.603083098454567,-11.343142476394657,1.2087188518199843,4.0559121060264145,0.3141672333517776,-10.905381208721169,8.505814652382332,11.164992856637017,2.8609386554258736,-0.005856938501009114,-5.483064586305111,-1.066356693819242,3.2389851368820937,-3.7148272721925992,-9.41386094267968,3.2678890867474193,2.7514310711920453,-2.1576117434839897,0.8658657013328315,4.281505825434586,-1.137320871469245,-2.9670156688553155,-1.6058854364454098,5.586648024264016,4.430252751889796,10.36585978927063,-0.953538614975988,-1.1225538756808922,-4.317711293610963,-3.119459308110705,1.1121846588450297,-2.4554750953059883,-8.040252076930633,-4.943704058770954,0.9830985459815431,0.5650563927482716,0.9540413429082071,-5.047507607836485,0.33332543306675755,9.064438074934314,4.035798395877366,9.74749232692084,-5.691477380201243,6.92938629386618,8.28074124812596,-1.9130393406365944,0.937010512392428,-3.2015395867646523,0.3925447447122396,-4.416001663809509,2.1127866906504265,0.8409263118646567,-1.141190156280312,5.841676666994299,2.8444565985272496,2.508778065764086,4.165488304036448,4.740558793522477,4.246126614991777,-1.0159243825611137,5.171309246932776
-9.948002972681023,-10.009319565555566,4.249574959594211,-8.146206779693072,1.3893847236888253,-8.193469870365673,1.2345954035221898,7.1163040297356845,12.830806517306772,2.514047489770632,13.139368757182151,1.7710493061598385,1.5648387395548267,13.896856878964437,-4.063955425125512,6.3084335536193485,-0.9203231725688554,3.9344320090349374,0.8793994641563039,-1.3813898013245511,-3.391312722154919,-0.14784307859897652,0.3861740763348543,-3.3174855809743105,7.094019178426955,-0.6181468607680898,5.027051927672062,-4.0828973742029335,-0.005540617803108024,-7.804773338424314,2.4251010787479728,-2.0189625423384956,5.193407264891714,-4.84518936450846,4.458535132013129,-1.6423565326276302,2.3610986064574235,13.620532103838356,-5.393471825050232,-0.9523687492688191,-2.935900965181841,-0.19644590289566552,-5.423313880175722,-1.5602016508485517,0.3090362780579989,-5.815665678362372,0.9821444166994973,-7.23468047830391,14.095065887251115,18.18377667628469,1.7519750516099164,-4.117532776897903,-5.265643333834806,3.8741845081654196,-1.1587921642796912,-9.135098558454333,2.9997645994078237,4.182771442646356,4.4051375299504345,14.009973168410287,7.287939608195486,-0.08391160427788023,-2.6247225925007336,-1.7582180396340212
-9.497736169156783,-3.8285838186781778,1.296098138618765,-0.1871692429444914,-0.650666333572842,-0.24083650467741294,4.552491547771075,-3.2309865426017934,-1.489822244015572,-4.655402911563375,-1.845753532488548,-4.1193112790334645,2.6559414455534434,1.4324424182085242,-2.192392969954441,0.012461375764200996,8.747509009324114,-3.368895459264869,1.3537231657090223,-7.8709845033295975,0.5347960243271653,0.6804213014705972,-9.11922315497725,1.2706603193440034,-5.40283879426644,10.218753533761603,-15.09561207974953,4.246967946140238,6.980626104671024,2.3203959580637945,11.574416227524873,-9.005806037289428,-9.66168334602394,1.7936523296533635,2.428396314541891,-12.058114671022098,2.2381412699999186,3.4288744983963952,-3.023542755348534,6.896727145699692,3.6504653572396673,2.725450806766324,-3.567718415787912,1.2223076011104526,-9.27515791560824,-2.4694308553967943,8.829136017233715,11.50619311772152,8.846159535297225,-1.7032780704694641,-7.804826323539751,0.30136893932262976,-2.6236609386184035,0.5866872526884337,-15.761147777308608,10.11899880010099,-3.968261854171842,-15.32447089406743,2.55000882422714,7.973185866701075,1.069314453864756,6.051191111159317,-21.24064703710885,-6.448887204237875
-5.15172036923744,-4.969665277213416,9.032176009769248,-3.0760061632957467,-1.8977385562929114,3.5640454077057253,4.121284890101441,-0.11837932111596478,2.9239550102050496,-2.8872076512782594,2.3137285324845007,3.335342827226261,-3.2467175516507463,4.588512927568035,4.0599054524110745,-0.5390402378583515,4.581079374643351,3.4769422440753,2.1586508577940324,2.4670693353059727,5.765453832899301,-0.824381712006017,-10.045323996573277,0.5797790750729277,10.081711069300237,3.4412749891156125,-10.162366064535796,-2.454070419031414,1.7774361356391197,-1.8515243326177409,-1.9376259179354918,-2.9499535978864975,0.5416778591031681,-10.863498586704653,-3.1381684844288547,-7.838753556835244,-5.708201526498201,-2.9352574807366314,10.06727994419686,20.725820365165752,-9.146761004989317,1.7260662060320837,22.679904576741315,16.192766383779478,-10.961213806069281,-1.7814824696641687,-13.327149442092123,3.8231730791071605,7.062039400571054,-11.082559961983737,15.367134810847778,10.64898305734275,2.283817927161211,3.8206229523262807,-2.7864792441386235,-2.118135094397421,2.4810957021799793,-0.04106268896577995,-6.457378361014559,11.24956003253982,-0.3154452213460111,-9.943688896308474,7.063950988895745,-3.488392418529496
-13.29498597107306,-12.276121684025346,2.1782674497448102,-5.8806186674268695,2.2954569894730157,6.426289397999771,7.379892386197779,3.3006693676106593,-9.844006106162084,3.843086065081863,12.83774048977771,-3.980904960502413,1.9967026855934265,-0.1437681595233853,12.482072911639758,12.285197941268121,10.892982577067976,3.114058113043903,3.9113311008130083,-12.530590929472885,-0.5595940859774102,0.10178734393086954,9.010096078492609,4.222598984860216,-29.40611593519451,12.461528166416931,-4.17655890955186,-8.514539913033829,-3.802993497603423,-3.9629677799830234,2.0752085648296994,19.76761770351307,21.651176115285647,-6.014445579465671,8.258376965817433,16.97899710730939,-3.497282989142157,-8.771598882227304,-1.5158308539921277,6.265907643675188,0.8379550493469998,10.490791566779286,7.468780821546334,-11.10926219388416,-4.646150065270604,-8.60595384354729,5.533166198938562,2.306023119651209,8.549123373681274,-4.352001688374786,-0.5944181680971625,3.81891749875862,5.227876415757777,-9.549357385962075,-5.122211737505512,11.281482592591448,-5.121795014214486,2.5597188457560947,0.2784950137197177,4.597470714922518,3.182774191513201,-6.876150864808842,-17.189809264276356,3.984770059740026
3.2601353485898543,33.68489099658284,4.386230948193485,-23.544092918561255,-4.082847931791775,-3.2473740883933773,-3.189198193644506,-6.852963834474249,-1.5288552861775095,4.533812776050865,-3.0335956911055253,15.880239932474574,-5.533676995297683,-14.5008675953325,-2.8446735321941787,-3.5016208351458373,-2.827487045651487,-5.940149310213428,2.872652524137579,-10.087370003507472,5.559490489310656,-3.004357870360945,5.732960357077175,11.027226265067553,-4.447271975542037,1.0099579734728947,13.79629272463318,-1.014922524180112,15.871191359564166,1.1578320235339479,2.448996109976038,-8.690647902345,4.52570167137706,-6.558046452135862,3.2365542570425516,-2.0067264711258748,-2.347207811654012,1.5244900054782233,5.319860049210135,3.0384974517237517,-4.109236613270532,6.866336743365352,3.651014940992483,-2.917514808129605,2.596070633478073,-2.004959739869925,0.10308722607465619,-1.733599935856748,2.263727405453389,2.430439552000373,-4.438819472432795,-1.2075357646669351,-3.9416667882801217,7.034631495404192,6.135659106072912,4.306341353397099,6.8844105893292635,-0.1740226157713961,3.6168882438046364,1.9539504544177806,-0.1149035717446284,5.497638375699645,-4.4390757068029805,1.721483684442587
2.926765169781692,-8.072923430476767,12.926832318199764,-8.27292675409741,0.5600434121513712,-6.654225382578649,5.008111426237222,1.5039132782299174,4.729586463709809,1.132784129887031,4.029493268960611,4.278464920683689,0.3885729855716918,10.727389229647375,-8.618456113713563,2.271907458676245,-2.9924932857975555,0.9071813917686463,0.1988827390981234,1.4388003141528074,0.8130033704290945,-0.6812500107800088,-5.944877557901034,1.2409049612567091,3.044356862159686,-1.2242246233548342,2.5394693172464353,4.3021953552334455,-1.5774879751608981,-6.1197579268880435,-5.762945446116787,1.9557692379979876,5.1046297455927245,-0.15196347142604036,-1.103845434227223,-7.009390166296213,-4.95572389612633,4.285400568206672,1.540555933286982,4.416037079379237,1.253864132542185,1.1971092336724436,-3.751960056182957,-6.862951759239777,4.1735957751137445,0.7753597913972268,-3.7227384531894594,-7.035046092589712,3.639066626722433,8.157669883033165,-4.321647939574875,-1.2326241763431196,-5.65004027605154,2.207995307679046,0.23993155072232872,-8.117517867430383,6.383648451563481,5.470499549025448,-0.13546857240276922,8.507342915911991,1.9284449431098776,5.142122961573051,-3.855291354105958,-4.088267679312516
-4.011020735050647,-8.920837183035951,12.820302466860605,-9.849217762884406,-4.7401794068922385,44.190616807297964,17.258342574852225,-3.3953096451257783,14.600718132488824,-4.454007150230868,-6.199370783681918,-3.5956976631343878,-7.746545433165362,3.9136129914569007,-3.910180123940031,-0.17144109196653468,-7.408453257706869,-2.7363857131467535,-5.780339065074795,-9.112358149944088,2.4463821479503935,-16.610513188255705,-3.529068177806942,-6.44941052093806,3.3323447725054725,-1.7958050853595153,10.411066010196706,2.9008595221647724,-0.4116730290526937,7.868463531937454,5.873417094367102,-4.887620755998193,-6.012608107520716,4.914913129927762,0.2070795053300437,-5.335696030590226,-1.667139394694639,10.700097867338702,2.412280225993197,2.9055272153961806,-2.675440535800759,-2.520365546042813,0.2974371253011693,-4.116382768258393,1.716804901144276,3.313225176269589,5.4920462773675585,4.862756247463387,3.0040510761388757,3.1434589129805603,-5.2133113125211406,5.006369896412431,-2.587131510511587,-1.7080302349523164,-5.8059891127282315,-2.729328321240169,-6.653174107240367,-3.820518033707543,-10.61016849063409,0.9363813383641731,2.1721467319739127,-0.18189409060205747,-5.359413558560973,-1.6129049093400802
-7.863530517108456,22.714116336898,20.124509899079815,41.513846742774355,19.045221821366916,13.887028495283634,3.861077267830363,7.157458186480714,7.417345421131538,0.598612472393748,2.6215174228991023,3.7928910430473195,-6.70934288940558,-1.4586764135172197,0.5197159352626193,5.680540349866305,-0.41443725254458724,3.4115236273938736,-4.5911126652576595,3.7018228166071334,3.5846213895045027,-5.226969133200863,5.715233246238474,-7.617839053041885,3.6347662130068694,1.0285406827668815,-4.897190914331787,4.184437324638671,3.4411234199632355,3.501363059450062,-1.1124750105415566,-0.7616802474861792,4.251678632078933,-1.3819332907476587,0.9826887540782302,-0.543614056110857,-4.908313467805009,7.416541160691548,-11.499186237575248,-2.3928588007808327,1.4601098638458936,0.5176234007494331,-9.896397325918292,8.25706549492797,-3.0933938647672017,5.760556798931315,2.634548721152929,-12.02591328015103,8.006132660681159,-13.112519142497264,8.592800289632034,-0.09324959268835065,-6.515575441030297,-1.3619620852635421,1.735555657048074,0.419954526413255,-0.4043680832747449,-3.654481764293857,-7.300776413830286,-1.791745086003604,-3.867266794879406,6.478423654005174,-6.608962847582465,2.6387959576427353
-16.917081526911364,-9.55129965885719,-6.886522259900226,-1.8893578229028796,6.4676215619416135,-3.8933656282441618,-0.10254111442722615,0.5594199933504448,3.2943838691664373,2.978728825757664,0.6557789150592835,-3.803980936467347,0.17564265955377556,3.2641729989650954,3.713854300146967,-1.9822559303165337,-2.711518334634172,-3.6027139820369753,-3.299664629171092,-0.5997433376310118,-2.1348143723121593,2.893818598345744,3.9835978819388576,2.3130437434690942,4.523820585433833,-3.04128091682015,-3.012571275773937,-0.7740867338524003,-4.92550234831069,-3.196026103298611,1.1829763812401273,-7.429258969748103,3.174244300150485,0.015444233300407178,2.6472905855969535,-6.995882764297385,-0.2846438786499871,-1.283844749857609,-2.228298529004534,-6.009639224287051,-3.74556585520613,-6.30621747045667,-3.3703072202381503,-3.01943501837965,-2.5685733968258413,-11.738579048296362,1.3470821879635069,-4.636303354868329,5.030035805532419,5.4410673174341655,-0.4738516293482165,-7.2849550132003404,0.30205850296450454,3.278785625821791,5.947401203328227,-8.326797217411873,4.903970804303658,-4.665962358527979,4.101645398342937,10.855168961982848,-2.4952747914918962,-2.378154364513839,-0.47542824169295994,2.0284490819136805
-16.476072629581235,13.027442445600068,3.9764668313896276,12.527336983561002,-17.279515045241954,-5.515070041545506,-5.630502082252728,6.72680384943792,-5.677709471452219,-9.765719317147887,-1.583672477436975,-4.350295051684817,-16.055324051479136,3.2056258718191173,5.025072975000919,24.396059152658115,10.120749427997515,-9.549255007481024,14.206096503767684,11.109982823014926,-2.6574807583025355,-15.16490555118669,10.666680000302147,4.667869017684664,1.6521788946528009,-0.9092376795585513,6.034470554504231,-4.4911010834053045,7.597633625800172,6.198402903167458,5.723355954270718,1.8654660585816116,-12.544806634644761,2.0796065822058427,-7.733216080057385,-5.0828235294380715,1.341228019070334,-7.423207948444494,-0.9445774411918868,-1.6425295333288983,1.0113152779354269,-1.3441766384211342,0.5625758068030657,3.863778169035427,-0.18224742561073112,8.234486186489896,2.147213591157418,-3.8290470620487675,1.192622829847771,2.0976721951534563,9.087753872279665,-0.8471820418240851,-6.057556239483713,6.013321505554886,5.2608220827251815,1.926590927736993,2.3468436909725683,-1.8132541974081153,3.9120448919765156,1.0156365743807723,-2.8819658915724924,3.3160788851906373,-7.784192417490622,5.20857888986692
19.935372790372334,-5.525159583728848,8.159673660016127,-1.9049135622680322,-10.756536308381689,9.985007722083013,-7.480191952020729,-2.0420058737328732,-33.11454465041746,22.061282376077816,15.664821588482987,-0.06031324485890992,12.777207070318251,-7.531040728490851,-6.770522263600765,-2.3386519520382034,-8.894508237849744,4.6845028747543624,6.18551661173208,17.48083297587463,-5.077768071774343,-4.540106411088,-4.433558666165388,-2.654901742794267,16.467449478258125,-3.227254349108536,1.6591421874635237,0.754515826385639,-2.847931731319033,7.836343199043197,1.3476049061944717,-3.0920267378769855,-6.490306191324355,-1.69525662052482,6.3146782133431545,0.832492601813646,-0.6618871275814668,8.821972681241963,3.4762449197494347,0.43953220476015975,5.442616646397924,-3.9077731949341166,-2.8965276730238427,-2.3932064084709923,-1.086237635644043,-5.024587835228245,2.3588502584254076,5.5531863217754305,6.138332835865555,-3.128212555008389,-3.8726376712395036,2.34035966672651,5.479416594230684,-2.0989688694234165,3.448099347115438,1.7440126322024194,-1.652502599506033,1.9014078994414267,6.744423112046757,-3.7787116093734863,4.501674851896469,-3.1172192254613478,-2.1593204661820806,-5.049767401001295
-22.419172737884235,23.033145071958103,-17.448914158216358,12.551485066790455,-23.25124657635695,-4.0273731254725975,-2.0174641135244764,-6.245251693757979,-1.2687945002943748,-5.114895128170252,-8.213847004224787,-7.903600890706536,12.85857965578792,0.9975508139452862,-6.664112870681794,3.531297167837948,-2.2769030912456123,-8.110918245270632,7.234364003021887,-4.079252609851601,-0.2869741532409338,0.7210839127895682,-11.34613507978792,-1.7956553608684145,-0.4410963607988206,-4.847331990834764,-5.595611766975998,6.884730114805098,7.06090570061862,-6.623314507567378,23.313144539123698,1.2804312180668351,2.309754613928938,4.975296807958901,-4.480065355055645,-1.7843377100891598,-10.795414557050014,-3.298805258309833,-3.1277988149666176,1.6838054173138814,2.375593538085351,10.10929753128721,1.7356368686372512,-8.086297086099709,6.270976835932403,16.367192781073996,6.6965411039438925,7.614935413162747,-0.6693139406428886,3.1143334729658068,1.6400106402574686,-0.7686546018622883,-7.370506627504029,-0.6939967304597469,-2.1756920031444924,1.2001634358140292,0.53143031627892,6.623762289929695,2.9029014668864543,1.1286023505329876,0.8327961959908732,-2.475794976889265,6.648251299475626,5.641198742512896
-10.834816321934623,-9.277668234305569,0.937677921643681,-3.500490753388403,2.8058683951344427,-4.765836986946631,4.542818175838659,-1.4555612761076004,1.0633771792774853,-0.734890756157182,1.2936035455289396,1.187675212676255,-3.700878396931346,-0.44825323650291327,4.279919501363775,2.8836110037314273,4.024095630141643,0.29372428821877455,2.4743352324252053,-0.8719791212366653,-0.8930813389908375,-0.08712184134523367,1.4097503571397068,-5.699191532239622,-0.08193235430735289,2.7727955340843558,0.8088124385469466,-0.5696756581343858,0.29485596774502976,1.3441196323928726,1.8282260478355434,0.08030200798995701,5.284631762014287,-2.0802335016312594,0.9601812430491887,-2.848938114669398,-1.1467244681316502,2.558646818332115,0.31426890278629555,0.9675585856372078,-2.0009990163110984,-3.2011420994687736,1.8059915439879293,-0.9734283881719934,-4.418629750140499,-3.4739737349851456,3.018357567839251,-1.3957492529455098,5.1521616907961425,2.741002973754318,-2.25394537648366,-6.318492591056824,3.054038094849427,1.5118678584899559,-5.129132458720243,-4.05670787769235,1.5074172346909132,-3.7706622510107093,0.8083731251060742,-3.8415488590630202,4.343259399260568,0.9539785853637185,4.5995596124610145,2.063903775728834
17.423480531191863,10.01233183197567,28.428143972688563,28.946685519476,12.331666067964967,4.982186898398542,0.46290617575335125,-0.932316830877411,-1.2953975675544178,0.29083911201899154,-6.446020771050231,1.2721763405572966,5.397975268792374,2.5423206548585076,-1.1269112221473658,-3.3129597050030455,7.128746174050549,-7.182104032031475,-13.114932081171007,4.347156098792914,3.067196949667612,6.56568904399855,8.838972271549231,3.485468055713066,0.9938427228474999,-1.184244214395226,-2.1655376508113604,-2.1696835237991836,-4.979171197357141,-5.117306419442482,8.194083764509204,2.2155533984251745,-3.0096126698900165,-5.607092868659122,-1.0443307592549496,5.684713042813512,-4.991322550907085,1.748622461575873,-1.71609827248389,-4.472229327476026,0.094655089347722,-2.499315699377451,-3.051825339771944,2.8463666250302944,1.5213030026826613,2.748727428915804,0.6788962230852171,-1.6162840492308692,-0.43654798633567854,5.607908160675307,-2.7665421517146136,2.5513972410874297,4.708771879660212,-2.0178030266955003,-0.8648904102522229,3.0567851239151604,6.237162436147775,5.699708109216346,-0.036301662513522216,1.6620791624398337,1.1477706503416403,-2.364051900145546,5.384332836772426,0.6442074991828355
-13.17638588532403,-8.387069423682648,-1.6625005899593055,-1.225240170844574,5.133720830367285,-5.358456399679636,7.353648185368078,-3.125569379516516,-1.462443140041497,-0.6946831898803765,0.18121689423542456,0.3088191963390977,-3.5103938892636877,5.792292455917768,0.8239465174445406,-6.826483509127622,-1.3576331985522014,3.7165047176082204,-1.017138885757673,0.3576049021260127,-0.1564261222601105,-0.7488008598149078,6.3873375865555255,-4.846599417008122,1.9353106806516625,-6.549085198613151,-2.260910129914496,-0.6920806798900554,4.13785392618274,-0.6733769626479071,-1.559324434684905,2.0948422392231323,3.050358068422947,10.300677300098375,-9.681963303977628,-1.927821785723077,10.596467681230022,-7.010106065165121,-12.758999702394625,14.57650535355967,32.82474071192797,-7.879525342107478,8.908303482790853,6.199149125630297,11.265557850388142,-9.965895793237456,-7.864377506268053,-9.380219746903043,9.470917780954707,3.22803654095513,-4.28135606978083,8.929647699573483,-1.8320993741514047,-5.196776856962899,0.4006129988955882,11.602867199995629,-4.260859444866018,2.9968876163679665,11.157161933420198,7.362848546340833,-0.005062028853872757,3.3750258087311846,1.0276920234208995,-2.31614521349026
-8.655641937234423,-11.811471244540634,8.677875659403037,-10.030592303481706,-1.93177309858448,-7.0155196737704015,0.20125052013373373,13.080300199631328,16.97573711788307,-1.8903288808926801,14.872395135739907,8.13343152983149,6.846552565038752,12.85579871554872,-17.73429554724417,8.797439063279148,-2.311648739264722,11.99316388441867,3.501333337037191,1.8965960086432627,-3.3504093409661597,8.14336706784656,-2.023767827425917,-1.478672365865362,0.5714546760842958,1.1128077280072164,6.787430879913011,1.7407250905256124,-5.60049480285303,6.442947782804289,-5.2538152832195335,3.2640656924065174,5.498983711802985,5.5337432240028575,-4.1295990274618015,-7.4243910483675695,-5.092159998102742,2.253532542960144,-6.772099282176042,7.781375963324933,-14.181584663656713,8.222887491700936,-1.1860101204408593,-6.361170156197944,-3.0120308912882523,4.645608110875655,-2.7980485981572656,-13.21957518931351,7.523920752885954,13.577373494232013,-12.195872571479772,1.147063936087728,-4.519405505670162,1.9219333614532237,0.3834702156059373,-2.8874702974999344,6.860181687317478,6.100680054786734,5.2860612733403105,7.947051803941758,14.468113938527244,-1.132188380458119,-5.911924051256875,-5.57918380376499
-20.433189876030777,28.965012881718287,-12.247523888455065,4.175608996644168,-19.928032843398825,-5.784888497823017,5.700116518175021,-3.275748521005704,0.4996726025393102,-3.0437675217791402,-2.0380671475453727,-4.689277361314908,4.290679797610699,0.09235810276629884,-5.008279013842968,-1.5244069945687897,0.6958485875155688,-3.3142948626220976,-0.11832083559978415,-3.4514497037418184,-2.4185760588411616,0.4909194372738015,-4.8011015170869005,-0.24153682735147325,-2.203984438118387,0.5157370221899635,-6.604953879656933,2.6283233154052636,0.3382600923688458,-1.5690905111365867,9.603201453982622,2.0309280704117585,-1.2677782002043425,0.0288703631824688,0.6087450630888719,-0.23130294671184704,-2.192457243570475,-4.103348281462703,-0.43687113084521323,1.1140449315436858,1.3428697737119204,0.14462302792226778,-1.99802596621964,-4.996912723196407,-1.837691522065505,-5.38026177126626,1.4809743306604086,1.9740631438834417,-2.4034640709855815,-0.8285941768275706,-5.010926565899015,-3.176650850976739,1.7627198381441733,-0.08867725220197754,-7.729571603993389,-0.29909914980186486,5.376989673054021,3.5177397749480077,-2.29645653768108,4.880557870987231,-10.018296372373555,0.2989955550771585,-3.190344927675231,2.2293349903620316
20.359645419797115,-7.514265169833381,8.408336139403508,-5.05597319123635,-3.5967749797039694,-2.5135865962754065,-2.4859337933300045,-2.1292551100995585,-3.240447670917402,3.16477586699058,-6.134871135140834,-1.762247594066584,2.2097390719636185,-1.2449554565236096,-10.834148178938541,2.988337911187017,3.132700406054631,-0.6982622204152467,-2.845274912960833,0.44704540490221273,0.28800476219235754,-2.0967335666210296,-0.8362329354698737,-15.297109599369783,1.7717180286684604,0.40665542010410705,-11.394012269049874,-10.061676332744096,-1.5063373236848732,6.674277628969291,-0.8691909004739051,-9.533148938539531,13.141440474634852,-13.172269932851604,-35.735947849967054,12.265253395609651,10.713989045510253,0.8370511456438835,9.223931717587597,-0.17098246904506478,-2.561740710989148,-5.584456783120231,-5.93608417212957,-11.368439562374864,3.287302848366368,3.882960402030026,9.791537937297267,5.875741474100613,6.779150905275325,-3.3252061909944697,-8.825905658486375,-5.146120291775127,4.129410058439488,-3.156411609345187,6.393462318477215,3.076461856935301,3.7602022904059638,-4.848782826142378,-2.2633217913567405,-1.332877534146644,-1.7511092329051354,1.8597217959108694,-3.9286659411309266,-0.3775750509002239
-21.20165454065398,-11.653996676158918,-11.71472239670182,1.2670838507835747,0.3642573607233827,3.5131537377562045,-16.185834709112665,14.949364077018867,-16.393640478044635,-8.594458122171991,-4.300458840987916,4.991062721438237,4.819932405618984,1.966161684700431,3.4813178468599135,-8.702431545711821,-3.8457836667064456,0.46645769259856995,-5.561773427673675,2.8537220860531947,-2.7309629315550747,-2.3360477920942078,-8.329717025678761,2.0859727542516087,-4.132272589930911,6.0496271845240805,1.7477461409318171,-1.633212089580367,2.731228594410469,1.604932223274922,-2.0564992692371677,-11.814212876702996,-12.175781756891807,5.493110190786932,-5.833117077996915,22.35243938820352,-8.875814761057411,18.60980227401088,7.469118952143671,4.625128974015228,9.048698431507873,-1.3928535925143744,1.5138567002395364,-6.414150225436515,-1.6652878887706735,2.2724250658913734,-3.159956656827641,-11.202524631132926,-10.313935862323964,5.423033646741627,8.826782660827515,-12.972006330917603,7.467501683963827,10.849390395114275,-2.581682903968559,0.8295677341881009,1.1779032542254968,10.301752630968906,11.799997325620941,-4.724059594856171,-6.710667755844979,-14.990308886703957,-13.865058451269393,3.4401169410897583
-17.814390659562232,-9.398164422460729,-7.884686961286079,-2.743582873721326,0.43217666231514484,-0.8621480034166091,-9.11453585660746,-5.7243887950957495,6.001647455263078,16.97165469591424,-18.760992124997735,26.452670491533553,-1.3950155743502162,-19.30995955945347,0.9658476207959983,-1.6418197142743842,-0.4036514088594655,13.952534972591046,-2.2998357552355313,-4.800876140216022,0.367982321416023,-4.998736293486851,1.23908238098239,10.359507539680463,-0.14305173610552765,-3.0829904386301057,7.7288633324687925,-8.517855710391782,10.450133912908939,-5.95280188751637,1.8290724695857832,-6.536036979486528,0.7115700564363318,-2.4442248478989725,5.377290114528384,1.5083603199398585,-13.116781965938323,-6.414964222691356,9.171753751326051,0.4027258657666939,-4.339077855929237,8.03619342024016,-10.393591700807601,-0.4700924499547704,0.39888356158171845,1.4605508539633132,0.41404536746742665,0.9261203975593623,-1.1443697762474472,2.4565253125224142,0.5337770115495599,7.0035478654009005,-3.232404184546477,-2.738530706943398,7.997815394829809,13.873427462683528,-2.9064788626211038,-4.508407832177786,6.204471489994628,10.181806252099106,-10.161773370889415,6.419773118121636,6.025290054564344,7.181031971251185
-9.519837885685988,26.517515766292053,6.110895685057664,5.783581423221473,-20.963244485385392,-7.395373950485642,6.381767120832582,-16.40432750911562,4.458612566988766,-8.00869279907981,-4.140619817328525,15.089587082688913,23.66911744781182,10.870471025168154,25.80687546754552,3.62302885729027,-4.629770091220494,8.91732897065873,-5.7802151599962865,-2.0224175294212103,-1.012458865341055,-1.2037148011795529,6.456473150715465,2.7239178030105404,2.731445660975766,-1.2847181827341712,11.128955705628124,-8.643439228122903,3.238657302052355,4.700299059205905,-10.49927167720559,-0.1688033856001275,-0.023848412170695076,0.6873005953740005,2.061470544751914,-4.954756256106337,6.743915395463569,-0.5388119455262725,3.0824317520289597,-1.040644456348305,-0.8406759004458525,0.2787807512677881,-2.659070819279619,-4.051457469306291,-0.28697311720216034,-5.356860255660997,0.2946625075206405,3.319814614862676,1.0188575429284226,-6.1639474579578035,1.560917304225329,6.237402898319854,-6.555983127018294,1.4618219093455715,1.2023664403699008,-1.0050357944129735,-5.17316638580961,2.844213348811555,-2.509598555693678,-0.8713958193806528,3.2736931446483006,3.8696116237318554,-5.380884107500245,-0.6052762907254856
31.54531267249701,17.415834271645267,-0.696510299087213,-2.3319234616114364,22.74773545869168,13.953975778752545,-3.9363170135896413,4.243738767301803,-0.7802697361625662,7.154773455613707,-6.676529222671026,-2.946269250434685,8.615275568235907,-1.136347747897966,-1.4433467018160138,1.5756149767462904,-1.6323658467701851,1.7803986874691833,3.206189899608112,-0.1014028622053605,0.7038453477565838,-5.359184005137938,8.473111101539647,-8.498517667015449,3.888538585482569,2.403405668746213,-2.0537157638453345,5.024953227405479,4.691916048937068,4.912951268804598,-7.429142049015529,-4.324604059376656,6.282819232912741,-1.1844564453139301,3.3385993592766643,-2.472408565603411,-4.47335240521211,11.747758029765015,-12.050610091265298,0.3358655478406115,1.0228893617830273,1.9080476628512089,-4.29503890810322,7.857319220466764,-1.3842035480170356,5.323791902279582,4.266519258916053,-12.894750517600714,8.838746075943604,-10.961921539640906,8.179393050898181,-2.2690138803824857,-2.9735886257436586,-2.4321548727380757,0.09391041111548082,-1.0023652641115297,2.938266906023325,-4.024434799284264,-7.481706796848235,-3.0469605701337006,-3.673606087422104,4.720658925573794,-3.213581089568064,3.8473121118835407
45.60906239444567,-8.534634294322924,-23.899860231186988,14.24604540281778,-10.392584250884582,-3.1728722365790167,13.477736947285312,5.8741869597498555,4.615483244082818,0.19284274552577646,7.322408610249537,9.57874158225464,-6.377642153144953,0.6728845118926671,2.520048640118921,-6.261362587535734,-1.5525392902651551,-7.507741833761801,3.6793727891108867,-8.969473349925549,1.6567612487056202,0.03833005530547351,-5.193196432310071,9.14216294335088,-1.6738976195606796,-3.0994233231357127,1.086362953994323,2.688411187862279,-4.434503087629117,1.2592989326179658,-1.4663843480780967,2.610548605347649,-2.8831279528524973,-3.471710977939506,-0.4237628699438827,5.639653887832952,1.5324355881786058,-3.7290008259091665,-5.180444536095993,-2.7602988478536417,-0.43217305540480666,-5.653721355248045,-2.646971066875398,4.162308442435439,-4.238268432118115,1.1541360742489017,-0.07357671349469996,-3.7356641873031147,3.76082485880969,0.9290074674866735,0.43548795503328935,-0.35481394893032586,1.9550067590280251,-0.49518806196489057,1.5487597840651834,-0.7782387190636874,2.163450688362152,-2.939715308959048,1.831076854137971,-0.25417347405190477,0.8050495405455812,1.7790537818022538,-0.38504189776724573,-2.170719796878816
-23.659399371185227,7.1938498716249715,-15.918390907403237,7.711960854539872,-10.184897308825656,-2.7244598557172406,2.4648244044230467,-4.174554789270203,1.418360948138225,-0.010346563776754041,-6.324313362926867,-11.11491298472644,1.3015905372481698,1.7384693828659168,-6.692985688841381,5.247323048883759,0.45522115485094294,4.3066179524696775,-6.304730929461114,7.605970581490352,4.040441542733455,-6.677450057533125,-5.013584490129685,7.699726181266232,-2.308207647599309,-10.185739335576342,-12.39778770981345,6.766032034096754,-0.5180211209737536,-8.37606193194531,-10.209637587653287,4.119757214816224,8.944068147618495,2.325960554473256,3.960159022943939,-2.9881346665254265,0.7550529456850327,-4.771832094816899,0.22993581547167302,-5.551501745602002,5.001513081703542,-6.780754916569352,0.730791577700827,-0.532966703258656,15.742297100219115,9.493897758000697,1.2242642738695042,-4.909841240078151,-6.469721110600394,-1.1206680380991627,12.486726789787774,-2.824896110477685,9.14323827688321,3.6325014253989,-0.8610510554341703,-2.743115408386884,8.327298279926287,-1.3818329290731153,-16.858825026994193,-4.380008694070769,1.1517753393367038,0.11269174115670173,-6.0944876400306285,-12.705066166512408
41.64992459345997,2.3977585547590814,-17.8939549976528,-3.4927178531077336,4.882845633557677,3.2237523012424396,-9.670818326346145,-10.68937167888701,3.5467572476467253,-5.937913533674492,5.868365715938684,1.4296664724626627,-7.65614983410086,1.1314588634262819,0.4634872460321614,7.014642512744885,0.9887305351723304,3.640597212240952,-8.067522390214856,7.102818683807307,-0.6289498960207914,-0.13817567343567294,1.1766591599777818,-4.751159235428406,0.5916999764045554,-0.41632778527127523,-9.093350427068195,-3.9907878867050206,0.35046904475105095,-3.634324781123565,0.8819070168880222,-2.5226460227588845,0.6669481644828453,0.18248406134120068,-3.1396841709805297,0.7250327306058717,-1.7979160121093571,2.06828324518668,3.9941114553275687,-2.1256809779992283,-1.7942410141741916,10.270822110869199,-2.6249404714135087,1.8579652136695795,6.6873925924686795,-5.926021320628075,-0.9196636092382507,1.468842188961621,-5.081837972649796,0.6091808110845895,2.002036996818103,11.063765473590271,-6.836800046011259,-0.17084485965421498,-3.7470986841840603,-3.222415504159946,-3.435570350975412,7.8014997623469,-0.9054841465039118,-3.8862750561166903,-6.019062844837438,-2.895635340338633,-0.7149525105849375,-3.5399471250634886
-5.844598161224423,-0.07862766382326764,9.164497254149742,-7.979485107744322,-10.925210713687179,0.8951656567638524,7.467033605270077,3.9929760530968705,-5.935321358106624,8.370553749161047,19.507452264567664,-2.411238981029487,1.9432086980653864,-1.026019242477888,4.070216415045552,24.75504751105175,1.3247139340358958,2.386889779595104,-0.6908885575353423,-20.42924630131798,9.477640101585322,11.682013629048233,12.115462293715643,2.2605595546630033,-5.713979177613528,8.167189159099827,-0.9521342299384015,-1.857934600283511,3.294287032567823,-8.702743708745416,0.631295510867117,9.251541442569616,5.3538916407471655,7.32014947354773,-5.917989241908967,2.6253178184177295,-4.595777003164493,-7.151336138429135,7.458938527833112,2.9468996409512505,7.123488639331118,-2.1956574567107716,-6.550078718183051,-4.801892967494202,-3.103442078956213,7.972074490872244,-7.368202905809067,-9.979894504301152,-9.581621795212017,-8.913517468820885,4.292879499019012,0.24307797813403517,-0.132422018841732,8.41204771201217,-5.3545985850352755,-3.3419555345553076,-3.8904663451261015,-5.501835188307038,-2.0628295620491146,-5.741132910724182,-4.363903483658589,-6.042079120174312,10.040722014017737,-10.484418589950467
-16.682109689086136,-4.932672593911853,4.714617310803791,24.778328307912858,7.835837648240897,-3.0090598667504054,-11.357365523937913,-17.28276734845755,-2.912348190658893,-5.004679068648378,6.73632960968816,-2.6908178273165415,-10.738277747807471,-8.336999641075185,-12.04423996177124,-4.569839566023041,2.7876563555665284,1.3064752607209245,14.709636160567493,-7.386672941605692,-4.545993662851989,0.35837123023061274,-11.317892234389646,1.4843175770435013,-6.816515043137164,7.118229320069957,2.1969433678925756,-1.5391364044136677,3.189811035020755,2.2261657930801686,1.985397400921432,1.6996761904193602,-4.036732832082021,8.04822236566152,5.452296970864667,1.658403089734708,5.266710584881804,-1.0457565807392488,-8.748018675311915,4.113387344528927,1.3310528776944792,7.216241088236859,2.749996316088327,-24.091894631707056,5.005279099473625,-3.768141168581417,16.488505698896823,-3.311249925502304,4.242150521151534,-0.42116088559048825,15.36159160555493,2.084357082563473,-0.8301233183813207,4.708442001500872,0.6939456548012979,-4.131207207343508,7.299143532984825,-3.1395238356194044,-5.162360938436259,5.474311839937961,-1.5195775086283123,2.747459663453873,9.564633391141617,2.784439307907206
-3.5424797868978652,46.320018517204986,-3.7381146164105443,-17.207294227447495,4.950145701665649,1.1294994565771388,2.496377289358617,0.15974168314004242,1.6015011295467434,-6.460996458875853,6.370720431850908,3.7227491579013563,0.1285698182305644,-0.45824016347711993,7.470780388425853,-0.38758794852521966,2.6467211209547736,-0.9519760069380004,1.2235446988326524,-3.021857697493907,-1.4379904166016544,1.4898060007773213,6.5770010253981575,-1.0642464583591724,-3.7682550040343337,7.824266367170257,-2.651350920267985,-0.4479674753903327,2.9343923189275176,4.733766936666651,-6.961975650475128,-6.319794332089226,0.43872981874970585,-3.107070523989847,2.976345067133854,-6.986586510693158,2.032227096826992,5.430034032686008,-3.386248005068335,9.503799704865157,3.323555477375445,0.866167363199667,-1.1376251802176098,1.4514735190373533,0.6926300409575298,6.17352055269366,1.6747987912219637,-0.3857180929742207,5.111462831165773,-0.5211482501823489,5.023518585988832,-1.0084847059241522,-2.812733336270614,4.992985402725249,0.19895616546119768,-3.490941880417972,2.653030165662167,-7.265810330001565,-0.5580353014894074,-7.6713947943018255,-0.7909463816624345,1.120261218490941,-1.059176379617904,1.1300109242938208
-17.749377905364852,-11.162737523748751,-8.676381803150226,-1.331269703235791,8.99364870161943,-4.3516340693501485,0.906023784480304,-0.4384113297964095,1.7331828110543774,0.15248803202552214,0.770273951481322,-2.8916734461761675,2.0736559195104665,4.2245786445477815,2.5108003209601395,-1.7627346532062482,-3.6602686913555154,-8.837690106432243,-3.3128960799397036,0.42218416031167777,0.17274887639477762,2.3159423826544208,7.622046043284509,3.41817676231067,4.153400084736773,-4.179361036007071,-2.169214334380218,0.9228148368411965,3.203516204840102,-7.645038898089267,-1.8944255730666204,-0.49449791850678704,0.19363617112361903,-0.8488170463313116,1.0584141250462786,-7.307252810513358,-3.9091960857383388,2.0306012991621647,1.3843569199983046,-13.590168813610655,-0.8476526584991031,-0.6942357075346725,3.7803347952874944,-2.1158657565550576,6.355528729116672,-11.233196095052847,-1.69600420578386,-1.2029633276686953,9.247085920463332,-1.8671095604680419,5.778454591791749,-8.45141170531044,1.4445852166619362,-4.4822585908085,8.22837830682875,0.5766218179580093,1.255654402642232,-10.012209329474167,-1.9212270883717018,-2.622439871695927,-5.283971895922846,2.3947878744163744,4.0032424537702616,-2.1187943203527486
1.1916010543178144,14.57887910814327,10.849136863071529,-11.713319626484134,-13.793787817086095,-6.109185727398299,6.7708160999013165,0.7875793366322988,-1.6534171115800778,8.122118958655184,-10.207565332172848,14.143463510154842,-5.262041561027121,-8.69020346794272,1.7154095631063286,6.3700494432801635,-0.8402380375667634,-3.276313487888683,-6.011883072642292,-10.28461158167521,-17.256255924941488,-1.0483269835716553,-5.6647750452727035,-1.0695149516912512,8.024802602866535,3.5630619347242085,-7.436490366425787,-0.430801664178012,-12.776742138810748,-5.517432212098181,-2.1868788779088018,3.7519682988010827,-11.90281385142203,8.870718756121466,-0.13861987190142244,3.1992456710732173,3.12316283011745,2.355070965051861,-3.114946987337106,6.926322590446602,-0.9222644304627113,9.58830939234817,5.5205553940814065,2.5108113691328167,5.108648925246725,-4.358452696886753,-1.3065363478675442,2.6257767255221314,-5.203148918591053,1.240537349713166,0.7543025870713826,2.1204698005345217,-4.195592671294531,0.7882374085757093,-0.5611831860892101,-2.3063035560092002,-0.24265754343294335,-2.995679773900066,4.818565389244722,0.31900528510126,2.566082261635678,5.251352412161246,-1.2971299437854344,7.8597870232715055
-17.778951182582382,-12.927414058027166,-7.095167469319781,-1.9393067915426372,3.1111443782202075,3.0345903340548825,-19.333062403979834,35.399909524967285,0.9670051074675751,-37.140470106916005,8.38860478818009,18.550081767000222,21.868379275030257,-19.674170614064113,-3.4822898077820987,-6.8461861307073075,6.4966010310171125,-5.665654088565499,-6.707713286125079,-3.6661147357720387,-3.435559983647641,-8.570356155973167,-2.7449592237672906,-8.219300595614202,6.230907721764376,-3.3651973063625613,1.2455085750091086,0.03444618107768474,4.883492608529309,2.084838191313489,4.159933076549496,6.118798977640197,1.2229075151282085,5.819309411873935,-1.6650297379384245,-1.2941293476785225,0.5699319487135966,-8.919169631376864,3.4168885175197703,-0.2459807414611005,3.0700741158709066,-4.696899640318463,0.39735411942619764,-3.5898411271543504,-2.558747907972896,1.3300484226822975,-3.751614027965383,5.812714555634498,-9.938501454912645,-0.10260787234674419,5.255666254865091,2.403476336197935,3.6737851568711086,-3.8960675030423704,-0.03985444721672834,1.861081903806124,-1.7767676717033507,-1.8302872248789293,-2.0096233009397415,0.35052801046586096,-1.1880974500657557,-1.9622897405228095,-2.048864026795952,4.272601640210536
-13.222130656436615,-4.044634880315287,0.2874400035916427,0.26402558483578925,-2.714244778680236,-0.9399534733954886,6.283095768607089,0.7802881378495536,2.0529672646991086,1.4171116842729707,1.0884223764595913,-0.09499624623486776,-1.2716037737854535,2.835339686926085,-0.22520124292804408,2.79269728557921,8.311142532776504,7.445968697257471,0.049532747543946536,3.9256356049982872,3.69277286827649,-3.732701476377256,-0.9831679805149578,-6.004841473978442,1.0754062524018526,2.067495723284626,0.7628464837043609,2.369663128196859,0.9242912850043691,5.503142089887832,1.3946170088640062,0.9578860135835201,1.7204952079470461,-7.523011602088905,-0.5372520062879289,-0.5997203769376843,-0.8575293330300113,2.315523077431744,-0.6593941860973235,-1.3569262053871534,-1.2933432379170902,-4.418214221073898,0.25382626624875987,1.2612548718862058,-2.40464122002304,-2.168308728487765,-5.117146300258198,3.3120462530913657,0.9355106186122301,1.0022822650962049,1.3550698366967782,1.0510764738806344,0.3766795760729145,-4.6351889787094995,-5.049852447118757,0.4289578913191484,-2.0775637972054364,9.38698169536572,-2.334993963625322,5.657583138042027,0.07269496846355233,-4.30189841773042,-7.8540554362703405,3.6015287889892678
12.117836314619423,-9.119767478786013,14.110964087596717,-9.53772222699908,-2.142828331250486,3.2734776893781694,3.7379762490474424,-0.13570047702737542,-2.5675026940959484,-0.04844551920208584,-6.750606966903886,-9.380622021724152,2.17182578775507,-1.1821090043918303,-7.842748232653322,1.9246231142385373,9.694266947750059,3.37565805783967,-4.008462475177433,0.11708658468829922,2.9762200408693835,-1.4885293153836454,-11.65161303299752,4.8112940432789335,-0.18988857547057664,2.4518874439017537,6.568768029186722,-2.4542675333391757,-1.8890850144944322,1.4506201862512749,-2.729390868021928,-3.5441442845082216,-6.293390009118571,-3.3109618246819505,0.7350818834437204,-1.6604622483469564,6.344531366368853,0.6338025495546832,-3.83278961934971,4.781575662021076,-8.396888954195665,-10.380109830707195,2.493625312024825,-1.5094567436715918,-1.0985627488351386,5.6540345409108435,3.877801026546895,-2.7867936487608302,-1.9059314441975974,6.210259850734188,-1.1506086388968597,4.406052320268456,3.772483198218205,-9.823397046053271,5.28114284189057,-2.7070015858487873,-4.483852740033941,8.357023416317858,3.3338717379448646,-6.964286217296698,5.15222535166811,-0.20164761468386164,3.3551968383879727,-7.110285649637453
-6.026385700050921,-9.081284977246678,8.583501334339498,-6.771389026198553,4.832025901772579,-9.330111792712886,8.961361902966631,-0.44570293141860273,3.6573215278446773,-4.206668126242333,4.7614682401698145,1.5526936259863184,-3.693869830491752,2.1030139665171714,16.29485750513161,7.48553851620888,-5.326775983182138,-11.285138087788297,9.27405454326122,9.503877435565366,14.779793427651109,2.0856825979003526,3.358509870331531,-24.215866262069643,0.06915707021319112,-7.095742668024911,-0.24819864010511408,9.873431162551649,-18.985179893514175,-6.645586176950208,0.8307857313187078,-44.06581475123322,7.622932075513774,7.351654491183473,25.740795910635953,9.051956516638597,-4.681221239904518,-21.771358493333093,1.3052092996797675,-2.1934769181045555,1.7219604396359338,9.759272604326634,-1.8408796868926132,-2.8087109723337984,1.662283059786778,-1.7544621584115383,0.9594111240041776,0.9719841159183956,-2.724181553057558,5.854571394695022,0.7854981798487679,5.424260193280304,3.3349479885773046,-9.541191444427023,4.244047259234045,0.3649798721841897,5.720112523270455,-7.633466907878525,2.198613015386864,1.103775133539705,2.6627588486919604,-0.9781673495514778,-2.7301091294294078,-2.2389153262639674
40.28353079580238,1.4424899384186907,-12.728178484866628,2.5580033245981157,7.189406080480241,3.405243968089803,-2.558646167589117,-2.776228168150761,1.3629145163313277,-2.0927203298416086,0.8822371349763868,-2.1887110487978245,-3.2196447573753093,0.4460166824945429,-0.2298174512122366,3.796862895192951,2.732672393879608,5.185886477807048,-1.4486938025996936,4.791377544779982,0.4452457072823147,-0.8392942835954956,1.543427134605324,-6.042956346583548,3.789468663728271,3.8240365099221716,-2.486440367185341,-2.301094187470207,5.520024040049286,-2.550873653350657,-0.08508030701035858,-2.8710994213853662,3.9040495847505934,-0.262951311128799,0.03387832563655107,-4.462029181075447,-4.652027594290475,4.238461954070186,6.780486120499594,12.368521599897829,0.7432251100428093,5.760091610287806,16.648896451614142,0.990881949699148,0.9109586349705079,4.972702432654554,-6.507467479146997,0.10386904563975216,1.2978945810002094,-1.3882714004686658,6.533234300025577,6.048254608541955,3.3091214422967776,5.569611661435234,2.2223846778772556,-8.662312587464116,1.0121738648045078,-2.1846638406794336,-11.221533908603107,4.609030785702607,-5.750008568135178,-7.017479205404021,0.9476871874632503,7.635867780871228
16.472135140726074,-4.737149802741543,14.608707897478547,1.2678548027102348,0.4807911365200644,-2.0237187218994657,-2.4551519048140125,-4.555613911054544,-3.2796226031505578,-1.2901476713595699,-3.9219175269916424,-4.398720367031224,0.3461175169280517,-1.4236500302649577,-5.772164171756237,1.2956427638177246,-0.6574197554364221,-0.5335054515539412,-2.863902665974273,1.2258914204992286,-1.0107804317801763,-1.817013267385309,-2.9667161772854547,1.665915469813048,-1.9336837852864526,-1.4568000113792048,-4.9637036324009225,1.4761892446467246,-0.4147818822647056,-0.5206167391030292,-2.457174033934543,0.752890708577057,-3.0185052806009858,-1.8036410489120513,0.019166664770619905,-0.23257762663166248,-0.1786437981601469,-7.261367351103885,-1.0632919823960307,-6.87849465936812,1.3158795958669818,-5.557836144403055,1.1973716887157888,-1.2751321625798642,-2.2579474337015855,-3.149319382515017,-0.1808783358603101,-2.529566797903347,0.4994244699241195,0.3041355222434732,0.46054911780899555,-0.0032784977605074973,2.43003293613981,4.792673533960439,2.9836887637638156,0.754874178250898,1.705949669995616,-3.048165014557479,2.0219019765983854,-0.594678291456257,-0.6247358076699057,0.6253723919409928,2.8659931786038153,-1.3627260759329733
5.2724655431597,-8.232910570636054,13.311046332459851,-8.049875102653594,0.47569418532980834,-0.8804063203806414,9.299569245674483,-3.8803684524827555,-0.7854802450342652,-3.2459058010892363,-0.826782824616879,-5.069153035743037,-0.09930043519016363,-4.637606861152434,-0.47267044274887576,-1.6130313013763797,-3.233102325762144,1.7624743722452314,5.381335692750516,0.37642384054111716,-0.8045499641005083,-1.1346229455848298,-6.393205442040766,1.1045017106906536,-0.06366416987820146,-1.2321658606941166,2.6225286954678,-4.429899275112596,-2.302863172612951,-7.652306279151473,-1.7749746008495095,1.210074657454349,-1.6929499949867586,-8.542430558829752,-0.0890238823238397,-1.1105613103960417,-5.508905646219253,-3.304819451757521,0.3468785945483843,3.5023161728720433,-5.708727162719194,3.935225974535342,1.5089491373618646,5.593055725009531,-5.341985452363743,5.159348209865663,-3.42308365764947,3.7911573029310883,1.1125203257217902,-9.093449169984106,1.177691267566399,-3.6867221704982196,0.019429853117509718,-1.323544562032848,-0.958159778809931,4.56405754961423,6.2624374810732135,2.800961651392152,15.820140752608541,-0.9408680867397615,-2.531368790715722,4.115071573553066,3.6317603338999342,5.738989057450956
-16.324198636398123,-10.837768856925274,-7.133662231081284,2.4478361580354324,-7.081776306288596,7.8057362787494915,-27.65955450680652,23.277350227857497,-23.499346943336885,-8.301319134785954,-25.04055959782492,4.0520286728960935,-24.820362975295293,33.70541069727209,14.497167648938994,-2.5056399160714298,-6.706514630573001,5.680714742920034,3.350198650563029,-6.879283369902288,2.3363494060434205,4.93581948630128,7.185333451224357,4.891373764770814,-3.187264159336803,2.773681811665897,3.2613921327429383,-0.4940890346940623,-5.958612700776841,2.6783975868604992,-0.3538890748103064,4.126968017465204,5.990775662088366,-3.5500683503230146,2.661214502819122,-2.559428868438207,-6.649263651312902,0.6535021811062565,4.7333293553289035,-1.6680230090435413,-3.8445280992464497,-2.8036710974599948,-2.109566292427701,4.109811951570796,5.104380473243607,1.8594422844627114,4.259850406446385,3.071882029522463,4.947201579750157,-3.883286950058061,-3.138153692503646,8.580682410013834,1.1566252728443822,7.151705424662549,0.9332389832326652,0.98051695133148,-0.846246439973042,1.9008427788478515,-1.358816927783879,-8.39785642406951,1.3190442592712865,9.925563567717887,8.311793422642335,-4.384982191276006
-15.595470030605558,-11.484168825023115,-4.906121826866411,-3.6408044514754607,9.554597837392201,-10.324033853851617,11.786145899334057,-2.450857788458514,-4.914040187886005,-1.4104915149283697,4.780347396972668,-4.651492514499561,-4.328397765641728,6.932410633316783,0.7622533228346674,-12.063236277677442,-2.41391878581776,7.737448658750524,-5.4078474463029185,-3.1775435577983906,-5.521244176754394,-5.511171596428351,28.114233795922004,-0.6743898043221264,14.361027088415009,-20.994250965293915,-11.145463048593259,23.385825039688537,20.152171627149066,-0.4203894633180194,2.199677591370897,8.807699945357435,-10.183240869257222,5.4675408603764994,8.75864732355374,23.009193695236462,22.025293945143876,-1.0952767503759704,12.164541999678182,16.344677195587224,-22.124294667441916,6.171441521574267,-2.1087625904047784,-1.3268275858577636,-7.9998158236836945,5.911246013506735,8.365600788961055,7.288522903123131,-1.2256137314628466,-1.5697010802215479,-7.767064064394755,-1.3796489007597987,-5.321820148150444,-7.670047237829245,0.14370535563659523,5.263937021285704,0.42396849535184333,-7.361000843661414,-0.3489267879717905,2.048316717792635,-5.384202871403662,-2.0197259135874797,3.9294139754834965,-5.809909495860953
9.549367339180906,22.686156352240367,10.533588159834986,-17.17062545769228,-7.494024939183147,-1.918130106801471,-11.38522405632784,-2.004595503734798,7.321020621467281,12.487244486142012,-3.9087786520206027,0.44345910974349845,-1.6696747985660352,-11.326485402760504,3.4936530716422336,-22.67329790798446,-0.781442872286856,-8.306128955757778,2.4627379968529604,-9.957217991299784,6.011018429176401,-4.1459768174216185,6.334489998936882,2.3893080164580915,1.6293657947265614,9.29400011569988,-3.7840574531111355,5.1909043517238675,-0.3500755235199285,6.7779657652449625,-6.373435866468196,2.8437817476376135,4.161616619452274,2.671303895552653,-1.6567693831905723,-1.0041576213445542,-11.664188454131589,-4.80708440622471,5.9127983190041675,6.300106562216045,7.766659906104151,-7.910043473303138,0.7715583900721699,3.277750465398288,-9.690769451556912,1.6677628514036025,5.7534421514487,4.27727545691359,-5.545838002368116,11.198696532741264,0.01117780878459678,0.9760155175863051,-0.8526312075020992,-13.52478535510851,13.932483774138934,0.27294155208679055,5.327922376542306,5.268974742800898,2.0942581631338655,3.6709635717546876,-2.322770007714772,3.386225880958645,6.7697468686571085,-2.392904888383345
18.990473718486985,-7.998424772794414,11.109487869595794,-4.615746768710154,-3.7243615971274995,-1.0414443266940154,-7.913317514561457,5.536387973201301,-10.254341386313245,-1.9592776646006864,-10.22219329073949,-10.924464183953127,0.885095475562919,0.8618416755611378,-1.7146271111547757,10.669252403348796,3.0206702323725283,-2.362339149386742,7.1676281917815485,6.857784014905166,-4.267386928356552,-6.88406607675681,3.957169655980704,8.441041171299952,-11.483105575183773,-0.7220936860739499,1.4994085308139462,-5.75212721820381,-7.066688040428304,0.4361283010896069,1.2231645738388974,5.478299737459757,3.6033900972711144,3.4196291965871968,4.149759886901788,9.14464280659527,-1.5106829696448127,-4.189654884011728,-6.136099928052332,11.053982804840244,-0.5723120050053495,-1.686633388055932,1.162730764283938,-12.170558370176026,-3.955043123808237,-10.92835530438992,14.015161137063819,-1.9510544426448486,9.394112203105625,3.064515124688217,5.19065639215979,0.17541281080448123,0.5665663188160536,-8.131044079940182,3.3911977643717783,-16.01069407347338,0.7333978362496747,-1.2246042919729638,2.044348770075779,-2.3069034857083293,-3.1302381456618837,11.48682470448028,9.65155637567233,-1.4457976981395646
14.299957908210951,33.058372651894835,2.0432345651691213,-26.638406584449076,6.093898831673732,5.317569906730267,-9.752885731148718,-10.539362462443256,-1.3479798035278592,-5.180131814226049,2.7253080241017793,3.906196039465856,-5.705949210029538,-0.4815543938010724,-1.657857689141134,-8.79970780557639,4.798956050025421,-8.637638615070616,-2.3107624891594267,-3.642500802851789,-0.45451696641953193,4.641612277281971,0.39118228510845315,5.398724572657753,3.719104291556918,0.5456495477720744,0.2566906160994159,1.2940748133477424,-0.3306612987915392,1.2210922346328679,0.2650743328454709,-1.5763118912106557,1.0320744348312396,-3.8194695141536226,1.3100828298028233,2.1498003041983647,-3.0375098371689035,-0.1529787329033768,-0.9708345427792952,1.0349271890868217,0.7512369808510729,-0.877242927073349,5.1909928060393575,-0.8320790399255557,1.0453991596655126,1.0583278252138093,-3.471199057620603,0.7662634283845027,2.0726633935427343,2.544711325425595,0.5466795447445346,2.574147625999935,5.5065014904123455,2.727804173958652,0.7920930993184206,-3.3815027870271703,3.3629598903379883,-3.0643442262003235,-3.8211844790325324,5.86226887699579,-0.2528124990276992,-1.0308130979112955,2.3965300768690034,0.3659280538561956
-5.31963250363037,-6.317041188879366,17.59851835245125,10.300161848988468,-4.853397208334149,-4.329106862810754,-26.346143272979663,-3.4395735528691653,27.269467755401166,17.44729721644807,16.56937086784447,-13.601963329415659,-14.82602463909004,-8.767612359573697,12.862230015307295,-18.715936951765,4.678003252575976,2.3459789042794474,4.494411258308799,-8.629021957033107,-6.274776509441601,-7.643870534470259,-5.106051373905128,-0.9494296655331603,1.088292872755261,9.957172173690154,3.4141146698947162,2.8466947306311465,4.577030006692811,9.923814899688418,-10.432525255264064,-1.688050406500602,3.4689935201803426,6.727706942589519,0.16943999936640453,2.705319455319553,-9.60436350717851,-2.9276899142057546,4.0946028420584275,4.395100047026182,8.916459193023769,1.4778003167851286,-0.9884261511146714,1.3563124267893938,-4.801185610028295,4.832827534791587,6.591264795046007,6.405252911896081,-9.620781788923853,-1.1828523212321302,0.8257411221299824,0.9249353503346369,-3.369247696034787,-8.910992332721134,1.3522309056471484,6.702536697165671,-0.3766108642243042,-0.9588524520517503,-0.49908159298597277,-1.174517891548766,-3.2820245276492366,2.3733340363957653,1.5456398542660608,-5.537108591004139
-15.859052904935032,-9.857503798791342,-3.5467079251685827,-3.643143527792038,7.154578637957361,-6.117627547784331,8.10540221786465,-4.579254454918568,-3.07422942331186,-2.2205910985222266,0.3425376439511289,-3.898914775348525,-4.027509036575849,2.0772421498522537,-0.3178749519218387,-3.715981085408925,3.1865100980061603,6.523662880286539,-0.5733624521732017,1.2590786493499282,-1.805035016025962,-5.714055752289168,2.437928728359999,-1.8689705880349303,2.8042355431694848,3.5055210338921237,-1.0143390557798748,2.5043849363430595,-0.9767874252353643,2.713871355649044,-0.4595940883687697,2.766680723099407,-0.7812061955369523,-8.319424530312064,1.894344773400643,-9.122517031611116,-1.232321145448538,2.5730621865863816,-0.7639421019086564,-5.7914779580510105,-6.116331285344462,0.8819526969069983,4.010373243199746,-0.44038747271251794,-5.3523248978260085,-5.143062372151879,-0.20055566104322337,-1.3793512902215754,-1.9698664912537505,-1.4093955625075314,8.290920148221435,5.813669738097602,-0.5837504491130266,1.4944619923101135,2.6918677720509745,1.4510400642704324,-0.500473589677815,4.820794994986638,3.637849578991985,7.182319436640196,-4.000213643394362,4.935571044341423,0.30787688867272156,0.5175169569894501
-19.284830562954117,-10.648413849407508,-10.511831265085274,-3.2864954698834303,2.7481563461038205,-2.005257188595718,-7.824471132719106,-8.492441066294818,3.672846127883845,22.866493073812062,-29.812708543770484,38.37553182086574,-4.103269817373231,-19.600533129082493,6.281016508229886,17.356889283212908,1.025386190543982,11.370797308341706,-11.892877484655846,-9.075334510905403,-19.14161293456077,-1.2322373135415887,-0.8888204497505792,4.396519551512037,8.385137054082858,2.6244742623524635,6.5779822266048225,-1.5195338132992549,-4.940658205123595,-6.637232581631925,3.196068950228556,-1.3968754228813258,-1.675513965501696,4.931933872415391,9.740163902219589,0.21808523835496607,0.5988059276285558,-1.4360670222224623,-1.832913360146761,0.27951946636753056,-3.507845568095371,3.8488856262642126,0.8693032051584094,-3.001753590953062,-3.792538001832403,4.9371700255362425,4.208596899953702,0.33886815781376756,2.454489959635126,-2.5132962162641777,-4.632133478673688,0.9325103594256672,1.273630198945931,7.923609425003945,3.3351096656256933,1.8430629542954717,-0.723677859761965,3.1248278785475962,1.607337020363767,2.6717822961908113,2.252446392733685,-0.38105401718120335,-5.046156733925168,-2.288926748905632
-3.9220512331143196,-8.594886110841545,9.007612270225437,-6.727690267943239,1.92659904789904,-5.140488654185129,6.0817082305424695,-1.1307117637589397,2.644751361152034,-1.8780740980090844,1.778828042620998,3.2746208908911165,-3.466472329609572,0.6144613653951713,9.286812165197153,7.949372839588833,-5.456087973002451,-7.115148137941566,10.527481021175566,6.2856363612827275,9.965866833331553,1.089296944210782,0.9588801678640656,-15.580509371665284,2.343736627790097,1.6105064148831991,3.0793004075585846,5.036555117494688,-14.630950792273646,-4.164729336257229,-2.387548703624189,-22.520593354876958,2.7233623217145033,7.219444074354439,8.318424090365365,3.133791122279172,-2.670752391121887,-19.384701724457262,0.5743761141033019,6.351347024019226,-3.2610053224258646,1.4771268354367872,-5.498866056590741,-4.186583369183015,-0.7540829350209842,0.20416857762688265,-5.719169338846419,2.72701284977464,0.7955448851919616,-0.933967669643454,-2.1276022640931584,-4.63979957231456,3.0755018630931796,10.1479825071376,3.4433905652020758,10.669484313755532,-7.823715121246245,9.654833524817295,-8.809142383287384,4.7553740051523965,-1.518490941116475,-0.36722301310448296,1.3188460718802613,6.826420464643147
-16.56663811193549,-11.198145151948056,-4.975548778937204,-1.302043663625036,1.6361151206367817,23.76536733019089,3.9920378226486983,-0.8232600483730421,2.2469204742690008,2.9779140349437836,-3.3523079384767787,-0.21764198097039816,-3.688661503920411,9.513156584337185,-1.4732917908115974,3.9429098344762474,5.88812998861889,-10.725525341273393,-7.184874712059617,-7.362727691662482,5.305266875872893,-4.902849452454231,-0.46366936027968636,-0.7448408043225929,-2.295212611349517,2.149784970340041,5.118859898857589,1.3624232095212068,8.351699657400491,15.67648705793089,3.8792622101655723,-5.225011024057871,-6.769976951948746,6.474506945364022,-1.5966423276276922,-3.0608408220741854,-2.206672198966092,1.9996689227670637,4.817748258356774,-3.234068482306865,-9.170350356536721,-4.594071855344553,11.012754345590858,-2.9504573473589124,6.799439956546874,-7.731919844631653,2.6750304562074314,5.6121168004937925,-7.212671163333141,22.42823172317781,-13.732286477206237,4.170160690401618,9.534657507568532,5.107710594854093,-10.96906892626895,8.337474182502561,-1.8328977025721225,2.5330698166415146,6.399740533120882,-0.15791610872392803,-0.3639939203142896,10.039809086474055,5.403638620134962,1.687686931244045
-18.912646011278223,20.31121224305728,-13.412374542931364,5.072763136837741,-22.424838699068566,-4.444467807663189,4.751840716011535,-1.7598812901850243,2.4860482107707966,7.303649703003231,-14.343003318712224,8.529524769525244,-0.792472987104145,-9.13166143383989,-0.41217690360963866,17.777401325618513,3.5733437649581337,4.559293640255927,-5.371639095326006,-4.896648632741851,-18.7191303139081,-2.868955859637253,-3.965529182799314,-13.024886631585856,7.449982515113284,6.402760280911873,-14.736096843002645,3.005127477057943,-12.303819039366301,-2.3521690220383547,-3.3377623124679467,3.670019231144758,-9.507132888114217,2.8381384449464626,-3.6786635800682443,7.083600630084692,4.3819785464739445,1.2563980603832714,-0.49006361244291075,-3.453871807909637,-1.7320223834821633,14.449179063194713,0.6766825047741586,8.591814537123884,8.673546933657665,-8.708509003464677,-4.059228173022617,-0.39286035124655705,-6.864036059881531,4.287447810276973,0.2685960284334206,10.460555254792485,-10.258665961300569,-1.7278829844633086,-0.0646581926163351,-2.7411000621566632,-7.116422863872027,-2.525378638663315,6.769023912568004,-8.071993297830856,-1.2894189969112342,-2.3472728046909066,-4.27059875952253,-2.423150601510262
18.224139799624247,7.626270865644328,27.44716429619729,24.915811794460197,15.44317616979993,1.2998327284973317,-2.899516570647333,5.890215951344245,-1.5540507263835202,4.6599542979758155,-3.512364140767338,-3.4932529127977734,2.8405789044637797,-2.281874942882345,-6.944210551988973,0.42066566332810923,-0.38333609030925064,-4.989346540479471,-6.884655151689895,4.799194003500527,-1.9757599489055075,-0.7726194002297594,9.166937425057602,4.967297352731309,-13.635625516598376,4.239160073640604,-5.60770669521455,-4.700618937842935,-8.610895702049453,-4.482658480918986,7.1244799813240824,3.4205530022627206,3.8646374018778396,-4.915876017236702,2.69958939801712,10.007644242481987,-5.411692616675168,-1.3343861729397009,-1.4352172994450418,3.3279821869116395,-2.126313241182773,1.1311570091761138,3.122075435503198,-0.18203929842546798,-4.439021517247648,-3.8477620760954,2.7161390315492824,-4.427277001584561,3.7548755835304086,1.2624815146972632,-1.1298657196903192,1.3286816393702445,5.740877870013304,-9.378484029653384,1.6111346649970026,3.6356442968701774,-2.7630215237801155,-2.302295283640502,0.546861482338078,-2.206093432333361,2.0841946143749013,2.6976214704284405,-6.660826758480393,-1.9647953324132157
-4.9235790102347705,6.931611081662633,8.761395566779534,-8.31585208135132,-9.288243177938396,-10.881144153288938,16.030914656561986,-2.856094991570415,-2.2162645285544014,-4.068234165339827,4.627193233575649,-1.4126222615384147,-5.3247703036766,0.1350567936747115,0.513133331981476,-2.453203482574855,-2.2651341081354794,5.788905174808514,-1.1442277324096728,2.9010885838618976,-1.8532840326656217,-7.278508538668976,-1.2303881206867648,0.3326097083179851,1.9807328631209171,0.7270854133684393,-1.108164002301361,-7.632820854766162,4.504976929933162,-3.518942832649145,-0.2828437332939569,3.0484664130914174,2.439784221177125,10.018996151055902,3.2213019051141996,-2.0022064236440316,0.4834034060345335,6.0165372008961056,3.5834526159003803,-2.748120327334209,-0.5265154876507011,1.7092593751922638,-3.0039838661924456,6.120023404636771,0.9809211932682096,8.562672387089936,0.5318750054703179,1.4025845438821514,-2.521624490668857,5.633971152445388,-4.359359203039671,-0.19865754682502532,-6.707734870666213,1.3566790871601186,2.7249026962085887,2.191539593402188,0.136602062921186,-2.7613668945334906,-12.191890975119751,-5.265695250791777,-8.003539310601614,-8.62007840265677,3.149388201561949,0.11148614265015941
-13.10597913365298,58.89860311408296,-28.526642909813706,-10.800713431491646,17.72000163426507,3.9318281743561765,-5.97631092053068,6.248444347088219,2.5986097265399315,2.174707447759729,1.2370230392038974,-7.634431010909831,-1.024351385606121,3.4504934151234785,1.4261891664579058,6.535610603603869,-1.559610511507215,6.155157424174305,4.068550378549538,1.4695182250322127,0.8238677010216737,1.3818434721191806,-16.252572271939407,3.9859279293509826,1.5119265219018825,-7.038649752911823,1.9332507891779602,1.1935896398108106,0.8048929521616869,-1.0494452884010947,-5.47573611987987,3.7021712648325846,0.02661628073731086,5.686578408022258,-1.8968805970129052,1.280570499852512,2.3179441327461348,-10.834382663138417,13.082981658011061,-4.685440046069246,0.7471080984156596,0.6786717548462301,1.358297380285972,-1.81228534035104,3.084298921449852,1.4218768683730512,3.6740995454997734,1.9274834081069523,2.7471802636278966,-1.7445992398979175,1.2986858966599581,-2.6226230688320458,1.3539166209191222,1.6216542940561982,-2.7983337322941404,-3.2018483388954957,0.5097463120953167,2.7796515199162997,2.71598937040961,2.633817592429703,0.5611021977804913,-1.0777699855505178,0.8860172529391076,-0.5073206837647926
-17.591938565082827,-11.460114734929224,-6.552627831990157,-1.3841045059934076,7.570068346608156,-1.5952350689649357,6.005481189324506,-2.2330894077815535,-4.383725907364196,-2.568156029396838,0.1110680894457145,-1.932046507882155,1.633271973728287,-0.6369576946810275,-2.013364465188738,-3.8803886618685204,4.138781764019419,-0.20744483474366043,-4.706936492371983,0.9569832195675714,-2.515368798417093,1.9482123027342626,-2.6436632044765513,7.609253232009505,-8.526973152437037,13.424578776447447,-17.508345138660918,-2.0503464665968942,-1.0154351414444063,1.7696683166814358,-3.673953144296611,-4.153521372898369,-14.088260155736084,-12.248568814134163,10.07228504292809,-20.72463098136558,7.911583458084192,-3.1958058353613454,2.0791698117258233,7.156949103097015,6.801477750547671,4.3385849319031875,-14.613987993702095,-6.452760027946761,9.827435444109273,1.639454548863794,18.717864969913002,-1.0522208078053392,7.927891237152643,-1.415097663503894,7.679832595743951,2.845738378054108,8.139392240513628,-1.7557357178304152,-0.16556939134754295,13.278627895556141,2.3734426293636828,-6.602517489942649,-9.429713257746794,5.771711075206963,11.285200957272025,3.1828220936987583,-6.259474753730879,6.792105090502189
42.91438332028401,11.076899263065922,-15.842170556880362,9.482440888499882,25.364359575578735,3.1969326122510715,7.157132340985654,16.946133695948845,2.709911384274235,9.175880792659393,-2.409589314000384,-4.220404840816451,6.372324785077887,5.703981222544504,8.862471079778377,7.805353402092598,0.2811545826649707,9.888136687184726,7.610994893151263,1.9993438412874092,-0.16831477465730463,0.7352947879737044,-11.472580023324758,-1.749679549678721,3.908180095600168,-1.8309787964093207,-0.09290090789873919,-1.074747727321235,9.182467577037485,-0.8736038982305282,-6.23919084902553,1.1132224738802163,0.3301912359957477,7.7540746438741985,-1.5791241662934417,-4.145491664049951,0.4593365655343419,-4.6139305720017605,10.266702418922689,-2.815563905769744,3.566866605507619,5.778533058226017,5.054217901126609,-3.2577055783306306,1.863797488879927,0.30906004024151484,5.584639264787557,1.4328313665783121,1.1154604403008037,-2.7004993053186817,1.6857892520756734,-2.459290420633158,-2.7114055395220342,3.2791002089253336,-4.281427919070239,-2.7338072771407567,-0.763018555932643,0.6079851385331574,0.09548173178211856,-0.149055967718595,-1.7098210689178976,-0.5732978778558417,2.6898035512433487,3.818525421119506
33.56949541963091,-8.469818553032024,-4.370435548990402,3.1008987225325733,-6.169930112865858,-3.0430610740880537,0.06879724878740248,-2.9994325051537527,-1.8995848734239789,0.24821012761794026,-3.7676638290340727,-1.2373687255706736,0.3359491019495732,-1.6235774040186637,-7.654955055362849,1.1308036278850955,3.28789904774048,0.06749241924489188,-1.3269374233619087,2.0008641860316563,-1.894376162556015,-2.289910302567269,5.442988664705824,-16.03085608044134,2.128692613611526,4.839039052437099,-10.400779267326808,-9.999765370145457,2.2747890741668733,4.174328859001495,-1.0600358333554876,-9.985260141244742,11.799147259469471,-8.865912765641772,-25.816730825905328,6.630063215224429,5.831882827205441,3.9392978943465806,10.207649836880963,1.037158610217682,-2.503888415604058,0.8679771514196153,-1.5943868048547105,-10.446299741098025,3.590922063999073,2.946062920649048,8.201451443434177,3.4320414192975393,4.355174880828919,-3.9493087886298364,-7.308162393502851,-6.16537834095822,4.143076710875694,-2.540912612181865,4.263874517002755,1.4087241919709519,1.471961736618963,-1.6854346691791062,-4.103381877274018,-2.306432212740954,-3.205470786458511,2.2433326137755625,-1.76826904616715,1.3908622985775654
-19.26044962260375,-10.940401876587652,-11.723678891096007,1.289708554593089,8.891019385575344,-4.430834720015059,3.5638925666281187,-5.275383308393025,-4.9875373066959625,-0.14213836068861957,-5.985692228085742,-2.4288803580802636,-0.06765242135735393,3.0277766266548527,-5.455141369467574,-13.809378483016538,-4.042710304088429,-0.07481013511907081,-4.623121095920772,-2.7027818854425263,-1.5649968981322364,-1.030088580000052,8.085383391965408,-0.8198231620107146,5.128201352384332,-14.604673165939799,0.9816133676881279,-6.319861209832117,0.2596122269081043,-7.663695976853234,-2.2222171401917796,1.8176226844002963,3.4708355505293613,16.4955385878009,-8.054393864454752,1.5453612039923748,4.860529410152343,-7.563760803415084,-6.168308886419006,16.255470614777344,31.797317944496413,-7.636737663255548,10.38504825153438,9.197070436655853,13.509579446757497,-3.3203588159925155,-2.536703069989064,-10.238780436685042,9.412106029804608,1.5024396782121874,-0.019081914658557065,8.962425677837983,-9.752746095008527,1.2426597747718762,-2.5666062869110298,19.80746270509663,-2.7454023964848404,-2.707897111314996,11.117687159519694,3.9902800755239896,1.4464062559352653,2.406790057746383,-2.085683409650971,-0.5663275460119745
-3.5570539910014167,9.585040094660911,11.626571057442376,-9.377426959391709,-12.82010004818688,-9.059533390161706,13.220702520617632,1.1065149537009724,-4.782449963980897,0.914956050940988,3.8739556333221046,0.3567145951282389,-3.625055190744099,1.1311946048988117,-0.898177397822976,-3.6042036832748714,-4.147325123734772,3.3967158471777186,-4.523242145264588,3.089659071420588,-0.5516256026187129,-7.109181708419868,-7.703674151221707,-2.458966996989157,1.7410788326708897,1.1838221703360736,5.407367448149678,-10.286389835564622,2.052576757537298,-2.844126920457461,0.21269959563777358,1.9675071905286536,-3.4042815003688696,6.348733964065032,-3.1539268504602087,1.2110699026976397,-2.2022610108418283,4.720320042343813,-0.11730162485511035,3.054820622546735,1.2057612769305062,5.1275885571808795,-0.8868761146992491,-1.117592088946653,-2.3026571235927706,-1.540100235535491,0.41693522082464374,-0.18294007899591982,-4.722448209383715,4.114664678840133,1.7801673402933949,-3.1277000527896286,-0.3599815369047685,-0.9078685663444159,-0.1992668513353563,-3.111080426644398,0.041464746014247156,-5.924016727637647,0.6998895816021196,-1.283470542211682,-2.5192847973859096,-1.6427900955012158,0.5931957575736939,0.6902874167703815
-14.403777888052643,47.30423425708969,1.2084050530877555,34.01140385660719,23.07767410299008,0.626726162008516,16.02967853018224,27.58408196369188,2.1753986405913186,12.553444583062122,-5.233899557663172,-5.12664591680499,2.738331036587712,3.042578884935847,4.68622949829654,7.694698571581508,-0.33485009457031284,8.252877918106295,-1.1810684051073193,6.1394336050565785,1.002310841424347,-0.3374100506197234,-9.635916814244611,0.10830795829990197,0.0625270170212195,-2.8024055666607013,-1.2578119180834977,-2.8851534758403767,2.39966321248892,-4.3960555887937565,4.327580620367903,4.85403920874752,-4.2689645032227075,4.927942681674113,-2.7460452564748175,-1.5049259058865334,2.4065211693605093,-5.842797790722634,12.130189870487309,-4.103277436022746,0.09591897268605878,1.9572249558038728,-0.2740954469581741,0.31769678595034667,0.5579129803889956,-4.385976395126158,0.7629484341728394,-2.2395162077298134,-0.9100970367588663,0.8700798473528398,-1.961639666873299,-0.7165731901614851,-0.11128599736726709,-2.5672929230548207,1.2313080004041324,0.1251228235771923,-1.2541940043530588,1.9045268221728167,0.5202612764281442,-0.5965719670584704,0.012539192774303841,0.5719622782611145,0.5279250703695071,0.46111220095609295
-10.263633171543711,2.706632929145767,7.614933895151088,-5.644163878328448,-8.35625247779445,-8.205850922465947,8.257692787435895,0.0716811138818933,7.8963680669010365,-0.7956149998602389,1.9083736510772416,2.5066606259197095,-3.547542894896768,-3.4351520102479913,13.266409519983455,8.562582788740015,-4.466712998799473,-3.141967623493573,15.886086119883489,17.856472912399866,30.17482799205335,-0.694541713374149,2.2202732703057553,-25.393569159220828,-1.0135300932796132,3.1459331927634024,0.7043098361163859,7.582064351792969,-22.427021553841783,-5.961408108825756,-0.34720360816111734,-16.17272731038846,-4.286556247937748,14.857013971402832,11.240624257669076,3.6750225665426233,1.272594708892975,-15.678382005535564,1.1492659235909497,5.3925363175908965,0.5692828772244177,2.54622501801419,-3.499153871118062,-4.357391863892854,-2.3294412668272426,4.2119017169516235,2.968850539297643,2.4918154941263477,-1.4319002754165275,2.0357744071824704,-0.384214870305945,3.0344807908569353,2.143262279510879,6.698850722796437,-1.373971974524651,6.093988809805844,2.6790668889616582,0.45061199846875455,-4.14560780484831,-2.5160637321544037,-9.26290788438669,-1.534235038002399,-5.047054212655517,-1.737394457880141
-17.45345351700081,-10.49143527957352,-11.44382371628008,1.2539798866384355,10.584855719346583,-3.932024852749504,2.929713471761126,-5.361722425557437,-3.8241505735646384,0.030892549463288708,-3.491083130752564,-3.226976673470741,0.3815909164960624,0.9048185044207635,-4.5541591606771314,-8.43540150675177,-1.86276373980227,0.22765928591888174,-2.482003734875693,-1.2416767217849718,-0.7155672348277454,-2.9010396011657056,3.2909149599818908,-0.9022579721767469,4.185902872844121,-1.7402215120896645,9.00840412279208,-7.426428567014257,-3.8750623642065585,-3.009991070878502,2.215753774693645,-1.2584481826428382,3.0920520104234854,3.9977017702158357,-0.7697674236773345,-1.8375547731133604,-4.837566104208671,0.8192392829377281,2.0690147365143634,-3.4616779389005368,-1.7310063580918973,-0.23102796362838074,-1.6833500226590665,3.278900385857918,-6.168315646549208,3.195319281638039,4.42566573892277,-0.16651953550399834,1.5018525518012569,-1.7582153880874203,1.6847919771038713,-0.6799518955304776,-1.771606626499842,1.1928665475477316,-2.299030883099265,1.5987340898132079,-1.2630462480649163,-3.8376903593478255,5.397311576978734,-4.460274057931739,7.077809532175062,-5.720125830971689,-2.899402947854075,0.32627413012692186
40.11318277311072,3.9618575521711965,-15.565141496649254,-4.833896846511677,5.428389597134488,3.298324315341782,-16.868772471476138,-12.296323049313274,7.638327274810042,-1.4212070860928228,3.6077781971037512,0.13284650929966507,-6.770484343494539,-4.454656596348648,3.6049044253145763,1.70835931726583,2.1134734680530376,6.220302491629964,-6.843199982385978,6.538069587070518,2.8092247402211785,-3.3221975630235367,5.9027155641837235,-2.3295271436150786,0.6561507827774481,4.403453824799186,-5.217749523206365,0.4883971404072008,4.572157899328445,0.033364388685680375,-2.4610117864191436,1.3015509258480207,5.616120726456088,3.936541316137774,0.6360839710110245,-4.626080374977404,-12.19486523705524,0.44292525400180316,8.230882173720143,5.407610462529315,6.788778343225591,0.7350831573610561,2.14207802516662,1.0076582080964054,-5.143946765618587,3.619368676902382,6.3118830588316905,1.5941016832574795,-5.89825743147998,9.290230629873742,2.4375070933044958,2.315361825483873,-2.701714531285362,-8.637366628381143,9.222723158900273,2.021290835162718,-1.8393171039920795,1.29966474062661,1.4739809763498466,3.761372549418756,-6.649346857267342,2.856608987832098,8.59281328277695,0.25354047524191353
-21.576164385704512,-2.099073286189243,-14.357271201298184,6.861397924286113,-2.2452617094974014,-3.9226266315046283,0.2621958138287192,-2.195724412052791,0.393075295346523,0.2955363264438311,-6.412963996816551,-11.483266492551145,2.8821189842632156,-1.4182962797167638,-9.718190583263889,1.6176465250015695,2.1737390769432317,6.479395069725119,-0.6296946629889413,2.8636410569443087,1.9171996129103142,-6.820988385856913,-4.285414159522534,-4.872550843182819,0.7558327442115922,-3.796687375663156,3.9424953338116318,1.6100854683179733,-3.02756239360096,-4.467146213616996,-2.5548645604044293,3.3920807541028366,4.120856123160941,-8.49959958860227,2.4619452705835023,4.349750467728746,-6.227787848662979,-0.3954814917251751,1.326677995599231,0.6255851473985474,-1.233306374884886,-2.761596179851524,-0.27660963105829894,3.623007356798288,1.2041717832559324,3.6261385921077496,-4.472081119745283,4.084195280681179,-0.37320574417399394,1.1423750178338175,0.44234647981158914,-3.0320321883088486,4.004916628419634,-2.6627338372354794,-4.088863410152341,-0.35036496722565647,-2.1398730077055084,5.147120403729933,1.295734025738031,-0.1752095722548572,4.595795536072897,-1.6335706660635048,-5.033239030341771,0.5568606312520208
12.777837528911297,3.047723556090547,13.17474944705681,-4.993825762695839,-15.56682155936287,7.317509016009853,-13.364564648593513,10.891545990362182,-34.12734863764326,13.45341240918215,0.8280635897694415,1.6799400751759963,-5.563846988352398,8.326753136892702,0.7241453022509238,-6.285210691370891,-12.544729447099286,6.318884523416527,1.9127848363822777,3.4292363976203646,-3.3643871997625965,2.107842649985065,-5.547777701354304,0.22490418581014848,3.733608194889761,-9.329024127878249,2.959517242126994,6.916776738166892,-4.697971319966459,-4.660433633586367,-7.593166863718141,-9.22080247277343,-7.673942520647075,-0.7817565313778854,-0.7505291616304577,-4.629014954258345,-0.1298541514013412,12.16591780729069,-2.848539084376536,-1.115766054413291,4.2021246657982605,-7.261477499105693,-1.2700695797445392,-1.2068084524726725,-7.053036901690298,-9.5069974888245,5.738396848116347,6.016222042594759,-0.5228685562638202,0.6241413353464675,-2.1668903539629567,3.3583362029509396,4.224760289415283,-10.867817595635898,6.300855679158581,3.9745896266517042,-4.502725774508332,0.4089634995004293,-0.3081413309168752,2.9710677238794565,-0.11381557222096732,-6.501291574115713,-1.1649023778888947,4.60148484477741
-6.9902504478092204,39.80453240703968,15.17596711545756,22.317693067606637,13.400980970597459,-2.9632419424922114,18.14520878830585,21.426352236337703,1.0767442343134597,8.280599988051412,-1.564054813251674,1.8259068370455913,2.617467141215923,-2.4319994293377496,6.319782944159351,0.9095031112333671,0.9885448347700634,3.4982335445994313,-1.9091735046956329,7.271008225268594,1.2418613194009371,-0.2998274941598831,4.09350130135714,4.365728187151613,-2.7514145072065954,-1.1731485327449813,-0.9852864141684564,2.2908983156526674,-6.536319110358714,6.309052110373158,10.693025450088811,-3.0461484333505022,6.888987233795806,4.182185677448533,-1.9456572620415784,-5.869632256079902,0.8014759301380032,8.36134451978795,4.635127191494172,6.83649660143879,0.24199952134372266,5.309838311564039,-1.3393711685203085,3.79639431908648,0.983533815543052,-0.8863912796750972,-1.2965509607070345,-1.2053948366993976,-3.7216423754604078,0.5566993283273715,4.503823271840911,-2.303606012221821,-5.491612438899824,-0.20384151969168546,-1.0889528731485951,4.82866461930047,-5.931678683928338,-2.4108214925025377,-1.6069635695779898,-2.6177765031895803,-3.1469426769293856,-0.013793504645709187,-1.7076422250270729,-2.812888025700282
22.528628059623582,20.990393835603683,7.998684768112989,-8.216090915397176,13.562931464875076,1.3525547375707727,-4.01829528314375,2.0014350966659853,-4.12165078593254,5.566020663464938,-10.38818848675632,-0.29964360457994454,5.084010505831099,-5.870187315710165,-10.917135270009961,-7.276176157046801,2.0853035368530506,-6.437546489859618,3.926971839314695,-8.05834403172127,-3.131263923653167,-1.065243755253185,10.027516843137136,-5.052535250225583,-1.279159616175563,4.346136538433112,-6.837629119420103,3.863455081721205,-4.119850176283829,3.427588531144112,-4.810994195885005,-6.442705364903441,0.5617961266995601,-11.662839737760766,-1.2108506283325084,6.770003464610644,0.8826963854539642,3.551631578619595,-8.414070240673565,-5.903103903980128,-5.050710135890879,4.4978437367902515,-10.06244014397423,10.547099609791134,5.559556107701495,-7.945766573810454,-3.419750780676489,-2.881470446308519,-0.4337315973782363,4.474519800879676,1.882700504245473,13.301202428127331,-3.6670664957462025,-4.8100174589356595,-3.4676204708830656,-1.467899399993213,-1.6559903695362037,12.035882880093602,-3.2323977400221726,-6.720297123658661,-1.2826221806162847,-0.07914147143220378,-6.341118977607632,-10.188948911932652
-18.59668608441278,-11.107563901091064,-8.630560640716478,-0.1847954419602571,7.14064055151832,-2.3074769688557257,-4.033629999116686,-0.4444319984395404,3.597283206514213,3.3006828668907873,-4.134481379604481,2.755232082237395,1.5603422768217186,0.690983805047433,1.5282365823800321,-7.45139721069524,-3.5327512941650565,-5.412680821160845,-2.03812257931148,5.988732564329354,10.442650442637595,3.0125628672767375,2.9778553391993268,2.321163743733781,-1.2234808352090238,4.016952820093823,-13.86523130486685,0.15394371237179086,-12.11929887358851,-3.771263486253294,-8.307482062146617,14.524615112182428,-11.868002501715244,-0.48194451872219624,-1.2530363089332666,-16.609851935089804,-0.0005607760785546882,4.286482963770119,-1.1121464790948206,-6.462128164554863,-2.49557474290815,3.641403039331602,-1.4145275294524424,-14.892248196379871,7.252212091317505,0.9553072880581773,11.120709111918135,0.3883871723590257,5.219382479615894,-8.790637750996867,9.57865560797036,6.807582316265805,4.427458979171642,10.452736180197288,-2.491291455770675,6.908272861735538,7.196232115121943,4.769959975862153,-6.45064877229351,5.187881497092723,-3.9300657542713324,7.6716996106158355,-6.514654568898541,3.546514532352001
-24.125331521600668,14.58087172994661,-9.381611648514221,4.285611914690313,-25.407450514651593,-9.779427465192459,-11.287493517059197,8.758519293285449,21.06221379224833,19.299387890878076,1.967532655830848,-27.97354382933458,-0.5935088698884043,-11.459081719026974,8.49317814595773,-8.734476745629392,-0.8548823108957322,11.212477368980823,-10.418873060759669,5.971007950094613,-1.3563212772473838,-4.893795676018303,-3.686996959222539,1.930340796611479,-10.594706700130574,0.31569638105958736,6.188836475027373,2.6224419541788526,-3.74213184788924,8.783734076646443,7.1434324371959095,-5.42423255621041,-1.7357659466927366,4.630335194914999,-5.208118808984783,-0.2847439434374945,2.82111193164938,-1.7180019878200523,4.282354223154109,3.92249642157507,-0.028750690451341553,-4.3837935604721565,-1.7190665682915953,-1.613355004019823,-3.682017596031534,7.6557848158676185,-8.68627603864669,-4.715565055834036,-1.4097395139671645,-8.419736465831782,-6.992671617464819,7.054510390805283,-3.284130332952881,-1.375809137433702,-2.332255940716303,-2.9999440337493795,11.440024802837359,-2.507770624328956,-5.87746243085235,-4.978306992966339,9.705680110505574,-1.35547204154755,-2.7523575035682333,9.956100317760425
-18.660307367889054,-12.05761339282523,-8.73528053402818,-2.019645831904396,10.539154759280661,-6.050945424739456,3.48106816982168,-2.720715224916839,-4.288469538713926,-1.1634963753509513,0.6676311677354395,-3.420196233443401,-2.378192010502255,7.474497476309894,-0.43400532553544735,-10.827886665471677,-4.507072818361775,0.16199955482071823,-4.41643466709198,-0.7464691289543376,-5.1489234651590525,-4.1063093579988355,21.914447923513798,6.709878089706309,9.808442797554317,-19.53078483236549,-12.421742272055216,23.546073540199966,11.103509764890635,-2.579454531163673,-1.8886667530158547,5.291702860079394,-2.9428873862843057,7.729576515961768,4.275772097702264,14.590176943981591,13.19501132988729,0.4890054232522136,13.431578337640257,16.280404880292913,-22.38691151468838,2.549978806856171,-4.384250079212086,-7.691403359789434,-2.6285889865031717,1.283119992167443,4.176321968567611,1.503777490944932,-0.8458851054972198,-7.007483756776006,-0.2776384541623648,-1.907851160787991,-3.2906734355572658,2.0840048803555433,0.49716054314974545,1.501884836644766,3.7417312984926476,0.5134128041066337,4.534728451065016,-1.8427380602264034,0.2281842473280776,0.6418754006551873,2.83208023296702,4.5467883926686765
-11.934442768553627,-6.8629242552193475,2.833140492037501,4.347617889860059,4.315020522446919,0.3729755816946423,-2.9034445486728844,-6.443566283527011,1.2543519113947244,-4.145334623239088,5.036202629787505,0.7948326361635022,-7.561440244003106,-2.278752448342689,1.4793882374622929,-0.04366391011376665,4.02133920815537,2.777722865591728,9.916516508089913,-5.113258305321369,0.12042299608696438,0.3713551195878901,-7.0014558555709145,-0.7561942455221985,0.623457339179514,1.1977007212184514,-5.984830809068897,3.613266052846436,3.819763666318223,3.4245928530779004,-8.042351921091814,-0.6861370551210708,0.8461868117791005,-2.3727314803494615,1.6252087745473676,-3.612649327244903,2.4412837089449324,1.7341521805108282,-9.990802028505202,-2.9550302739940015,-1.4855722003978569,-1.8978686882896787,1.2984325754478734,-5.025941588109481,-0.9265622849128109,-13.681033539418314,-4.127824513277698,1.8888083286833124,-8.73825847426103,-1.7702512362964968,0.35326543517908443,-1.5126634757833506,-2.420922087138068,-4.3851016160084075,-7.593541282163888,-1.1180903803651805,3.443418839207413,-0.5610963579200527,-1.7841819849114162,-1.3028603485184915,2.400002530508949,-1.8821542440905588,7.268650365487648,7.058267591351084
39.15984542385492,-8.362852019393044,-13.871675371689975,7.479435435707501,-8.294758753862904,-0.08962979891455361,5.692480964456059,0.3951390516325138,0.1942363782351998,-0.09409394963800088,-0.415260660821841,1.550782701420294,-1.5852728511299812,-1.55682263702893,-2.9513296533783975,-3.6484785355784153,5.34625590391791,-2.0673479909054775,0.5605140157262816,0.5785002089905072,0.845563999714275,-0.22117908165028896,1.6449151771299844,-1.5330668347145304,3.1690578214872396,5.4252442649152055,0.7781068074552682,-0.8014909876642048,2.999989507946011,1.3927088749588836,1.1285271138032424,-2.5070444499109827,1.1019261914691691,-3.1759556702428617,2.7649346773980956,0.017824722510144796,-2.023341433510292,1.1771479999138945,3.067044641276076,6.276831994676813,0.19418402814238134,2.30007692768044,10.226263668115669,1.1222547396231524,0.547619847219131,-0.2679222155343819,-3.3270440575899416,0.28149942699689084,1.8583148430942555,-0.21338144071885434,4.025644282391276,5.935911787610296,2.2518785773947303,2.5832022774249994,0.8181670466416036,-4.258724494879544,0.9245997227167955,1.1321962801054692,-8.606551587379572,7.49759252564309,0.5441444311293129,-3.572496470256488,4.32243306590579,1.9840021350100456
-3.2082375422843263,-8.072898573383998,11.792294275631711,-2.2736471117730592,0.9552153978174431,10.243261606252426,3.3617883870431915,-5.433929842376123,4.768661739760268,-0.9630222725611799,4.356325843585721,1.1810521510428518,-9.098783655810434,6.903268007457176,-2.0081280442993616,3.3847866632929806,5.918434497906893,-3.3317668669375613,-4.165816499274209,-12.044705288826906,8.492086004632174,-9.012760664005258,-14.09156482001431,3.509941022054863,1.9956424368542198,-3.064565169983767,-2.3294973240707524,0.6901167460599895,3.9511204111936653,10.586201531384937,-7.182563376363624,-8.21772060550629,-2.820131711917019,6.360760752667073,0.09365583643549194,-6.623069726045075,3.247075618137875,3.70451677960218,-6.58897939789537,2.9333779418369392,-6.115814219377759,-2.7336268808730146,7.0843167020933056,-8.882599853594833,4.545845483076294,-4.326821430286591,1.2277538840238225,6.906587254997464,-5.01119397213473,4.7728698451039335,-2.8075256723718156,1.7359805061521554,-3.4617736295204966,-6.343033139450863,-3.4531489188317264,-4.464349673924134,-4.464852742508584,3.7974880792878847,1.6772290594126216,-11.114422068701549,5.6562587083821265,0.17800679363176092,3.592017701666854,5.534608293560875
-15.050945299097956,44.40924535460656,-15.224452889842444,-13.745242661686811,-6.725007450702514,-0.4573265768145279,-3.4242348799655873,-4.255022121952262,0.7582128510505423,-4.4632794391130775,3.6181869158759445,-1.776584639350911,-5.991860287511052,-3.140480009459743,-3.649377072502935,-0.8955464788934234,3.101784370926647,-1.0018666529518763,1.011406937757499,-0.7456023184404157,-1.7463062333553383,-1.4086442739448932,5.903077526422383,-2.482688853711066,-2.578292662258418,3.494894365466329,-2.3716822007840386,4.384661027013628,1.2004637490799062,5.523492662716952,-3.0672076298519984,-1.6235936483082722,1.496737674319792,-3.7173808148611776,1.2647001823648742,-1.4174257840772808,1.645021400260809,-0.5052836009354732,-1.768662747415762,-0.18517136392999523,-0.8070803067909504,-1.690681942652119,4.074851553864439,-0.7468200750006099,-2.078177197950353,-0.2691488684639507,-1.8372962811697495,-2.3784031266798644,5.359832558473523,1.2495980439919567,1.4198353745967063,-0.3076506689184874,3.2745404545173766,0.8213706354020816,0.4525510403981521,-2.9599207647839223,0.798968464819377,-3.0442033418972514,1.5663086420674077,-0.38584036105313824,-2.477285233182619,1.3122741507095033,-1.4360552736113334,-1.5440826875135412
-15.200987875152837,-8.472833527881603,-6.155423460257371,0.9733346157337924,3.2005997512329363,-4.337478211575566,3.055206211556382,-8.025832007931037,-2.076126266322272,-2.137033738681872,-1.7198687448588938,-2.434632069629312,7.45836374287992,5.399311207343531,3.134612078373503,-3.5269840447785534,3.3992550609751158,1.994922376416002,9.387598444557767,-3.3820932173388814,-0.009971087601581224,1.285398058743858,-5.180414038603937,-5.7691066325392635,0.18635840741384932,4.085919467642447,0.24889931099601512,2.3165908070495216,2.6925188504872586,-2.8190918257254762,12.80081113530974,1.7170648298058513,-2.578490829024568,2.976610714316958,-4.1865543060776975,-1.846346448512118,-0.9584753028440628,5.9718961711787655,1.9745706325935746,-0.6274400495486053,0.3428519913835508,3.345995590459498,2.315885232970559,2.998776345768797,-2.617776129576327,-8.701577588698319,-11.108284822653626,-7.690397034481967,-3.892941704045859,2.2323522908835725,-3.1947951736719844,1.5122778779082153,5.110454803948646,-4.149086840292768,15.200673151945272,-0.6103942374659037,-3.4222430947820963,-11.82426032643298,-1.2933248460121816,-3.3141427867515256,-0.9652114276890873,13.565142529803342,-3.199739583162267,-8.11268566255359
-17.994822470840987,-11.109254825046364,-9.339154432517798,0.43737949138651677,6.778328693589521,-1.4374842426788583,-2.261762377329732,-1.8631178349092044,-1.567224783454844,2.2169630826599462,-3.2899161981387692,-0.9508364817945067,-0.026263909264616053,0.09462171633764305,-0.6707588993216184,-1.4409120038706809,0.4270155744732714,-3.6296985544893703,-2.271055261315515,-1.8062708391361224,-0.43242251433434975,-0.03861093903699328,-1.1795695043887513,1.321090151431614,2.0437970932447254,-3.409063753147617,2.9737100517660573,-6.2691617958344175,-5.184329481626273,-4.553905260990686,-0.024635667377370257,1.541567960498055,5.172263311455631,-0.15773529894311475,-2.7793258113677073,-2.4034966726640046,-3.232769911620714,-1.9099928321834254,0.0641383740938581,1.8233397948175745,-2.2897038124939737,-3.231004792319638,-0.3463156322676142,1.9039600036316895,-2.3803679225744374,-0.33347741147391957,2.9867530082514895,0.12734735791854385,2.22693350313264,0.7153906559360383,-0.5511726380132814,-4.8574154383201575,0.5174661226272663,5.978548068987337,-3.226889639986695,-1.4201023530649823,3.04362640197962,-4.06770114885385,0.4765548014633528,-4.411886361281003,3.6122279999823066,2.153310639964629,3.140930202717505,2.682572752113032
-10.66817540754753,-2.657168896799551,3.020809431389633,-3.1077948543806255,-1.4093967850880873,-8.661104734540809,12.268765176187301,-0.37574539778251387,1.5722136049436122,-4.488710004561857,4.311186325889244,-3.921643626457131,-3.899813080247008,0.31893133896278475,3.916267067093227,1.762350778106203,5.141817398482454,9.31972345452669,1.6081802031406556,1.0586787192845528,1.713682868520285,-5.400784609566191,0.7096811053716704,-5.640018679833454,0.04005472726118196,0.21631127154395938,-0.1684348721509372,-1.0474413110419525,2.5421211448982954,1.0086222895023853,-0.3188701709950753,4.6290665284768675,5.573423808440717,-2.909046853302038,0.7025907578804628,-0.5206199737173717,-5.456849332923009,1.9102293739937177,-1.0348689157020117,-7.113859902687831,-1.7666052381285209,-1.0228877657655746,1.1907904085660581,3.417277424904531,-4.343124885688208,3.884077260408333,-0.17720904215881159,2.2778242778970723,-1.4570776621340538,0.3327757898303852,2.53544953653162,-3.3667369136195515,-4.783477542085467,-1.17372147283663,-1.098781692588389,1.5649052598803552,-0.23696201240326503,1.1512613579433177,-0.9452065553528307,-0.6754366905195203,5.226295769780312,-6.470955273247542,-5.601497521485744,-2.262222078527413
-18.023647325303838,-9.377374095907472,-10.033559701052628,0.7461941302719569,8.074651599240516,-0.44507970913417405,-0.1726057203984879,-4.646872070328434,-2.1809425000096994,-0.22719211617331272,-4.017020235623047,-1.0796324095788339,1.4944154909730119,1.9040321601212598,-1.8709697648999168,-8.112154192949754,-2.7974705249416165,-2.9561402338186795,-2.8253219879772566,1.6546941507629882,0.499791661856765,0.9909155145674546,1.9755173909751578,2.3588566443579317,2.6465828639478604,-2.48840048073015,-0.7433708792527622,-4.368601840293881,-2.3364110453449682,-4.463523581579814,-1.1104971945047057,-1.5006768922191374,3.2215428103148094,2.973239586598153,-2.6981950825816345,-4.745693174038409,-4.294050605124891,-4.815310129304437,-1.1438023510399102,-5.27140262597338,0.5053201682095594,-1.9521754065056312,0.9788078281844946,0.3207334345731109,-1.6175275233229405,-2.767912032076126,0.9590859486351595,-3.6783797438780805,-2.824345723463687,-1.7982187014943871,-1.1234866618785857,-2.3573472149242964,-3.866247365172813,2.3885011392029485,-1.413321630956793,-0.7285675210927696,6.112252955276532,-1.6770960955003407,2.3579819046427084,-14.226004286318984,2.9964096172297356,2.56419932885651,-0.5095332389563879,8.735680827062899
-11.53630730053229,-9.744230613844124,3.3118833071468923,-6.23654449188758,3.1546431584016403,-7.925706421411317,8.16989618806054,-0.04475674389763681,0.8631679114251439,2.2862037344340354,-2.7107835093835506,3.3139045685629442,-6.811512342461845,-2.471269040600527,6.567346914551614,9.981470728798339,-4.00101343296069,-16.792042838355723,-4.527666631920139,4.163845440342621,-5.607644714915427,13.030637077551093,-11.470761526112247,-25.344733375165944,-9.038755439460775,-8.625077682763084,0.7619655915860908,-11.094697083410207,7.3511184015314095,16.172874032854306,1.1640127911917477,3.134629338723891,15.805370236973783,-14.760189355177095,-12.763490643598908,7.315858306567259,11.635937801696569,10.549888951142961,6.955007490269139,2.8965693278231193,2.533681263489207,-5.193796052953082,-4.259445915609878,0.37570198763155943,-7.560788938310292,9.772892779171636,9.605902173306712,-1.320812089480031,-5.631654075763342,-0.6475737221967572,1.2654514111325235,5.310805473612186,2.695035433190053,1.2602688336504517,0.9273520091905584,-1.1456339002121745,0.11170847135646791,-0.5237019886019996,2.9640761947473737,6.474692542012465,3.809866061513903,4.75062715028384,0.10713876998375409,-1.998228471021924
-17.71652830141905,-11.767097608177348,-7.072140002596894,-1.7988455606097864,5.8843080486661625,-4.882696953940248,2.895243483787452,-1.7169647581544976,-1.9523962145415412,2.8381831825831423,-0.7330421959854099,-0.944859429032579,-1.9417375728851476,1.2623540174019523,-0.17207056172847174,-0.7788429133173997,2.2583546090269206,2.5655282281083953,-2.486134493698445,-0.6807649738873524,-4.868724758689133,-2.1373156141210234,0.4677630179296753,-7.553880880677652,-1.3117625783540696,1.806103705312815,3.3907748850877613,-6.466937295932141,-4.084893503417594,5.210686693383968,4.00719023725801,-0.38434933090107004,6.135978280117611,-6.226891530464624,-11.551208112653448,1.316620885072857,4.016537591177928,2.7205047760119823,3.0088930496361823,-1.9048655357465525,-2.903478172972733,-1.1742848470617049,-4.557812685495418,2.4415334154794497,-0.21023425766086346,1.0719789631108259,5.015036413643264,3.1608475032061514,1.6512263311587205,1.5250416985628974,3.324942346783395,-5.561915174595688,5.281161573139074,2.640583269178482,2.0522460399489093,2.4641165991805374,-1.017689439580086,-1.3734726582712888,-2.0238163674882803,6.18737440901121,-0.7874077392615115,-4.68178698777095,4.016211846412264,-2.824306846857153
-10.492249532290609,-10.097128922206151,4.081914569254037,-2.0009393854984805,-7.626245194888739,-2.405865723220272,-22.7464906788275,14.876028941349103,16.778338831593736,14.774610184045551,-0.010985774897938193,-9.881204520163228,-11.360970246345921,4.850775889332199,24.44054077557082,-21.554715009492323,-7.192655258454544,3.723897928902239,-5.326030478204035,-2.897344013261223,12.579196742068893,6.683185792509681,2.3412535198252997,-9.627594098174555,3.738974363652611,15.240953378310422,-6.415019135439038,5.841744509416226,-4.41622822648535,2.922247728861425,1.2899048915255733,12.803334782020897,-1.1971830884563817,0.12561290026161034,3.257845610794273,-12.090037306891054,-4.372576497997048,-1.1617655617994698,5.031862416498003,-1.7503577667991952,0.4860043451598644,1.9729201966383927,-2.90204792655005,-4.037865779343998,6.8269668716087635,4.938501681147197,-2.662501530813751,9.354482690973605,4.910650519921403,-12.50066337931249,-6.696913691814203,4.621474609299577,-3.275031535345394,-0.001333188928487883,-6.656253732374122,-6.219059777213797,1.5592367928500186,6.797190764139087,3.7476840547148105,-0.7286018937573494,1.0451243432490995,11.101083031563073,-8.128884449880237,-6.836239237692305
-18.772615633304923,-10.870789161605497,-6.018745974043853,-2.957944136259064,3.289586185227998,4.071371766362767,0.6715444997002492,2.5220810363298938,-11.355126094810327,6.275701039839915,10.269076540312074,2.4082126085223257,4.632096130109737,5.711079838833541,3.596668680034975,-3.040830837454149,-2.751889679197554,4.324243187443251,-9.692109238587225,2.5158808304131703,0.9805419762719887,3.471409659322741,1.2487832517676452,5.700499918006275,-0.9816274339224985,5.029571180885881,-4.9462124289778036,-2.226005089278365,9.15414621884146,-1.239562966468079,-7.048807537343714,1.372077882502053,1.7261650514212554,0.22798816010156736,-9.389045417227942,5.033802064991357,7.021371841557381,-11.992545288171943,-9.357700982892927,-5.276442339787224,-10.165905519342047,3.3567056295294413,4.742180916233552,-1.23778669434192,-8.323618947549019,16.15205018002608,-3.7276474167287716,-8.434059826813069,-12.91137263528181,23.611265457146295,10.379612339660557,-3.8380092502117633,-8.687572068115449,-6.656719635820931,-4.332509643899906,-2.6975209227196113,-1.8241124411755127,-0.291456630786931,-7.986043696313888,3.9684454663036393,-6.381555586843705,14.887852453772954,-1.3288066012473523,-7.180419031626459
-14.105991695573804,-7.292652858254046,-4.677858746480994,1.4777038738383574,2.7443132588268457,1.1421455218466467,-0.3840412720829556,-1.9957252208468579,0.9649062594501723,-0.8980650864094978,-1.6222835096707933,-0.7492503314184805,1.567183805375577,2.584430500776224,1.3324925976629738,-0.8942211292659145,3.425071858617671,2.260782290224213,5.394810478805594,0.5450891312794456,1.568259339649809,0.08301998703322488,-5.25551692158241,-0.20730631718564463,1.6860769900110577,-0.8402334943730503,-7.379637374686357,3.7957172911351664,3.0560922873812935,-0.6165268483731305,-0.46191654988405767,1.530475048002937,-1.4542001383238474,-3.6320333329092938,-2.728562761875908,-2.828123994807205,-0.5842434198695508,-2.4901273184046957,-4.131638336301894,-5.286452170872599,-3.557285015926078,-1.6499553263232143,3.1071671216584407,3.606763153883465,-5.51104836990106,-10.998697152540398,-5.749594612355514,2.679423420285158,-6.482996612719803,-1.9680280734037638,0.19776568977739212,-0.9336394233683188,-1.5373914682232788,1.172399030382136,5.863267868238603,-1.5777707617635859,5.378935486821363,-4.434901037168789,-3.131929378600272,0.12681028809192316,-3.3521582512313985,1.1399240940914876,-2.4967897073629857,-0.2431809225374276
-24.45998429477497,6.284067782112191,-17.413535063906814,8.480733306661405,-10.203696639809092,-5.447681544417448,3.603833773396208,-3.1030980653653,-0.18159224931231688,-1.9611505107003349,-5.859021593354679,-13.813784681158818,1.3535113129106535,-0.24248323723322074,-11.348405509907499,3.2418116234931684,1.0669103080960898,6.950301159634163,-2.022947162439985,5.676451603662577,2.41481524694853,-7.972019532252172,-4.235348977606228,-1.371961062360889,0.5892951171550374,-5.695670420375242,6.2258936561117775,-0.5902400511536215,-4.695271869846897,-4.166110088821655,-5.017168814297393,4.013232755466602,6.134088305697653,-0.6345341498133974,1.0405853814706705,1.8499690338286618,-7.431402456810038,-1.814570986155011,0.27848432079099755,0.12170549470974144,0.2954131417509649,1.7683331721662872,-3.093017584944695,3.210117606056986,0.21058212971327406,10.869562228799978,-1.1534052215961255,0.3699586835056909,0.04848548411333269,0.8886293520835364,2.7474925186359234,-1.7577202064958095,4.045961511691044,4.014694862695525,-5.826573344087377,-1.5329799067967371,-3.243388693390231,-0.8813559439424274,2.1534074400436385,-5.405515231852254,0.8732528422220489,2.0855809698001293,-2.5026140994326873,-5.139779474887914
-16.59175191931389,-11.23285854187046,-5.1756938184676775,-2.98532366324248,5.048589947988855,-4.896685503450439,2.2036130432974708,-2.421828888459461,5.68510061822806,10.66330386132616,-8.3076637459956,13.821393397089365,-4.643603156723511,-4.2505829803502735,0.4534410311982869,8.125648047551069,0.033818210697815106,6.786209962450856,-5.616852848327495,0.031326641855003313,-9.182492216689463,1.0678468687757887,-2.098855604719842,1.6179030373990015,0.587406357516679,3.146632851135429,2.186399529008803,2.3178794090438264,-3.7405792013859784,0.9613704149219303,7.936063715260562,-4.708839072746004,-2.0464431261174925,0.5924518314542958,3.7727169281871347,-5.109855145816409,5.347394367413224,-0.22898825017049995,-5.976889218515621,-1.226117097561627,3.1063289405617165,-9.754899330071593,0.9749386014617107,-4.681717325270275,-9.515836827289691,-2.6549436265454123,2.469266108152522,-0.7510817966230493,1.6381583588403572,-0.04306747738623329,-5.498127507457953,-8.542523060604468,5.817822678157931,-2.1074494958890955,-3.3513614841397903,-9.202884407844596,8.575859010253817,6.8867180626169695,-6.754552410330513,1.2405236317778665,-5.119812942276382,-2.5081986858042944,-1.3381159667884066,-8.128614852036264
15.181355510783932,-8.232186101518746,11.02797970002889,-8.105210581571308,1.405092800007741,-7.252990877138428,3.823320101733129,-3.557603566654169,-5.002672693590532,1.6144790763154424,-7.67529476205672,-7.686353649825501,0.8703408853368325,-4.987909478577916,-6.6387758005363455,2.129844325574262,-0.9884103484887425,3.125895598900774,0.42017717750141004,0.8857707601851329,-0.20245078556658622,-4.082536667247792,-2.3430908138825868,-5.048234233483086,0.3812441627285788,-0.26002826631119874,6.895845239490002,2.9634300018084327,-1.2380437542798108,-2.3894372540914985,-0.7031811551268677,0.16767430978892056,-6.237467809887863,0.6396388074502114,2.8213695551192983,4.37999946227245,-4.976924679682681,-5.124298691590134,-1.8611665662687147,-4.692549729685493,0.2174608611696105,-0.9770377369085911,-8.677588001071225,-1.1361685205639473,-4.381950313852512,-0.4447151432124511,-3.5062243892516296,4.071449174417878,1.9456324713407442,2.3059729078000615,2.005269661396209,2.4550412088113913,1.7200137820025219,3.00916895667417,-2.1004979068080267,4.685130552036404,-7.634471992657152,-1.5658259556784824,-2.364123859628134,1.9801059174073978,-1.3302860713610993,1.4346638619635876,4.093340053231163,5.885182408385165
0.44028464730266886,-5.739895055153675,13.491224498915473,-7.4360974171948495,-7.200570871135037,13.677105995193628,7.404270491501192,1.0554184848112806,-0.32707855954723963,1.3471867672694458,0.4182625333159751,2.595447044513961,-1.525157415631093,3.553079803069954,7.153527822300164,-7.174054192840035,43.68500458966135,-3.4102633918158145,-4.110462623491434,7.193771637132127,5.117696030819608,28.080337951969824,-1.7753438566339728,5.261176760617034,12.38066282114964,-4.502370013746189,8.31286314006563,-0.370930063433027,3.733931661142667,-11.381982729840017,-4.679369319378059,1.8550740858438552,3.4979401841442446,-1.3127952464168047,-0.7155195968528397,8.400710643843595,-1.8849809760776943,1.2050347402492572,-0.3646662808859233,-1.5639083767574324,5.578347981169488,6.136223559710608,-4.494099925695088,-2.602031409925837,6.57875480572863,5.193407525414821,-0.02291181954518002,0.8848588025564197,-1.349214602555618,0.3806861263532476,0.8415063867098603,-2.5122722972936966,1.9213819092634312,-1.8718082747045124,4.062935722334599,-0.22430361607015312,7.254231056822986,4.237194908074756,-1.1223679151712702,0.41807349906594526,-0.08943149826245847,-2.400133620907894,-0.5745507911370107,0.33416814579280235
-18.928641453559436,42.74373307604201,-18.478571772093918,-9.787037070879338,-10.863040197101704,-2.098893161046222,-6.495401440821666,-0.7161418757099436,5.398497941962016,-2.502632300908865,2.463024277114129,-6.21293383523741,0.014438998906863633,-2.2856141962763803,-13.350210600948083,8.773444430855408,-4.831572050307467,-9.887544016848693,-0.8259314190142782,-6.7052517592152245,10.446902028880137,3.401128899987691,7.4425308724795896,8.775456604906928,2.5747975859832524,5.599190540909752,-1.2528632528684802,5.006366661954439,-0.18436625897166767,-0.7272100185179113,-3.2880206915941006,-3.936833414207767,2.8958717965788767,-11.599041287176576,4.688499171315883,0.4502308680104654,9.432686459869599,2.379919919528271,3.826971635628606,-1.579423764380115,8.099577017879762,2.601629924092861,12.335636313487203,4.727949672249241,-6.115761941855481,-3.0708130883074785,-0.07276955074391309,0.7488042673422758,-0.16392411056155734,-2.795609827436591,2.0325977506209334,-1.1630090059415008,-3.3357845838283446,2.7889091366121055,2.7201056273704523,3.6150208486573656,6.055148954648026,1.383745906756628,0.10348221254051097,-4.991482308805726,0.1378150989976638,2.1574996231349335,1.7035170171341734,-2.126847391240647
-15.575451618941765,-11.952179118516888,1.4271912937091953,-7.256517621107055,0.4980190410889612,-6.8089775545062485,-5.063182093160471,6.9934484389439175,26.32040198731118,17.89708190510739,12.38057619974567,13.019246014117417,6.93899170145426,23.343638459924144,-17.601646553594268,-7.916544986426762,7.144762906593211,10.626731874678049,7.2665162401218915,14.187093450881653,-11.658543288135808,-0.9098910398556915,4.880514704183032,-8.181541347011082,-26.41463091945576,-1.3211229044258204,8.138973250484028,-4.322718517194443,4.660232034207108,7.582353857679377,16.990319047464414,-9.506561448852386,-14.733691862315148,-2.2406873330561945,2.4867194715835446,8.101710383922118,11.934011227306744,2.4045484681269746,-7.459456557372864,-8.247631497113852,4.033453798607291,-3.2411818058557427,8.86627879900904,4.905014731715015,4.465079784704571,4.280899932721076,-4.168676773713683,5.759662340018453,0.9871965045569894,-12.994077517671201,-0.2936407972865045,5.427873778793618,3.9115823128509026,-3.216548917865619,-6.956752000131974,-8.21323320596227,-0.42782987657496396,3.9704746597923255,-3.8894383573012994,-9.283831997470454,-0.199071337982282,2.134937801565582,5.947153199503457,3.2071135093945187
-20.4644501501091,-6.34148242823463,-13.089844335626783,3.094983948132462,1.3134104924753067,-6.669863479653211,2.638959908045226,-4.386592242495987,-0.6766908759057629,1.0337696008289703,-5.068822865985893,-9.447831530844127,-0.03301862207442629,0.14060061782913882,-9.939649607444245,-0.9289560963742078,1.1170519002752684,4.442759019047551,-1.4544219701453185,0.9315946729404565,-0.42312626286292326,-4.427271205973195,-2.089082843571119,-7.236469019735184,-0.53696569002484,-2.9531485495609093,6.709004035709618,-1.5095988744583597,-3.9472827145761533,-1.4286963411502551,-0.7604826356490494,2.4817636489467305,5.679139641371766,-6.80523169082343,0.25588694209439045,3.952937525177302,-2.877261018381088,-1.4670815906884858,1.8238174183069717,-1.0034954769655318,1.6345507520631393,-2.247041856292848,-3.9380979604944866,5.861823014532089,0.796779408919306,-0.40165971265405376,-3.5081085335998132,5.958091781073504,-1.2347545033699594,-0.2929520332785625,-4.348108035612861,-5.758209519702161,3.0605026703812017,-3.076853293947565,-5.554467375957372,-1.3703368085323542,0.249449637208664,-0.429880182259324,-0.8353473783889686,0.9202155361342511,7.854328136501198,-4.6502388610770575,3.634276697288473,-1.0231392286934786
-7.968845445678014,55.668851035454345,-1.569770325843938,7.6027962848493305,23.731946720674422,-0.32265200337343547,18.78977741334869,28.142100231298826,1.8507781798274612,12.366465695906935,-4.725797031211533,-1.8858270187161816,6.151448551192777,3.72091165922,8.743065584181371,2.2946405493597712,2.1941297445833254,5.384304833425862,9.834137783059768,-1.7511423002773572,0.047011390401126084,0.3503243059431375,-6.474432339309364,-2.523817997871571,2.7550074765047423,0.49483907618226114,-0.5296564070063623,1.3515894766991166,5.112232167494691,2.4682303677948174,-1.915338770957278,1.86739054717464,-1.025526341465571,4.6727276460638985,-2.073842160541695,-1.5800603400676694,2.807920893812393,-3.024878515662455,3.865641852628623,-3.9589877669408993,1.5993096800728726,1.0966254510485751,-2.195495676447834,-0.003403781257687389,-1.9716016729072137,-4.647719972342638,4.17799601263919,-1.2644046965296203,0.06066923995134292,-0.8808369446613773,0.5801759218046479,-1.077165401909286,-2.173895811520925,-3.4942840181461428,-0.8633828265868699,1.1384250449728333,-1.7687866565871382,5.571883404295256,-2.2217878284715153,-0.5548777208491845,3.2941696322214713,-0.7276639861846725,0.9697096774461291,0.7799464511519607
-17.435485921653825,-11.356700379088375,-6.114090339253016,-2.7670210153991164,8.14306610996479,-3.6487215360434457,0.887849707243494,6.444024489324612,-2.090916063814193,-10.725642487169228,3.6079500227876102,0.6718939948913115,5.694064079790418,-5.519402842721809,0.7360773248362901,-4.014530231943636,1.2337597049470623,-1.9006644399566275,-3.05924849905121,1.575693643207689,-0.4124657331382679,-1.0904927234100792,-3.7871451784893835,2.893500076288768,-1.3789394841331946,5.1448737724314695,-2.132909396781564,4.588496565008489,-5.548053519947174,2.6537719648084446,-0.8561588534856183,-4.100911827440451,-1.8221455567897402,-4.542076701184076,4.789923852385872,-2.7043707794065805,-4.795657559145018,0.31825439467228894,-1.0609875060246696,-3.739496849961006,-10.651806421516408,-16.185096315835754,12.293528814836018,-8.730062989452541,12.537573543554734,2.3242615745919495,4.340180180943166,-16.166777719647943,-8.076362366255019,-4.406614310965309,-4.992328877577157,-2.3282031573484305,-15.607766161934187,-4.6375428376667145,5.842281638792728,0.3088465332264574,-9.18980812188349,5.14279991294424,8.58970329265829,4.847753480984178,-10.936868153103148,-12.74837635701347,-3.340168957278316,0.35827091723050797
24.71063876712936,-1.1047969336165455,2.437419205828037,-4.317796773977562,-4.194706417616731,2.6712970861735927,-10.693335052200839,-3.9218435108633924,-9.886166813192801,0.8322082992512326,-5.1603103316888665,-2.518491451828487,9.310413653231311,1.3642643900760014,-4.899000359483899,-2.6297868611253126,0.7828477168166034,-2.150662630379228,7.324622501736654,3.631808364688019,-4.071634463734214,-1.6412170426611707,-0.4131593188644246,-1.5375924524543823,8.316512353316739,6.277641655946923,-10.373725701334632,-2.49277527979661,6.008832185065983,10.043769118222434,7.496865686572897,-0.38361218890168436,-3.4922628710284673,0.36754600740359245,4.734420856461419,7.999893470646519,-3.5379793478689914,5.997977412415669,1.8010504899556605,2.4166580645364304,9.682698094563314,3.1518149643390068,-3.654878455960804,-4.748644255537298,-1.3072906004112432,-5.194673736554204,-1.8789406176601644,-9.566534595959642,-2.9180080838462756,-5.140950869317783,-1.7394626388682422,-10.95760735891278,8.37859883593815,8.347463169390915,-1.8033813192612314,0.4765583339163274,5.635161242042949,6.4472179198880335,12.054018619630082,-12.728809746959604,-6.274411050131861,-14.94693529601775,-8.171822978814909,-3.9274666047940032
-16.15284894730174,12.047118092301464,0.4363955291223963,0.9418135963126123,-20.60923890415828,-7.263089331144899,5.713722829660137,6.888800886100295,-7.13049080450337,-2.920986990094201,-3.130500116985758,-6.034183690203092,-12.859927231537684,8.026197640019303,3.421135690160242,4.518647074710571,-0.022570203356283673,13.219466695132207,-1.0437994324696707,6.532284212680674,1.2546756974362652,-3.0596255575022173,-3.0855885730449866,-5.78120247902401,-1.9109757811776469,2.703657333132759,2.460076740980358,0.9314102566048169,1.5205203990212874,-0.6547609096885518,-1.3390575426831444,-3.8656886990344996,-3.4678786400299786,3.450102304208437,-1.5840668797912103,0.08039141191780877,-0.1848931946375483,5.836241149552772,-5.066790885282885,1.0399331499031517,1.4219814068407481,-2.220638222583842,-4.130241369622377,-2.752504718466263,-9.209751832817158,-6.420740153951315,6.142510835823053,-5.330771400295643,-0.5734481318837504,6.676780582062745,3.7025344000975524,-2.1329842978450073,-4.141427668883374,1.7270635925679239,-1.6980799433549956,4.545061648270892,-0.19857528377143474,-7.317581141092504,0.7384273100198941,5.551214314040065,-5.148846167926957,-7.974767989669102,-0.628454334757388,2.6892453886529233
35.936556687913864,-9.627237164151948,-10.619385436040645,5.5150783154436045,-4.4021796561416275,-5.844072845963619,7.4003455254246,-1.8228815713651332,-0.38123295217401126,0.5923804064046935,-1.2143103287643713,-4.2991612968138995,-0.6667508466896602,-3.8759747912340248,-5.484480416273181,-0.07101204022632811,0.9530809228260786,6.206191739714357,0.5199528925328802,-1.1403875229521045,-0.0020021696658805606,-1.315664242037232,5.1520408404741245,-5.883379742704494,0.13671917579928805,1.8366713404629516,4.274649001785256,-7.01519598075907,2.09694807693489,0.7835966340592916,-0.12142073820488042,-0.9058363408649593,-0.9564909408847829,1.2927094010895115,4.530758572719016,-1.765987926175794,-3.939762263687566,5.221226581693012,0.45434555923877,1.2445478349969434,-1.068658678810634,3.2637695728354026,2.6735575937037797,-1.5539681299228159,-1.5516175849349942,0.6740244161072195,2.8801057830549204,0.2970752803026029,-0.41223171825437377,1.0371991906766986,1.3269525740560122,-1.0817513105869843,0.5181504469696137,1.924769394000577,-1.924211984610975,-1.7192044600475627,-2.02346705026466,0.9794543096100158,-0.8228218073269482,2.345981294277771,2.2617059521330596,1.4124914623448783,2.674369600472696,-0.761022046453499
14.74180709931188,14.318376431895524,11.296773000326557,-14.450822743759204,-6.069839069350529,-0.7946391498155332,-12.956218326243716,16.66277311333417,-6.568142189658367,-12.976456284027172,-7.501084545662148,7.972981208815802,3.985213630475222,-2.6852225503950207,-12.734843101175706,-17.300581701331392,-3.0716846779669145,-2.2188623120240836,-3.415792320562856,-14.939237327012048,-2.049475369528058,6.213082207129173,0.45452796855730043,-12.282171727329796,7.656590774491593,3.349413786648354,6.202136947132476,5.769554781766606,1.7593391624258288,3.2702259818887733,8.444051033123591,9.914939908704877,12.775932628529977,1.769006734536504,8.56648386993403,-9.078988833694869,4.158271761826357,-14.713363215463378,-1.2756718767634028,-1.531214154394576,-4.558014211926562,-7.029938534437264,-4.8323013143803415,-0.5305338362438172,4.600375467125219,-5.064392255096662,-4.166838268402479,10.109843262184835,0.6657322195244357,-2.7697101233082373,1.4637725952313434,4.591464662317083,12.065553857272905,0.10697777792688723,4.025894522896298,-0.867985010992109,-1.2093776052099097,1.7249074035416887,2.7134863763247337,-3.6814357339497445,1.5197139685496566,6.376769151192105,-5.738153211854888,1.2364094145034836
-22.965790743365275,-2.1338842450600226,-13.984383464338576,3.07479875922641,-6.888908760053745,16.15038288542093,-2.0023892570508095,-0.6267409141507411,9.287138110647668,5.6518213485172195,-5.956078125235206,-14.113867437244076,2.31994813760803,6.290739921187319,-23.106665922802954,24.132943434121724,1.5935283204029145,-14.295600734306653,-17.27426547878342,-18.55938257716807,29.96670018751865,-10.416829650266932,-8.890407275904273,9.540807110239326,3.04701403398056,1.667756622836457,11.176700941074147,5.87122282100079,-1.1520861884781965,6.13704431681353,-0.4873817152965063,-8.40579767613575,-0.7602701518398266,1.0264528846233598,3.2450987798338513,2.1419612179789618,13.033475914884116,10.496066035369862,7.351607452754229,1.8604412005356539,4.821743022564584,10.121139132643258,12.324652379540561,-1.406083996574369,-1.8592173321089753,3.5652174041275164,-2.183358103016043,13.70604562396519,-3.2001689649025495,1.0562067045437902,-4.124021571322572,0.7901650726993084,-3.857141308305198,-4.097949434464956,3.5109489793923494,6.723559408810423,1.0430605935692887,9.519908842398117,4.312377056052651,-10.802805453630189,3.663746039301604,5.597022435355798,-2.0747827966350862,1.6856861882249652
-18.505697528768003,-10.36042416804694,-9.45551733173514,1.3134661674321797,8.527929536305537,-0.9987987336421941,-3.2333260794068535,-3.2927680360687503,-3.2162681614576454,2.103361630373768,-4.004234068308387,0.8897785451749691,-1.228980749449334,-2.836509231558881,-2.7951348985976,-6.385064573485377,-1.7586834089574275,-1.6499218731660692,7.872093953106686,-1.9158721634506517,2.3241430909574636,2.1093860336352863,-3.155610212825928,-1.6448280589095854,1.7787339277864256,0.48648575373368214,5.7983628519815875,-9.993063115738078,-9.082981685487793,-1.7183125238326231,-2.686853040980035,0.26372589303300925,1.8761136668943466,2.7820002138797806,1.189827904553044,-2.246743971016673,3.213603044341112,-0.7661614934674681,-1.4419646533964328,5.307452526804778,-5.10390693076797,1.8555855687097405,-6.274506336352075,-4.385975420716907,-2.011900922651217,-5.168364652886013,-0.08916865007722968,1.3243895047558634,-4.25251485846286,-5.9446461537937605,-0.5234540104437785,-7.747109743584647,-4.481158463351491,7.165037105213294,1.8034704917920885,6.818678182825422,-1.6420391135854406,3.811095427585902,-7.935909561524761,7.43441817919583,6.312217756086928,-0.8356587899180398,6.337202219409551,5.058183798265219
21.597448161397374,-7.855734672354757,6.094124562648413,-5.241083251436628,-0.07863559317539037,-5.778705915086767,1.536842498252794,-4.18112135631307,-4.612129922622833,1.3506634399960442,-6.434130883365291,-10.19085978043387,2.3888470729043636,-1.169185292261228,-8.201702058943875,-0.06334597476618736,1.4398204791444582,2.745890387795257,-0.23772979778790074,1.4466583062573226,-1.8283810048012628,-4.285080729067486,1.837996173028516,-5.228294988376875,-1.2394637832607815,0.7484569949547619,4.529871744623647,-0.4069649837099098,0.09018654162397922,-0.7128640919684504,-1.1792091771405022,3.3564088473481526,-1.918147066327235,0.6095994725262422,-0.6066928701058459,2.086235818791132,-0.1694154608779893,1.0649039483717253,-0.9653444208758178,-3.7903791684494985,1.4962571611901345,-0.9190234349524699,-1.9347488861057331,1.5390645553086097,-5.236676634166205,-2.7989098113749566,-0.02456358464544406,1.1253676510478288,2.006621405685182,1.2969386898031146,-3.0505651263107962,0.6085574431322661,-1.5748459265852566,1.4583710285042948,-1.1216259643355286,3.6100794309540443,-2.756558807464054,-2.0779282990067545,-0.6998633460108812,2.1035883492956073,4.372344430452628,-0.024655864358464934,0.8146350534922068,-1.5982643263265452
-11.134247580161913,-9.697800418090987,2.39422491845547,-4.730363935092071,3.5242979331436968,-4.488501676487671,9.641514160905162,-1.5066569141977522,-2.8435445708497817,-3.3985413483743114,2.985504083681151,-1.94515273020015,-3.3548898256432826,2.2084605145291833,5.34862903778357,0.6632022592126817,2.5396982944121667,0.548285991154079,3.010072342447107,1.512568049800982,-3.3881740592362606,-4.3478186650112285,5.463913747105055,7.147394506824088,-10.146116652140197,3.7628101677771113,-10.026280554772189,3.741172711535636,-0.03878814250008028,-0.5657530802400761,0.24718122839275167,5.920653934438402,17.15695076484233,5.502984195724807,6.050329106797299,3.2614202635635263,2.124553882250924,4.961065130358695,1.625156781721241,-2.176272907016068,-3.2157888972251216,4.00889862347323,3.6228951632150004,-6.716771276075227,-4.077661818448076,-7.363301471590943,-0.30771273846555897,6.9364150933428865,6.047099487904191,-2.9406963045479375,1.5579360233347732,2.8867233003604715,5.648285973694748,-10.392513943224456,-0.8734576019494201,3.1393434288680586,-3.199019127851868,2.710542797697842,5.896861333913219,2.8707931819641566,4.125191365099086,4.0895759743166415,-10.161906215789141,6.609262229450069
-15.575451618941765,-11.952179118516888,1.4271912937091953,-7.256517621107055,0.4980190410889612,-6.8089775545062485,-5.063182093160471,6.9934484389439175,26.32040198731118,17.89708190510739,12.38057619974567,13.019246014117417,6.93899170145426,23.343638459924144,-17.601646553594268,-7.916544986426762,7.144762906593211,10.626731874678049,7.2665162401218915,14.187093450881653,-11.658543288135808,-0.9098910398556915,4.880514704183032,-8.181541347011082,-26.41463091945576,-1.3211229044258204,8.138973250484028,-4.322718517194443,4.660232034207108,7.582353857679377,16.990319047464414,-9.506561448852386,-14.733691862315148,-2.2406873330561945,2.4867194715835446,8.101710383922118,11.934011227306744,2.4045484681269746,-7.459456557372864,-8.247631497113852,4.033453798607291,-3.2411818058557427,8.86627879900904,4.905014731715015,4.465079784704571,4.280899932721076,-4.168676773713683,5.759662340018453,0.9871965045569894,-12.994077517671201,-0.2936407972865045,5.427873778793618,3.9115823128509026,-3.216548917865619,-6.956752000131974,-8.21323320596227,-0.42782987657496396,3.9704746597923255,-3.8894383573012994,-9.283831997470454,-0.199071337982282,2.134937801565582,5.947153199503457,3.2071135093945187
1.3278535150703952,-7.020723739712174,12.20767192834003,-7.0114792145456954,0.9761610234349938,-0.45052440026699997,4.71274092630542,-0.33918694394484983,1.7901225498532098,-1.735889219915144,2.8727514195733472,2.2776914146150644,1.507669437642775,4.078212723331892,3.323630804350972,1.500748546235144,-0.1237925478623421,-0.8456098999496477,-1.999826646442306,-0.0498174060158066,2.6395199056472816,0.8208765811545753,-7.87498304260351,5.601637856112042,1.95438074226357,-3.133214287336246,-7.336770298103017,0.7436663172815478,0.12143291444758379,-0.5524650357454255,-1.232516644213518,-4.259349375910394,3.914059371094787,-4.278692233521936,0.4618194972284446,-4.072062570674746,-3.967803904245315,-2.6659402409664628,-4.399843593400993,1.151310470688012,-5.1933059472831316,-10.991958538662969,10.31874367212929,0.5579800419326745,6.122925986938212,0.028004246685732818,1.1610662195094226,-6.716592396388305,-6.41042689832014,-3.671246945530412,-7.12155948183328,-3.0040731328545096,-8.79729311436693,-2.2056950236348,-1.6443864090626463,-7.556911593538125,-7.938058023838551,2.8328788344808187,3.536899561398197,-1.3610966133344133,-10.699449733102504,-7.141935464302132,-4.188095712566473,6.442586306694298
-8.569247642350645,-10.14055537823861,5.461470473644147,-6.2286337515679895,-0.9811973323965005,15.032174316749666,6.058579106814498,0.8105465097142276,-3.956353554357127,5.715676647233543,10.587818653596091,-0.04120206275392677,2.463749178926847,4.980514455455146,10.67187562433078,13.017317591728649,16.607866036652045,-4.559660705671759,-10.262407416129342,-23.144091546896625,12.186890726193477,-6.06409528998352,0.26302894853886755,-6.257018653433369,-16.844312982297385,0.011797527987305944,-4.602252987819641,-0.9540176442686437,2.5876618106091933,0.5018640139670502,0.8508177978372607,4.987914945739456,3.065993699014008,3.766530837672743,2.6011845694788263,-0.3337761151005639,3.7193841084349635,-5.924717008000059,-1.0216155836983323,4.163825552343126,0.8191939607874412,7.58812335202128,-3.8825513690192284,5.976333506495226,0.6778223802547785,-1.2289445540970232,-6.653451965398137,0.7566917698113275,-1.318052896170643,-4.850592658351563,-1.9264490058148247,-7.905389160441483,-1.359518958232317,5.72617892463101,7.3181024069979195,0.822773209236862,5.228245315402937,2.5826104846663793,11.495793386049614,-3.648796272225287,-0.007491109234226369,-7.7424400312775195,5.817894120611183,-5.259908099593806
40.179681819416146,-7.435140123920141,-15.345264749995131,5.148938573531306,-5.3541080293108045,-4.6476297187176145,5.17866002926719,-0.302051867871971,2.3980756685189633,-0.7325908264797063,3.2281269398672747,-0.19673365830320783,-4.160269586560714,-4.6798406333955045,-4.628571967058159,5.63498829176812,-1.9325878356417232,5.553660854685195,0.9045488984338733,-6.722217125947225,-0.7939371255404926,6.940469354799728,7.133173757468088,-3.3353101195557846,-0.5064065360837241,0.5403967773140397,-3.3064236294656317,-5.737075499340185,-2.3054124069407074,4.278122148016042,1.685906702700631,-1.2813923893177697,-3.4892441805671157,1.554193040226457,2.663867682750277,-0.36786867315403693,-3.7097149299229164,3.17251068606076,2.071837023907298,-1.6788319296212146,0.47716526488261485,0.8236433135943141,2.6926221320922674,-1.3882493084203558,1.352994256274242,-0.5728258842234829,-0.2236150127790457,0.11714837654996921,-3.5144308977127854,1.7324110759538587,1.7723123014921471,1.3284444870224539,-1.6483762733319571,2.5640639278585624,0.829622819958205,-3.1852640940066745,-1.5307787347114883,-1.0308896479957006,0.5384295275114998,-0.06951995027337775,-0.5267280570532273,-2.0773258458774557,0.3549352331013347,-0.9239114879096769
-15.595470030605558,-11.484168825023115,-4.906121826866411,-3.6408044514754607,9.554597837392201,-10.324033853851617,11.786145899334057,-2.450857788458514,-4.914040187886005,-1.4104915149283697,4.780347396972668,-4.651492514499561,-4.328397765641728,6.932410633316783,0.7622533228346674,-12.063236277677442,-2.41391878581776,7.737448658750524,-5.4078474463029185,-3.1775435577983906,-5.521244176754394,-5.511171596428351,28.114233795922004,-0.6743898043221264,14.361027088415009,-20.994250965293915,-11.145463048593259,23.385825039688537,20.152171627149066,-0.4203894633180194,2.199677591370897,8.807699945357435,-10.183240869257222,5.4675408603764994,8.75864732355374,23.009193695236462,22.025293945143876,-1.0952767503759704,12.164541999678182,16.344677195587224,-22.124294667441916,6.171441521574267,-2.1087625904047784,-1.3268275858577636,-7.9998158236836945,5.911246013506735,8.365600788961055,7.288522903123131,-1.2256137314628466,-1.5697010802215479,-7.767064064394755,-1.3796489007597987,-5.321820148150444,-7.670047237829245,0.14370535563659523,5.263937021285704,0.42396849535184333,-7.361000843661414,-0.3489267879717905,2.048316717792635,-5.384202871403662,-2.0197259135874797,3.9294139754834965,-5.809909495860953
8.439856263469782,16.513483354544828,18.63958168789567,0.8503291435120643,-14.196734245388972,-0.48843738295483435,-12.306557271945266,15.605541839540773,-18.562941198831354,-6.1345957104021585,-17.961898368878177,7.69170685561819,-19.76660468679956,19.063890730503697,1.8871915711627978,-21.15090815486612,-16.62402059012875,6.077174882760524,-13.397406232087704,-10.182735055658988,5.443765220990666,15.566047491123635,-1.8064082280167857,-1.534171692253168,-3.378659469377655,6.653194358696818,-0.41694713368610314,1.9381646152135128,-0.7060807129794513,-4.813113277322253,5.9535284883074375,0.8453573638414564,1.905615679520724,-1.7059292480642554,5.443269404796512,-1.5590949324275254,2.266655300325781,-3.508917418457753,3.8453230675069987,-2.7813347972100133,-1.2738834415298346,2.8205927738927565,1.9225335683408558,-0.16961633163697243,6.63193092687233,-2.182672962361402,-4.444639278832788,7.612787299602496,0.6869945134297714,-5.494358640521328,-0.8134473485942935,-3.7972526375946636,-1.3125641122350968,-1.3361734664479732,1.250850550138406,-4.4576834585137775,-0.886524632665442,-1.529483953266102,2.0123180076929397,3.106933977275242,5.615987940454315,3.2157425008497036,-0.013109624463146128,-2.642493469892
-16.487479082749818,-10.715477763229389,-6.363910145643238,-2.714749055242811,8.554851361992595,-6.019790056170379,5.513535787708141,-3.848680048967965,-3.583132633648795,-3.581867702954129,-0.8000942638515538,-3.8899289162486763,-1.8186414938652002,0.9943877891798325,-2.1054532300957867,-7.884468249579641,2.531929953838181,2.2359116796431073,-1.3499515672184055,0.12367094668882532,-2.1531701997355004,-5.178276420323729,3.642342999826027,0.025236703809760643,2.1302443442462167,-1.1781181046557543,2.3479655283865206,-0.13853368345660727,-0.48750369949923444,-1.7322597332925807,-2.0770082734973405,0.9257210820202165,0.6967151646191478,-2.485251309926911,3.5213227381970897,-0.6890936443107798,-1.2179587675978638,0.016810226624642495,-0.5814939853139428,-7.178536366044587,0.7724598379215808,-3.1526748226753596,0.6528306059898059,0.5338525553912826,-0.0419024792515183,-2.004444207356496,0.012986262018361075,-2.37341424871973,-0.6678793102337619,1.4933523701149156,-0.016361760997081372,-0.7267856577377947,-3.452039351295956,-1.1893805658328382,8.001851089087035,4.867907518799321,2.0275756018737594,-3.9405080888444894,-1.7952380721523113,-7.053626762876021,1.782332214182335,-0.340846396131068,-2.4662055862289067,-3.226803520217741
-14.378601239499622,-10.051433036194547,-2.1923625497678083,-2.885485448485932,6.015325692535504,-7.736281491068022,5.025485600916768,-0.07889706033324392,-0.1876243803875532,0.9991073018586393,0.20612907793461757,0.0961698732787729,-0.9105482979313865,-1.1782334221166346,3.4303799457922737,-1.8014233992542448,0.9845101582122953,4.44723456654421,-3.202892018363852,7.0876147660629965,-6.033184756171095,2.2702063510442962,5.455971114402142,-0.1714270123930856,-10.36264802968805,-4.37041798091346,-5.049954291829548,12.144516503534648,-8.660506645336678,16.171749096492007,12.747033370552662,-6.892664288693157,6.865010547020148,-3.7528154957808506,-14.479969725679185,-4.698144154562889,13.341537018063107,4.701603105815624,4.674297395179303,-10.000425744518104,1.1474970081293279,-1.2892483065473694,-2.82604633763691,-1.3722563406857298,2.9033039393624245,-2.001852378025289,-9.487406849909796,-0.11662812385670292,-0.17054236881597012,-1.805734354053028,11.533771903260646,0.9053440280989473,5.9779633911115075,-0.06492496745926099,3.421590808255108,1.9715043602728477,8.372902433964454,-8.765401617865985,4.5855851666488725,8.165041296191912,5.443640018720582,5.435427604614571,14.120894423980447,9.16821943476369
0.4070531087016577,-5.184098447212652,12.660663182203015,-4.033781643378237,-0.9246675241381963,-3.2782451084938287,7.030040721912198,-6.907807103366901,-1.7207200609546625,-7.567532926321802,2.7218563009812833,-1.6249764709091727,-2.3356523096935993,-2.3990778768002743,1.6005797611138322,-1.3746612850988422,-2.615905646218555,1.1912553661153096,7.873817253385427,1.7056457036840602,-3.7764037390413057,-3.294012742825265,-8.182914116267359,8.030975639131736,-2.615971396815615,9.08896310324017,-11.993712300604917,-5.9387220073636655,5.803418740266137,-8.474825197538072,-6.209040491909996,-1.6221422153836282,10.619042860252575,16.299080729044498,5.334677677030355,-2.3183458943712534,11.181921537870235,7.979865502690711,0.7983707880074369,-13.136707617548772,-5.922611801069501,-7.006964234832533,2.5459396247006834,2.9822439231472995,7.5794284043478015,13.40056871188826,-6.8929689688969376,0.8968473087912185,-0.32110466474060934,-0.9535139226721747,-4.263010177075068,3.4070326232513826,3.9810595099648323,-1.0321319193565222,6.677841310111503,7.48780147953454,6.410122676495001,4.814760527810077,-3.9092293428183407,4.237919444517421,0.3602454686145625,3.3755612520545872,0.68056927753787,-6.180630062795831
-1.0623537874575923,-7.81928156298892,10.688666066815111,-7.865959727508202,3.702796230050203,-5.0275363707388685,5.854181155046631,1.3722606034363327,-2.0959561636538435,-7.855478097428698,4.061487795804245,3.9375253866868176,1.026331826829156,2.384432283310706,6.166617064889863,-3.827526326517854,1.35226642243372,1.3514927499597098,-5.41855054664822,1.2379330522023695,0.9504820154101923,-7.717882354215306,-5.565690152582146,5.0530337004645585,0.1067905425943992,0.14882867286419085,-6.909407186183456,3.3991785746320953,5.400142281762412,-2.539353175044186,-9.233122226595471,0.6469990652745763,2.8954407318767093,-2.4382177133390104,-1.6358925439452014,1.643423182369622,-3.915936402718739,-1.4743282282263737,0.18144064646030014,-5.38244129177612,-4.450719983013801,-1.3800654987386887,7.218197549356274,-5.284916374859938,6.520093967462401,11.830101640578016,0.3378786048779132,-11.317888615096443,-13.07928640654182,3.2558090529016313,3.128808222946387,-2.2493303038888413,-5.907899750844389,-4.273965897910825,3.6373225458116094,-1.0485161606144253,-1.9438729219302064,3.026206136424557,1.5808582333429564,0.9905078209023247,7.602955988177736,4.004379915637553,1.194126061411564,-8.666386920829595
46.52915295109156,-3.4187720398227333,-23.57275113046939,14.787813981925186,-0.7170946509728734,-1.951345756128717,12.949443005213414,8.174684380336801,4.479733041764596,2.6048014330808895,5.429373962900123,5.372884633143422,-1.5278945268571678,2.9882722258602894,6.584292916613575,-1.9378079224158185,-1.2720189966049047,-2.211547460010559,4.215355198171266,-5.448287175336269,1.410962674881864,1.2646427813438954,-6.259273030239621,7.520385187309818,-0.4562921856056502,-3.5996445626293743,4.224681538323425,1.688872958379696,-3.1947853513237594,0.4807740072127725,-5.63009327005349,1.3476521599920581,-1.7249323707720035,-3.202854913444075,1.032032974771475,3.9417938277658795,2.6232685186778157,-2.570829711108298,-7.26316722107075,-0.641696327498441,-1.1319632256923584,-7.530094872447772,-2.0518605656489757,-6.523686350330408,-0.804564986058754,2.0540346065068387,-4.360851838993861,10.828806256796708,-2.5183411903707174,-0.9703650739208328,-1.7462117998650737,1.087745789566058,0.21481850622932575,6.607764276711751,2.4725151872257958,2.33152440089452,4.579027586576698,-9.06202871367607,6.935504158872594,2.0596440895267913,-3.145135288551791,-3.708987269916807,-0.6445590037086213,-6.485039967552249
25.765937551725436,-7.616918174670061,4.78264500178674,-0.5049109460663598,-10.412549354335226,-3.200240051935879,-20.18728857182577,5.027053560533451,15.977478824070229,17.245203250581646,-0.47685463664585603,-24.67307019605633,4.622409592778409,-10.865873857386227,13.770000098193535,-10.610642835408584,-0.040025088840324956,5.418273819789678,-7.121740269382961,2.413201701586834,-3.613639828318091,-0.6758678008538841,3.077871502841448,1.3952614609245935,-4.7357622617094295,5.2797911645509545,-0.2845337400561193,5.357021291162185,-2.8171354643191844,9.699773801712878,3.405560239485956,-4.824773071275368,-0.7779839741280179,6.329295923306909,-6.515157588349679,-1.982950171007872,0.32664953102539634,-4.193528480294649,2.3307439921233706,1.7110954359221233,0.9005444314070464,-0.9568605531208179,2.3361275683256757,2.4581832489671216,-7.775828468070199,2.183715584562362,-4.5067969223968225,-7.293008215166999,0.3641362508180956,-6.0307160415063645,-7.960140758528326,6.865254047988048,-7.013311423102555,0.034508507143386435,1.0207511027554526,0.7337195439490216,11.8952863642371,-2.244291339477378,-6.420100122538713,-5.4519684105818795,14.004372357633219,0.04516509906308415,-1.1577170029688582,8.18104203041013
34.87684458812051,-4.785778336274062,-4.622700977056227,9.688553261021301,-8.88979102431827,4.736129987288849,0.3677055692717693,-10.986593904435914,-1.247098206458322,-3.3265030913391884,-2.8461955261291862,0.9910977693909755,15.036209419985832,5.865954460942027,5.637119962053347,1.5405099224616958,-0.39928056293941944,2.098189362469348,-6.755782815951142,-1.6577285765953989,1.6479967260534205,-6.459485422918631,8.605931429487017,-8.162506167297936,1.1967478141545083,2.2657117056577203,3.9990359156824122,-3.100526412469816,1.5946240071672118,6.1094903377069265,-8.98262356920878,-2.3920947188047927,0.4360946707408253,5.263288941923366,4.667823218722311,-0.9660485742652741,1.8179305515159245,6.103692702211171,1.6358517258909107,-4.532254812054355,0.24974156657398888,2.3547643112592342,-2.0113657477204465,2.171275318989948,1.9203975925929502,0.46524684777781283,4.069253451736044,-9.874927318086787,-0.43478185803046265,-4.153317139780379,2.725161635095286,-8.581633574723638,9.94612101474485,-3.355828439533214,-7.3077052383374985,1.5971820461376678,5.132698453872875,7.563895162551239,5.192293185895215,10.588694313853084,-5.001780282384233,2.7665595189357775,4.304445395453028,6.591646107178145
-16.42782406224095,-10.425588086274848,-2.541592556534202,-2.3558398449560753,6.132790742293771,-2.925789572162715,5.5115295903579415,-2.091759173068519,-1.0439314789133052,-2.0318124566009907,0.6661364846647815,-1.9156599231074625,-1.4386815012123906,2.1955267802865603,-2.2474623868257364,-4.7527397082179315,3.1986776599108055,7.470087034694784,1.5675272028505731,0.7999812459533929,1.2115040220000903,-3.3444480710825513,-4.647685645872113,-2.541280238245015,4.823444397022582,6.140984444413555,2.277102236240683,-5.774524370318836,-2.137439594876665,0.8703106666073934,0.5776990240812119,0.040171312406009095,-4.731626635359039,-8.666211458285794,-0.3024454478181847,-6.7113439847691145,-3.9328083396891476,0.8930463326398476,3.173438203470921,7.559020098700665,-10.73979241165031,-1.669066385503075,5.634872031071753,10.853084367306511,-13.4317078690946,-3.659433367331667,-5.56806102418544,0.8604849578777803,6.8213515507079325,-3.4869287905804023,9.095698252649772,5.607354762746168,-0.40372826283469615,1.3563659596654785,-3.4567060637490075,5.861189158204265,1.3409747205811688,1.2340713057604196,5.707379973700071,9.611385996857445,-5.637724377599123,3.094098774261259,10.911939699500103,-5.674705180858671
43.4159785468204,-4.910091911173191,-17.962495392195773,11.810821766370287,0.1105604975060573,-4.927177187873062,11.320212795137968,10.67486756277173,1.902866427791816,5.456723294293111,0.6159666878336619,-2.6470399206934,1.4915088990456997,-3.989229790373844,0.6818708415069611,-2.4796224700609395,-0.8893607553831571,6.3373194177407814,5.855638077749365,-3.6945140270363943,-0.1428127889397562,-2.8881035670472897,-1.8589965094874292,-1.5913584061831438,-2.3659205726088217,2.249499028152016,7.966347041241489,2.793137560713901,-0.7130147237157333,6.242500046444053,-2.4291274639449534,-1.8879178949976305,-1.0626880588512135,2.217025580588288,-0.6435392550879754,1.6478819371461935,2.8371476914120835,0.52202545223654,-0.16130912088039343,0.2803047674603421,-2.738082456149262,3.3355730554893417,4.678283645984008,0.5614954937514907,0.9842406094469358,5.8851646761449175,-0.1610305492847803,-4.982639555874959,5.678046056877761,-2.404309010363319,-2.538361764337879,8.534207120930482,-2.1050482108607236,6.1744073735650815,0.7054834000271787,1.5003130002767313,5.6018329668740305,-0.7081569829211543,-5.472269997188179,-3.194802904159499,1.7748394177162057,-1.8285332320892933,-3.0830195094081922,8.403920343830434
-22.15566218445859,-13.251436250288023,-11.378121182003019,-1.9460378870867001,11.831278013644551,-4.371122710940418,-2.8294617612203465,10.34532897547182,-6.210447334889299,-17.164044004226124,2.285542970875045,3.664506250971245,10.225571968446243,-9.678826914959897,-1.90824607835884,-12.808390152122628,4.009908054784954,-1.529626340596111,-8.341360556983105,1.274323536807887,-3.310257614671405,-8.89160282301722,-2.896863033032785,-0.17058254801805067,-10.056680677084962,2.733698686749706,7.143269293574648,-3.5099857264205436,-2.978372029411298,-4.6189847608602275,-5.391009995093448,-5.229377639394194,-11.243951628560492,7.812841122964253,-4.5395858064304155,14.385245548236059,-13.672928449621839,10.259351076250157,8.694725387094298,-3.8093794744952403,9.350070962097446,-1.9044630797335402,5.621875495648052,-3.9291245952969205,-4.019774115019937,8.088111710414552,1.0530435078154157,1.3369993692023705,0.3265902073744084,0.41773088262882013,3.701797095604029,0.2356205824297049,-8.263232723114319,12.521008474934543,-3.4575107246080163,-7.206607871289211,-3.0235693051447576,4.418175257816411,2.272158630099547,4.0706786265738,8.724819574296877,1.3023445683375652,-2.9612637760990688,-8.751974339191651
4.906970058808412,48.91505462229818,-10.131268675955534,-27.154400665121617,12.661070114341419,1.7715907460646034,-7.01030588372971,-9.985450903739036,3.6158851985591642,-11.562598960954219,19.824941823296246,6.304253752416485,-16.769814441542913,4.78300841884665,10.36299300898265,4.454692548750509,-2.168872562707775,3.117927239599799,-6.07967359662576,4.9076112603065685,1.170258594246025,2.3028263940066687,-10.492127348518585,2.4426546595708407,0.3929025070754204,-4.308438473708978,-0.7399636307680711,-4.1190919432652295,-4.714875095555562,-5.408320437789306,10.149884524348678,6.427607667539573,-5.041082500186479,5.817961369597868,-3.6604330738462574,-0.7341059817707069,1.03513349663651,-2.7567884759444827,6.861701207133931,0.19981683113408558,-0.7039711520129088,0.743168813300561,-4.25328698714989,3.2027169673371128,-1.0118226674002373,-4.76536211603898,2.8487823892556565,-2.698097836517267,-2.1300592406137167,-0.7761034254198738,-1.8093863909268328,-1.8286042389049684,-0.9520255309204783,-5.834984409468818,0.3030427728379993,1.0035521076814682,-2.512486292755733,4.082934960165478,-3.2451857531557002,-1.9774692485643692,8.052558994976051,2.7400549853907017,1.4609918307231966,-0.26712540525990447
18.046143056712378,-7.095024702314309,11.093102051289568,-6.3842435480859185,-7.340150551990206,7.282177692788816,-3.5148611722208205,2.362367341327228,-10.138849343880452,4.075238874761929,-8.273440043918184,-6.67380400334318,-0.983937107391859,0.8512928990569941,-0.6600701723337569,1.2360646819126015,22.963237244639487,-2.3139815882534576,3.9372544930287012,7.531106719395482,-1.9488602382271767,7.85554504399473,2.7109864031290494,2.665640962832167,5.239371193021408,-2.1563851109081145,8.165635591299905,-0.5783560544513129,-2.4438533297668235,-3.9333180840165527,0.34237394031828816,3.6993660695594057,-0.06164038830110623,-1.1202210457070256,-0.3682031321040812,6.852449219670996,-2.904126084109803,-0.05529571762194187,1.739399317659587,1.410209220115687,1.1714179351707132,-4.660373338390969,1.2244219810183536,1.6809471077329061,0.5006537352625315,-0.42189845134244236,0.052126765300772114,-0.028971956412811976,2.2592401916338773,3.5886722077775794,-0.45377338814884843,8.293338585734004,3.09014825457868,2.8849792087986255,5.600127713373443,-1.5014805238501185,2.549716637640555,0.5188994767893623,-11.494457518504452,6.7891526149261985,2.3693961527702823,-0.8557036696973543,3.7767510778659967,-0.23788837331094861
31.509041526495178,19.870537956792376,6.6738112004901184,19.030979204651114,37.283818691586674,2.0204919556240872,9.855529537375109,23.816068304532344,-1.4832654863690633,15.549047289792505,-12.270879382327546,-7.9211404786141335,11.614606101367562,3.494511603989959,2.6654454924096984,5.304899361655334,1.443674397428587,8.12085653174271,5.936801654258672,2.965033464139537,-1.0807750653939963,0.0905340963038913,-5.242558237448757,-3.2261718551207372,1.7801445049886375,0.06719072205752058,1.6083963384977318,-2.6156535830217362,3.030205832987903,-3.0173323271690724,1.4679941982395266,1.7690117349762922,-2.196827595857296,5.252367222048899,-2.072462663616041,0.33102065990436674,2.552300705344272,-1.6250861186222787,7.972577694204492,-2.8648005402490964,0.08880049627042055,2.860620585192398,-1.2357928139867245,1.3575253890576384,-0.1035752414879442,-3.1292360682182325,3.2083494543089293,-3.8173332812189353,-0.5421637842513404,0.5426531967865725,-1.9945444096528684,-2.575009781071457,-0.9735966318192915,-3.652273083619307,-0.9654631921574642,0.689304993818612,-3.084625835297803,5.696404096827878,-1.6654350620722689,-0.16256369320548825,3.9645849340257957,-1.1949341579128239,0.5542983448798179,-1.0682804234600358
-23.756351299086816,18.390764470051856,-12.076544385072534,9.042219525088301,-28.210470022266346,9.66984613847582,-7.5138688022919355,5.923511784981691,-26.15171045219069,16.891958321212762,11.238523337674822,-0.2508483850623601,4.310213038342094,1.8403784994844117,-4.8198351108856095,0.5355484467641463,-11.88334382279857,9.04697885556192,-4.386011759003032,14.787420984079308,-0.9799638636205141,-0.026720056902989748,-9.882634765249165,0.18239223865015575,3.7832896465652266,-11.29586898020808,-3.812422341170717,3.708692775572323,-1.5343629884740555,-7.141440701970101,-10.491621778470714,-8.556067602488374,-2.7223013824288187,0.17988499647843792,-2.23799071502876,-2.2482487095718207,-2.0359435883516928,8.752233464469711,0.34757300635179367,0.8311886408951872,3.1242163849107714,-2.592768709503481,3.3786943876164717,-5.993760676545886,-6.559491046175236,-3.2340418001891575,3.2794082140449476,2.6658194079872395,-2.677637517263563,1.748284285118162,3.3081706093639642,-2.985478191202628,4.230933237135543,-10.544574015150609,-0.79932981001543,-0.3919855298010335,-3.3275583518041407,0.7145493274204212,3.802631439248127,-0.775055631006889,-0.2567489165496242,-10.61938380784172,-8.213461984813017,4.0737845519465035
-21.362954730547767,-4.224931071473297,-10.51156251457208,3.1445009457559494,-7.764813411457333,49.23528755777286,8.174541152876948,-2.3498695664799345,16.24380643097241,0.13694273266304038,-14.300824821610087,-8.43511472629481,-2.158448048213694,6.950018622842192,-8.441585795270202,1.9873056294129343,8.616528348757486,-6.727855104064591,-10.480490476704341,-1.1432232937483484,6.177298397302082,1.7376139282461538,-5.451331128944643,1.8337652046301964,7.537138434947665,-9.672626323774752,6.545114752851067,4.57555396282118,0.36450396029079596,3.6713299119912115,-1.399111681796617,-3.921977062542471,-3.7159099483401428,3.2275534948658455,0.02300117999960729,2.3411270331774814,-4.688525481604327,2.6057063243019467,4.66654138964238,-1.3013805479821021,-1.6981422311475558,-3.8728196816635103,4.832295203773967,-8.759014001461102,7.262625746910447,3.3278960056643005,0.31768363724580617,10.246035503123103,-2.3261318532375026,9.729279178851275,-4.336834009004128,7.170264494328869,5.656818754695469,0.2637688343102208,-3.324629163187883,-3.823274449226048,-3.9206985096953053,1.7142235669404169,-5.716217997836133,-1.0015930181083879,8.147861114508329,-3.234216584879007,1.841523431369751,-1.596756205974717
-13.659980132304648,-10.713173566942508,-2.8229355078863905,-3.526746230369234,7.544547344947557,-7.139810260660818,6.182789585657073,1.9659916803431416,-0.25861890656340086,-5.831794745625056,2.0819019206097176,-0.5121729234908098,0.008536115593380507,-0.5878432373404927,-2.290386444999039,-1.1112686521269295,0.7386701920085115,1.4506260632198764,-3.407550228821268,-0.9074097098834535,0.6770019662576564,-0.866317208895857,3.456558956313527,1.233037861249816,1.182474561690719,7.334707866299487,1.9362198762223104,8.093022895834105,2.6181063780665617,1.3126301516213612,-4.780727034116071,-1.2297935405209501,-5.620499004809547,-2.3820508148225485,-5.872066316599595,1.9402498284158618,-7.418740089558798,1.4509233098881882,4.506431164965623,-11.81200511253537,10.082509595210581,3.1241247941838726,-4.611274046629151,-12.245300977862444,-9.795613951837222,-0.9238792985646039,-6.391032762390991,-1.252259148364444,-1.2929522477665814,-7.860857736507373,-3.412868604364266,10.694761066257676,2.5969066047143374,-1.1703695802065226,1.160097421437147,-5.379655071012437,-14.429223271471052,-3.3045679107374215,0.46210430264500146,4.064162965414881,0.7161970143381043,1.9584564910921596,5.286006572976909,8.88183878953877
40.34245294660288,-8.972715900855173,-14.016440886690313,10.14152749080458,-10.888776535351399,1.436575484774681,4.711248076512406,0.5687634801344325,-10.887120761080483,8.285605101111523,11.081840720711014,4.776170419581757,0.6671907622861184,-4.54396438231408,-3.8152314360616733,-4.998810286264554,-3.6485181977942096,0.9447932642558918,4.806338105655898,1.5375551015534623,-2.608212803535878,-4.223666482622413,2.5594453102257817,-2.3291328497885386,4.421967287041082,-1.7448832465015183,0.45938171602609107,1.222972375147679,-0.046937399810654735,-1.6231354579337207,-2.690685486076724,-4.852552103414379,-3.4318280450539786,-0.6193648402314258,2.3203091122166324,-5.458958165091814,-2.076159002976951,8.635143093865922,0.8222585580978864,1.7982025142852147,2.5207626956276794,2.587363778246988,3.540248101532882,-5.550152982495182,3.786721362958591,0.27187148786327553,3.2177942993716697,0.9837125829023328,0.6360309297662091,-2.881901333358918,0.04744031110707281,2.5108749901684377,5.159882623061359,-0.9677094132099098,2.7420541328003756,-0.9299971082621536,-1.6563770497946584,1.8864270803105763,0.03247237973710252,-0.24519925701104453,-0.49014134105637897,0.3714335107735501,-1.0640917179570002,2.2498271434786075
46.011357993199574,-9.32404950101562,-22.495352352932525,13.956623524182715,-10.6617893447342,-0.07864810571704384,12.860163538919167,6.5776456452660765,2.532026200376729,0.21298725102648852,5.953738319062695,8.37722185980612,-7.747319198939214,0.6353757486572693,1.3216602775923632,-7.9087497645545435,-2.859597095339185,-4.983509510611326,2.524940960847104,-10.514402108673261,1.8852585712530354,-0.7898747892503213,-3.8529741125941683,3.8989084776106138,-0.8034276001266962,-1.9225740044905797,2.6117264134850666,3.9903001642012903,-4.543412068866076,2.7786918629594117,-0.24890154696204253,1.672446139502323,-1.2926600779081157,-3.4264650318511056,2.1134152240106916,4.187106750131359,0.6912165999482699,-0.2147712888040131,-5.352059635642832,-2.957735794724096,0.19805258170443582,-3.8625782219035694,-5.54678367632469,4.442811823743714,-2.1515179625391996,2.533768100169738,0.5553306998447352,-6.280809043174144,6.517524614197654,-5.060011071947537,1.1540279691338335,-1.677680412612429,2.0782929180923104,-1.9711067895784133,2.9610670272479815,-1.7485869858407033,2.2313869667263293,-1.4765413040472208,0.27487622281825486,-0.16342734435314368,-1.4665489898166562,3.6811847705029077,-3.2200779863556495,1.0688015765992975
-12.304356240569296,48.85240505478726,4.310471419453879,29.59925672061844,23.610880492209827,-2.2950256130122297,21.112630826230095,28.939709559055647,0.9754794498306131,13.185846474709683,-4.558916085731662,-5.326746293993737,2.8860016528138224,2.887168697226909,5.358625935539731,5.9290295110163465,1.0530890847476597,10.640330956045249,1.8180158755313094,5.356925672871655,0.6569431371656861,-1.0023990790009287,-9.786069800256568,-3.3964224114604264,-0.36214081651624563,-0.1607944498694324,2.6774597174192705,-3.2459138404628685,2.181092678931503,-2.319684234088568,7.96262216405875,5.071063980662589,-5.888766465620395,6.610771865674462,-2.190199366635913,-1.9595470021316919,3.6381849617949245,-3.852075565272005,12.856660519847486,-3.188552776535476,0.2878470691671718,1.9720088357357275,-1.266123027880442,-1.8574662859239441,-0.5548835081498003,-4.748515792798287,1.3335724822751234,-1.9915148542794632,-1.5876896105826488,0.6143143264103959,-2.5351827951607744,0.5449762627338547,-0.7051859755003635,-4.787451255852266,1.3203920479717541,1.4407772146643494,-2.9177873152367133,3.4475223963416552,0.5358749380471045,1.2150953222953422,0.5188898186276875,1.7231340273232898,-0.23377949147907048,0.04982734032031477
9.980263778547796,36.46927162638742,14.78707094047786,-0.44411637503645124,15.080591650827374,-1.836710469625852,10.60684953126796,10.685829044831777,-3.5536763264329574,7.401966270663559,-9.379755057385864,3.325809116541346,9.47199223801132,-0.895554009919492,0.33810861452109914,-8.52520693788544,-2.8689417989704564,-8.823391801032797,5.20210009559215,-10.43437627192358,-1.5497065848047773,-0.930541940234211,2.9647687301463526,-0.13451337965307633,1.2193491198345778,2.7256123202138003,-6.001508918510364,1.524620609431618,-1.969057719570598,-0.4166752079847232,5.400434420635486,-4.121577898902831,2.356228300941891,-6.160873081130067,-2.3323635456827647,4.2623396863735605,-6.983740816005752,7.354641151098084,-13.906479181915142,4.4121839738764415,-2.25608033629638,4.336977968224207,-4.469866768698015,3.1319007554137284,1.7169565456460436,3.2640923553463637,0.6949788269289076,0.7106736445032323,0.13626356946043772,3.8647209962796176,-0.8979943241711613,7.211411338797361,-4.891999077295594,-2.070682107422599,3.290028366404301,-0.9142642863153863,1.2318972178076004,7.265511048379204,-3.630130213625255,-5.382602558413638,-2.9525663264402535,-4.463043711215233,5.383713490854056,4.622879363456734
13.95158714398986,-7.6257399859335715,13.616700801720489,-7.202774578650186,-2.3304282255162363,-4.652370281444425,1.0068961151421216,1.7351266583901364,-2.4779010241284882,2.686285433650859,-4.709696547148546,-6.185665413589203,5.777514385344849,-5.6618335839323,-2.4828739504182464,0.10447226821758059,2.9470972900582764,5.659055204700071,-1.3907753483718448,9.081321037353952,-1.7612379577447668,1.842059708616678,-2.967661691287167,11.431982152777074,-11.018582231639478,-7.462033346226875,3.313150218201596,15.867790568016755,-14.56650033289051,15.80003709852093,11.457959184713614,-4.93056336776914,9.732392633214179,1.574596914604814,-6.896704156233562,-4.438192189619425,10.290988072366833,3.408135120119078,3.880220129534809,1.3499532530853064,1.4685034913634212,-1.5210382261582962,-4.144058737422796,0.9608407640139609,1.0244284795699892,-1.2380153949586488,-9.174954124165678,2.2326436866476693,-3.026545494189021,1.734172992693818,10.332617652287372,-5.546902936053985,-2.08016474151411,-0.11859163936159303,-2.509481001642051,1.0446249430043235,1.7402389358800445,-3.5960793030463365,4.747758205358457,1.979948212575409,0.18710563990656706,2.2865664407814763,6.810405676424769,8.258711958408405
-15.60345641192158,10.314962046120058,13.397740145722187,42.669096711910264,7.714150805305951,1.742151443574006,-14.973328903679949,-0.8699741362193026,10.06360344488832,-3.1129239111350415,8.491046704218455,3.47350669465801,-9.357293638812441,-1.9918401285387992,-19.185049951137145,0.5137484535197822,5.754200311362395,-0.7980468159193294,-2.6024621799528456,1.3669262318264508,-6.910383240264957,-0.4556715102875174,1.5496903637627788,-5.609147380272447,-2.0809955521535977,1.9427747328086091,-1.2460044655234106,6.826601102319339,3.4653024157525576,1.2367669029951465,1.3795969727761694,3.411888934059169,3.7194156073554665,-2.8303093711625293,3.8542592595716454,1.400868410845257,-1.4525768070007954,-7.808510740164031,-3.059649062640609,-3.3688683322284403,-2.821739754763666,-5.396173328997586,-1.840526109326932,3.7916539998380627,-0.4312724834272333,-3.79802906962896,-2.7346379884770418,3.976745722587931,-1.1176761316215758,5.453065927214813,2.595661235367624,6.385685789428285,9.532807833067048,1.1612862618451698,8.271548212060951,2.993281305573783,-3.469472864290691,-1.8748430263469278,5.588254894581096,-3.2041466992626995,2.61094374126431,-0.4774336983297143,-7.062229322860822,6.712956906309163
46.79387047040587,-0.6887335626221068,-24.377799527488136,10.304762383324828,5.864940466501323,-0.622178052945572,9.456178733914841,7.67694601014968,3.9372257102540282,1.1345043434159756,9.092629639018307,4.036255406603044,-6.185728889338275,3.9993421002236222,7.009976214056381,2.7486176657643675,-1.721466143099144,2.6633259312683575,2.098476721768066,0.1539900437361278,1.2890705870712151,1.761236583991435,-14.602234569232305,5.185744749638729,0.21958957397847914,-5.360076961565654,2.458262805341469,-0.361889085274215,-1.9100154104155151,-3.941287310063926,2.9834711048032094,6.428207225853988,-5.434517848597926,4.408978064807444,-1.9423239160189,1.9671261557346158,2.909127569294907,-6.413834516927517,7.866494006681108,-5.079415676255084,0.48310065591656837,-1.5148062179248416,-2.7221931056399096,-0.1131258882478762,-0.5538439571179773,-4.627911232086423,2.571448273360359,1.9194132473884393,-1.6425351631528484,-0.333242549647265,-2.148004968668771,-1.7968664056554813,-0.1250367488928802,-3.3208152251961476,-0.25654676731344295,-0.3430338853630671,-2.3736020522126897,4.659925862726079,-0.08807276729457647,2.433262950186348,3.708337542361429,-0.7151393373468581,0.2886575071378244,0.9754125854573832
-10.96395350617782,-10.773960425567322,1.1705330759356867,-5.009314359775972,6.620321181125321,-7.845251247666839,10.553178762298614,-2.968077174656809,-2.469862394366123,-0.5462383994059261,1.0864581789592167,-0.20132357348379284,-6.6897408851128155,1.3540983723906912,-0.9516316704091969,-1.6294504664739045,0.10660141635692567,0.22103287973049318,-2.40245042928031,0.4456874187962001,-1.4589235736831168,-2.5398617090133264,1.8003628351487557,-8.792302357457162,1.161921284443594,1.7268401809555005,3.7448292409599406,1.9006475207956477,2.0837750123106717,5.35140459393908,-0.33991520751614696,0.8972056848160034,3.126237378416901,-2.2440773321979925,-9.858490842644574,-5.895344432401125,-1.1920185402281545,2.1857175479623865,-3.1699676707151645,-5.77933671306776,4.069126429824933,2.9430613238967296,-7.383299000905147,-0.08966331928485158,-1.2921509217909737,-2.310860745971304,0.19603493325664664,6.9932940047872405,4.710848208513179,-3.7199957100112027,-4.181032475304855,6.198522862780583,11.225503440602779,-8.164452480309762,2.586275545027309,-5.01393856178675,-4.2723312947212175,-4.777020065393307,-2.018179743805502,10.710558376121252,-3.2612320786783284,-6.910722354197078,2.445697200237798,-7.894479504775829
-18.826617367744117,20.57657644027465,-4.88835996495464,1.4326323696959342,-21.026809348589545,-6.871573527440408,3.8243469332234605,8.331922857989081,-6.696846851966049,-0.7968036434938456,-1.5486069074192372,-5.741617923438316,-9.711786009089272,1.6742579752535762,3.9191774927798413,19.23567922461105,3.213078901733766,-13.766891416530372,5.10881772809861,11.651830132889431,-2.6828292079186458,-4.080409763997642,7.926244650875568,5.471853859694397,-9.177037067177539,3.571713296734849,9.30776582554473,3.364036586486104,18.416220873727355,3.3355485344873563,2.704776960099147,-0.3781708115162278,-7.5014291304191385,8.672113220044464,-11.66779730273784,-7.4702695080201815,-10.66608829164558,-5.6435931313977115,-4.440251439189637,3.6280172843315723,-9.873929012066638,-4.673502134233671,1.263364655695628,14.869856997629775,13.323003340209153,-17.71006730832383,17.30480625572292,12.179830080008,-7.391936466237841,-3.0159713813252313,-2.173791957111165,0.9490616510312126,-7.609158414022659,-0.11817547370932593,5.968890114767148,-3.980362589645753,13.209789191488724,-1.0442618720119543,2.6316662315164483,8.124898386760423,1.9523625797058524,4.071473327813087,-1.5342345964534345,4.769585820258096
26.887855534217273,-3.8961034532891983,9.801992400998591,9.400392729057197,-3.862741098079785,1.2309085029060944,-12.068772134089771,4.334967490666902,-7.138568951278525,-7.441807851811283,-13.728881608229313,-3.3635450465046137,-1.4665944762703826,4.431332982243653,-2.6071043055866996,3.209297386765267,5.542797094834016,-6.8810393835204815,4.2559277784456695,2.866215509399827,-3.8201170921062086,-7.495021295215539,11.545478564707006,-1.262921424943289,2.7164765270960354,-0.558203231576107,-3.4569824462737286,-9.148685774015298,0.3666786296063129,1.0514302882287776,11.498578956557589,0.8556427377597823,-5.553732682500361,-0.16169301308388623,1.0449301395569137,-11.357417368080263,9.569667002224836,-6.801104677051359,6.302564358181991,-3.122768323477535,1.930888077902986,7.112154834412258,2.9565088904143035,-1.7457276644869726,-3.061708534912623,11.849558033265708,-8.148023501277502,-1.0709022894634164,2.5752297321805693,-0.2412483314684079,-2.8462683403267413,-2.7829502341452064,-4.26715109535704,-4.709140233354529,-6.319980041445505,-3.493148673132349,-4.553838893925563,-2.708550450696944,2.5977193434747368,5.5759759113642655,6.486832461072372,0.29155417894301644,-9.997734705517606,-6.473415523113895
5.1144489646866464,-9.263378198119433,13.113930613603166,-9.174183926088263,-2.8240870976396635,-7.832256900864833,1.1097584237611995,-1.7777637507799937,3.8526025228737413,12.279576606263616,-8.865825132100937,6.069012429087946,-3.842651202416771,-4.700925468779557,-0.3535066660866001,10.258903386671182,1.4777073061610904,3.460983650291982,-5.485739284988118,-4.187621298746704,-15.315418617351847,-6.548141586144308,-5.647155904357089,0.9494528280561482,4.605101882469515,7.924290653870898,1.5448270633415784,2.203282956124285,-8.146709012148726,-6.349336513961344,-1.9912253912202182,6.783825860525432,-8.869989641882501,5.073419134040369,2.303704604942773,2.084588003269644,1.028887300622832,1.5248653567126647,-4.716581909567101,1.2362883301247434,-1.380976000146838,3.469545990793501,6.882295122237158,-1.4500465745294608,11.107788063330144,4.240761472200049,10.170697879093796,7.347775970713691,-5.1308215000534085,-3.067783426622026,4.853813003075959,-0.8915118201056466,7.597890680938924,3.5983272165790767,4.273815272612932,3.6618118907099606,8.341657484122923,-0.6395483470662335,-4.1281560253147775,5.387695365155641,2.7238789930181717,5.230253786659341,-1.1841105761815456,3.795773475016627
46.21052538887432,-1.0284464053319098,-23.382903155648638,1.7178535234040138,4.814135600900553,1.9750654314206375,-5.721688057145146,-9.777962784877094,3.6951472481427645,-8.657772273608376,14.49377312759282,2.00106030993862,-12.23181899393621,4.223058916939249,4.697916296062188,7.22808705702321,-0.8718921742260873,3.707199455485094,-11.065786317090033,9.639164621229678,0.6175369949130725,2.0213684694899436,-5.316500754333584,0.33306642066070125,-0.9614862294810067,-4.38508042964393,-2.661877625959578,-3.5363250802963915,-4.345556007698854,-8.49380355080072,10.578177368498503,4.170177515014263,-5.278173331062914,2.460985702389991,-0.8379332683110431,-0.33928189976320366,-2.3662448059279093,2.313572591484379,1.6316757359924394,2.84459110251264,0.43858373433840336,-1.2193089981878393,-4.937503830908,1.4334060632271588,-0.22534757511081527,-4.58314533496644,-0.5687376828476702,-1.01082881716572,-6.905524785239989,-0.9452530333701827,-3.2903694639504,1.0071437137950612,-0.3677289204611682,-5.934187181876662,1.4541028985977205,2.607548774747622,-4.147591613920757,5.3670513072348225,-6.239952354828057,0.4115023437557069,4.000533349422412,2.674835092181198,1.0152586258794885,4.766441106744131
10.16269056623398,-7.381759999690685,12.997278529382163,-7.761864756220404,0.7386409845867477,-5.104370460916083,3.2603572256824145,-2.755213881879999,-3.086896325855747,-0.5821467576393127,-4.1162193165190795,-4.1589902755083745,1.2264104949943295,1.391428499110361,-2.8736922432652565,-0.14636544643957378,2.083824499416211,0.15498458229277143,-0.9296435410165254,1.2598799997759176,0.5486210056024131,-2.863194635263039,-3.7822994359916913,6.935925528884481,-1.91122333582136,-5.808416145266641,-5.735251786848959,8.180794795774338,-4.119505888789233,3.287233421663497,-1.3213385992154996,1.7613586604912805,5.567476253604157,-2.6044303603904093,-1.173557119010692,-4.381168227541212,-1.370713314402938,0.1787333574242638,-0.7056477128727384,-3.912717055394705,2.5448675784157944,1.582246794937902,0.13599496053267945,1.3067915172893934,1.7382527564510863,-3.7286138519284866,-2.6410493214880297,5.55939720675674,-4.654175167127635,1.9468706585545588,6.487888788739969,-3.343140774684696,2.21937542299101,6.676239192860295,0.5563492110017307,-8.940385262933054,1.1046812689228132,4.444335796128475,-6.097467605527292,5.886525701687639,-10.190109609945647,2.445686633657301,-6.423788182343814,-1.219951113783916
-18.73195306165562,-10.345630482129847,-5.564215132177235,-3.377637098725933,1.1673233012923396,0.058898114121601806,1.5803463188307836,2.9417908666876817,-11.917930626558233,3.2249837877260235,1.6605543235119504,0.8455055334449293,-2.166261348267907,9.634897131813926,1.7765654158980306,-6.2733789258363615,-5.88247368323843,9.534038840919015,-8.73388238470712,2.931623074587813,-0.509880341489036,3.2038609517891223,-2.8281667265503185,-0.18779862023123267,-1.244249040926702,7.931743048943121,2.5913732950074806,-4.663722905848869,6.905400797970355,4.41139925306214,-2.0147741435706528,-5.187832730940751,-4.090169496604174,-0.5033123637052291,-8.474969832324458,7.342867858929709,7.101091286922732,-2.045349008137667,-12.668787345708791,-3.8338482393256172,-6.309234781411052,1.6519707192147337,0.9892215413573152,-0.11188672824045041,-16.491890880593637,4.540414192543312,-3.590553968988332,-4.747592550578355,-10.202143422995123,24.560783315653865,12.56313581951641,-10.198609931838295,-3.945272928284821,-6.805905403480825,-5.2348795398893175,1.0256413099875286,1.7475609346613863,2.273800256918541,-2.34674466087152,1.0766203743106946,-11.550713934068073,4.778830971232277,-6.480047709566719,4.531592552258288
-9.05580533959286,-8.436627050465738,1.772776616370618,-3.349378121908928,4.326355112407714,-5.225032062867494,7.213875038139818,-3.119297573011596,-1.296566483079894,-1.1443768691719147,2.981778488189634,1.9567296186181178,-2.7934478036346584,1.878217717240606,2.310520437321413,-3.3862321114227125,2.984753144374374,3.930447396794898,1.4333719638058802,-0.23711093145512224,0.14732247511412486,-2.2236150248183795,2.199294416322297,-5.591996745672501,3.5979869465054866,1.151418160816968,0.7817612054770045,2.724488370311744,2.561485268162463,0.7661694686726812,1.6491772747394229,1.1514946938157673,2.6023046319193535,-0.48355900218007836,-1.2914913141656554,0.26545118712557303,-1.8021629222257316,0.16100299672921678,-3.700934507554835,-2.658655099689848,1.1887290176421896,2.0672570520609983,0.33535336142581024,2.9471727732463315,-3.109734360814358,-1.405476457284034,-0.5362830054185053,1.9597971107878507,1.972388499232774,-0.19164787284339974,-1.4096349247443503,-0.4858324120536447,0.4797276580225775,-1.5515419639724284,-4.019854132029576,1.1663707338823193,-0.2777224761102977,1.0666393450364302,2.4633193731664984,-1.8682540775944594,6.077888457348211,0.7002969908481415,-1.8490344035395732,-0.31631736803674637
-7.807768625526551,-5.779883655048603,5.976789856578365,-3.614642057823852,0.03702827139881917,1.8220695301181826,3.662417219313792,0.8285571672527605,2.4321475807265944,0.7980764276070665,3.0635566544481816,5.475974210512558,-1.5402345283825136,4.9084786204369575,4.728380633451837,-0.39497616292558035,5.237788988766101,1.9502648074437614,-0.5925410663773303,1.7519629411183302,3.3560927679385215,-0.06616562476076704,-1.422329367085162,-1.121254941355176,1.6841940686286216,0.0278358278070399,-5.834614615031401,1.246453802122541,1.008226279489862,3.895693777052366,1.0932560627237125,-1.505225880084731,4.574418752727512,-4.038538214535971,-2.3184817846029517,-3.2522671453700833,-2.2254272751311865,0.9500237184926276,-0.7405778386792407,-0.6103811103673159,-1.4811747711736634,-2.3534432410818424,2.70784274755987,0.9978473149294292,-1.8869600217313212,-4.101554592396467,-5.019255041703525,0.4463767506423835,-2.202927281699586,-0.2695252510218105,2.4429565119759875,-0.8461835440965461,-1.6750286948521074,-4.7742083921248355,-5.128544577264286,-0.7849300949817887,-1.1135373970998272,7.1514005452390785,-2.363371752152493,2.9358515676706234,1.9745604037409488,-3.9396818132128764,-5.058537864668067,3.965714050371358
-16.06552170128583,-10.372026107292799,-1.1144086025520086,-3.3707162838937617,-2.1956215290252974,0.15892632700550688,-13.31817592083661,12.866953113706954,27.372408443435784,11.262334127521271,16.91514704676761,15.792985173131031,10.480204973061241,32.98448604874192,-22.416020226612336,-0.05727211361033742,1.5390266152927286,-1.2903724470269609,3.804206401087405,5.280113452624121,-13.77590353072053,4.699187744619791,2.8901620928285485,-2.252576418462236,-0.09987599312467996,-1.4981489753967767,-2.556902965432968,-2.1067561513784954,-0.8571849267283721,-5.705874679037212,-2.7160089817103783,1.3066990115250972,4.856303708073913,1.3528486103878823,3.924719855640815,-3.7998587774666674,-2.281295588169544,-0.1820247324239344,0.6392140226430572,-1.8854271107614724,-6.860518977198086,-0.922898853361742,-3.9563324461767135,1.1530843553050645,-2.00324774079701,-6.0309502494842055,0.9464162618387818,-3.033841277948192,5.5695647205870955,10.487297487996686,6.668128269033672,2.3685050070625144,-0.6838215812014729,5.778548647142147,11.132288120946626,-0.300115596551544,-0.45019338819298715,-4.391524156188829,5.828059579873502,3.767378882436684,4.103549511007421,-2.934902201323805,-3.6301194221513158,6.090233977680658
8.976154402906792,-8.18322117093812,11.552937402327942,-8.274844071138409,3.4140979260189424,-9.21891804247805,7.1109982643103695,-5.075170249658709,-4.798683285218322,-1.5351592883327687,-3.53261024020043,-6.861334935784515,-1.050892753357693,-1.129719686496612,-4.652725585847253,-3.1964320194874922,0.4986171669537866,3.6744812297074114,-2.379934665823525,-1.5074331499271634,0.8688799785159939,-5.804870278251693,-5.3679776336929566,0.8747349856495097,1.2385509493038613,-0.7671522747978401,0.9490061908037639,2.411635693325828,-1.7950826562334827,-0.8010138289403804,-1.984938981866411,2.397383696696055,0.36514688010968016,-5.94850807087051,4.7381938827597505,-2.8005223693020063,-3.658721768411723,-0.80856224412897,-1.2325636585129034,-6.338612500779478,-6.050789579694823,-6.812394339897717,3.2717287129801007,-5.439304582366634,5.666079004471062,4.21707798798271,4.4379241166047025,-5.978294725488835,-9.900233190087807,-1.2153836115007086,3.3587149012299378,1.138549509418238,-4.214712943488012,-1.344442338569779,7.0146947338221395,6.488807163728789,-0.04589690477857383,1.7075719786875623,5.519925045048416,1.325905109044886,6.221861202856758,-5.1642118184828725,-0.9308936247450977,-6.4841390237799725
11.71889700141792,-2.937941732319688,12.392943307310569,-8.719003303576194,-1.4451756996997542,-10.645223377874196,5.797437790317093,-1.7993091997372292,-4.783883511583834,4.900649576933399,-12.902585763019111,-2.621885644647318,-3.0363312186479194,-6.533993487755364,1.364372032398641,6.003103875361573,-11.669557651554618,-30.284761023064295,-7.650703246635396,6.915264760512038,-10.305398111043559,18.121061963075594,-17.819176897306498,-18.62342162007466,-14.838596306846595,-16.640966738319786,5.394602324917237,-4.8061077159759265,11.049174456175946,13.206099735339672,-4.066924570613791,14.361143367775972,4.907877824871176,-6.2117808929579414,11.898813109569915,1.0162522441248798,5.2264076578446845,8.819603137542153,5.348811387462125,4.428858352486398,5.8160272082119215,-2.3925842791260084,-3.726638025578961,2.496718926238516,-13.96235982578723,7.739609843273677,2.932780525135953,-5.000515092120058,-8.580702255095858,-0.987126390942991,-0.09100629606688568,11.656635371728354,2.8561358978695153,2.7531519919550416,3.6443764250908908,-4.031473076240444,-4.876120179425653,1.2961715251378985,-0.41910279794815075,3.8695001805255522,0.3681143275467448,2.034965536550052,-1.2433322083591651,-0.2843344197079378
-18.210696903735,-11.040336010362932,-10.88844857558176,0.38215194433010297,8.876694334531438,-4.024505994068062,1.844803876790892,-3.183576399699986,-4.107031549633283,-2.8548870918825724,-3.370506690321406,-1.290723648591843,3.07379420046033,-1.0715874507258503,-3.4447730775101855,-9.721281612020162,0.37630854992461,-0.023043061746394883,-4.068024755363749,-1.0220574654197634,-2.3481535164729683,-3.3367938995474953,-0.12929140674392775,0.17984954169842246,0.596819568961686,-0.28128654822567434,7.710386013321703,-7.4764716828974205,-4.805042505029237,-2.646099407274267,1.0308254194706297,-1.766030022023072,-0.6498914716838792,4.684553957801526,-2.0941351178972196,2.5438501632503394,-6.431187170703619,2.384828311183799,3.369382053882807,-1.983268953633831,0.042827869211054595,-1.2119747734817672,0.7923907633238774,1.5940185362398434,-6.920134532305331,1.974641145084388,6.799267371001788,2.5199877489706197,2.6838050969956706,-1.33647975390998,3.263081619042753,-0.81069049971222,-1.311499999108284,8.636194534610986,-3.3790442451272926,-1.8852911847337037,-3.6403725440642636,0.88743703130673,3.5363550561294073,-4.02663277807366,5.806450968925253,-4.58399343714193,-8.932883995966016,0.3176730764927905
41.22003025226482,3.5400143277759444,-16.541389817846976,-5.960717357105836,8.725756500802882,6.420563033372966,-13.173429121731214,-14.330259719251114,-0.8050143037259719,-7.021162735704798,10.674252608831742,-1.6534150229401559,-7.886132430540188,3.7782312974299566,0.4040304668692098,9.671176798247394,0.7537228176042305,6.9416911110630135,-15.009805898833669,9.923132361898642,2.957075572876534,-2.979108644323624,-0.9595425833891994,-6.526764344927018,-0.5556783479651097,-2.799955056625065,-1.8305360378306734,-4.018216123590391,-0.8806339090337935,-4.489499926270775,4.701126684023803,-1.0831607057940258,-2.2303714218461286,5.994501564458651,0.3223618062363797,-2.146541176891771,-1.7053476788916941,6.205649779761187,-0.5803613494544911,2.1915134925635233,-0.24578857778237492,4.338238055118431,-1.2799020387779305,1.0044711445224372,0.12422571027598273,1.5824520607456383,-0.35442039569452394,-2.0010915330040575,-3.451453688450342,-2.2522429725771613,3.751172776636656,-2.9555639893251593,3.738007393637484,-5.443543128320313,0.4096313534631291,0.3131796153291425,-2.3308769606512,2.032130609539915,3.6877122549007058,4.523261899515699,-5.711914380880062,1.5907098967676239,0.494121388106241,4.920246411475193
39.52379198488395,-4.068441775476186,-12.479842775540186,3.9183678654952083,-5.03425258877157,2.172724407339726,-11.111612016683612,5.4732701785959765,-2.714338824377084,-9.935800425441304,-5.871652441384206,2.3721140452428653,-6.366473816069001,5.614935763870424,0.6696126135778512,-0.4366062288882818,1.768846673770389,-1.173085500583577,2.4170813823072264,-0.7667918866553564,-0.88546752059018,-4.115349538545105,8.254646181161037,-7.0210309382630856,4.7848000635658705,0.29366411877798226,-2.9965514900520165,-6.267104116067803,6.45980507587386,1.964000009234889,5.499030605503206,3.012850659092575,2.8770445162405136,0.0009455416910353544,4.471472061272935,-12.038087575021589,4.042947945411293,-6.7225452073079515,4.251822785701943,-1.9568929098642354,3.0880399341382,10.274030351396274,6.273218549555737,-7.497024637610063,3.9417684404981355,14.842439348549483,-8.410616891351706,4.830001950687029,-2.376655748288722,-5.226635046669517,3.8037257343769255,-4.121367823892397,-1.2093216926363062,-3.2080511263043423,-3.5496578234058203,-6.637318760002233,-2.5057247370881304,0.0028860945915193436,3.005930890538417,3.451980247622985,1.635060520103725,3.5395016295983073,-1.9006514611671108,3.068255837958069
-18.443625890673058,-10.849208165949177,-4.326482344228851,-0.22248264015705813,6.535071543781762,3.1074797413599176,1.8500631146418745,-3.0363321533152376,-5.329131204413224,-3.802631487700789,5.161668505975278,-2.2192181192616816,1.1193618586010103,-2.6676776791113292,0.7840206453976029,-1.1117423249959728,11.913887028379774,3.540793422555359,4.372421867068643,-11.581038511383063,-0.5421021536440419,8.85201942707621,-1.5927216125897559,1.6831138839534394,-21.483568278978822,12.632522303174936,-4.791385794317822,-3.260027013936298,4.5930191388216235,-1.851906170958374,-6.558219286435642,-6.4273183249069605,-12.66235579774325,-8.632643779011165,7.971697395077432,-16.22612711325537,17.69709470301767,-1.0103455369474512,5.80091765473862,16.18630989460116,11.29664447949758,4.15546669285149,-22.96969693897651,1.5525648025982248,7.987984470847364,-0.4713450733630579,1.2768296751552866,-2.738383832709235,-2.19639157527569,9.849125133427481,-4.297857436062625,-5.090824246111294,2.6146396789240804,-0.9336383394692545,5.389516668958638,-5.072019764594378,1.6557492200245876,3.3701350482898507,-2.6822757755132627,-1.4815566018012098,-2.366056855931028,-6.085734566848233,8.09801781671785,3.7968742808209135
22.757823197395016,-9.12966875832648,7.995813310606717,-5.381508782745919,-2.685747693813395,2.9916735006006547,1.1532532174164523,-2.2489758808767064,-1.9044592446289297,-2.224363625034949,-6.6851638841395955,-11.387698488466844,4.393919548445527,-5.195475309739305,-8.370357979323032,3.2748852020274253,-2.0304788760435333,6.660642709527597,4.508891779322622,6.87291592632065,-5.698362391288732,-2.062606769685966,1.8721281790524065,1.5116599951406244,-9.998397519014533,5.913866641710538,3.297021036856616,-3.417902224998621,-2.232675885296769,-5.525354392961016,-1.755387163289082,5.916475442773677,4.333158975811544,4.710860729856623,0.6773785412805521,6.621457134528481,1.8427112962871246,-3.1949547480908564,-4.430267296722984,7.1906589727902555,-2.0287391750198824,2.4329507421675847,3.3640641951958745,-11.56655295009768,-6.299238274226419,-4.3505065564403775,5.349796260833184,-3.0373725960813602,5.184808742731881,5.269569360964106,6.459887878624664,-0.6496509458843577,-0.3985133168059334,-9.978534708338417,-1.235499066466305,-9.704418581945212,-4.024754569343938,2.7841363730372874,3.189120629059807,1.5155887746580443,4.676815291751669,6.106544245816137,1.8291394625169566,-2.7422287425766947
-6.026385700050921,-9.081284977246678,8.583501334339498,-6.771389026198553,4.832025901772579,-9.330111792712886,8.961361902966631,-0.44570293141860273,3.6573215278446773,-4.206668126242333,4.7614682401698145,1.5526936259863184,-3.693869830491752,2.1030139665171714,16.29485750513161,7.48553851620888,-5.326775983182138,-11.285138087788297,9.27405454326122,9.503877435565366,14.779793427651109,2.0856825979003526,3.358509870331531,-24.215866262069643,0.06915707021319112,-7.095742668024911,-0.24819864010511408,9.873431162551649,-18.985179893514175,-6.645586176950208,0.8307857313187078,-44.06581475123322,7.622932075513774,7.351654491183473,25.740795910635953,9.051956516638597,-4.681221239904518,-21.771358493333093,1.3052092996797675,-2.1934769181045555,1.7219604396359338,9.759272604326634,-1.8408796868926132,-2.8087109723337984,1.662283059786778,-1.7544621584115383,0.9594111240041776,0.9719841159183956,-2.724181553057558,5.854571394695022,0.7854981798487679,5.424260193280304,3.3349479885773046,-9.541191444427023,4.244047259234045,0.3649798721841897,5.720112523270455,-7.633466907878525,2.198613015386864,1.103775133539705,2.6627588486919604,-0.9781673495514778,-2.7301091294294078,-2.2389153262639674
-20.356701018267003,-9.216497266363856,-14.10083451188423,1.1256731534991005,6.624100503842968,-5.57362927293766,0.25208333267111477,-5.673915168516568,-1.1232352443656697,3.517422794416825,-6.3573434312055666,-1.1415126038221657,2.0623773799316525,-1.9237113852974,-7.473595727853689,-4.275775055934476,-1.313074206733293,2.065515913932923,-2.052277239921648,0.6924987667147324,-0.6871384491793283,-2.073325324590781,-0.7509840743508936,-1.696840694300824,0.08805054962004953,-4.7021047894763,8.397330997057729,-3.0084947577644074,-3.6726343806453134,-4.861675658555631,2.601878780467873,1.9402515168643872,3.0640787611126803,1.5405312652751946,4.441507058665558,4.894187444024333,-2.263034660410051,-0.0695237264186944,3.0724133957627346,0.0928213984628368,-2.9628432616539055,-1.5992876416073067,0.8031554330119629,5.780273284211621,-0.7256125989508063,6.487864476998645,3.0729619689608625,5.437095382230152,-1.8745935923603352,-3.787349041385028,0.22488534413929384,-6.042225038453719,2.0891108365350894,-3.2517682276644524,-8.482550173742025,-2.6058719556522703,1.9291735884152772,4.429864697382482,1.1613005906773834,-3.920448135628412,6.538265815719424,-5.912323919705677,1.7959176357061553,-6.186433634557621
31.183516041512675,-1.7981349067955936,3.008330269209141,9.944896565193213,-7.231801675545745,-0.4361006341116121,-3.020496487661709,-15.46387791198355,2.8924090255803465,-8.621097596875481,-8.63595589649389,-0.18882851014097682,25.0952857360191,7.832139111145162,14.181341801565564,4.7956282691943635,-5.055429614131116,6.638881411340013,-6.23184952246343,1.7028412448642485,-1.5031089293680198,1.9457446739278386,12.212421482382162,-0.2559832438015227,1.3034826562076556,1.1083623074844193,10.085105276018028,-6.265962944526417,1.5970442533497657,6.181897218983816,-13.0555630497648,-0.4527370721599816,-1.6369687075651342,-1.5291639655913032,1.1180478426961478,-4.069345558309356,4.543898270651815,1.573617386341661,0.29371447256313093,-1.3524718108908826,-1.6044601869259776,3.6642461780427196,4.324358705144625,-1.2065713041330715,1.6686695823280224,-2.4258756780394535,1.878634216438122,-2.590658453818597,0.6839784008709757,0.3528729191691721,-4.188121769833352,-1.1698877460666397,-0.5292399462946171,-4.053466728274166,-5.655886437676922,3.738115494797039,-3.2246216444820277,2.88292554561712,-5.403297881370262,1.904476501189444,1.6607470407775182,0.7015244260816438,-0.5453327550331006,1.435503927024683
41.75601552425699,8.549130128150905,-18.647458817113336,-9.414745531286988,15.032333190282655,4.860831036310911,-16.9065034996829,-16.653803056132585,4.18393158684761,-11.097618960107088,12.473673494481591,-1.4692063995035418,-9.700100742827306,4.896546086648635,4.33874460512599,11.435769145735636,0.004349373405390049,7.008505479588279,-13.304357891791831,13.3246667278354,0.42954963419512215,2.3710786481578605,-2.2375126647642136,-0.6196123088799211,-1.9927355907494313,-2.671819240933092,-3.246904116282767,-3.7377259752051724,-2.4392033440339875,-7.303442835674621,8.067722424297333,2.73522199355647,-3.0409409519900064,2.0467322034939377,-0.0926507371500748,-0.7892570640599735,-3.2747837760629452,3.8940326683971693,-1.9444373191965074,3.1209386092347287,-0.3672955743789978,-1.085935238218254,-2.7605545424803863,-0.3908683817250371,0.07785461470755907,-1.107642243369167,-1.5939492248019838,2.6789893959308166,-5.304533728872368,-0.5921115935121694,-1.952449702344185,0.022958365457675458,-0.569680455979436,-1.6865354075412862,1.2238848577296715,2.8372433128268906,-2.745259255185099,-1.6888518671183512,-1.617953483542059,0.34589277206864294,0.835407621515279,0.4602475749586627,0.4659691681796127,0.47128250370841906
33.71334593877528,18.088407516495856,-10.606302677535213,-22.420989163670534,18.501227644197673,4.019211067836102,-22.6654442499743,-17.811085358380247,1.9118776704720377,-9.206071845554865,9.578924970317944,-3.411236106956556,-7.824091281669069,1.101627942547096,-2.0538929321539308,5.939345158872723,1.4009607342746653,4.6044034144185435,-7.178987174635763,8.79360103970666,-2.1420978051599535,2.7544604549706846,0.269845907553832,-0.6057138759281617,-4.734963932318025,-0.4927097526708205,0.5165255024416284,1.824052724774448,-5.8624212904469575,-1.7829564046051554,7.617873188810934,3.315497809070913,-3.8723473526929904,-1.332731607859079,-1.6794615255521423,3.559115353427732,0.11938789805625256,0.3451170864510702,-1.2458827652756144,0.09850400805868831,-1.1865609315802985,-0.7289707717320565,-1.9724121169079527,5.7621919704225375,-1.6828152369076312,1.0800470454192657,-0.5373088563003606,-4.079569058286695,1.0877077153011163,0.8553693619334211,-1.3919165023967255,1.6453097676668433,1.7517484820126268,-4.328797756185393,2.057656039459188,5.22549771729664,-1.1296311192754303,0.786151737383919,-4.818883886103713,-2.331907631510746,3.84749694720853,-0.26593891388612617,-1.053947379112191,0.9977797988200484
-7.594094990881185,-9.427774031863114,6.090370783418847,-5.915235019014926,4.203349088082915,-5.086246945355577,11.732113366674172,-3.682690651525159,-0.1410457619026527,-2.4619197910935067,2.1575162732466175,-2.1763980142786057,-4.654401109836618,0.4033144653879261,2.5417081679456075,-3.7046529191454383,0.3482404421988512,7.003998512012429,0.9960671606124324,-0.6959036048835019,0.3131306320812769,-4.9961509950619005,-1.6899163485334583,-5.688473789598176,3.442674145426542,-0.4352878565247474,3.074333381248039,-0.4926521236017305,0.44169893733331334,-1.837680915263799,-1.1772023464840284,2.0584515636675875,2.609331015328064,-6.214393643693549,1.987950885474182,-0.043067450161893804,-4.520844033061015,-2.1848716479515895,-2.9459235434509825,-6.099980695384516,1.1554183614903488,0.8643191499468093,0.02530945326646609,4.115994301648739,-1.347611906647198,3.69539854664536,-2.6680564893501177,-0.15466050231104123,-3.3996743879468028,-0.3329967618514527,-2.5248644255399504,-6.704219767114367,-4.002567448200855,-0.9525283381558046,-2.3088282655801806,-0.3970607092121297,4.208754312877575,4.031544937894862,3.234882701836011,-8.264069723323395,4.964774032439478,-2.5891909646854434,3.010934345276625,4.926972532573618
4.382947775683668,14.965973839238496,25.495090065764472,12.77712344231165,-0.5597534854231521,-5.1218262116788935,4.302590014048174,0.3607241268810211,-1.9383836745489467,-0.8086320180088615,0.8717669795026873,3.5080566250636394,-5.826576974343771,-2.733826822095266,-3.973181404332638,-3.2097623467703875,-5.405436969387254,-11.54488740998242,-12.381932093924597,2.007869262122065,0.16571773223888214,1.490302237087526,2.391582924260962,7.098635113617793,-2.854378884260151,0.9995893363148217,-1.2392465405444344,-5.609501466287517,-3.2260151491301783,-8.179331549915576,7.214570253377313,2.5095563908913125,-6.739192598064723,1.8068651229597317,-2.8713461095184543,0.05274338455277734,-5.002482890891296,-1.8037492661032146,10.72099678685025,1.129468234100624,-2.1189048776192365,1.282773590604794,2.1787542712994905,-7.327106955356045,2.8721704142245525,-2.61416791951826,-9.682184382045007,-6.180898859862766,5.319528148245349,0.526092101448378,-0.7194878797747731,-1.4662019729615465,2.6590443124326484,-4.722705657040787,0.3585538472757947,-3.2343957730946817,-2.3383297187632075,-4.857077868558608,0.5538170731816272,-2.801543643365838,-3.559425517383074,1.736821802604544,3.3354792579934904,-2.5112247379835018
-4.977877032369936,-8.180480726128573,9.18837456546821,-5.48860296320537,-2.071162407691842,36.668611727385674,8.911807950007045,-1.3797442476173605,9.93171351789413,2.2400227264298485,0.3501786823103803,3.1003819986771917,-3.110180258229203,10.762927446436551,-1.211664150498725,8.112046521466446,3.6002746648741786,-8.750274299317544,-18.357181499398393,-19.082610286103904,18.429234791283587,-18.849031989496797,-7.337775803788377,-7.6202975507121655,2.5413638193775685,-5.827869107041049,-0.3799002467632925,1.6347580905002923,0.44232159858906206,16.849625738045898,0.7526678984732643,-4.880380300699369,-1.810010530228803,14.000676385922791,3.458744912992078,-3.7362402390667486,-1.153960544828946,12.15565779601147,-6.130878835518325,-0.1385791890689488,-5.040706866667044,3.3225366725931096,-5.687237011550933,3.996697890359707,-1.273057723482186,0.7596379778362248,1.0082802202271088,-2.855833153310726,7.490484988277173,-13.332516783208515,2.474539037075518,-1.51317365722511,-5.704348575386754,-9.082940673584249,1.718195904794173,-2.4287090639891655,-0.9915300628739514,0.49835372061200583,-6.354637945006558,-2.876838577634343,0.21274688800930533,6.870421997895864,-1.8496170584491953,3.5384695074219903
43.11412892396384,-9.17707556457542,-19.240683630900968,11.58603957302159,-10.956728048907697,-0.10878027446669465,10.342455386112299,2.524202222055074,2.5941855428285145,0.7987853971367921,2.3100314907636554,6.097274433173196,-4.784637840880951,-0.7434255175832984,-0.014253457258253195,-6.911872197967047,7.6493637782665935,-6.451691892015094,2.0941986590738937,-2.655736287126902,1.0275726814263464,4.152559278536337,-0.6732814284939594,4.0622985900313315,2.9829722603717284,-0.17861539594847706,2.279661868464772,1.7745943225575989,-0.64553219281853,0.2171321087405488,-2.7635207440342047,0.2041873364047732,-0.23639824002090315,-1.9008497279501866,1.1151917741564694,3.3511132889991457,-0.965459066111187,-0.033033773696358563,-0.8148805700350014,0.2719017261011422,0.5282057427338025,0.23969209629637533,2.617354148177526,0.03569887915344444,0.19377102768651336,1.8964353648534213,-1.1131590468110466,-0.8965015178000789,2.8548995259626984,1.5486240655453603,1.5720162138394296,2.399748324763496,2.948431721038397,1.238547708448784,0.415217418547443,-1.6570160011842652,1.5886251590193097,-2.35910039360753,-3.6265056003433105,3.619168097877655,0.7093482696041449,-1.4717525959297257,1.2339272566829587,1.2966149330613705
-1.2908243989014112,-8.60384985973524,9.420140648474545,-7.783748284404604,4.379985620598184,-8.806939115210035,8.495672961487127,-2.2113814672251335,-1.6063693831852297,-1.9178474259012894,3.3951732618498416,-1.1914980368232762,-5.887405447804877,6.567675804989866,1.7395604892035414,-3.715578651173562,-6.275721956543767,-1.0729822288829058,-2.1670847820781485,-1.3664351063108409,-0.47002625008871257,-3.894873493818604,13.886887387762874,0.982748176320646,10.170992007166289,-15.629403078070618,-10.774963141366744,23.24372411258,13.643723333511998,-4.0952411237877895,-3.6943380913450707,5.6961189408408535,-5.550723137914945,6.338787192565029,4.707294651412062,12.412604009997754,8.28576635563459,-0.21236894460235672,10.190474188006547,17.917369756975773,-17.833651610317634,1.3034413267134373,-6.45828951106398,-5.530791301938785,-2.5893753580136587,5.866087763377628,3.836579503197777,2.115225822611597,-2.466464150802374,-6.778002230162759,-4.513397366224425,0.5212062949703233,2.0628915245469357,1.0589467712742777,-3.6695571128891538,2.969177424309405,1.702795877775848,5.518854123813667,0.6454522439636345,-2.2628856928554177,-0.2904148329892759,-2.0363886494604566,5.069120999612708,5.138782479816136
31.7699147182126,-7.750891033077714,-3.369508519319625,2.913924832013349,-3.8867206907534557,-2.5004146377019407,2.254819973581021,-2.99956458509142,-1.0229907614318194,-0.6157690062563135,-4.7508288247148025,-5.041770375684584,2.0668406028094135,-2.9361851454591226,-4.32984700824847,2.1372715733624115,2.095732022577417,0.5372467906419185,-0.23975096152928013,5.1778523566260795,-0.6574570149934237,-0.35956977488218667,5.639724755975527,-5.348576032429201,-2.1119348997114646,3.3356312014482628,-3.758392340699847,-1.9683636409526262,3.8347089145448656,-1.4723362997112595,-0.888380293632749,-4.24289557146835,2.794408812517909,2.030244163455803,2.8655221331358094,-3.5268327153071475,-1.931502889119135,2.1102162761957755,1.6796426724883977,1.110740139779901,-0.6010910881218604,0.787377735134079,2.8929608346106166,-2.5818687744554967,-3.170760325383314,-2.6338986047072384,3.9038089999954173,-4.5213993984526715,1.0557557513750229,1.5740617259170244,-1.5916918291345121,-6.083356183143693,0.9778388166795793,1.821546123882237,-4.502650312738706,-3.963846734817629,-0.9770728295447422,-1.708615788634214,-0.9225360701649389,-3.017380293705457,1.5725675281538078,0.9385640761969147,4.445081873250818,1.7354236675518013
-15.967708305789996,-9.25041613226125,-6.637667691281512,-1.4311039928230787,7.402920873738012,-5.282779522569812,5.411070544615611,-3.1457576675139305,-3.2754555878497977,-0.05397398323631563,-0.11749902779528021,-2.0148990951799606,-0.1001756030016433,3.66012805664776,-2.483395961938361,-4.91394327192281,1.8007136463645317,3.179502532741769,0.21328262775434717,-0.7062914898351359,-2.987265396137066,-2.5102962996449865,4.358499335431208,-2.208228911717014,2.9760529325190728,1.0166608615452268,3.732706785815697,0.17064720195087754,-2.4001793466348396,-0.9129106412139965,2.2931462405315,2.1105153522136963,1.6275339694342692,-1.5101128698420716,1.4914863027772156,-3.7851300429030843,-1.8204508387692433,-0.35126489244440856,-2.1662165715800064,-6.250980666660097,1.7953317924859444,-1.119699026473809,-1.234449096861142,4.292230736642355,-4.900025478063647,-3.98479462007401,0.062474494033181775,0.13358433525621582,2.0197566698441367,4.558739938614791,-4.2386091360499565,-2.1817061231265824,-4.477087655780628,-1.825034395264555,-0.12264989751211523,-4.569351589270205,5.066333075902866,-2.3204491519960557,-0.005926319706373809,-0.9917879922044266,1.0206342316682182,5.398781025115456,-5.653497064082984,-0.6301894940092644
20.623092196793937,-9.394184920749133,8.586642143834046,-5.794412998518557,-4.766389688347398,3.2668668166273624,-1.8346480613458187,-1.4763092772842739,-14.561232725715643,10.888780865198601,4.309434820646961,-9.626131129907373,9.546373914023555,-6.204144072437605,-2.7617100970947566,4.261394252983401,10.603551666591967,2.7261913355592284,-1.0581125959670825,0.9081415784891747,-1.212313530173242,4.712243687015345,4.176432913842219,-1.9604593641980905,-8.639637847218879,-1.9655048471006287,5.446754442423361,7.002276070434185,-5.264593989945,-4.90037484809326,2.3678852146519094,7.813200909237623,6.926404202424421,1.6318096021359805,-3.272650923644272,0.8530763544492229,2.4341279154335007,-6.003087648205938,0.18878102972913036,-0.2274401507149545,1.2220778626850899,2.964121030141105,-1.9196165926265805,-0.35202984530007725,-0.7931612010929268,0.6434189523106518,-3.0907236772672317,-2.0877710419473106,-2.693724235774277,2.3533834754977545,2.7535431616638,-2.436408943913087,-8.76044396792588,6.578525795558242,-7.976573122358784,0.3211320529541928,-3.140817833446576,-1.7854346138716872,-3.979853692375568,3.564505888389496,-1.2658220319620066,2.8006260551834843,4.367522944683657,-9.319847444007628
-11.676259455695366,-9.301192084100272,3.174921887322103,-5.3026587763535975,5.230067692207427,-9.747184633266963,10.578334982906586,-3.2492173322048186,2.1724000105269186,-3.3211521584279033,2.2228117722943113,-0.3544951187305161,-4.568820646949428,2.715342197622123,13.236051714716266,8.602969608568916,-4.938771857545146,-7.763700152476585,10.017088919393817,8.533246522658963,13.501060341999933,2.395401046292976,6.825881871235248,-24.416011779907436,-0.27353721187583485,-0.049185801580931235,5.356851078139588,13.5968080532468,-15.481961028838771,-3.2809961706797535,2.7255452596866316,-36.507578100486626,4.07455745882428,11.06294141258974,20.552085081595035,7.01175042455153,-2.2397030260528763,-22.06556179997861,2.247590608770202,1.023883157992503,-0.14084545074371235,5.003406990625048,-4.4105388998715105,-3.916623772724646,-4.3437856553780625,-0.3304785281874365,-0.835161214972212,0.6374204448654273,-2.1466373665499088,4.494542650781539,1.6657537149098067,7.160486881499076,8.079240030551745,-2.8965802228148303,3.509111977940568,10.335116914948955,0.9973852446108015,0.5916616734799407,-2.1976423393925124,-0.8848353207745724,-3.0470896861165846,-5.549169095360095,-4.868033800305586,2.351810779236008
44.3453440894362,-10.345932770738028,-21.3747106645468,13.536821124676477,-10.50047464222501,-4.995922920582113,13.199886347486549,3.2510588858291,2.9107027403097687,0.9890223912246122,5.1402526366009695,7.462939325915781,-6.781399243018549,-3.0438392169510156,0.2718333127332281,-4.866941421318554,-1.0574682816215322,-8.076708365855502,3.4104740760027097,-8.083236129550551,-0.3044611201428576,0.5602490153803902,-2.532160896274536,1.9051678662221911,-1.726775502792064,-0.689932650141979,2.4649433807569547,1.7718698350127196,-3.611883658741301,1.8983659090340215,-1.6129098213623188,0.7304247922622131,-1.2746968407126655,-5.964554142847617,-2.5070280064061494,5.487351942533809,2.359649704162518,-0.3890815022911605,-1.6538009804498588,-1.2771313562753772,-1.6088476294930245,-4.799533870702763,-2.434726659155304,-1.20628003365411,-0.8151598724959855,2.731586871113416,-2.3980278086729387,-2.470102677141105,7.718906756833615,2.250748361977977,-0.6601849997646765,-1.7008992466705,2.0033304159495313,-1.786685484472347,2.3620492925144796,2.4642778986506055,1.7429429047350697,-2.1438930111358325,0.8523169240775519,-1.8113711398331864,-1.3500396264133114,-0.4989516900157813,-1.7546251561841912,-1.7083259254668703
13.32222991875769,-6.036617956639046,12.94386115341858,-6.342469731422041,-1.4434323524268666,-1.341008327280879,-0.6633858693888943,-1.7686326311472444,-2.0144033471355787,3.555367061223166,-5.071085864055512,-3.0818242851343953,1.625071777281385,0.3936428564037981,-5.2702531365663745,-1.562121040127902,2.4040560701128433,0.8849213019345291,-2.0645961488034628,-0.28256356842497765,1.9511578918476982,-1.8592776170713035,-5.24467292582024,-1.5888972982182177,0.6432474850468386,-2.285894077558074,-2.4270609130314793,-0.3722560374649874,-1.9980430049795936,0.35790256153006866,-2.201960234705259,-0.9005952347566014,-2.1542691591564824,-2.2336379498247982,-1.5092824854559796,2.1084475418625734,0.5024914110035317,-2.9843591756491508,-0.10559556467670422,-0.5929438315042109,0.48707982888318235,-4.207465722478463,-1.9581644332914505,-2.0300171291849374,-1.3609043705297812,-2.8759881878698885,-2.5275810314118163,1.339322912733648,0.01776622438563644,0.5477691150206143,-1.5932361756296294,-0.07025144023916453,-0.5896073757513527,0.8799189960895416,2.337371719833448,-0.052961615376369536,1.2528718550470785,1.554076374450875,-2.2784030716818444,1.3047722019057761,-0.3474898200010204,0.5208189258454566,-4.010704797525868,0.6451580056266215
-0.3623342821115695,10.428773583259765,30.14602001175534,36.58931554696752,18.470415876041276,1.3594060158633279,-9.201996821404784,-0.7523873809876358,9.45565573341826,2.9271280601190153,9.019462902833949,4.384393092604734,-13.269713058657231,-8.089017975169194,-3.3462344292018398,-3.2117301663040556,0.2595033447964108,-3.839481402819371,-0.26841129340811976,-5.828824493599944,4.779436910442803,-2.4801263290046927,5.546799189425312,3.77663525524095,1.4995458932986567,7.606982942930696,-0.425069270723615,3.523127831458455,1.1186599857898176,2.8051958373525614,-3.649134617865261,-3.5641284283573413,6.087264995255149,-2.4532207724884967,-0.19358249088945723,1.6754258848718258,-5.238722037540409,3.5215283574298177,1.5572580323549863,5.870083583492999,8.034082553439745,3.7837219231362456,4.3919398800960305,4.9718712248668675,-5.106291528979449,4.614767906886821,3.637620308206725,0.05737422712984436,-7.814653974735533,5.020940766248069,-0.27375795869661224,-1.0098014797522132,-3.9893542319690765,-7.051646178651915,7.146077015478261,6.186326095917621,1.3947493122877135,2.4714894755533297,-0.9115621257171459,-5.577286788281302,0.4332858636524159,6.0438775731441465,-0.4372712753288079,-3.322633083472192
23.46987665651771,31.67198672991024,9.317861437574633,2.9857774407474045,33.53059025866823,4.0004545861733005,4.050585008071933,18.624161407630883,-1.9964484706696481,12.240861630749897,-12.457406779669912,-3.0292536117900766,14.08453873726506,4.178883070390883,1.555406120966262,-2.3216499266155965,-0.3119987479827222,-1.3770106346253213,7.004584306521375,-4.426225582710587,-1.2664736436430417,1.4264122352235402,-1.090962068507524,2.429343430415087,0.46192274347991097,-1.331539734581507,-1.6920047033646952,2.2097937040148445,0.5482199868849439,1.4187572510703736,-5.800138566772978,-0.9117687040235238,0.10653564142703878,-3.433709104683959,0.2432358866139732,2.5605513553673105,0.6085555668160147,-1.5037468828006906,-10.10079730077444,-0.2323642713422674,-0.9035911247017202,-5.582382736655187,-3.285184097972427,-1.1716736656187856,-0.722076578575535,-0.9575648789548638,-2.8263907370439805,7.072496184731086,-3.262542762129803,-0.93630310158694,-0.6636352090789789,-0.3451561756776606,-0.4740266866663972,1.5098899995755266,1.543784016608302,3.725901680067572,0.8626844493211934,-2.0287086686434015,0.2950675632823018,1.4322690409840055,0.9154874723676955,-2.5029732786208374,-1.3498067858762175,-4.215568574464268
-8.02625541840038,-9.05878943958612,5.56901450085219,-6.867673321584864,3.459356414264814,-5.2985342176365275,7.511389077415474,-2.717700765507892,4.49981943592629,0.88744738806273,2.5269229918984424,7.293389731791658,-3.289679700397536,0.9800037527780143,0.6827701108724789,-0.4245078985969801,-0.9934985093813491,11.292095016542213,0.29877128947040116,-3.2843120177439475,3.7166253309562323,1.9402467621971389,4.988611275826384,3.9070608193828487,-0.8774955987791389,-14.350031416257941,-8.202004921545822,-4.373029915930785,10.012561381265721,1.4553501546089855,1.7197471217893263,-3.79843670969425,-0.7204846965454516,4.0651620323320685,0.4379230684502516,0.4611150687101901,-0.7438060558182038,-0.7093825483492067,-5.83993431271974,3.6980042125457957,14.875672383969519,-6.994432024131023,2.434806569847823,5.4046347625854505,8.181333578090069,5.654751688919618,-6.326268731749181,3.1370632109399654,1.8065758015718747,2.3952714514593394,-2.0923491594197885,1.9324156436673814,-5.793430031851389,-6.636277552986234,-7.540673720045393,0.9080331804135653,0.16236202100970268,4.190964671233595,-11.15974442425284,-4.384603688262738,-5.914401887478023,1.974609303654379,-1.3369634785445392,2.7180631366207106
-10.143308064382571,-7.430013639753556,2.4448514957515513,-4.903920194816218,2.4513977409196643,-6.657372455494042,8.138833699204374,-2.615893604992008,-0.47814788316071916,-3.151953524856016,3.06268415913519,-0.07247756836210861,-5.5393272425355145,0.35356268211505487,5.0433636997587135,-0.5946438857135404,2.5246621629551433,-1.4369301399505385,2.413612279466438,-0.09554345373688883,1.9002046209978387,-0.7597176615579708,1.7496520495182097,-4.29188282764757,-1.1978272937214043,2.4799154884425816,0.16291505756304892,2.2558065112308814,1.9261210198969727,2.2308115415759047,0.7449327090632175,-4.424917225113574,3.4501831305183357,-1.5228027317193402,0.9889990655296997,-5.205357553394227,-2.8156855109288244,0.6754955495092501,-1.1458720662778477,-2.4334328288376272,-0.16161666232569408,1.0238576389572003,2.0230904853683676,-1.1602335381062383,-3.9227888275437492,-3.4884378309647173,0.5855984407315487,-5.278203852383808,4.070518520487918,4.161093998002035,1.0553984335458695,-3.9454277897589956,1.784241231866743,-2.098780890786991,-1.9995756882508415,-5.835861906263509,-1.3625325396050632,-8.005952197307524,1.719735468802547,-9.019397720848893,6.546450303865725,0.01039914689192677,8.068846504826707,1.4441873057824892
-17.63218354000117,-10.22182229559604,-8.99956907357199,0.45128673352238574,7.776329901011504,-4.176421421643547,2.3353636381140155,-0.5732314329768602,-2.7578604782487135,-4.793706728600462,-1.8394902105795048,-0.15249595359372473,3.4531825780102863,-1.2275367647344209,-0.7949737597439319,-9.71545284248129,2.9777677724898615,2.1254861675737136,-3.372345289271693,-2.6970673088855843,-1.4383727314224404,-4.2442383735383915,1.1077411969243474,-2.257983664512642,-1.5502749236907223,3.1761724602690626,4.6893734793524535,-3.8323746711391626,-2.0515897541677877,-1.21130039238786,-0.6607246219400875,-2.7954907977740744,-4.702223365663607,2.9622687279598323,-2.1718310322730674,3.9629733789593518,-6.528875982238153,3.2907155195887183,4.11034439858782,-3.9019537178286257,1.3389656472476805,-2.234974668705087,0.886739739719905,-1.086531834414954,-8.384823864614143,-2.6041072919504415,2.02245561187551,1.9796775364924835,0.279000630443993,0.40967458750929264,2.7534613746373098,0.7789425290782876,-2.646826423065403,5.689636880231522,-0.2079363262707748,-2.219734096720034,0.1993168530580026,-1.9612923886467224,1.5455822497693978,-0.49599439387140426,2.843288757852155,-0.30378432060021304,-4.744469626732953,1.6516550380806725
-17.64596657764927,-10.313713160664623,-4.644229091625389,-1.141310884460222,4.468814633423314,-0.46622332361298696,3.77313582095156,-1.2042898764337595,-1.8347040839996278,-0.39685904639727126,-0.23777812581567614,-1.880650887789604,0.5970996904049023,0.9120398120667108,-2.191107206603652,-6.193052633078458,6.4999930890079805,5.960721346365005,2.417432516222336,1.9899126557393345,2.230880657978171,-0.041606996261086646,-7.5505571637531546,-0.9518127487454888,5.063507721400459,6.126507468828326,-0.351488638042204,-8.330645916164261,-1.757737544475911,0.21606659524384722,-0.9953075215412169,-2.388191682242026,-6.235630155904979,-11.12562432425039,-1.6168872431641321,-5.313378554151173,-0.6870857444436191,-4.985353505103297,3.497085740477828,14.27097200373419,-11.001582454095503,-0.013871229902573386,11.851522914933694,13.534861616029819,-15.332323137396019,-3.9947350458981865,-9.092969702082476,3.9886578289278174,9.373849012253242,-10.00381726117461,11.814197779654815,5.771741197996046,0.24021311231976394,-0.022781794664370414,-3.9286993587442174,7.617211996594338,8.067418911250078,2.0299302132897377,9.378366072059785,11.67663958028001,-9.129696304586705,-1.2498196771224706,13.07964258037026,-7.085151738547977
-3.113319349888959,-9.342438221218877,10.485115104006432,-9.498797610141612,0.25109838288039904,-8.845679848682309,2.255364047505794,8.037178860312892,6.802781400668511,-4.5624069418390025,8.41180551553361,-7.59086414872978,0.6882308815268737,-5.937721171040823,0.3155790873224232,6.523539674528881,-7.380741696230702,-1.5694689572734513,-1.4102345633290552,-4.817849047757149,6.369691822700692,-5.246235582980984,-1.8773146470697155,3.7374206719101517,11.519367219257612,0.8944564699827641,9.909510485559421,-6.30574608116307,4.041621261923079,-12.250342995731538,4.297878225179512,-1.621748506579325,1.3326536096128483,-12.723261278250494,5.259221739263059,5.196660478439751,5.92563895361031,11.975900300320069,-4.004582598126157,-10.52498464081204,5.085905193702265,7.645958100746569,2.22506089683604,7.251837331103386,4.071474290610198,-4.860150438076935,11.758043102025738,7.348919153430229,0.6205468746642501,1.3090104859802754,5.215473739369657,-3.254006142721147,3.719620390390361,-0.5272905275199996,2.028626520555025,0.3871196618812389,-7.31050577204562,-0.12983587420187678,-0.9884962688872786,5.450352723885102,-0.4739819794297204,-4.178601580349247,5.946070433378893,-0.8185005994229299
10.746231843073403,-8.39430944749425,12.338875150207324,-7.042762067229449,0.5627047620628647,-6.953534134581946,4.00674673178494,-3.5815056813871124,-4.275357369885529,0.44932761359072937,-5.11289270253021,-6.730497332810403,-0.022999849080478633,-0.8030238126254017,-4.055145674290661,-2.8915221294226825,0.4379382529730175,2.1504077583021437,-1.51587565758461,-1.0273992726205665,0.49441924321138275,-4.850046891975009,-4.903272691623549,-1.2157746626779282,0.562808765510146,-2.358234795450172,3.434219888420014,1.3512714914073065,-1.0177777069640905,-3.2667699184629932,0.752986863056471,2.126152673457464,-1.7581409964819619,-1.8224830883598047,1.6032705545952004,1.6218722040144844,-2.9553926394710013,-1.2044024710523509,-1.9612401842883924,-2.376391938039022,0.5172618213669755,-0.48193293892066924,-3.792584500149027,1.6279515988660498,-2.197556889033015,1.1051677086366813,-1.058175867510692,4.921834792326135,0.34187907187711475,-0.213998308531895,-1.7294797559994812,-0.7809159822138423,0.11584591053654884,0.7838931940402383,-0.08140732623476955,0.12990243325644663,1.8438276816117225,-1.6227792822385896,0.16473213075457313,0.21799765992516598,1.0042977108126006,0.30377582316661755,-0.4517733823083027,-0.09002749068440424
28.025644873829197,0.6009460815894581,3.1808382794339742,-3.800364403713499,-9.55998984893051,2.7601796204975644,-20.636576727473575,14.102342629385769,-18.814669304140487,-6.61753440425884,-23.598744645849166,-0.6223223302083128,-14.878392361413528,18.361500795820195,-0.26115276122032244,-14.371715234220671,-11.936039497123025,14.231665268235876,-6.58505599880367,-7.559657967727376,3.785541733800546,16.022739555082516,3.7335543245686607,-11.537798488771587,-3.2472431007864895,11.636880192707018,1.2946602549839565,8.609660723978427,4.758174070494196,0.06530454635897932,-0.776152933508173,-0.2646189138054258,6.6532501866031755,-2.1007185071872314,6.50231288964881,-0.9386028895510465,3.267036269486048,-1.911098746787363,0.27383347550910103,-6.196003230229758,0.26451855617109626,2.6485900525976316,2.258758273603154,3.3233075970236428,6.072695312938351,1.9388543800078404,-0.6124484924454725,3.6891420828091106,6.113970076203591,-4.654591266315908,3.881266256339162,-4.0584779586964785,-2.979217723326704,-0.9462950163196235,-1.3711873027445332,-3.19408164741236,-1.9296450510986274,0.42273387711651844,2.3264840944136087,-0.48452523963063243,6.379003804368246,0.10962765345999438,1.1776723141234844,-4.451394347953734
-17.511099506389776,-10.417909801491495,-4.0138841964203404,11.946788013452068,0.6037523859087506,-0.8574009929527523,-31.335802806735693,-0.7361128676228165,8.770100726009767,6.373554111563935,1.8578754930521886,-14.560560025065515,-10.030675525396402,-7.824613886113321,5.358914764424674,-6.481393910421052,4.028591850507623,-11.542548652932819,20.501562920688585,-13.03551884243614,-3.1542997497189504,-6.382547052990483,-3.1182562305920616,4.09540659375926,8.400764231561181,0.7946375666923691,11.096789307055221,-10.479119457170253,2.8654163358989466,2.163341336449749,3.30088348305536,-1.611012020693172,-2.2034313268225048,2.899442064795277,0.01563784039516781,-3.421442011068207,16.756937629031363,9.276225685739073,-0.8260108215925351,4.368455148911018,6.823103184402587,15.532143540311216,-0.8879652260020985,-14.553391599131434,1.0347173344512548,5.135370661401674,-8.27728781570115,-4.1302363319521875,-15.437087940387503,-5.907367111795316,1.6408076768385031,-8.252901038888321,-4.275674583952463,1.4532150038271556,-8.853679854039648,0.5113970839776151,1.7396810356993924,0.7665803481920761,0.8472592701438835,-2.260410347002745,1.028927845232709,-7.856205343497189,-8.154618961444179,3.887581575322845
-13.782659526105146,-2.831395256926047,-2.7705659497705297,2.103970911532394,-5.424871347219337,-0.09049988952898236,0.3473225887325812,3.105643163680428,-2.234503535127422,-1.7112814472572453,-2.906510586217178,-4.668648702930324,-3.415660265669287,9.678180064813507,2.468602701104443,6.569061973426757,2.219224868100905,5.585763615396454,-0.3531717068028671,5.933481810260479,1.1129804919793318,-3.261261344358484,-5.214572828997239,5.025623556882214,-3.851017413750822,1.2494283113057074,-9.994293238334107,5.997331072132516,5.308085994512962,-0.7291855666121221,-7.911483663754324,-2.432389564721611,3.0173215638893116,0.32693575498275146,-0.7439140712750232,1.1954982934655787,0.30716547003044753,5.058169804680204,-6.301690631441867,-9.591696426699869,0.9158280609014419,-13.572031623641356,-1.5876393116358287,-0.661439961106251,-7.577068626109759,-1.1531797928209497,-4.436913555263078,-0.4722080820019953,-3.4516464417304507,8.277191672544776,2.7633520822743316,3.298817935815703,1.5515069691565306,-3.1089013169871147,-1.8311465115240202,7.8316792746445705,4.1032744665491,2.610474510067711,-5.901643951494812,0.17302070938009895,-4.608491269245099,-4.062557168982228,-1.912753511619237,-1.6281694958159794
-8.378061530264372,-8.311978456690637,6.01736782074464,-3.124837488266596,0.3232280488757108,4.300008249289302,2.331761221906731,0.7307424790342385,1.1988604256965498,-0.752280909739411,3.861533984392925,2.837251155286424,-4.607409645430549,1.9820096062861192,5.517909267026112,2.018572858370877,5.5269154696966485,3.329980533967094,1.6111323382211498,-2.1206701929102465,-0.29008340403150396,4.529322333514178,-0.31274193354403546,-1.5855589425954273,6.313816324607322,1.2406888197731292,-7.156837635935899,-2.049381232759089,2.321853859869592,0.29692737668257246,5.617971175668852,-0.02572166224028773,3.9922587826590035,-6.700652813097202,-1.2906657445972507,-0.04528629160134185,-5.921833338327631,-0.5327166792925733,8.27038334578464,8.449568143905735,1.4875842891825748,-1.9356659113263779,18.458578704544482,8.301551756910463,-2.527151022854536,-1.1163806503278975,-11.774772424771248,2.3817148590633015,0.803750578455226,-2.4096394551895366,9.307853897768979,7.714750324107987,3.9187051866103326,3.478313871686669,3.489318015320727,-12.081606054318707,2.6204814292350784,2.385169896007399,-17.254828313638264,7.814542774691497,2.5264650153332853,-16.046090750437333,-4.7722906080617875,6.99164855895579
17.421667521294008,-7.24170930643471,10.561994741528927,-4.624025428579474,-4.01795780687745,23.322011410188114,-0.7989195704523736,-3.0186964372786824,-2.083397741984542,8.056104207894926,-2.937188089433716,-3.998535707636887,6.612357834450339,8.047985647727906,-6.320043640848851,8.747728497328673,8.733062432054712,-7.804139892457507,-20.790219694089053,-17.322732605896626,17.40947354301461,-17.307366158521905,-7.494940206784129,-6.71690768883786,-5.1986940455582635,-7.198899345995352,-1.6458415742323282,0.2806083805351534,0.47076970596494,12.261294606165285,-2.553432202886623,-2.0488107848269466,-2.283927837767014,16.180868107519856,3.110652533913099,2.663466855203477,3.6252568941130865,5.801772664849681,-9.219250507114522,-4.650663422937725,-3.876573924858471,3.984492792495067,-9.437917858589646,7.722219694573633,-3.6686301137396136,-0.9719596919767304,-0.6588921508969254,-6.506675047019866,4.540531480955145,-14.488929214187571,5.61674973850345,-9.02378681538163,1.0798199648495013,-5.7172178121256305,6.007860702999048,0.29227903852375864,4.828719226636738,0.8195873913404526,7.803109724642878,4.452542532983976,-3.017135075889729,4.0799608771655835,-0.07787493695529997,2.44190083125483
-11.195167574475622,29.61695124725852,3.634494207065841,-8.813954328298385,-20.968182693884973,5.847597736171012,12.941507111695286,3.4063349805379626,-0.16020155978282208,-2.485187574022041,-1.9187716472133607,2.718466654447778,-4.224198387045933,-1.455121025795188,3.000582415220537,-12.8025817470002,41.08180649931657,-5.457840787221203,-1.2691995632085447,9.598700702012389,1.4870124387393557,27.019097197720374,5.117267296647981,0.6960211106423095,15.122887544607362,-0.24014508127386594,9.986666845130646,-0.33607710111599,1.7463432768833973,-3.5950826971529746,-1.1488531311514958,0.5383445885234861,0.7547592750246529,5.572563093955237,1.8502386227514038,6.489443973956462,-0.1562371780351933,4.237194696455482,-2.4328229945120827,-3.7608751198381234,3.099785819085748,2.9303225517690246,-4.281535307017058,-5.44000937674272,0.528667344275335,1.157255826587926,2.8449840128461115,-2.0600258938918063,0.44833783632638713,-3.454871258701519,1.848105466543182,1.5593932272524953,-1.48008181971473,-2.3118531125519537,2.641862165502571,1.2147063502623017,2.404173192508062,2.206858752860703,-3.4657657148307712,1.7660811459086672,3.0485714732541043,2.158086531663944,-1.8883151149128052,-1.301941560064774
42.32304687569775,-5.307610795168291,-14.779783729930765,14.164889547494834,-8.995500347071088,-2.229878646294583,6.978560616020635,-3.918248984343961,3.77442681717881,-4.120482899339658,1.3457226728903384,6.3223879528578655,7.678775581069838,5.77838217797075,9.073700597364654,-2.6054424844472526,-3.740292375468881,-4.899820317436004,-3.7284289113909193,-2.5292525681570726,0.30090682682074155,1.5293028849330093,5.782747387257005,5.73401440619538,-0.19073380659392625,-0.3367785797569787,1.0254206078223986,-4.181341327573081,-3.6407982187131855,1.1369759398100243,-5.499674164267385,1.191842455488934,0.10051746627844038,-3.8790963848688427,0.19251695611453884,-0.9924837984904422,0.4777254731934098,0.023583648160408636,-2.0041919207102636,0.843406744958252,1.1925271783312117,-2.1616136093911824,0.09562887134803269,-2.483560506457378,0.14524956091779498,-2.2546640552504753,1.3708016864554264,6.29926133349876,-0.14124439407599879,0.5168473430771618,-1.0941085806332944,0.060919395925381106,-1.2935959947630864,-0.26011761106765785,-9.392863027011664,-2.1607263905860647,8.142580654980613,6.211587166480436,0.11655267436279816,2.3659916883673633,0.721747491809578,-5.707860736302242,4.326669081678006,3.8699047364969275
-19.45418889629271,-14.718956144364968,-6.376271815008012,-2.931298700782035,0.5828805835407519,-1.1020483582713696,-16.711126777361486,21.489251130006526,10.378796017669393,-8.304208324432311,8.511551530063548,-3.725148656250713,10.312192505777006,-12.240469851280142,1.5500979263878802,-0.32909072442608905,-3.1744310823305315,-6.178211649860744,-2.476937997587367,-8.353548173811038,-6.019075835562646,-2.3202908549167662,2.5856693252768745,-1.5588707535258757,14.479734037316147,-4.6395639765308365,7.45167764462488,-16.62369154728716,4.262779980646032,-13.63663820691239,14.037306381157064,4.509199475368345,16.54294075391814,7.647478827534255,8.534994697336987,-7.351546678731047,19.276638823919907,0.12810715080564322,-5.831231939914651,-3.29664300725245,-12.743624762895244,-8.409086390470062,-3.7346543229137015,2.5211059091407266,5.86967872783343,-2.841987799005217,3.443682231188586,1.1793387426769293,7.621919041073408,7.643420063761265,12.100538109591772,7.98664474616851,15.03556762546559,6.638802197078724,-3.699949667230637,4.0166992856945,-7.947651820725942,-4.338045899172189,-1.703215504975736,-5.7776597193050785,-8.020643142860376,-1.7078726345155084,1.8077784399882355,5.870080580623078
-14.892174141890173,-8.80877688836973,-5.589801797910461,-0.8953611216250504,5.4006510971348884,-4.862032647098471,5.358621764124121,-4.317009445181953,-2.427744808330279,-0.8348439358343773,-0.7433993043679539,-1.234114405547747,-1.8990654343133784,1.4279248327526246,-1.9875187323361718,-6.179691056650843,2.961030236980934,3.4362499555826957,-0.6642363324705931,-0.8700637606042003,-2.0237940793635025,-3.4606987300326346,2.895348333508898,-6.903707187030898,1.3407759425115842,0.911676726704614,6.339086988112208,-2.99719940626761,-1.822299335062673,0.0207265834353472,1.9062114249652569,0.7192007464941726,0.7558373799382977,-0.8588612235169426,-0.9762283854909207,-2.2610596806533674,-2.2596675737929814,1.4256426562303417,-2.2640884332362843,-3.8782796991035817,-1.0960022228173634,-3.143699743990935,-1.153075659133032,0.5772305783281574,-6.457237605660898,-3.582197645224358,1.0812694962270804,3.225396344700037,2.9502515717314726,2.364978970974966,-0.23338768148630368,-1.8525864964290941,-0.6924697760168417,0.4863004470857965,-0.44847700581491484,4.953046519178565,-0.9779679917056453,-1.8329775706327835,2.686648118164568,-1.8840418325974644,3.1532062980254394,-0.8763687687444538,-2.221816717451694,0.5533243051888429
23.61205142335511,-7.649679764293069,6.615675141577824,-3.0356951482727825,-3.862320871495165,-2.1528460197084094,-7.526240959981337,-0.20930144725108304,-2.509072595282167,0.3501114771701135,-10.385103672254424,-5.798473913743146,1.630659655878376,-1.3732405683104483,-2.6224994530863213,6.4574161642612,4.115553396362317,-2.7749594890743334,8.474754754356109,8.481881046093257,5.102324530182188,-8.210848382134134,6.026688235596252,-2.7684910028136662,2.0557064351690473,-3.0398223604556587,-3.86205737373531,-4.6731614533467365,-4.539163055417472,-1.385449646471879,0.18624427347838185,4.862427060477646,-7.730450935742831,1.7128308958747178,-2.9729284325354106,-1.293191690985466,7.326427038834696,-4.507594224397115,-0.6637665740801627,-1.6458979252034138,3.7361823430328185,-0.48485903960629795,1.2111720300502133,-1.308007325079085,-7.268301383578153,3.1103095400749927,-1.574197640543536,-3.184183954749251,-1.4377007919633806,3.812028192491633,-0.9371256856834427,-4.161637730400888,-3.905387278166528,1.8627682085627872,-1.7884629923046436,-1.8454401745908655,-1.3435396193059352,-1.6080894283328038,0.27954557706918665,1.745878086362911,1.0992826431294274,-0.7405580183855373,-0.5055634478145414,-1.8852981745803694
-13.315180242299215,-2.2418385603744913,-9.329820876383932,3.9632071936289437,4.870664540536949,1.6721856094516379,-4.33956716966003,-7.197481499332045,-1.3935281474966068,-2.7869101376909877,-5.0162737866224845,1.9145363023716797,4.77281222655818,5.20955649224961,-1.2807981187216053,-7.175778480464038,-0.9031033110713972,-8.4028429800343,1.1336884407512022,-5.461419484706572,1.306162845555835,7.008214622010562,-6.3221727395932765,8.727206918365217,1.034139158255072,-3.23299703319202,-10.808738799306186,-1.1644138678245075,-0.6251809798425937,-3.6464447878584187,6.062010892718981,-3.2298212454781625,-0.9223710245114931,3.1304892206322448,-1.9777683286789718,-4.362701742616085,-1.8219985694279697,-3.3998563196961604,-5.361614155188078,-0.05496625096031574,-2.585711028462141,-0.6766416806213044,-3.6342680177280124,-2.378268075883853,-9.466168943093582,-10.298059837997833,4.475210046007767,4.83480283398606,-2.7127106237443246,-4.832604319641718,0.5142402854978598,-3.1661291173519173,-4.599407445056846,4.999011405198814,-12.92885829983668,1.5283697391591888,2.338994685697966,-8.112962959394645,-8.428126453629494,6.7441206304759485,-9.519183537942409,-2.9200843232611895,-16.710509311180616,-2.5135462067952283
22.360334340242442,-8.39464940194215,9.336162090280709,-5.562442878536368,-4.152379756265867,8.86807145474846,0.4873494001213496,1.6545008250364863,4.073393713715668,0.18816694060472633,-7.347541450176889,-9.42432319209403,7.220329777805772,-8.84834759194569,-1.8015137681486482,1.4375884833878207,-4.565108269591245,7.869413628408946,4.0542538813425075,14.474262616326767,-7.9628347474512395,5.140255025298031,2.706507286944281,12.509393970594207,-14.24736750352324,-8.282404610895163,1.2152726268635503,16.979968760590616,-14.081975967128873,12.24370112022486,10.619561958005223,-5.7032028929625636,8.231664413924321,2.7960648051798977,-10.173242327338732,-4.259509465938665,11.543947772887995,2.376801914484162,3.1648366478312138,-0.4219784609369414,1.6974698762050426,0.12641714913326912,-2.611255646800895,3.787873077143025,-3.328909438066861,-1.835538699133556,-7.179934426053878,-0.2844930477183716,-1.1187549155599104,-1.1246234107932909,11.237530533594132,-3.884498686678294,-4.4587467666479474,1.6836568452542056,-1.2891435609502588,1.0849581978752172,3.0609068932236525,-5.306794364446202,5.282883684972447,-4.725072768330498,6.202510181811434,-2.618004230206801,7.9572763884693085,6.951118548815889
-18.28539863581597,33.81757875099967,-7.849314877670929,-1.520985733247571,-18.222240928423307,-2.1641008825479555,2.3142036755899795,1.8802055530764812,1.6996072987740245,-1.136731538354023,-1.9983072176552625,1.3572848457153013,-2.4102846678662546,-0.6677185901949123,-3.396142764852732,-3.4515462267029506,2.952745891862987,-5.078364860403823,1.8099671356583513,1.045333639569348,-0.6990308444367092,-2.2098334050964517,4.842886880924088,-4.591102950419444,1.6963716069422263,0.6278123423720822,-9.714071691163811,0.4851570303375595,2.75049301266611,3.229760371703679,-6.2951234064508625,-2.796373731790373,1.3265750072541374,-1.538033107970807,-2.2530553823769077,-0.8301976584577712,0.6371987955898353,-10.530741611025437,-5.469063784223589,0.16233457726310235,-2.539376492611859,-4.605879445777287,-2.6407517306545203,-3.8835727608950164,-7.481650363675233,-12.229022328357063,-6.403527901573734,5.895682386783472,-0.2952481367406809,-8.856171827892593,-1.8866859244683192,-17.139352697150557,-2.019894967078581,15.513973236670937,9.738831634600025,4.176577175814231,-19.75212582578068,16.94739715098572,-8.974982787251314,2.4789379617122687,6.525866034178063,2.3819963233413044,4.821235177741416,-0.8749675639064571
46.547370007705766,-3.6246429998460226,-24.55977207321666,4.523831003972781,1.057528975726235,0.23900994961333513,-1.1450892742710188,-7.183001312949781,4.693328954496219,-7.3314075808877375,13.408348875534875,4.4323336710701415,-12.04812310425064,2.7425052864587367,4.037339155397186,4.583109955951675,-1.3063880021637957,2.2711454086482425,-8.53010335665228,6.886731725895902,2.3983806332207425,1.3458968028059006,-6.4930983592708476,2.7112040176688645,-2.6390039320404277,-4.206021341019815,-1.4528017784277356,-3.3692788010259362,-5.041706335146201,-7.94726796490527,10.552426128064827,5.6653392307176915,-5.63798750137876,1.5609735592783693,-0.2994093521357829,1.9270688749621205,-0.9076539125616964,1.0847990175480344,-0.24974547919934137,2.1271097124611873,-0.6338180874970126,-1.0704151647493265,-5.918248318757141,3.017591009831125,0.36715406987515214,-4.460446822566266,-0.8900647746064156,-0.8418110246374212,-6.088808086961054,0.5749564797481201,-3.1691440767955066,0.6658196824999737,-0.43872863842580095,-6.394243818564923,2.619106786034118,3.538129756414301,-3.979960876634847,4.8385744785795195,-5.663354606255853,0.9215176365613991,5.3002512621234645,2.601396352611554,-0.5044516482809143,5.0092152086365
-8.812910424266455,-10.2646201035114,4.619408360059098,-5.685618293070204,-2.1212473713733164,-1.0844755426928654,-12.62027698163423,31.539586770049468,1.8934836872782463,-32.78546615683101,8.748027430954398,16.561602725285297,13.459849172844509,-15.588033340620877,-3.085082889378627,-2.0258555168772863,5.299118101435057,0.11999889271770622,-1.4623143221822001,-4.679903741463794,-0.2728371284744335,-7.626755742709766,-3.771145395727165,-13.774482831664455,11.10938922687082,-1.8440225300297306,6.165563245938244,0.13027053661465676,5.507874965639221,3.999147266035424,8.215066040082352,9.998205345287053,8.527236534716753,2.555364970817393,1.3630082499572007,-8.280240448290575,3.789578598497258,-9.77919185082717,0.18382727866144025,2.072825956024696,-1.0943369318098553,-0.8947484025090877,-0.622268273558276,-1.6586313215695165,3.427396572833696,5.926023108139767,-5.986366455557084,6.964043284014086,-5.710204030131057,-0.4467912186677957,3.2732035990817296,1.3247127618885863,3.5471153258926713,-11.250588853695156,-3.2364058481818065,5.809129547290832,-1.764449899455581,1.2973422539483346,-2.0581742277948707,0.5574218208578092,-0.5522490047967599,-2.2750230897458934,-0.7769822288852016,1.1110267267364309
13.395600208599964,-7.773280028860304,11.785300374681372,-6.495265693599851,0.7822902200660509,-2.257450725889342,2.3633806373353656,-1.8146727365012965,-5.533222427268584,-3.177423417303743,-3.9425225488472138,-6.306729688626755,4.780713866615832,-3.2715611770193647,-4.784357227748913,0.16036710980018487,4.37064546847478,-0.2440040338443866,-1.5660103489070694,2.365958987890755,-1.4960968030867687,5.555185322946155,-4.50396748942273,7.230981669584718,-7.279392835760157,4.120669896031218,-10.97673154734701,4.0492391171040465,2.130575475072389,-5.774661598727733,-8.21726188452937,-6.558804881969529,-12.46594029920811,-12.520828659098106,6.83505770788154,-15.91995602126508,5.516275147311017,-6.5722404941135615,5.80741457970267,6.387341292180402,0.7533048899548896,-1.0973214830787976,-17.417013954119632,8.431688606636856,-0.5008188201519608,3.229463474201595,8.520658096895707,-0.8739530431023326,2.86837393394589,1.030376229007627,-2.6421852028441473,-1.961417136733307,4.559297332759516,0.09184940686677184,-3.5771604934823262,-0.5003586077377217,-4.490826586369233,-2.6020332664965053,5.551658053185309,-4.635545728447784,6.848679387528529,7.8182120720056805,-2.1840970850906345,-1.9706012822697927
-13.691992030391429,-6.332524359836492,-7.182731966788746,5.617262811914406,-2.1641346061755216,1.49973068804019,-5.807279781441189,-12.2874499463344,-8.63241331759581,-0.06569256678419161,0.2894127969991736,0.6087606984719763,14.887129519405182,5.114309068465291,5.935032415687049,-2.6482773732862164,-2.454028857618665,2.261348843000609,18.738290481174904,0.47547624547117395,-4.233952301907141,3.6852320315004814,-13.409759374756876,-1.9873388040841213,9.085411438243266,12.856029285424192,-6.043106264166511,-5.2354687566103175,7.3265832947655,9.897005984041693,12.45869164014082,-0.6068111862489068,-6.993848416485923,2.9278714168784647,3.1116894701088453,7.6279073961662665,4.20866235908609,10.927664330410606,4.647577579561689,8.734942804038784,6.0803258395586,5.670179411174841,-4.908492418952675,-0.4493566368762946,3.398001441932961,-13.2662526565443,-11.49855177342861,-13.318004889078335,-7.166747336074314,-2.1489443096017746,-5.890311308656424,-5.834595090251861,8.029877036398169,2.6381529802890493,12.575029559543172,-0.1627918121291871,4.380897075252324,-8.684167137508721,6.470739992234216,-8.063962602797561,-0.3392259582510695,0.7225514673682604,-3.6614959446733737,-11.602607880134306
-2.683568699956413,-9.18439127721696,11.211501652848133,-8.353786114861734,-3.4554751267811374,-5.283375753980186,-8.071995732211697,11.971454889204411,19.038657952666934,7.975754424499703,13.329963253645998,-3.5541747935320314,1.3905004904908547,9.169692191306615,14.664055775662204,4.299878848528652,-2.9771635582816978,-7.537046029809301,0.40019818522049133,-0.6713457800893056,-3.1983370915514073,-3.278691054955515,-2.3221735317840198,-1.7157503857490246,6.207461714262576,-10.42184788481456,-3.182609888852026,-6.238698183646599,-0.26844282030763833,-12.688056925879472,3.052867556820237,-12.368733338540636,3.5969870179842443,-6.93425531573884,8.20292373404481,6.797731957749013,3.38843562536793,4.703423821736443,-7.214837391164009,-4.729786833572041,-1.9337349651643936,4.907665232654907,0.5164241412936651,4.366930983164015,7.314446003296408,-3.235955119554628,4.043158149555358,-3.1946409539725393,6.588891350740884,2.1124040816924783,3.9996083151972477,-2.662131649847902,-1.1933895953134066,4.820584697370659,-6.50542970007006,-10.684118255152903,-5.953928750133683,-5.8060985273205405,5.152974626446175,4.293023646258096,8.722222372082564,-0.9783687124234717,7.270322974433621,-1.378005856329017
19.197529517062375,-5.170279503906502,8.883125732039963,-1.296928206124683,-4.58810298163757,0.7977050147436257,-4.167501698204365,-8.728073550587627,-6.894006976578973,2.7528923136576062,-3.0063147952860176,-4.304916709215137,16.25808503842422,2.9555849508820646,2.416079523726309,2.674989911972283,0.7118519904031129,-1.0078536034860845,1.544661639281402,-2.7104418952694718,-1.0273257331833834,4.317881894726689,-4.1063739354358395,0.3499520092840506,-1.950847000422263,-2.4299575380925083,-5.190766576056987,2.6176621359591894,1.4752422699674637,-5.3640715320143375,1.1295579064273584,0.7933050463788732,0.11898410741219949,-0.8281141198488008,-3.40057167861329,-1.2465282944026437,0.0916310815012713,-4.925563339823277,-1.0355245293763597,-2.844809326286208,-2.6265309376586177,-0.4768474797634399,1.770928118166957,2.1712203954756455,-4.6059123478220485,-0.7242954664671503,-3.3785552015127513,-1.1638219899985265,-0.5280457546582816,-3.084605691753785,-0.7172035021723554,-0.7331177558171919,-5.579328789804433,3.8316768999078135,-0.4600219523825308,-2.5067823118600416,-1.3542636364906855,-1.8751772614594868,2.148505081087297,-1.2982568689196403,4.131654710325507,2.5421565943861917,1.867903293043443,-0.7186566640044414
47.54801698649543,-8.076029256294595,-25.49711131654174,13.982049129033317,-8.879099292144156,-1.8756382241774419,11.884305145463754,3.097280170427437,5.44948212153424,-2.045356644632061,10.391172852510739,9.37566696357965,-7.963017069992729,1.6983469909205546,3.733574229172012,-4.232334607799811,-2.4301864114062335,-6.894722258845626,0.893875072050781,-6.461802856706742,1.9953480915890154,0.6341850737156535,-6.772215204949968,9.92998110261523,-2.4007946436923797,-4.707950534386575,-0.220468194858432,2.070395931149132,-5.654483150267229,-1.25844084394206,1.3523718462568883,3.740814533258705,-4.351871028599438,-3.0238202348727303,-1.1429038228080441,5.713337512116575,0.9606297543857896,-3.2052936963310397,-5.4948609070476016,-1.271807720891363,-0.7606618636283533,-6.024297515291859,-5.416170437592595,5.260841648205755,-4.051411680146606,-1.1188685441669268,-0.5695900329760674,-5.763728093760637,2.9221932123339323,-0.5014126061208427,-0.3045148800100903,-0.7850537900606652,1.673922461875557,-2.4524154478550724,2.230092330331454,1.0817857830700779,1.0077722740160786,-1.2388775214914667,-1.6680406676533786,-2.0811454699093623,3.7531949129215794,2.3112991601197543,-0.3809597570047722,-0.04528723433751458
-17.51375676313132,-11.146313769856873,-5.513696631290633,-2.0501543176168653,-1.983620360438439,14.910914887190318,-2.107773938901083,2.044071419611735,-24.573779160630167,20.953522230839656,26.719201988997906,-0.2762005301526062,11.838681967373189,-6.775130852823076,5.632990901495812,10.71754838219017,4.403148309208255,5.919200959467049,-0.13963716935921822,-18.98820999365162,0.031186909968550836,13.865985820911026,15.154074485543772,-7.093936781090315,-15.926849642496963,-4.321138379499614,-1.617480984774413,-3.811638385527199,-0.760780261459085,-12.237473330190292,1.136558935481529,7.777195877813983,1.675779521268894,-3.6056964304785217,-0.8128600483293232,-6.291376666444436,-0.4188381307168087,-10.830463181955867,4.399369775890944,-1.3290940394109645,3.9925494875160776,-1.5596209791547553,-1.3374683447131959,1.9001659067689645,3.0214868136630173,5.509998006362251,-3.389255539007485,0.7204127943725536,-4.84626894510975,1.6014489241503693,-0.5914196832207802,-1.518958266647927,-2.6585576952425196,8.298807341642744,6.4141813271372365,-4.145827285357074,4.547301267460264,0.33134256726948247,-4.417316803240954,-2.954462938356314,-4.52903213391537,-6.422586837314921,4.824363717413061,-4.742070533461846
-22.939544010743617,1.7558972128978048,-10.179836091594296,10.890157359627612,-6.763507250079381,-0.3149603293450208,-10.811578903860426,9.01983877683676,7.1956381971336,-14.744662427634873,3.1285877507391175,-7.638365302136272,5.114091302112158,-13.799701595714623,-7.80231338292071,7.959898858894733,-2.903004549141761,6.945719117524492,-3.2760536644187863,7.711421782620519,4.677960743200691,3.2442796151677,-9.768551024895855,6.45487260070128,0.9190801913260416,-8.67697046758217,-2.743741518877996,6.324712475527731,-0.9717178411252958,5.504447966643561,-17.892813103918538,1.2922227699605904,-0.06556854415448274,-1.742512417872529,-7.083853700048971,1.4992175090730069,-2.4076964176370885,-9.65140979716425,-17.25428993899786,-0.28810436222110103,-1.8925898496262474,16.404712088339426,-0.9389954002432455,1.4992684853429619,2.2632267174765843,3.72349627162377,4.819903310543903,-1.9295126377485015,1.3165996494345018,-3.886975072284167,-13.913566182347845,0.6724595950035148,11.247197240086393,1.31791902855264,2.7240879596082963,-1.9602195769318786,-6.592241747590666,0.40058917028032176,-0.31149257083893434,2.3500807054247614,2.4366822138924618,-4.533420104545158,7.088217218416982,-7.026035377888514
15.519104682080584,-8.004296325872795,11.227133993009788,-6.271976730745397,0.48040353478276976,-4.980934863028726,3.964929093859541,-5.322892708779703,-4.140877762662678,2.7112382981438294,-6.93510196470093,-7.786052864833562,2.008143096094178,-0.6246657480350911,-9.926399767108094,-0.0533108975325236,2.5118550115486737,1.8665572697458424,-4.746072365764892,1.1216952817564323,1.8341935877475808,-7.430267166898146,-6.826661739775427,3.6378153333282968,-4.592099696923483,2.466046161166462,-8.483137769731274,4.008630992631117,-2.726569925386668,-0.8996459892965736,-2.7060580016058426,2.277410690320788,-6.50772315758591,-3.8446895679249584,3.129697798409772,-8.387384559314635,5.816707366902769,-1.3248775157197201,-5.124493938332286,-6.526252458232675,-4.20121753443425,-10.405548480255018,3.9584852886556163,-21.067136177880645,13.087847570681669,3.3444474634183883,12.950426293103062,-8.960893305860766,-6.897010775918889,-3.159943175965816,19.237366648916804,6.924123763143862,7.998774522034936,-2.0394730594856116,5.544248872831649,13.245561262595219,10.199277792081727,4.535382611340342,-11.239382372532793,2.836226821314813,13.607373227829681,-2.4735587601563616,-3.521211705423273,-9.659950587176
-20.338059178630424,-6.677566349479153,-10.276954091785326,0.602908323829398,1.2692651510311217,-3.4426328588414687,3.933921788707393,-0.2973986162714307,2.233264371992909,1.2578788848990865,1.2745953760311228,-12.348391373651962,2.107554453862599,1.546886616810161,-15.358202766329043,14.025173143979904,-9.319468191464143,-2.191612586594323,-4.558475864664185,1.2882633816816376,11.53385594532,-0.45764727034876806,2.707572163201706,11.239483531895424,9.078648368918744,15.479661159455704,3.433301604718413,5.448874351312541,0.87540780172578,2.5837892253631227,1.4171782274632285,3.0543841808976806,4.963646336950376,-20.183063266986757,11.376542161980147,6.863473268112455,6.826824014033981,3.7096618387153497,6.127823848924243,-11.651575459390587,17.554454070466026,9.000128824752517,3.7177137740202295,-2.17713457098116,-2.6395033262504994,-3.7643557740033406,-0.037595993668954955,7.95027980953113,-3.544406259374055,-3.5458010830574302,-6.953452729669352,4.810365113375647,-2.160913460379486,-5.098417612325839,6.77268202132718,5.5092860776833,-6.288094137091997,2.734418227212063,-3.4271061467912745,7.582965019871247,3.96250288419577,-1.2980371777642887,3.7596454749319124,10.051163968339916
-19.48834284356715,-11.987145257848649,-9.21825950148605,-1.3279593746235663,8.837371873900505,-3.726213064441634,-4.313223884676988,4.992568505572118,1.169039172874386,-4.685673882892146,-0.8650543576745013,2.7686842881089992,4.314282377732031,-5.8935764076073225,-0.13795655616588684,3.11941700024864,-7.448493168464179,-20.187415168527977,-5.17062402511764,5.271606333345213,-4.217839465609044,9.45832639046362,1.2756258745321065,2.7509491810398154,-2.9804126671224394,-0.09601411953511337,2.2909167259337244,3.671145221050649,-1.4025634975576753,-0.9643663966614808,-8.224005655312803,3.3907313822514498,-8.729543362178477,1.9123456025746883,-0.22682149334410043,-6.624909899406898,-16.493536216350538,3.4194334504749095,7.762972143047212,-5.242867225269507,-10.614688869101053,-0.6206394714709148,3.2119159415786416,-13.192854082238291,16.442150990583446,-4.191382301783232,-18.85211894510465,-4.037494633132929,25.330555547201467,2.9484031430075257,2.202564155007756,-15.302849058284309,-12.533819759766374,-14.886090806048228,2.2283721450497462,12.629504615634918,1.9320085876200714,-2.482252842132501,-3.443855714042447,-6.866217114821283,-7.240847612824447,-7.614259699607413,4.22044269980281,-5.411670921367203
-6.500720124290667,-8.098268736095035,5.3713321804774825,-6.827527509199557,0.7672677020516745,1.520201383793254,4.023127415923213,1.3209385077640967,1.195717029194486,-2.663209167479234,2.8319523517451004,2.156222413863259,-3.5142451369637753,3.621867632399458,5.5182680563138105,3.08865387422446,4.662291741423323,3.382963107141032,0.3246306602235965,0.2437337420335346,2.0863076173306836,0.3097767052872688,-6.370454001579519,2.8476706063213357,3.0533206432435542,1.61638511368801,-5.579178710634204,-0.30475473168480915,0.5628566495823293,1.479359182197175,-0.7966092482416648,-4.589406704580392,0.8357069627360699,-8.254304598522463,-1.4615842435246233,-3.9686548169910596,1.7833765049187182,-0.5877000580435326,-4.075259919091704,2.8265820731544236,-5.831998126039382,-10.484894065530026,7.835653288979263,3.452134200085589,-2.6359787256798026,0.9069650459507371,-0.28703555577079903,-5.9272687745647294,-5.26750219791153,-1.495486202867814,3.0369942892498187,2.5461641158666937,-1.1658137152067731,-5.847859278953645,0.20566438395682576,-4.00883248437322,-0.3471250753777391,11.571523362909774,5.010513045461665,-5.310902207577575,2.090285263145462,-3.845383288040741,3.370421091273893,-4.795049211136654
16.620841330573136,-7.306848250368638,12.915017789576492,-2.133365420482776,-4.437373283123591,24.367045373467864,-0.3073463756691986,-3.8800278751360886,2.4086253518145306,2.61681132840953,-6.906229850712781,-6.508251601659341,0.6049089239968959,3.070312008470045,-4.235030806860876,8.123676320292573,3.7636730538605065,-12.477501223708106,-8.899148253601544,-9.027757314751558,3.5764540810166947,-7.467096876603083,-2.8246034527640558,-3.8226396441976784,-5.9079874334008045,-6.702686672676274,-0.07284377996169891,5.05843951827374,5.199687100041017,5.893141992474781,-0.56780934143914,1.2744594711513932,-6.42220398978273,6.95807271253343,-0.7547720214324143,1.4945088208236634,-3.222040251101046,-4.572863230833256,4.550894130994188,-8.906533275707519,-2.399270877699235,-3.890334220948077,3.986981993621925,0.4261020174969533,2.1530034509472364,-8.798345923262335,2.8523655906797063,4.016458403690004,-1.4892332509751822,4.2044682400113,-9.216143212733765,1.2967267699947749,-1.7881821250328922,10.566913296678715,-4.541289555497698,4.718267441649508,0.816572935407897,-8.936263819909605,3.6666926127159623,5.126884665072672,3.397226023137239,-1.9196278933793371,5.239948467447319,-7.360409228193399
-2.071376161967272,-10.298773962503779,13.449349152573001,-10.704685083050167,-2.797202230368309,23.394210415664485,15.81112448809879,1.1703546783150585,13.033155962849099,-11.11753941522574,-0.6502141390245549,-6.06750371784512,-5.742459280498223,-10.939310592940473,2.6021634409614753,0.11732991381499597,-17.716879924793503,11.535801105667995,13.598605616480693,3.1434332615591436,-8.424512905149895,7.827284494237594,3.1294844071406183,4.344417152563663,-2.750356015062787,-6.041739571685235,4.894057823774927,0.17648115636986791,-5.676653320083939,-4.123842974124078,-2.635430624627537,4.082640343867423,-2.3318691836944656,-7.174048963339227,-8.22824022261109,1.7068443295135394,-0.8934403089162488,-1.1714804587811822,-4.580493741307715,3.2019611545266446,-1.0936086201470698,12.781865538260622,2.830899330092605,-0.1660051777094338,1.2982290745579457,2.390055224754589,-0.8958574006598552,2.602557540038877,-1.588694599065562,0.30897767658864156,3.1445185326059515,-4.523084144905603,7.228573913073008,-0.8031642839990178,5.242488160964611,-0.6765680687563218,0.9399878587302892,9.011061672179295,15.034553981538897,-2.816689169892083,-2.1267434803055463,2.679323423460164,-3.380695903634117,-0.2166637846309946
1.0499485070012378,-8.256315576715284,11.463470776013342,-7.619756736219571,3.0098662507979848,-7.5910874705708355,7.836820589058483,-3.795520702830228,-1.8899921440462295,-1.008670453780354,0.9314970936906746,-1.372182500940172,-3.491796410703883,1.710261386906859,-0.9227320751967143,-4.412352119484727,0.4254706832488476,3.051028611148986,-0.3543161630052808,-2.3950791531938616,-0.5266219111627154,-7.861160989094104,-3.072728229528004,-2.3013163944155237,2.8554714579952725,-1.1528679694319302,3.9228048724473603,-1.639706038132476,-0.3264556658255867,-3.0295365027199987,-1.9072693280122253,1.1620408911332305,2.2283889172465496,-2.1722085743567145,-0.02665648929270352,0.7021902010195363,-5.932947536568653,1.2279210988412628,2.533489904420214,1.1052957129276153,0.8248276859359943,-0.28843088732411093,0.20299975859303646,2.9275337249813744,2.5801851997585032,3.32765454594508,0.14668670457840746,2.232591461315032,0.5975204590609823,1.4519066255693858,-4.8846042444859705,-2.438043748421022,-0.3125610706092457,2.588181428473386,-1.5215589165574661,0.09029954560612706,3.4021494034660407,2.1847227577834127,-3.766216505655058,-2.876973087488554,3.553807742165618,-2.2896903415887997,-1.958343044231839,4.227734629210761
-6.945084755484732,-6.07281169486116,8.920471378078789,-7.757339338388391,-6.000565927594196,36.820075924158395,15.430009904883443,-1.1226393151924006,12.3062102973802,-4.781221042607083,-0.8439974315634653,-0.7725832581282579,-8.007565157046013,0.26719245640050576,1.605489674131892,1.019482573321757,-8.371968721864409,3.854609312849804,3.6259186052998897,5.60545411446482,-3.7289825495311035,-4.113591688565607,-0.4240976655685208,0.21739751712931193,3.6918336968224454,6.548956559152169,3.6769559944750303,1.6902142549968708,1.7415813702858698,4.751116113000856,5.36804423007674,1.2714995794054047,2.01410203531382,-5.503370560554842,-0.11044895079703107,1.8643292142482892,-0.37965792542549964,-4.699358071172324,6.961124157337437,6.585082587256658,5.864431355035473,-1.3593915526459903,6.942132700710918,-1.752273745429488,3.3115549378625837,1.1176270017652759,-3.5607036722803413,8.26930573305408,-0.17551720538905546,6.417134318472029,1.6908612290364113,7.1930537962329275,-2.756370983747186,3.739499133572983,2.756631874832744,-6.957055380011976,-2.678866481351265,-1.7081020344649067,-10.763992691003539,2.89899377979392,7.06318595560885,-13.870573938478307,-1.3788466365654468,1.727227430887579
-1.762872523522933,32.82111752466613,19.087181723219256,13.086413459538344,-4.608701433612749,-4.62012057000517,10.64266328319018,-1.1524477308921373,1.1458904084218084,-5.3313182248866235,0.5736521945947985,10.96756928265799,7.586646671172601,5.692880633555664,10.525760628597789,-6.156635841404741,-5.196955537869864,-8.067929790035052,-9.997579044318746,-0.8204131811897823,-0.03133615260931645,0.8164922484956194,10.500874240499025,5.809705426647186,0.23622717958154377,-0.6534328107935639,1.4370011540965204,-13.128120474080578,-7.30273423730473,-3.2705281636049173,3.3959008969422517,1.3047534199379422,-1.621184716591612,0.22464700828192471,-1.18330635344511,-4.225648111917075,4.190101978779988,2.6253486869502085,-0.06196157972222709,8.200316991988096,-2.290665802282114,1.502142878992507,-2.8984830674509405,-3.165410541571958,0.6166751545931078,-5.34924348711712,-4.747076730454397,3.4253280948351557,-10.510537547159467,-1.8684016542612405,-2.223823910693774,-0.024791799061594896,-2.9027381478616485,-4.803431024735567,0.3202102324335744,-2.743069834282206,1.220715385910569,0.19825540974867467,-1.806025167160278,-0.6813797045402886,6.54918973748601,2.386158001398644,0.7334612121538316,-3.100540742628262
34.266554405389044,16.151930614934844,0.3111914899222856,7.680586028501713,28.349054269315477,3.779670001794795,3.2647344618306358,14.435976074661244,-0.980070162186172,11.388396809272209,-11.826543084976066,-7.265488026631794,10.947598064646437,0.7398437275343204,0.4898369940930978,3.541840155117955,2.8714375132228684,4.786946338585108,7.514530012119082,-0.24829823846754207,-0.27145482919970587,-0.7798163292872211,1.7968381027930393,-5.6316986529222826,2.6202809422980877,4.555099302914522,-1.7774877040613841,2.1787981923603215,6.427925696204283,0.024463075362926592,-5.923123349356357,-4.148174753609065,4.933217961438942,-0.6651165222537954,0.5806720685735618,-0.036959929829771705,-3.7371891752528272,5.7318218601750335,-0.27848289538212717,5.275136866296215,-0.4290132967215623,3.1598516967935053,7.113026594051657,5.234241870188601,0.021951512349811093,2.3636113408995585,-0.9544301984199001,-4.439064322662942,2.3522682167326283,0.4152214578673056,4.389482595477813,2.5200499988832727,1.7726354296590183,1.3367867619188643,0.023133836294657404,-2.2190799467284616,1.831568917433586,-0.9853584680094254,-7.294576685538159,-2.0475961461797176,-2.3263337260045036,-3.464488852752334,0.5987431874159255,2.4046307002584952
8.124533153230935,-3.1556986382281482,15.34953692967582,-7.498958226742715,-6.87462900744964,-2.488535187236043,2.3214843453604974,-0.936955861227241,-12.077823547626238,3.956040979248873,0.4484379027117192,-4.908185910675298,4.211330993564813,-4.496685883358969,-7.931051443977144,0.12180760351785293,-7.127473292310498,1.0112512789302894,1.84901310234336,11.848531386863462,-0.884304328838628,-4.639335094226445,-11.181337210666536,5.467050236001968,5.894181351637522,9.449144517855176,1.174220686961402,-11.10700215859674,0.41938883071480104,10.99768390930746,5.8697567136396716,7.577009526937763,-5.196231577973058,3.6393283681910815,11.584042263253284,17.012665437082404,-0.16464557018437467,-5.684983164353167,-1.9543074464906631,11.357468946929641,4.933969074203505,-0.7717727274680303,-2.6320730985968224,-9.667575655917199,1.534076141895688,-8.883479673304343,2.3425943698518026,0.1006222135076911,7.121044489793408,-0.4971125665450576,0.3896889888397474,-3.759291297339435,1.3098760492364054,1.5311165514789025,3.8083596249002185,-11.11808967871122,7.717839192275988,-4.21415252912008,7.702456478120465,-5.511582970157399,-5.020927253647586,5.544306367091012,8.899071352711271,-3.6713017082960095
10.628311682751587,0.30784502315879825,13.186181399231115,-9.743109744981895,-2.5946872513222288,-7.005898445450948,6.4099929474249695,-2.2137109349516675,-4.7359283299427,2.371486911865366,-5.128773380766637,-2.9509881201667927,-0.23962083862199357,1.755678321379295,-6.891362836873002,-5.554312133781555,-1.6707340529207761,-5.72006261340185,-4.263587590026182,0.904846267084993,-2.7638108183935235,0.460344804445578,-5.089235358857431,-1.1215085921587242,-3.4974584668640247,-6.778012436402644,1.4660149683938153,-0.06451247363378228,1.8399951457225217,2.1650809252945233,-2.335852989589799,3.928283378223863,-3.485386833643036,1.112061179715528,0.07826028102481314,-5.331997869444048,3.07287445114437,0.3849823079998203,-0.7638278571695954,-1.3972299552287504,7.125909611860345,0.17147310895744236,-3.8087463696009856,-4.321906954123914,-2.2205927657456463,-4.805020449810316,-5.7397609486368735,-0.3370056695831409,3.415532405700502,3.963330973004104,-4.2376151582314785,6.3935700150300026,5.092949918921782,-3.438516558143786,7.595568185123721,-5.9750603821383645,0.1938126674980243,-0.19452095987209514,-4.553253284015247,6.252559077134489,-6.966528473096721,0.6829853612481943,0.09654635682816513,-4.0128844332476925
17.292548053175814,-1.2907410528601,19.084301377812633,8.812332874471185,-9.641496867414206,1.0221472326611898,-20.291718924558804,13.313707920575736,-20.213863301091944,-7.56082278279557,-19.353347828724015,0.7913338210539568,-21.36008052404623,18.36198888706365,-2.188609817959492,-14.304741053058441,-14.689125472308378,15.816791363246857,-12.56387838408306,-7.091106600479311,5.282509663684609,15.1786893013489,-4.170147251750429,-8.861129463018043,-4.818094795946714,9.127385835920762,3.8669767154186214,7.085384474210839,1.3341991375826596,-2.654274326143276,4.103331881256843,1.9790083545240618,0.8817671716314538,-2.1729965883634614,5.611877094650282,1.734392886995454,3.960656497043835,-6.33901920620822,4.436395753766081,-7.8683602755158475,1.4123363605504593,0.4598182968377632,2.1872358723508847,1.7810408502063904,5.086571284864349,2.874175971184764,-1.816430784450721,5.305885516950997,5.9307549233482835,-2.364234632579447,4.100130446544997,-3.2024298219547442,-0.2008307112910279,1.5149335669293336,2.203958772313326,-1.1276304547372433,-1.4678936989506122,-3.539845557744709,6.22344870218381,2.8117164392521645,-0.04682296041968572,-0.05363094684228672,-2.713171422045489,-2.2319612715717945
-20.15005303342647,-0.6498113445969214,0.5955431886382871,32.31309118951147,3.7730713694547093,2.5957822490992037,-17.827304093524948,-14.163229203713376,-9.37980102422111,5.067023887180597,10.582699918256024,-5.387872555964815,-11.030279318685865,-15.915011989965272,-12.410853708850142,7.960686430267871,-1.2386858238801957,-14.491781674894629,3.940410502364656,-1.9824303476058105,-5.010624959412235,7.70741245039914,-4.008892667756024,-0.9488089127638714,-10.885011666170282,-1.0372850706952557,13.800737577784199,6.930019021953028,10.208558836471978,-1.4343921375774742,-4.8828268959062004,1.3930499186788072,-2.780733001044769,4.1476440023659595,-3.2091563638907643,0.03673141139403493,-6.429534451086761,-8.974483397511019,3.3163082081915376,-0.8340547073218586,-10.580495311951008,-0.3788280228350598,9.374003517843382,1.1867368134579936,19.484749949273176,0.5277084445528085,-4.370801858111532,7.202137092356282,5.935597656484406,5.9300834333421335,1.5830809211600485,-9.706879258990245,-7.499036034631737,3.8105696439706676,-7.439470121848771,1.1211434491185654,10.28629983154791,-0.729097252297517,0.44584863687315424,3.5999994258559855,3.1985280650297585,3.9186102043909488,3.10854097623744,1.1506103267423367
12.228256156838313,-3.2242307664662775,11.297880559341607,-7.07663332332857,-2.163461939736167,-3.9024714333512573,-0.018421481507267627,-6.431692271428209,-7.021304243498303,0.7128842250174383,-3.403734922311874,-5.241917036221018,5.591218140219887,0.0296795328974503,-5.101580811030436,-4.203672206360195,-3.0142716983777054,-2.24402464070755,3.4135953709189275,0.18901876214536628,-0.7765937151893972,-2.1817974498802974,-9.25819478836282,2.6570596944890643,6.9417008967277445,2.8115503331831455,-6.694678938377208,-0.060529674656978553,3.838792702156583,3.1190083650145635,9.146606344845164,-0.11886273008984606,-4.32431361778398,-1.5320987578572878,3.4082698278968335,5.137151644694602,0.9900840914881194,-0.17979423509385398,0.00843738017978367,1.0109805182522895,5.555094960058305,-1.0617271444088645,-3.7599423457630996,-2.2382932032345755,-3.822342197863386,-4.764207080728219,-1.5781024566456991,3.933403528527688,-1.9183361905774678,0.13924767179151457,-6.237081979000182,-4.301507099269319,1.3844773482843407,5.26386085168238,-0.4454027288813846,2.4389511437656277,4.89013178511473,-4.198135690607532,1.7577867935888254,0.5896281348300751,-6.932806799525724,-3.805624491767611,-10.285083465744366,-4.854159402261652
2.4954064101692355,17.56090309765321,27.44028937828841,22.37827966654325,3.1063202128703074,-4.965566080689983,4.2397310522328375,3.671564095299711,1.0521501271496128,-3.171082417313585,4.228274532902751,3.710938285018696,-5.093917861597234,-2.4454599243680035,-9.035252908950394,3.7293406115992274,-8.625757968185555,-11.566353842508637,-11.938794098489183,-1.3865404036220377,8.022029444872917,-0.4518460574015808,5.408278260532877,6.50107521165788,1.2802607887532294,3.9990318769242563,0.1522248301894522,-2.293308741428277,-3.909206524483255,-11.018055688752671,14.710188975397335,0.5684394944874266,0.09317919856437323,-5.521583446327445,-0.6027722872247256,1.2396139072747225,3.397427073161076,3.3481601267878087,8.20813677912243,-0.4581330548376175,4.890857943823101,7.4521757178171,6.806605435223227,2.1919915742152494,-3.1158506190122535,0.41224788679506463,0.4994855651908583,-2.2398781012968056,-2.520134147190988,3.980086574112189,-2.8572572648105368,2.3161021922181337,-1.263772405157019,2.434290332747631,6.29037979901605,6.301971553663829,4.99588212385856,0.26683280419410926,1.0874645527425661,-7.423625024048683,-2.489554245882344,0.9417799460730396,0.5975114133487159,2.254318274889073
46.80768384558736,-9.400796648177234,-25.306798119281247,13.517025555574312,-8.590654925248506,-5.03980591050359,14.211428400335263,3.0626597504288626,4.664825936409901,-1.3427563581382589,9.697988410828907,7.902378762759127,-9.263298809664485,-0.5301823269424967,1.6617109354785993,-5.748968911582239,-1.372981691655888,-5.467151068305681,2.3115835185849765,-7.972430738300235,1.455205153216853,-0.22242583743532712,-6.300584061261394,8.289233836465577,-2.8496466439267327,-1.8310319904642098,4.073534111914755,1.498244582878337,-6.696278225268595,-0.5684045684805813,2.138151178583432,3.380659476139523,-5.1025493589349455,-3.7552235726911984,0.014654645629621668,7.2797461720822,2.6411679321277592,-2.631655454093028,-4.764813933055027,-0.1713524614833894,-0.38228690345760946,-7.230886518472692,-5.489938508918862,4.296583265983491,-3.5588360922036006,-0.22445848225535198,-1.2949408970376508,-5.605614321719864,3.2061837952163965,1.9493972639520925,-1.9241701065009469,-0.3782558347328259,2.7899254634774997,-2.83769095275901,2.9410904057013605,1.8820112604923316,1.0330285794130818,-0.7645805515457703,-0.7414192820065321,-0.21874383166656125,2.2146771399847407,2.9821522249858594,-1.3943105303474572,-0.16134959544562616
-18.049824843903792,-9.989138998370734,-10.514103925956267,0.25316290729923563,8.61376658414604,-2.242360560338476,1.2421829898608312,-4.89771923128746,-2.8305804587923906,0.609013036308592,-4.813886912419296,0.7264902950755713,0.6736767445986245,1.6543496408672582,-2.751976450618089,-6.851483831843156,-1.4413365655423842,-4.424463202503759,-0.38183674279944824,-0.37658727483820825,-0.47149285755720377,1.5293056497789383,3.0998530191900127,-0.3044034952186591,2.2270443768326675,-3.3345082079982737,3.8371246636384555,-4.75123554972255,-3.7133656961533252,-3.1981262805525885,0.32223995012368095,-0.5379148687806692,3.4219924755612556,5.1482978208839185,-2.2772331429336763,-2.5634805656760684,-0.3840421898839584,-3.297278677793818,0.9091441609432414,-2.4354851048612223,1.284821616490232,-1.1305868993098973,0.09621198790851608,1.446457525751177,-3.153671059431697,-0.10137149052671686,2.574231065832651,-1.4351436137925095,-0.02433599043457967,-1.8247293555383597,-0.4234803338746212,0.14212834240011124,-1.5425270702848957,5.333131509207136,1.58347230458352,3.7139399931540797,0.7010111878380189,-0.3770473789464208,0.6283832150236268,-5.5732137852799,2.3835364351612798,1.1881974133044404,-0.7107057637485763,0.2677880482608793
-5.346838431821151,32.46923281743049,19.513298304636212,14.22136112454921,-7.456852158521725,-7.607806785051496,12.27256802056775,-5.21217713808268,-0.06598412563844584,-7.600675989872076,2.27154820943609,9.769368696893466,8.012156523209521,5.220066123800438,10.10611319539413,-6.827797333188134,-5.5706591294435,-5.2009219993621665,-11.987110038402411,-1.0712888739508626,-0.707876029896767,-0.35500196484350277,12.37405839967907,3.221769702244443,-1.1016292787056274,2.144487997052678,4.346908209582686,-12.508114269905596,-11.289062931230571,0.4009794647359625,6.3318489378815865,2.7570922136130642,-4.323172447452203,-0.6436019024857866,-2.4190265098024306,-1.5040362861118335,3.1442145886998336,0.9220423018947199,6.880622126914387,3.6367554099565083,-1.8046500902915146,-1.5888259292726135,-3.246313358478317,0.3661787785108041,-0.0709228495265716,-6.111149943746849,0.521359479935953,-0.6749729243281122,-3.20860200986104,1.5138042368531925,-3.95229138886146,-1.4903516651115583,2.529880037991124,-7.119819384882525,-10.092559670946013,-1.6808539717673938,8.56254185790209,12.812200915813646,-1.5721662121568185,3.8694089179640025,1.3182149704285848,-5.6588380169410355,3.547922831834923,3.853508975527503
33.83917857336954,-8.733601811588347,-7.151392872162343,3.1168632730704675,-3.950082701654597,-2.109430651622433,2.5461367531440406,-2.353249726231226,0.00762830938353911,0.8564508187125444,-4.604391029053283,-1.5135023388448976,2.353922797716258,-1.8700286495805432,-3.5532086031159915,1.7202127447444513,1.636263071489149,1.052813199313038,-0.736699907130082,1.882616309483145,-0.6422745390293664,-1.8062496655734706,4.50497519232556,-8.001817916633147,1.5054260068823229,2.8226499384694153,-5.603165605102194,-3.445077865813378,1.1529891040125677,-3.030471966962563,-2.957882651604257,-7.145349989639229,3.113859447016119,1.9804377090538103,-5.28555424840941,-2.514510167509407,-0.11265418791880334,-1.3295584764417459,1.9429313139393938,-1.938317386066034,1.8842742652724198,1.397644191497281,3.9282188046730364,-6.0934313358417995,-0.3650616391800837,-3.4986660157596314,1.9663994144566237,-1.4351021184469044,-1.3324940175458233,-1.4613257441823448,-3.5618263874831917,-7.648644720664874,-0.7626278446767655,-0.94846378988677,0.3331197020970073,-4.503775793161487,2.342480880074327,-5.774336844855582,-2.9847104656646555,-5.354093851188821,-1.905836071681896,6.852703198703701,10.3421219517158,-3.871154638878749
-20.263993916037904,-1.1619118826077357,-14.798252638418456,11.362947324858183,-6.265141482750579,1.8696621957169888,-6.033804486791658,-7.844966587558819,-0.9336811264882234,-0.22380153059567914,-9.874520169375137,-10.299667642293812,9.790741128839601,1.8397376727040708,-6.067178875989114,3.222153060468809,5.05268827738423,3.4852304711313096,8.278581146240795,-2.139869137461594,2.779954330611294,1.528304380477667,-14.476044969963752,-2.8499701937660626,5.153120330794527,-1.6463244839636555,-3.776753618132786,1.8665196915900002,1.0406558232399072,-7.919636639149475,1.122135996824774,-1.5785882008235133,4.243605902111089,-4.557724477635241,-0.6620937797255761,3.955323305065243,-5.277441748536717,5.242495546900639,7.906237871288994,15.276905234699456,-8.599955295604484,2.6456446849603674,15.87578011992245,10.486610759719913,1.1910915832091589,1.569423862941381,-16.960096084273577,-4.044160005410757,-4.377927987817296,-6.412623122488915,3.991731220896561,4.875164809228096,12.031318952983918,-0.15960748271542605,7.6514031869084915,-7.077998651694054,-1.8294266040859455,-3.820076182473343,-7.634973489513062,6.516893595946731,-0.22803061496081237,2.7982616399382794,-2.712620362558785,-2.3116782983403135
-4.385351709202358,-9.423787949222731,8.89892274253031,-7.231944201167845,3.400749795415543,-6.871772660250027,12.729573975127531,-5.7941558604060885,-2.846325239245974,-1.5433058330607683,2.776202665827325,-3.151268779417627,-3.2391299315612567,-0.4148863125005253,1.9274753043181196,-0.7704175583512646,2.554037771938303,5.783577448553573,-1.1500906096619958,-0.6866072867963153,3.0417867251031225,-11.331128422066293,-5.429627208827586,2.322572094829333,-1.2020055859607728,4.166195113311737,-7.53699545870407,3.5932440946780497,-0.4264756078759085,0.23990092405385952,-3.4849726214776457,2.8946597452535063,2.7397545387697853,-6.646313153596535,7.445954940680603,-8.305134082602834,4.2090827433864675,-1.5867800208952287,-2.16138686404602,-8.605178276007711,-7.3746088776344685,-10.665496332323253,9.259878590737834,-15.850562969525054,20.189080731136617,9.69066260647357,10.535636783033091,-15.616766317696545,-14.288997207558689,-6.358901197518556,16.289434602338947,5.758619529098758,3.808103201595943,-2.241036487259265,8.542914699859075,13.807740300758569,7.472949313389719,7.494100016900243,-4.367585813444808,1.9500329146463111,16.808732740605578,-5.619021585537183,-2.772156569429458,-14.189739684880111
-19.70108481579455,33.51202837402933,-11.039131421284674,4.513824949058267,-17.084690900709006,-2.0572352728008023,2.6587563033399313,-3.367371211803814,1.523572464500872,-4.194432383967065,-3.6877564876699807,-1.5042330710553502,5.83942703827743,2.3094281977149587,-1.9533906013560038,-1.4177319222716156,0.4862678311789222,-5.068771606363765,-2.6108773992977823,-2.1456781085088923,-0.9029115972462245,2.2718144275435197,-0.42792614626915815,4.889091465135085,-1.3261201100284654,-2.797261613269722,-5.954262374456107,1.0028319431872321,-1.0697509100909885,0.4388320266733846,-0.27572128681119235,0.8130481158794091,-1.4064743479371558,-1.0320782813575786,1.3835230543338775,-0.20521557379820868,1.0088293816882732,-7.008017650588755,-2.1091188299703685,-2.266889037023586,-2.660594212418573,-3.490209676909042,-2.924626288343806,-0.08979702769790114,-5.173814467984871,-9.770322813319199,-2.586506037863316,2.4992874238713227,-1.5391934842468318,-2.7913100517698233,-0.61188377009431,-2.0104708175017545,-1.810335993426651,1.2696440605617247,-5.611483650482817,-2.617619353998563,-0.6579783839514808,-1.4257048260695397,-10.428193517138421,5.53322137461182,-5.6891337912223605,-0.9443803725184752,-6.764225035366502,-1.4961671862794597
-18.516738323548076,-9.64608676713626,-10.237838971919293,2.3079821600446473,8.3675781132179,-2.6204949674566698,-0.8725632333029194,-4.707932877393636,0.34403241532472384,1.9937377925406112,-4.476239419078894,2.048313295666868,1.524385134341082,5.292336892162053,-3.56632220387473,-7.448218610823575,-2.7705291425839595,-4.586645825014973,-1.8313768679353193,1.754550696757245,2.0898430504757046,1.6866775548339072,4.615219805766467,2.6021780848022913,-0.12237099293054864,-6.618617833627044,1.6917744415680085,-5.876243016672759,-1.260581139699024,-5.551749054976444,0.14963599670597608,-1.2386026275300548,3.051358745466058,7.129268153090406,-3.999706148108575,-3.5796300999819946,-0.8773084893148072,-4.444845338443267,-0.9060378935015003,-4.252481574731837,4.84178102346388,-4.254964264641713,2.6365288515726037,3.0304052750137935,0.31355105544896017,-3.795348190390886,2.575497233603767,-1.1962671321379703,0.6264115400848687,-8.192329214564316,0.2122492423283781,0.199315547623106,-3.6927115690080194,-0.3436440425975175,-7.720996968912379,-2.4509685064282443,4.3079629929734455,-3.792450105727534,4.1410208589515385,-7.319502856115942,5.190721851955784,-1.7809773891835692,6.901800671305129,-2.693136566657389
43.00412781806298,6.13164616451329,-20.858768556445224,-8.58526170082849,14.774693756644563,3.0961058521437743,-12.979964315455618,-15.229224156766186,4.197970244897308,-10.843426493426927,13.923992222889284,-1.6686597125607134,-12.755439967647234,3.4157038872265377,4.176386891364331,11.49141820951641,0.4264123987289336,8.332584153763396,-12.579867773207125,12.520580890899911,1.0807782662606102,1.4075922394645726,-5.138905846212725,-2.1499069084015403,-1.6184301360676878,-2.361060168490947,-1.3089347529038209,-4.650509905125039,-2.7220465007917443,-8.116920128935789,11.84991938771293,5.543985199394478,-5.405303824523317,3.5696829703476327,-1.1959614547605506,-1.17932411892692,-2.348313793094115,2.220523401003138,3.4369373247174004,3.294748162384572,0.5020399872871721,-0.024340933240588437,-4.772002816966771,2.3543124562865856,0.1335898265356221,-2.6873357693116353,0.12383792765253367,-3.2570038373639245,-5.329055393073737,1.1105148938653862,-2.7432564159956883,-0.7470536305337256,0.1740036743702706,-5.6492814051484315,0.962558345576662,2.213443309980888,-4.331293905955943,3.884203654687036,-4.380274010167905,-0.09255450113896278,2.356594751076224,3.598197696623578,1.3447020989054392,4.810812007844462
-19.255443150679945,-7.819245303681556,-11.315316345399992,2.0837908143068735,5.85243685373071,-2.646000350405477,0.5560616422253595,-4.115514297036122,-1.4753902791968472,-0.32907165466788085,-4.597416600271814,-3.5097290142269855,-0.16378674584534075,3.888118108737744,-6.008203550249116,-2.949314458327849,-5.406910992502658,2.5012313941863877,-2.249208682662877,-6.027339609962072,1.8748963979521898,6.538176789728822,5.366501829371675,6.8088941287047815,4.563662893825974,-17.55237180914621,-11.015943872781365,-0.6161784504490933,0.954806946124902,-0.16490640658978617,-7.635228223983085,0.8778746477220616,3.8094151987060854,9.245840554358638,-2.4308772519135498,-1.2014635141289869,-0.2948583537580225,-5.101184829230167,-6.060039876421456,12.52126866578794,25.73809868335319,-6.372044567179054,8.882529865003065,7.089321556209142,14.501751730122665,-1.2286324129378232,-6.137642372874806,-4.407815837738,2.1860451179771934,-1.1471563921042423,-3.739616660915598,4.943836791879978,-0.8718294690177723,-5.031386747033555,-2.9701892246231525,4.920793277613665,-1.852740687576728,1.948244953059662,2.653806434509177,4.319073216326344,3.823199765053027,2.3184130382779884,-1.1105954107225198,5.504101156129042
36.00034637532288,10.847389488361785,-5.721909642145453,0.1021781647277615,17.64990856367623,1.3627530829283223,-2.0268971515302168,-1.103898166108326,-0.16057724437748755,1.5806808344381187,-5.912393203066816,-5.444764031561818,8.51629575098159,0.3244109768266217,0.544069102988555,5.095309080559357,1.6687226498568157,5.838828939744185,0.6634636837398972,4.2759559250074295,-0.2596928680673074,-1.8308623245702182,10.252989285128866,-6.2293565442979855,0.3242851094372733,6.022944635489885,3.4775428767331817,-2.579492330207378,4.389586237400971,1.5464441748045754,-7.502865112112047,-5.836805613449436,5.849264670433068,-2.89525657372881,3.7803175260985125,-2.2359731638271443,-3.182215872654952,11.362135712489994,-9.917857813964542,7.3618378331456364,0.22923818825681586,0.9448165117352813,3.261742228731894,-1.9478704823809712,2.3905525333759896,7.5904892709587575,-0.8432659098243264,1.4575729609485062,1.2943602791989623,1.0334777255910623,2.3659786730941597,1.5671938803637586,-0.23502168244838945,4.180326515147078,-2.4610984442593384,0.36610888041466594,1.2443213258985826,-7.903450989996448,0.37277092088306085,-5.314085823112904,-4.023750756187716,1.173693669078,0.327886289966716,1.8545787215426315
-16.2678366673952,-8.529312612603489,-8.992147608736504,-0.106860447791864,6.165076245158156,-3.438945894885388,1.7189318325071001,-3.8995919477703582,-2.0172447999301504,1.1509174374472648,-2.9760313613559486,1.0690140428011032,0.18290743565059472,-0.03853346212294917,-1.7332933324941067,-6.25078834881555,-0.7963508941575231,1.486942661109598,-1.9387597345629297,-1.1211575814968264,-0.7302773020408608,0.25243093083381674,3.444345178203114,-0.06960250067668544,1.7729451965513845,-1.1767378222872948,2.2362842394126647,-3.3016478159363882,-2.431668266244902,-4.680314680061587,1.443148087218317,-1.7438116884648098,0.9814395919099185,0.6696779553862443,-0.7366243525049189,-2.671528057672597,-1.634385432062275,-2.2024541513302665,1.9566757415303522,-2.8326213285703785,0.7771214487353936,-1.105488629539949,-3.087798231634203,2.270300879861918,-2.294691465951489,-3.218234013543654,-1.8064558687516794,-1.4250170112014464,-3.436078705549588,-1.3915428266543346,-1.9010904091509468,-2.631359347204564,-1.9241342862574509,-0.8913307361732351,2.7600679557407446,0.24218547208069074,3.526008156772549,-5.098562010676301,0.9881305704988527,-4.336452702504689,-3.514593946765087,3.257682316979915,1.688201722386399,2.861038018889174
-18.528499969733872,-13.443552504791523,-5.0043504640535055,-2.9946652661797715,0.4866021577504324,-6.259509131013717,-12.559982963375836,8.96098191866799,15.802364202494685,9.781465091600525,2.834701079660513,-9.532615796114902,2.920983657377398,-11.90465136096816,9.510398674422534,-9.32817077166258,-9.415725621485016,3.7366911447780233,2.0541104038309768,7.63050682653436,15.197112430077272,12.229465854048556,2.5427842475349456,1.0564044100029417,-1.720309449368996,0.9581937657770176,3.8818811762526084,-0.31222496519552717,-18.46479447630412,12.855996096426534,-3.0580406948303573,13.546291406721616,-13.0329170080487,6.274011514305533,-7.809264946304138,-8.86026278008646,-1.2436948983155114,1.6276649388941355,-9.636210050430535,4.213961444531223,-12.370531964471173,17.326197375220342,3.6778449810775697,-4.380695547362166,-1.1153076952520942,8.47501046714721,2.869502350417357,-4.707412465217811,6.266699386914304,-7.04763879371431,-20.91525517349132,2.4744705487558276,4.937068017408339,10.049372057347812,-3.2355993151542757,6.473798988564322,4.831244752973675,5.8123015140294285,-5.434080188279699,-0.7435967153250382,-3.2481639628591314,0.15528582109359595,-9.208830393692809,-4.495458648435525
-14.408208286062228,-10.974034777741105,0.6842486471063295,-5.464987219247847,0.4048398075849028,32.39769873687052,13.181200938675257,1.0048796165667582,13.980361030973754,-9.299102326628566,-4.128632581292398,-4.472032299745407,-6.056458313171144,-7.615074794214456,4.49358516386663,-6.566186200238061,-7.441740030988838,7.973825890139414,12.497371683186662,8.372171511820458,-12.074026887384088,9.582241882724352,4.261935788953797,0.3534661502577414,-1.0560008224588648,1.1675095292814792,8.500538263088083,2.171923981373041,-2.609003694350556,-10.50832172008968,0.49832918606389126,2.0743554206556514,-5.555660742487235,-10.478071131885514,-7.3994311891901585,0.6916756601478321,3.717658089578925,-3.828449070466431,-0.8507462257122983,-0.7296346356416168,-0.4284306275101292,-0.9283456896817774,1.327192030842923,-3.9941127111724852,-5.063673240371976,-1.5993980675389785,-3.949800094068014,0.5327904019647486,-3.8938296461235797,-2.5294643267956793,7.359056527030564,-2.796229975900003,-0.7126875308475148,-6.814016504582399,8.42869638167743,0.28539273165183227,3.9358019890082545,6.8157330055601015,14.591061161118107,-5.485111256178262,-4.086845476945736,0.24414535466630594,-0.25404654643657193,-1.4171115789967625
39.36582134790164,-5.987321570698228,-14.692120622552057,8.218685955235845,-6.451971658668925,-0.39924628209777585,3.091511038999156,0.1840098199841945,3.4028588708774232,0.3635953123996722,0.18780029905159853,3.021963735245481,-0.4708254396940752,0.5889408356458219,-0.01225382076965633,-2.080704196491454,0.612111639282467,-2.5893358282965453,-0.343167103795741,0.6358795670768229,0.36500307276904875,-0.8622429544183657,2.1469378341169305,-1.0099102385900711,0.3434590241408437,1.318658681070354,-4.841588804640723,-0.09416852112766806,3.579342357667856,-0.8779328213643761,-3.758369089537284,-1.7095684269108213,2.7130960515409783,1.1956605612661202,0.5323624431043266,-1.3865163059206425,-1.4868882636788407,-0.26955792692902436,0.2368765317945959,0.5657675604327451,0.13197359332699135,2.7358191768384814,3.66155137448091,-1.0748838738208506,0.6602665301891196,-1.1304314164178224,-0.036525119968252945,0.6582457476019299,-1.3094351881438027,-1.032643563207103,0.6822431899718656,-0.1771552886297957,0.11209183937387802,2.8714175830824384,-1.4440159806134143,-3.4992769305003124,-1.1191330445950283,0.1348243413219038,-1.777933366386985,-0.014406977763259131,0.369542877260594,-1.017220910585389,1.9238816364078393,1.6918634922554134
-0.009750100274421835,-9.791648113995448,12.474188676442711,-10.757202466223422,2.4412775228026313,-10.73678486964473,10.5761411506605,-0.7363369387449736,-0.6793751523919972,-0.15153934924924642,4.11849952895128,-0.837147054124872,-2.280909622545077,3.148995184842086,-6.947356283805975,9.375782476937193,-7.453366044901644,-1.9673722902491408,-1.7358428589611252,-4.595525181931797,4.957926992053037,0.6700386264080405,1.7626378251387065,10.414882714557447,8.507979818210297,18.199339387556094,8.727479374202582,8.70909831252943,4.127836701477361,-6.138445105289349,-5.440344932233467,-0.8515922639870104,2.7080860928649977,1.1583246919786745,-13.627350301636701,3.622704913863452,-3.3797536130786434,-0.717729884137035,5.23059286130947,1.2524192614382712,6.117338537291771,0.3035016835684931,-11.362798872869915,-11.416891382773345,-4.088432106730831,10.997257539157658,-10.06152096220969,-8.826610972139157,-5.667903507261691,-12.294151051266581,-2.45883353896587,8.609672169918332,8.595122826197963,-8.891291938765361,-7.68430868372992,-5.932779914664012,-14.259363557062368,-2.7181692122443275,-0.4849988211922814,7.950588827930409,2.951363338903089,-2.213355035101502,9.840040363494927,0.414282989686379
46.518914021607586,-5.218476672130598,-24.363368271329612,15.193331754168595,-4.526499124714287,-2.1340452092424447,14.66991737950321,9.643488273292531,4.604999612861904,2.713102010294033,7.861365486100377,8.295884280886927,-5.4332352923538405,2.790613994388755,5.664482652829214,-4.406656996198904,-1.7348231568454795,-4.710793130082375,5.578877789682235,-8.238180642195033,2.144083134106988,0.8341316980150415,-11.963875331063104,10.22627083564219,-0.38476286642480534,-5.418883075589435,1.8212751351354126,1.962109496318503,-3.4270383805138045,-0.5079386758159264,-1.3183063429875306,4.448781086278927,-3.930091992770581,-0.26654457652210806,-2.4272516284719394,4.757369496399672,3.3895815347235185,-8.472202922456063,2.2692797888786806,-6.809816298646033,0.36287189408406517,-4.263342393549802,-2.2272168349048833,2.971075884141471,-3.102556342364451,-2.71197596293425,1.5209377571708882,-3.611845439296857,4.780784671323763,-0.26884877104230726,-1.2421144252739218,-2.1058118711059217,0.9879118821684196,-1.5512142815960666,-0.20879200137473788,-1.628389014878041,0.6810890666194274,0.4874318658966507,1.3559236165444466,0.1188756080792133,5.204422957935483,0.3011293514822254,0.7324432345451202,-2.354079390837269
-17.945392346356154,23.43925766968969,7.412919397497578,25.105746483055043,-13.092979208475173,-5.975696249111492,-2.6972507625475504,4.607231368701354,10.925698960617456,2.7399392387965325,5.597826071831634,-11.805834518719625,-8.901017045495687,-8.743904508828722,5.405418643426486,-2.265501128008597,0.14539128889250258,3.514874820098627,-14.984471314538723,10.5805439119186,-0.03654004070624854,-0.9367564211150998,4.298460020665783,3.3872459855474855,-6.842669021766514,3.8394688587471606,-2.7873272179943425,2.925286850760083,-5.572323820515282,6.179423394182483,10.749892593181178,0.3488645570173239,-1.7183624331179452,3.063053972359423,-5.173573158126765,-4.51783868813385,0.26579744467307526,-5.498940284155359,7.0556853102036445,-0.8150025547710007,0.25916377872380114,1.8773925300108907,0.8698738580379528,1.816485520034596,-4.261328700404619,0.1673433946050894,-3.472628333548784,-6.484648620482856,-0.8301372437666956,-0.10435814590366811,-5.802403309221526,2.5910435910483205,-0.9346335918424218,0.07994550244773965,3.6404988107032366,-1.6369812288856223,5.181423654644433,-4.5549777439143115,4.856161909930454,-2.9516394424440224,3.048353307676979,-0.15510298361611277,0.6909235388559677,-2.78306277431426
47.54981640810092,-7.329815427347324,-25.508402325466182,12.976880204459972,-7.917361965964717,-2.0311320407942977,10.606843329570237,1.607357980754498,5.693404407498938,-2.5574608099717455,11.555666470539647,9.207420130519122,-8.920214557882575,2.4123034417644615,4.379632329860237,-3.2597459566927203,-1.7981848254351316,-5.631254746632251,-0.6909278901782545,-5.062990079282389,2.4249558396695123,1.028049824963687,-7.062655790091942,9.652874946936851,-2.293527708530585,-4.416344463532109,-0.470619229468369,1.059122126632412,-5.861113587063793,-2.654754301078011,3.0661818193150316,4.319826004816419,-4.868904136670467,-3.149459077462149,-1.4102974839288174,5.191663679975468,1.1853294578894211,-2.7669601890345716,-4.375798854282602,-0.28329877805047143,-0.5436867233659198,-6.529170236776753,-5.451476375668799,5.038450114669649,-3.942316506920936,-1.9493529801442442,-0.44553962551593324,-4.214036522761033,1.1324583659410556,0.4758010718529317,-2.0354794187127183,-0.6963884750126036,0.807248307987436,-2.7479395002676257,2.45734216543165,2.505894727075107,0.2932523613706718,-0.7635918814827881,-2.4385166173994373,-1.7596653920726628,4.883315449012645,2.506928414293895,-0.08199500426624665,0.05327063887177115
-19.097989066270934,-12.920670314581505,-9.360153328522678,-1.4413663355956479,3.2930926303876498,32.43476158574473,-4.612608220091454,5.947806482999572,-0.1178761638099912,-2.9789203386628107,-5.403584111801666,0.8017025026999516,0.18197433103304833,8.587846631028595,5.451729074186221,0.9100360134068157,8.85180389854366,-11.204622436290416,-8.819137139104214,-11.538283660334551,3.3760931267463956,-7.418646968566816,1.7568909150886125,3.2201542219591572,-6.685618886743369,-3.543555104876319,2.9807892589384593,-0.140532226312881,-4.028896074798057,3.6170594816843002,-1.9522145473010337,-1.447045776851821,-4.826595259371476,7.53811080362016,-2.67746109528801,10.770649408938535,-12.020569310791467,4.467604699027037,8.295531407589149,-1.6541924931978624,0.10187567666247413,-5.72601635859857,3.811634438030555,-3.7520041155835604,-2.651078455500269,-1.6710918920496831,5.420546148511024,-2.7994107304619513,-1.861257552377056,-3.481299147580022,-9.162997802107826,9.194927980087712,-4.089193959057865,21.32844031702802,-2.341189726494328,-2.925961949108886,-6.5290979892569485,-5.471253058497073,-1.0417774620326963,-1.2635995886735456,1.3209086884072039,-0.013710755191727604,1.4936749512917573,-6.34689602411332
-18.502814690834192,-12.920713953893904,-7.136448875515403,-2.30049887868714,9.0920334006819,-6.825383994209124,3.650995759507171,-2.4725756330742663,-2.3047830473940816,-1.5651247513049715,1.2280526270531902,-1.1543249211995532,0.2601790116532106,5.98412220708162,-8.079103508955127,-3.5316618368113266,0.35011675965306044,1.8660337688453192,1.5534394050901432,1.5625672088429052,-0.24862232951145727,1.3756187567276281,6.036525843136374,3.658253119770848,2.115283387924986,-2.9240748684408224,-3.1591650549787964,10.46921374470297,-0.07305163538586404,-0.4457339399565716,-1.842993651745935,0.7212615067554597,-4.37626214176687,-1.2867769176736843,6.621957249105884,-5.772494186399472,4.773805566816017,-0.1729869092502974,6.7164049454711465,9.64727243704047,-20.38651729927401,-5.708938210371887,-4.880275021698655,-12.921299598739322,5.337315813481232,5.060491685510952,8.571674094872733,-15.11795875539726,-5.343088202648127,-5.821192613847074,0.9124983456895516,0.48178011251715985,-12.129421285856372,-0.46823395716723737,2.458744851481187,7.235206452978797,4.010179405913519,7.559883466701816,10.435710710345996,0.08675387958388926,12.519229314041995,-3.620908402899338,-0.6922255177223018,-7.472418272054127
-10.816892630899511,-9.707001889709103,2.6138668689275417,-3.620031299031873,-1.2420949598410558,22.802240340670842,3.1214149830354962,-0.4595786788400888,-13.915097582023318,13.430451675820878,17.917785218398926,1.5400527748371993,7.085108823962909,2.1705887202292056,10.852103962804152,10.52424428261653,16.806862344685705,0.16429557330303146,-11.399734291082241,-20.828615014398007,11.370891684004285,-5.4855185909957775,5.989985552128027,-14.492850509759919,-16.508918335462504,2.284058337876713,-2.0008235136145816,0.20016995134105697,1.6037256468120642,0.028504617571952908,1.6998236539783116,12.050892355539082,8.764208663643648,2.79899694008262,5.927670334635295,4.086939650864016,1.9431359531348869,-3.152723838634518,-7.576782716742669,-3.8565083645386977,2.7334778968295366,10.801225985993263,-11.331058031640474,8.752982449401697,2.194028653200262,4.793367631841246,-7.9213659642184835,-10.908483300484466,2.1024328040025955,-13.35579687164349,4.879324120070866,-10.095643848622533,-0.07405669692704557,1.0221516042422005,2.8060746815595796,3.307027851164429,10.150087146047095,3.907684621555704,1.9910882395755534,8.907719761626849,-4.139252016689144,-0.9835002811794761,5.876266392418517,0.48317248972003707
-12.126636966767354,-10.137376694040952,0.5851332674752682,-4.342128091521096,5.824461259726687,-7.00426157300425,9.96971988819439,-2.3773360030810804,-2.840039440181431,-2.6251693492775448,2.3723155775022513,-5.74951634935991,-3.6098735106860933,-0.06746516704875075,3.513827704108014,-2.685559118487536,4.931959344558245,5.635196457969379,-0.009865981148845907,-0.3819527353315003,0.9268940825048129,-5.282491118611447,-3.291545397177306,-1.1704121520957116,0.06873912906524647,6.297777867295695,-2.0736802043857536,5.6493522865988615,-1.2313681929865614,4.060986156188787,4.484892624112925,-1.961915018895256,0.2926457287809388,-10.384471688378428,5.767902483817832,-9.072278477976718,3.422853048945071,-0.987954426453324,-5.415269867303157,-6.678592608935139,-14.238238261432397,-15.490801684131167,14.361783467421375,-12.122806896825818,10.39511784371247,3.068276492849171,8.68054540570441,-19.09981139576641,-15.350343143189088,-6.471399429821573,6.122193621982946,8.004725066951952,-5.178379262055691,-5.8735216712998515,9.849203779798705,6.16565453540925,-1.729422953572122,9.349983469264643,8.540833681556972,-1.2853200529209838,8.042913287805286,-9.94944672337096,-3.037429432724612,-11.854464148078554
18.94919657596642,-9.599771330072867,9.511811049477336,-6.740018395498506,-3.7787476956536787,7.698139281316915,-0.6289308303348065,-2.583116738804076,-10.703279224224596,10.45081108135753,2.08487695057069,-10.648313589763468,9.736589082530548,-1.2029450649551368,-4.106918023998202,9.424633616316601,13.175659430092043,-0.5753714993695229,-9.224473722604051,-14.111764469582742,8.538311280128838,-8.123695798335085,-1.7687582584781427,-8.912034766322307,-11.88304980563277,-0.4699365704531394,4.592552356484687,-2.0378131951079705,-3.77022108220292,2.323833633313768,0.2090119717233673,6.932358281611674,1.9887714122797446,7.007857280255687,4.708179790137282,7.818969537979578,3.733353324166595,-2.6358174099038116,-4.935641363317018,-4.571795595737335,-5.061027405988785,1.5965765604853845,-1.5576641112216258,6.869046905902907,-3.88109957461252,0.366451376083196,-1.11369137577479,-5.977495872061275,2.0367364449651824,-9.544241188664461,-2.5808156986604627,-5.036634049998832,-6.033185300315495,3.413992674494385,-0.04399032100658325,1.2038132824810488,-1.0363240969434353,-3.6190334301574927,5.879815628537106,3.219442151437555,-2.889817316306056,1.0413067080457148,4.629939176456713,-4.676083127421963
15.035023874941254,2.813717662979304,23.77873446431954,13.428126242457013,1.291296453023152,-3.1924499751643407,-10.733348856375015,5.029716988736567,-6.181155949333208,-6.4310839139074645,-6.241202809957114,-1.6405963465370574,-8.35917801290425,0.4995080928388708,-10.114416986453818,4.570673999900204,-0.03205174676783859,-9.725762589259713,-1.4265342445708353,-0.2684730508595034,2.7363070671578456,-4.3382479443570166,9.370714487883458,4.297970567249603,1.3675352044847786,-0.0847165907342179,3.262126859753678,-5.824687603072556,-5.927100234178858,-1.3633475773753598,13.476582964487221,3.32473118722596,-7.805213454046163,-6.117806857096178,-0.1363671017671621,-4.183403513835681,12.459845753966338,-7.881935685603377,9.550798981995358,-8.360391167851292,5.923260808003427,5.288566149870859,3.98777003340843,-0.4285649328395277,-2.8704546219035683,9.726043240015935,-10.209169552308396,-1.1784827391742128,0.22870998700967624,0.07382774307144493,-2.2103918507230866,-2.25537593197692,-2.8050890031542832,-0.8493872664336168,2.615431507312298,-0.8056312426114244,1.7059417616013193,-1.486233016930796,6.407801214399844,3.8851754058201484,2.274559529504769,2.7173649346505035,-5.099809488032245,-3.701538327962872
-21.918735320469803,-12.382258245560354,-9.249018424383022,-1.217715463898806,7.3108146595870425,-0.46765744821512023,-9.774609569697764,17.04453353816048,-5.147942631760799,-16.442502179111806,-0.5560440451649635,5.632690703712509,8.760233581861424,-7.1668299888102105,7.124682745431915,-1.8839588627650656,0.6612634808236127,-11.305444532057598,0.6000308392524064,4.60678678447869,1.9633395496952823,-6.791447054535605,-1.2129749450284595,-0.4869349737826457,-6.596820310744207,-4.893816487311853,-2.1875895172023427,-3.469522386505763,-9.600562394117713,-4.735340624280856,-1.9126425285356092,-16.465735768391546,-9.12763432458954,4.255944165552692,1.5906430591858558,15.884667077178937,-10.950063361508196,2.8216217604577825,5.827860750482938,-2.5463753202740183,4.2035411191318355,-0.6353972978202016,0.2071669353246903,-3.477736170532105,3.0273382174255334,-0.8024983683762591,2.52604043997105,-2.5174983201314785,-2.0568733008656563,-0.7509812422345613,4.487647740887873,3.1036716952630794,-6.109500146550615,-2.2352985323529806,4.218452914073184,-10.185944926910231,0.9371013049068343,-2.7572995568737255,3.2115948404121473,6.694351816324215,3.7389269687249533,9.988020521349274,5.715597571479174,-3.8289493310605542
32.40273457833654,-9.674765666509838,-5.1550607967081055,1.4407981508729357,-3.7421830061323336,1.5486733596642508,5.102084723737374,-3.4203542546081365,-1.5059265157781114,-2.7203067951041735,-4.871067133794655,-7.969571898017663,1.0627117222784663,-5.059368586034015,-5.7528064652043,-0.004509252336131246,0.3955057252559949,2.9840143383879334,2.152420268171373,4.330151824468873,-5.02920110628563,-2.0693473731632337,4.603475160896487,-4.961610693247848,-2.610501170452363,7.3799589808127255,0.5654089743456784,-6.076448060047564,4.257500425733503,-4.582378256846498,1.4502427729828926,-1.5634045275289778,2.364158726749285,9.641226674088,2.060363494475402,-3.390524955196842,3.0355541132504245,5.757199527257939,2.256661285193952,-2.184377833016812,-0.419769632684323,0.9462744550451686,0.635588259245745,0.215192125837278,-2.032356553204888,1.6339866319219254,-2.0644749203119375,1.3413053170530955,1.3427285480647564,2.2457596252764787,-4.02687541753669,0.0008411208826160516,-0.4259268945447752,-0.05565944101946979,3.00253388986373,-1.616882192290567,-2.3988047898871097,1.086781653390341,-0.12280807787397298,0.06426795522021121,-0.8883888012763731,-0.2670310864521844,3.7072650450965,-2.4464912803291354
10.560183762759511,-5.88005682012508,12.651400452129582,-7.45412956973281,-0.3703853033898291,-4.261183688331966,2.959186754779785,-1.9614701541119959,-4.032090215693407,0.07244321994085452,-3.8488844296324065,-5.03506567000659,2.05550407594836,-2.615094996346108,-3.516263831808697,-0.35779255429499934,-1.5210137991569583,-0.6225476139096459,-0.10993294346904883,0.4450508715788714,0.7131119094141657,-2.999805054726599,-6.249272789616392,1.874444953778625,-0.8552739982904509,-1.823822171191107,-0.3959749330835941,-1.4686589525125553,-1.0613840689220726,-2.542539647268995,-0.5917386620751345,-0.6158593265958512,-1.1759333516123527,-2.6140237631376175,-0.4490805968072078,0.6152692050864035,-0.556378043163742,-1.8887398275474039,-0.7585739913352856,-1.0442982904398619,-1.2427606249528136,-1.7016128589895207,-3.0373097601035424,1.2001097887465468,-0.5006226554848765,-2.836274829243807,-2.1310728656248643,3.8260657703319887,-1.3800649926100697,-1.8259817804479328,-0.5731674645299801,-2.3561548809360606,0.2730758217283154,0.3475495422022817,2.099950021600683,-1.5139793635156493,0.32026921112891593,-0.1392038521659361,-2.9688185619945875,-0.09890328840065292,-3.552450009510434,3.6658437609650236,0.9510971492772827,5.789674168169532
4.906970058808412,48.91505462229818,-10.131268675955534,-27.154400665121617,12.661070114341419,1.7715907460646034,-7.01030588372971,-9.985450903739036,3.6158851985591642,-11.562598960954219,19.824941823296246,6.304253752416485,-16.769814441542913,4.78300841884665,10.36299300898265,4.454692548750509,-2.168872562707775,3.117927239599799,-6.07967359662576,4.9076112603065685,1.170258594246025,2.3028263940066687,-10.492127348518585,2.4426546595708407,0.3929025070754204,-4.308438473708978,-0.7399636307680711,-4.1190919432652295,-4.714875095555562,-5.408320437789306,10.149884524348678,6.427607667539573,-5.041082500186479,5.817961369597868,-3.6604330738462574,-0.7341059817707069,1.03513349663651,-2.7567884759444827,6.861701207133931,0.19981683113408558,-0.7039711520129088,0.743168813300561,-4.25328698714989,3.2027169673371128,-1.0118226674002373,-4.76536211603898,2.8487823892556565,-2.698097836517267,-2.1300592406137167,-0.7761034254198738,-1.8093863909268328,-1.8286042389049684,-0.9520255309204783,-5.834984409468818,0.3030427728379993,1.0035521076814682,-2.512486292755733,4.082934960165478,-3.2451857531557002,-1.9774692485643692,8.052558994976051,2.7400549853907017,1.4609918307231966,-0.26712540525990447
33.36638784448761,-8.747918922633406,-3.017858997603642,2.160357523383938,-6.529951615212783,-0.9280563205650519,-5.900442432942579,11.461907492763729,3.8812081731768684,-9.046472138783095,3.319419944511455,-0.5093468771991335,9.590271979644104,-9.182195900171598,-10.239574326517642,10.434933850755685,-3.121047015094988,6.736937995768272,-1.2696991502809047,-10.015953771763172,2.215694067434663,14.901816911831098,12.167904358767737,-7.569458276634653,7.42665173185834,-4.818549114624278,-6.926743383047551,-7.786763601819332,5.747489341299776,4.400772850547136,6.333611595702753,3.6049632822723057,6.825441197406816,8.61275155163051,4.77684433517218,-9.304584947902962,-5.113537300207017,-4.184387509032054,4.560856417649813,0.9375780889674135,-0.15603536046164673,-9.878283635495423,1.2125427434696023,-0.5656951101202294,-2.414540557636786,-7.106714056940718,3.569858145251692,-0.4611982086503104,-6.033418285216866,1.407596163366875,5.112069949952738,1.3953948973225145,5.71529271600749,3.721420779907232,0.8495946228738854,-0.83588846781407,0.11695273647390406,-1.1137289408443702,-1.063128116356732,-8.2905786873507,-3.095301191908304,-1.2975118904530814,2.0791081701268754,-0.2546711344799788
12.781958397019098,-9.108311356645284,15.537513410619137,-9.050394310521412,-2.5908127724364656,-7.307434320139303,2.3548067926871674,2.6496307999393958,0.5983808902954132,2.339396974029606,-3.1205430826850913,-12.01337540952491,3.0227401864803136,-14.408875739205016,-8.372354555322678,6.884295893393725,-4.215511637409574,19.06406936123302,6.536320873298501,-9.266386105875974,3.9676808663796836,13.736444581099606,3.718088150172342,8.73956562275543,-7.822434745954658,-16.53824695978201,-1.16608016482352,-6.4838745096590555,-11.213537310798568,19.76653752196838,7.257963419602613,-4.611742706475765,-9.175458066120479,4.388122374107457,-0.6462637538276945,2.931541511038565,-7.050377809920143,2.299296156664812,2.9211068077458986,-2.230477465690065,-3.3594590875528882,-2.4255468035694294,-6.052150842447419,5.04362888678114,2.4594367289127312,1.9245465183158068,-7.011436293679307,4.20327961834094,-1.8675969138118285,-2.4716768786518064,5.396134816138833,7.050106414572138,-3.285966169793986,1.0025025019402396,-3.755483770371197,6.354008646493493,0.5279827091013058,-2.347398870309503,-0.22625019577646555,1.3760567791803737,2.858460301112842,3.931293567203993,-2.4603097142443286,9.301132360354726
15.022115920731572,13.70557355109806,19.914817487997787,4.736321168433033,7.330782498396931,-4.8252001138205065,2.2338842706455915,4.253144710981446,-3.7993693352250473,1.1656245125540659,-6.725122377824991,0.45168470905795904,3.488132051899167,-3.888472321097528,-11.73957245393272,-10.006572705118948,-0.8819784956932759,-6.118932714641496,-6.851656170706977,-3.697566508870349,-3.2829164001217097,-0.22259782889174448,8.57653104244208,-1.2445500334784205,-3.4335036417718143,0.5441310936937361,2.000398199766008,-3.6621061365082856,-8.686285748882938,-0.4029146120708406,12.06663726371211,1.8527376794809116,-3.941867479496621,-1.7891442623528153,0.9866958306835104,-0.19829518480504083,4.494668014784373,-1.959364130759885,-4.8346157276388295,-1.430805163621883,-3.077939900166005,-4.278489827276728,-6.224675124894724,0.33633777602922066,-1.487125971271073,-6.159459480432055,-7.4287520062854995,0.6510725404816868,-1.9393612073787616,2.836540007872852,-3.0807391577055254,2.3420139154377333,7.881627137940657,-5.489110157850147,4.9979738307634705,-2.361953575907484,-0.5534378050442298,3.8795036389331066,-1.2248585111086188,8.317977226350628,2.5680376519628343,5.629365201915338,-0.4785120951513174,-6.498338254206193
-11.611033647828705,-11.74260427181811,4.498373052492621,-6.585414447994267,-2.5034427534874513,-10.511308923620033,-9.346542379077109,9.506762366335774,15.323628270144056,14.83443588203944,11.64492255248203,-16.262960250259955,-4.057853887491172,-3.5651200137116104,21.75437003121153,4.157560115985376,-6.004841334129526,-14.152992664477015,-2.506247944836814,-4.2288309132742254,-5.9892032470425995,2.6417142505107236,4.896681777910385,0.37667452173197746,8.291527707245702,9.521007231438759,10.281828982558535,-1.107321676261413,11.824458633497631,-7.023268453561943,10.225385536600752,-5.074415522230419,-7.543581724520863,-1.1661474502685376,-2.482722954499825,6.019227794122837,1.3412525174535055,7.859388254728614,-6.698653039358167,-0.8168030440194644,-7.9856381862851045,-6.3018242742108,-2.10847037094316,-3.9368977655656465,13.143353136457646,-0.6918246302968193,-13.693225142549624,-4.432775735177637,15.89813816345988,6.217556514637001,14.371409089820329,-9.669419528607682,8.777420869885896,2.148866739439593,-7.360767587910151,4.973674072317282,-14.285758761668392,3.895235153972863,0.04077916231252484,-3.161354417062817,0.2796309647132356,-1.5571964952879334,-5.006141350599374,2.305632322423148
1.336552007238243,-8.68363182889061,10.901155321445488,-7.9103317485141345,2.1523889322213186,-7.026005558166226,7.442481328459804,-4.344786772562276,-1.8027398292337822,-0.3043791982938576,-0.08422190163433031,-2.4647107092278437,-1.6626899147982557,1.2770532794391947,-2.1139075272997756,-4.642922808611813,-0.10981336968040867,3.579384760573028,-1.3219281556966322,-2.403547717510936,-0.21606817332355013,-6.869101461291689,-3.288564713293076,-3.0096742951908233,1.8992571193622503,-2.3585369231397624,6.378082935078672,-1.408197250048979,-1.7475504716798926,-3.4186364011554864,-1.7478522938736325,0.22501201863781484,3.078983040195055,-2.9472148535755687,-1.1478083994320676,-0.5923492542044507,-5.26970283004035,2.1287411966130088,-0.6479548503942825,0.27488149987971433,-0.10281747080606844,1.9848062558111899,-1.47034766608048,4.018960051314108,0.560732485025491,2.156952762612993,0.1292836456708124,1.7161355989700544,-0.7627520848298577,2.8373098777143504,-0.7934364714903489,-3.328235267379232,-0.009525237002071328,1.4596711712191113,-3.969461596910297,1.9153172554571731,0.696949970771618,0.4501443707245663,1.923444837158592,-3.742778321129701,3.339827052320311,-2.292851586137956,-1.3216240327007795,-2.592230164561122
2.6791751706246907,-7.792158134014521,12.03076806355437,-3.9491641951639243,-12.983973048874109,3.2985676322892132,-21.40155898175857,23.516286106050476,-21.379085336076646,-9.622657093782303,-21.289404691480005,4.7168077945512765,-27.373197529790524,31.30883867826749,15.673992810717262,-2.4647286398637056,-8.34265872517429,10.167345990737422,2.675087981180264,-7.932966982543958,4.391265515505565,4.255867492186461,-0.09958286796814347,1.3011585340358187,-2.580252070301985,2.2473483592728805,2.5031192478802833,4.034443884390081,-1.6443300033385142,-0.9253861191593795,-2.2437504999481086,3.6237432212787413,6.431528076533504,-5.3440724219916005,4.300755440034689,-0.6568048085822942,-7.648530773337653,3.1223315758195973,4.114711525896784,0.2219441757495184,-0.4414328897159542,-1.1841063232825055,-2.202324948219881,5.544736144831242,10.077651870758798,3.2209134820559506,3.1619493967266044,5.1243043781540525,5.240982985774607,-6.014469494755827,-4.288798212285159,4.884968552249143,0.37949722080965703,3.743036964147136,2.1994723506569276,-0.8691153104626481,0.5910191172462016,-0.19624038208561517,-1.7766892336500573,-4.350955604421554,2.810508819963315,6.479410719826658,5.7392652166662605,-4.14491138961747
-7.704642203106493,-10.73386156206722,7.995682285130791,-8.35006159652209,-1.702571643959574,22.34193534548139,8.762597854977582,-0.9475659081424814,-9.958489645017869,9.232678929083923,18.05932818026154,-2.775883862535345,2.4276258938831865,-4.351446856392718,10.422908076433691,5.767414452939041,7.00746003277967,4.1156426112666535,1.151856931528739,-15.152784788685231,-1.7579746316111546,-2.5783330056266,5.962686883512346,-12.713050218606089,-16.986378093213318,2.6179638740042757,4.77917585379891,3.549917946750036,0.9578172587568718,-10.367345557950467,4.768452035715891,11.964338650966164,4.5639745463378745,-7.175804826411173,-0.1767206430767944,1.562340775148194,-0.2327191304641973,-9.901428346591315,2.1704202101980847,-2.1918281027173276,5.931502707411337,3.3820866626162345,-3.120536984780788,1.2433905874115045,1.7488859851636414,5.349315674199585,-6.12165105756428,-2.12154419546694,-6.389351308211901,1.9000676815962823,-6.538210842923445,-0.7924536702226592,-8.92156406176417,15.629247917400804,-3.9294291904659993,-0.44422536828169534,2.456518898501186,-4.117806959454215,-10.622160536862149,4.604000390524705,1.6473674484874916,-5.405789648992948,5.669672990003902,-8.47439787722623
-9.31105333858178,-8.573649293998912,2.464305000736234,-4.965258144372331,5.537499968531815,-6.22358874726778,6.167585143425425,-1.6334162892448572,-0.13371769800967628,-1.1073097802995668,2.931679455946568,0.5451834977871576,-3.7351977088603054,1.8959608080995154,0.7510662728142985,-1.5057568134085546,3.5502608565048757,6.367663601145392,0.6037825758137978,-1.9165354143368905,1.625665153638757,-6.001019647567297,-0.8099253511436006,-6.443120615279416,3.7744777357217116,3.6274727588557862,5.490005891621655,-0.17505763614984693,-0.5928482805716445,2.090535239830736,1.4143366757000977,2.363578072287922,2.378144325859517,-2.12906570400646,-0.5789064781182213,-0.49212147349137,-4.374399605808467,2.3049363046889844,-2.179130486167293,-1.787411311383241,1.294571658894599,0.554583006914311,0.03003011628570993,3.4244363922738255,-4.821685874655319,0.209576317849544,-1.568834619542236,4.716736897992443,1.4328857561350952,-0.5385437493800478,-0.29270359853293987,-0.6603692437152423,-2.714353117256855,-1.4433039419737181,-3.325810989594524,1.5049543264035352,-0.4928899786983761,2.263430343756221,-0.24222724998532233,-1.5295961433953447,5.6327842310875935,-1.8037287535946014,-3.7908375788819213,-0.1613215832969133
40.83002941103144,10.11683932165971,-17.749993372102946,-12.259374097200293,15.5367576299549,5.394974261966995,-17.756119006419134,-17.321391039319767,3.994667066219567,-11.003016999922398,13.00849078167344,-1.6358716913194955,-10.507094156788192,4.094132099820395,3.8013613426077457,10.952046004753559,0.3335874095041851,6.363764129370073,-12.344668610220655,12.626652550462358,1.3588071452300423,2.157964378341742,-3.0168089242364986,-0.4198255514087284,-1.6085490903705968,-2.4816734313420423,-3.5921985522071527,-2.76155368696371,-1.9233874142904714,-7.431747450460466,9.899824529207642,3.8888645329075695,-3.842659844162644,1.7045480485195545,-1.6797063919811421,0.21012000028054867,-2.529344374371361,2.545026216103671,0.8552199507438194,2.2793576262174713,-0.09726631493511344,-1.130524367270295,-3.7088671368234554,3.4149566986325874,-1.3180478778981572,-2.5003367190687493,0.2935363991370819,-3.0697409804875675,-2.763125010032602,0.4476043404544988,-1.4498850065136661,-0.3697445625527679,0.26864011858339765,-4.877836123212531,-0.4960984317601754,2.5347406997264468,-2.7684703678060476,1.6258520476721035,-3.6984436636687064,-1.7743908847442962,3.2223212765006575,1.695483922880326,1.4734527998246183,2.3807179519344794
45.09961230444339,-5.916601813937585,-21.386169615464894,14.340443925991167,-8.11243030285071,-1.6423730951343256,12.348255077456935,1.7971290187470057,3.8618056139509958,-1.8884625459263762,4.301213183158468,6.597213858167544,1.4162036221391077,1.1473369523796146,4.76496440952728,-2.953513367942569,-2.6059041470888857,-3.980267939637343,0.7124713483097851,-4.906273659174319,0.48206306881634237,-0.8601538962854156,2.687174666322283,3.7230915300966134,-0.7315426850247881,-0.8767267165297832,5.599743997110481,-0.03846605570725363,-4.460522718830656,0.34356740900507626,-5.389524244689618,-0.35568782059207005,0.5970183139870328,-5.877424027771836,4.213795248331067,2.013801621264795,0.026876589598306824,5.029869500848897,-11.935408478856708,1.2910156621403666,-1.1385294482166168,-7.048176464562737,-2.7748836699778194,-5.539578973423821,1.2135018778585918,4.291658783704711,-3.790828967488732,6.834332696453552,-4.189521684992954,0.2365687470242013,-2.4329417008531213,0.5286475858725616,3.5771268951751014,4.7378147363859,-3.287619875069792,3.1417878843932403,5.841732460166841,-5.492400868514638,6.632089602196211,4.809489253207032,-2.269106990180209,-0.9375692391686157,1.69284445603067,-1.089328486715546
39.134226249463175,-8.070999591780804,-11.49311801766685,9.246010476118654,-12.20847370323414,0.713236535868783,-6.661634538908538,11.443570150512883,-6.542173919842754,-5.179610432499336,-9.409350230050348,4.347313193690768,-11.506042050151924,12.372367089526538,3.6737341244525026,-8.303383789876902,-8.25526717359954,6.9996513764707595,-5.329127642982015,-3.9146124046785453,3.98867115285666,8.901458384822098,1.4684147503477814,-5.818111531299389,-1.5692983389716133,5.561423216783374,-1.9935721551688501,3.3695661192077626,2.7256921353774866,-2.3989046209611673,-1.987109819321571,-2.7538211997297366,5.014899151157815,-1.599833572682154,5.2668659879976785,-2.7421929443813804,-0.3397544931689908,0.5840379255560095,2.4118071216832337,-2.8550931707771783,0.42417007073507484,5.548437425848521,3.8598522679275105,1.1887514810435524,7.872619979631251,-0.8325338166016621,0.923313956200427,3.9707130466318703,2.6132213755073095,-5.135973520860066,1.011752521683425,-1.5386005514687033,-5.147830909605573,1.5721253835704136,-3.074461172598198,-5.833218786146715,-2.3549756111176894,-2.4488589195295956,1.0260432578504177,-0.26044197915112993,5.418544416960925,2.470940391666846,4.322213446109778,-2.0868062270874863
-15.163860295722202,-9.65909418983606,-4.905930237908214,-1.2195946896653216,4.443966390818204,-1.8498347276662583,0.7752342287466588,-0.16873961531906287,-1.6752328747359189,0.23940255201985983,0.977296694520573,-0.065105995328537,-0.7156094218907026,-0.46041143671494555,3.7431491101997696,-0.12631270296895655,3.311921314355376,0.11577790774069939,-0.420165261217386,1.087018119362666,-2.7788086426754903,2.1109344517839013,0.09353203695607527,0.42863573251689263,0.05725973731926492,2.063498489250982,-1.357957176410638,-1.8111242957858398,-1.3021446006681179,2.345179051759123,2.1460967509291957,-2.5239307067086325,0.9585843097807096,-4.006942653166884,0.24110280793195216,-2.6072367681705253,3.103888872608948,-1.0186249165128096,-1.756654433962466,2.7719494709942287,-2.3891283764013598,-6.01454392992153,5.0976027503492345,0.8542747058791655,-3.3545150201973657,-1.678985360590328,0.8609913478167387,-1.8987143990884041,-1.3246720468955,-2.940139472992486,-3.4677880826863086,-1.5120552088496937,-1.0744198569895145,-0.12317742794586202,1.7720378700104746,-1.9909887843438443,-0.5866749602713666,1.4607202191211686,1.128572523283746,-0.16209883841281406,-7.689876667311429,-2.066632254176151,0.6220930739995213,1.2419328015326723
-17.285589490320877,-11.309978890407983,-5.85363678182224,-2.7883040771229624,8.103692398352335,-3.931812928963287,5.310889415302454,-4.4468890930679255,-3.9270104526048475,0.42182431933802117,-0.7505012788975747,-4.0705691865098546,-0.11117640346943745,0.44329124939007053,-1.7462021335690108,-5.339408005871334,2.459905106519454,0.33379690353514946,-3.1463390086564087,-0.7675021801656062,-0.06203868158909773,3.3958169006188967,-0.9661860061996493,2.4123958209628267,-1.8322176566248651,4.554840421195924,1.1590727122835383,-2.0988020556469014,-5.903000538722115,3.537310609393935,3.2278646389244487,-3.1813054984897757,3.730649635697749,-6.8655114186661,8.214370224619667,-4.903153133225194,3.873873445854901,-6.5506532565057745,-5.013134221147944,-2.6920218928460318,-11.025198658166158,-13.547614998317904,14.58027946980377,-1.0564508757700968,11.860929936808551,3.183579529631539,10.549020193314842,-17.9011058369204,-9.534415192111297,-10.95013834180756,-15.393308294603601,1.6423345629749093,-20.05621365783437,-5.409690615654289,6.2061845774061295,-5.785641021922262,-19.693692469090024,-6.44618303019588,9.853158965747625,2.4106980978812125,-14.986510845870948,-3.666824028057861,-4.238184038903672,12.78165598229919
-18.54519795405981,-13.165058108981148,-5.733378519081435,-3.9449320761814617,2.9050502271033034,-0.345877829564229,-15.703375542765977,31.927645740562454,4.316541475463805,-30.96852926552188,10.748899319977072,8.511076061866529,22.128560746083,-24.28077106936455,1.8438668661787736,-3.9384927326476875,-2.259884244596658,4.8142215083425635,-12.049836230353097,2.05084528568704,-0.03163100850742466,3.0551092401961064,-4.121693061015561,0.494565639645321,-4.276635890564137,-1.0876407311385847,5.233641377396202,5.823931640319434,-2.356704198676313,6.73094185997338,-4.556825582198108,-0.7433520820338347,-7.253376424639674,5.393354693691693,-9.458555889731677,5.670807295062805,-1.3916626361755562,-2.5938649014809987,-8.112447294275695,0.7159596881696756,-6.448680085377152,6.985728700753195,7.503108529505063,2.182005040785813,-3.2099053055376228,-0.058821794107142084,2.231064643426402,-5.567203381029525,2.2314059749494213,-2.179127944510873,-15.030614399132443,6.905691471129464,4.45529067533848,6.20378655371377,4.988702575310408,2.770200011424931,6.909528187342816,-2.8943544127917478,-7.4948504155324285,-3.5799411018476643,6.889369143005986,-3.9580725550661175,2.162656559222413,2.1229829539321674
-15.00016535339064,-12.312198301078872,-0.6872062010826758,-5.1493259967683755,1.8037590250391473,3.6038004872202922,5.114094995933961,2.208841942232575,-6.838157535130372,6.310694574043824,11.715402069926487,4.408778096412548,2.817885804783804,5.5602174906498805,1.2959521883996175,10.493172964570064,-14.14794601990758,-5.164598187368519,-0.7370759958580189,10.361720784764698,4.0929222327093475,5.505455887882674,2.1928380050290652,17.8774335795617,20.139345414688027,29.75137218005175,-4.0361252915330565,-2.21090670758079,13.10617995164176,12.561880063716814,3.5233489452707514,3.036146384496116,-2.6682283867295724,2.933750373081392,-2.826977609431478,14.120143516788547,1.6160245672158018,-13.799919927641863,-2.615361983807128,0.04708855344557439,2.0839175827138683,-3.8549627783903944,-12.477839696395348,-1.8648973483148372,-0.5753597213219681,7.858946431126913,-12.22449955462357,-5.371167301684775,-1.7474211187874031,-0.44026040973687813,9.530438818763532,8.827056565916335,5.449931134105323,1.4181236473002012,-10.695264233190777,-1.1805234505967372,-6.476568771548488,-9.047443911025972,-4.787724193908179,-5.337051398159192,-1.9680382179845166,6.429010330963203,7.726784774149076,-1.2152779390581716
-11.899818719190401,-9.259683902775064,0.2601252579447743,-4.092393877442364,4.489298517714505,-4.8504815589274894,6.691304177141183,1.2744389103695675,-4.9439335377918185,1.3466849447532903,6.216218945047798,0.34603851148988884,-4.069551032083251,4.7001454648875525,5.48610653738767,10.490024519915284,-5.812807656922104,-9.747558332569866,-1.9658571351687182,8.819918314204005,-0.27649709867999,2.020671932454078,10.138458445639605,10.137909290033642,3.4206525570260005,16.494539577047803,4.989055311620561,4.72946891375958,19.59120212064648,5.065016904013835,3.9390168616954475,-3.508047372376671,-2.4359198237599364,6.5125327760740666,-15.292137565071517,-0.08302394551009488,-7.051156155376574,-12.26361574027526,-11.283390210206193,-4.264243877278876,-6.122779092771288,-0.10445675077854401,-4.281196032688033,18.307111604332754,8.714364343917195,-1.8249594634046895,9.980274512237454,9.71409598604988,-8.905484893835345,-0.8606058094370046,6.65296323147187,-0.9568500612821296,4.043164310578635,-9.66578447422971,-0.6993843148813239,-11.2299431753137,0.5370397921130473,-3.873127895548418,0.39421516845616067,6.0881735198680165,3.175844510832902,-4.488484213340863,-10.18398009556566,-1.1417291004100831
38.56536588522643,-8.143621129537737,-12.893313712802303,6.305701492596419,-7.243819129697446,-2.3967591290642036,3.1296525585272446,-0.7178346560695127,2.7485269576147857,4.295000234655438,-4.1573690213576135,6.764471289637998,-1.6356628425547408,-5.948601126899042,-0.5897393940880297,2.769485832171803,-0.46663865408618793,-0.37132693341711165,-1.7427710935887584,-1.8947576133846722,-2.9510047973249987,-0.7838043943569144,3.588737796001915,-2.0106916498610916,0.15078168401699416,3.154617507347196,-3.5631352456149363,-4.204184212268687,4.368370619386638,0.4108286179339823,-1.7459002737343199,-7.053529519180552,2.226368601370927,-2.3747782184295945,-1.8418047246551543,-0.3698787330634675,0.4256711743384153,0.8201206570321778,3.484212499007378,0.4025916673120864,-0.7672385532504861,4.152669145422604,3.0984728091893374,-3.3703998784895126,2.658024639242313,-0.8065395163810511,1.749904935726416,-2.6791808216822153,1.7394278716827412,1.7892138320200541,-2.7150004153493654,0.306889665988407,-4.5883994240207056,1.8851155347258644,3.2297386803227597,0.6311137091330271,0.5132388813270087,-2.8859651074893695,1.5556644658961685,1.0961855838877406,-1.5580537235514131,2.4969392633309466,0.18518489201983507,2.284577957865956
9.93399696028576,-7.537306040412882,12.437365049420277,-8.059114636019418,-0.36823125761813197,2.6091744927963227,2.902184605072554,-2.2527605086572797,-0.9753100120097136,-0.43452421138341385,-1.8214944887059876,-4.544731761314272,1.956167640658594,-0.27986178537378503,0.7001752267351153,-3.2401049813599827,0.6635994290751948,-1.9435265854241228,-2.3229188485442256,-1.4470123267964772,-0.07554336106157009,-3.059949325674283,-5.126886843838258,8.703692444082913,-1.679275043264073,-4.017324264694898,-6.9353634659807115,-1.1018045348041479,0.4154047704302303,-7.586453713764927,-5.460481305148156,4.017923203325421,-1.0591332422453956,-0.9496763027091651,-0.6634035706590342,0.28237811055168016,0.6894867125831774,-7.9075503126437745,-0.6381467931609947,-3.2469292351625643,2.6658818958429884,-2.586133780833705,-3.5665995880446393,-1.0313387837396901,2.7650092179994123,-0.5375497712672256,-4.348961587421685,1.0881903580004755,-0.7251103774235768,2.891759784025735,7.198983351597798,4.983498342695578,3.6839248047546733,6.555873765437439,-0.996468785316171,4.773242765411432,2.821583620990034,-4.413214719693081,-3.1502647672603223,-15.811526117380849,-4.934769713131108,6.215951280366069,1.313764476793695,1.349972966576701
38.36216150257479,4.132594212096521,-5.873389111721579,17.150484301000965,12.420314806921605,1.1492350264478195,6.877367464256514,7.868789871235571,2.5978917541826103,7.225620566698058,-10.39733428001202,3.8712684361437097,12.078027972988291,1.1510898445636957,5.7857229903410765,5.635573506106285,-0.06610513843771113,5.155742180732931,-1.9698617843846817,3.771556533954251,-0.24646985612298025,-2.0554671547526264,10.349124846679764,-4.174138824061761,0.4876563315956698,3.0733078620789,-0.3378417412044925,-6.329891096798589,6.299327658226623,-1.560319244283596,-6.660514651799962,-6.378729274146065,5.85482531849229,-2.407342116302785,4.555751174795196,-4.005241581343987,-4.236285865363331,10.248752360512453,-12.48489585244591,7.400056061829811,-0.9270950238236771,1.9006411814287245,-0.21715178460232343,-4.68464880946111,1.4005089815920042,2.956738543195602,-3.46784745083385,4.2103660055346595,-5.01813784539086,-2.7183490210927665,0.5283573667954392,4.119315916663153,-3.426227218499281,4.143773964004324,0.701408021673752,0.41190314968112546,-0.39944640445339863,-2.5685754509540706,-3.074730348835954,-3.845346817077154,0.34907237436598987,1.0184980617680246,-0.7247276177298103,1.772478816849903
3.60043815936244,-7.917358022279603,14.306978925784756,-8.694789845001388,0.5839271806693206,-6.697834199425803,2.5007169424951097,0.4040892316841276,4.326745412196972,4.602981257420808,-5.344587284434048,7.564139110541683,1.1759649669168035,-2.270406612060105,6.357911474609168,4.560017381464384,-8.394381791447701,-17.015879865222097,2.5961935532590537,12.11994625038812,10.296228971698703,6.932450031551106,-12.56284375089005,-11.400273767426183,-9.676331991506633,-14.177850908199694,-2.894495536911446,-2.061418299612309,1.8542425218981817,1.9374899264825864,-0.9243839668440842,-1.1465443068111518,2.6899440488166197,-5.089111887044065,7.29949277982292,8.080466781311218,4.294210240835555,1.3248206828898899,-1.0974573344295586,4.204548627996373,7.9413188072233645,-1.793104237812576,0.9740268050800132,4.4078614368721905,-4.788707373050918,6.225834438909066,4.4845967262978155,0.44867779031899324,-10.956624006231657,-3.50261065493866,-0.3448539068564971,5.0739556361650795,1.5693713873569564,0.29016458389385685,-5.558871606355455,-11.183918771840556,3.4863463075791215,0.7580094856858163,1.232164854177468,-1.8447288847181529,0.3167178960255448,7.561610183236847,-1.1740281253667555,-0.41033249952035894
16.928909167204136,-7.117840356915438,13.206930541553819,-6.910860014642693,-8.683156263856818,-2.11252703139844,-19.45431693694642,5.912431545851684,23.597104017237257,19.910966089354083,7.253377284146554,-2.3514286728883302,8.439197564476544,19.69766419272948,-9.713893808224178,-9.945442597230638,4.31608476258898,-3.132424173596783,2.1277368808827095,4.766074697394585,-15.275360258522523,-3.1483850571291945,0.23165201674657365,-0.6825771159510355,-11.930550252388162,-2.0681071451652038,-4.798082414418045,-4.516490394464986,-0.5766662240531811,-2.167737718382411,-3.203821350268731,0.9735057227089814,-7.839407901933997,-0.05732793946107384,3.751406287965916,9.368991174397099,-2.8092031139857885,-4.594994381277332,-0.07931069970301545,-6.609964037243759,1.6848906911167743,3.146058014591452,2.052853674309919,6.151198011626731,3.2286350983968886,2.8884509862303833,4.936331466392774,5.998360225317304,-7.624131303326205,-9.480342985558098,5.646188013620687,-0.7306141557441408,6.530116872525909,0.4725098387652236,0.6027475528341412,9.567291808341572,-11.025125101969296,-9.12716016668709,-2.3428388175262693,-5.031578508295293,-3.4985185998220065,-5.57676582485597,4.307006548425847,-0.12484113800845095
-19.156053444095335,-11.837130440507206,-9.013546696999367,-2.6293240136273734,8.735643632106529,-9.236507047259327,5.494353175504361,-4.120671517537295,-3.5061492643527306,0.8128921613939591,-0.6063848500233,-3.570704484402293,-1.5124281609240686,3.403704809823489,-8.616272482153695,2.2078635078641877,-6.686578619191189,-7.755166250689207,-3.3000523066467617,-1.7957106704959243,0.5221752192089647,0.6840080102864009,10.04366431220809,9.32012932089279,4.2672160599488045,12.234358896945645,14.87154777278399,1.9506587662741448,4.948302683731029,-5.981444094068529,-1.100103559287467,-2.793669872199959,3.5795203767355326,10.325967121025984,-12.428573138585808,-3.719231805047205,-8.250831454917504,-4.7617226581731416,0.3924680081575252,-3.345849923846433,4.574290203564595,-0.4496745388540899,-10.993074927574451,4.557323306814462,-0.8168450118635109,2.1636212857953816,4.822600697109446,-0.7244839707596097,-5.485023406012338,-16.36296850738452,2.3752901724644935,5.596520065981,8.761211400856176,-10.215920637543787,-6.005717516819196,-11.810966269609041,-6.381728057766094,-10.262845002140367,4.54511725109761,2.6403388494708415,2.1449124657922836,-16.17623768660943,-2.7177886643970663,-7.384948262537351
41.81098723288022,-9.244211085592656,-15.265284645680822,10.682768192271322,-9.726480176638868,-3.3415136088385844,6.545775490275086,1.0032792142289964,1.0284698075293948,0.09012669235045025,1.5686544777064861,4.401603995608001,-3.438561533682638,-1.6298618116882055,-3.7068706576368973,-2.9651225498251077,0.6383652223131958,-3.7055736577329754,0.6552519053923344,-2.931353877424667,0.15999610717412122,-1.9940146509613081,3.3251866377712087,-6.597538051183967,0.9872925162549024,2.8500747149680814,-6.593542584657461,-4.415632690672196,1.132263921557214,2.1072648923397392,-1.932613312731513,-6.67118010130727,7.683474237803272,-7.804998376381199,-14.413358873182684,5.0466845516538195,3.8113603555540028,1.649009264848147,4.953388879977818,0.5846982558408973,-2.3799259308231906,1.7098849055546284,-0.12960302060156373,-6.731481271134091,3.53185691530505,1.8945296610986135,4.257363522180575,3.368324537043181,4.244771089397311,-1.792059911390552,-3.3937053566765045,-1.2717902623280295,3.8107906308748594,0.743012421581496,3.792487024372412,-0.8797689995746161,1.458858494045092,0.1650233939457179,-4.140572160426335,-1.85293734648377,-2.6287608807502427,1.5783960318902306,-2.437135237638917,2.8147294985374858
-22.88071795503764,24.312481555298696,-9.947570805730535,2.153299789646397,-26.95541560619051,3.9826282098480124,0.39768171873900215,3.674326582499688,-23.379139236829676,14.55809006887528,12.243281367610905,-1.7131178554098379,4.594680504001461,-5.0772154803328995,-5.827626542714601,0.9503732611713791,-6.410879025602717,3.8956953390180664,5.288503704919963,14.149551958077385,-2.8261334379815013,-5.721767042177401,-4.952155881199648,-1.2961839534543174,10.725117207679899,-0.8671304151737477,-0.6157863261569341,-1.4887997638140378,-2.133752275166653,6.3791031469803405,1.3069136602284157,-2.1361893882661986,-6.912454334922744,-3.2602809419902923,7.6927131554179065,0.28062592797684666,-1.3594091551762117,5.824732919973136,2.5972263524871426,5.451353599881845,3.5770213388230743,-6.930078182024904,-2.461953303157338,-4.648577840497837,1.5657762513094349,-7.397736459986268,-0.7052448350452537,1.6224918514384137,1.5277868522844642,-5.34206890341425,-6.979479913602274,1.771455989861079,4.8168677299385205,-0.7463030878111763,6.6720315433366455,-2.884097442168901,0.36371730002475616,1.0417772514165966,5.835691496316622,-3.1207509703832343,-2.649165688563939,-0.8572972142137357,-2.2487478564764496,-1.8932877964722175
-19.07807594131717,-13.055252879486224,-5.841102247627596,-4.973666945035176,3.50231091451546,-5.790000701542015,-4.602134443913731,6.598054819923774,13.769235682981085,10.181046666979338,8.13033698706976,8.637815301627274,4.485469123893778,20.69561773856412,-20.75378666092744,9.878795636202923,-6.9370033285282835,-4.940537326064486,3.3397926623523446,2.4133577971915052,3.8360294238159875,9.619124795851729,4.733073361420419,3.7983069852227453,2.5792379757925987,15.315081612668607,9.033932412594089,4.340790858864579,-6.61535754020062,-6.78546553048834,-7.071897795325999,5.437656544457662,-1.1535716918479442,8.519344574386901,-9.764314213177437,-8.160305016101741,-4.781333049446183,1.5316751271953377,4.702604709022437,6.441396874124571,-3.4138570559647525,-0.5879393816186891,-12.708807338341222,-16.072168653869944,-4.155146974441043,7.026696619982493,-8.745826246725526,-13.417571586925156,5.659941409969317,-3.748682035699227,-6.670263604466439,7.309173445622774,-5.050112281429128,4.652348409343432,-5.723610538298828,-6.447893514034661,-1.7008308088193635,1.926544243976951,1.5869526853854823,7.665552096599763,-5.392323479080544,-2.0390127283272994,-1.5782363140168376,-0.8236014794993846
-17.154840820663154,-11.233771144224551,-2.97038003422907,-2.8672241518164387,0.5153636248600134,54.96511600103317,13.232890527765104,-1.5671972625562687,18.43336966651463,-9.314592641668456,-7.785636283679002,-2.6787423484706414,-4.258612858998174,-8.180412636459486,-0.24074914976978787,-7.076319525444756,-23.57145515904347,3.5405239725936286,9.681836334043155,3.6026033218375915,-11.500800355018772,-0.5341046095257739,10.051256638112083,-7.084085859527874,0.49578100465321007,-1.5849643131798183,7.2833770553799555,2.5077781701361848,-4.361085684944764,-8.128161724954456,3.0639069673012878,3.658210224277587,-2.311569259304725,-7.452257372144997,-3.641481154761141,0.8999989083716171,-3.134187642733073,2.2968800157437763,-4.028343525454255,-3.4097242426197707,1.5153349668285974,-0.8924894819947824,-9.09755248060422,3.1694506815204613,-4.5985448185154505,1.3880696683316471,3.4151566238160784,-10.830968299728104,0.7824489567754118,-15.310018209064484,8.179302754815014,-5.827809715346594,-5.820071545656272,-2.368185453547868,4.098367686555709,-1.3524709035133164,4.41551450434296,-0.0910443326789737,-0.47233511365763786,4.525357824846322,-8.108024448572811,6.139018706575479,-5.083354744914233,4.071227830077766
-6.324838279694585,-10.30592495528705,8.587127147789209,-7.37713868142499,-4.911718298025597,-1.749292741767111,-9.126110431042607,21.65246225805561,10.712164175531699,-6.928608056072057,9.910453342095476,14.961702674047972,2.726742879453169,14.716563436583256,-11.665054972092491,9.40218377449845,-7.256383001989149,9.100154756434504,-0.6518840828783411,-9.123594828908503,4.695666819897094,18.15791835765404,2.8110656506723473,-7.3580619939522665,8.980790121440261,0.5859911124178934,-2.5321952210661,1.3809566782246667,-1.2253571329707773,2.1819804140935184,1.9752469372889123,9.219230655673462,14.610992014721617,4.875974814614445,3.940651871858215,-15.155982422692228,-5.206893653814346,0.617795541523546,4.89130869950588,3.7473132075118283,-5.76721055371288,-5.444183975490268,-4.577847248265037,-3.256077499220537,1.8629581882442323,-4.636404973093658,-2.786231178650862,-3.819256213030811,3.8550305345745595,8.531769854905368,-0.6718132978175871,1.0977991412131534,-5.876302692026454,5.637365964737217,0.6526111380191042,-6.587039247252953,7.803045052413032,3.5456206198770457,4.29523175336208,-0.6893715039791081,2.631195807721126,0.504134593089173,-4.7768140477971075,-4.20338937217577
-15.378796080366968,-10.591548011516329,-3.656712480177157,-1.390847259341498,6.568129213430056,-5.596693899460982,7.156060818958207,-2.533043514329583,-3.4117252887522573,-2.2339498127946356,-1.1063118893947474,-3.072665662648461,-2.7519108042467963,0.5914078008013787,-1.7056845678033479,-6.841092645388779,3.5728774292994245,4.891149343919028,-0.7315528671145571,2.189295022967083,-2.447867430619499,-6.159759448365958,7.193147222822794,-2.148418361570037,1.3766314408008329,2.4434534053182135,0.4917185685486709,1.0989955741333426,-1.5342579849253515,0.2885954274700416,1.9619091156108606,6.352207656487706,-2.873812085035298,1.02261144726321,-3.7339643675322187,-5.996363526226436,-1.6566726981124256,5.489113796955681,-5.648276098563897,-12.13906351594748,2.729750679782192,7.191357313651998,4.602130922168516,-1.8476160640931032,-5.285874561205566,-6.0220082153633925,2.4393827222970605,2.960617317284424,0.5468307207220205,1.6723391370278855,11.31175225367957,6.609813378674559,1.8390070113328651,10.525512833599494,4.592070518255381,-0.9767344276382254,-0.35552293402671475,5.680170070356841,7.132989297547955,3.446655663224907,-5.358257544875359,9.386530619139611,-10.600477838750697,8.122388339669579
17.75123613089783,2.204276338786684,15.359770785917751,11.110809235710684,-4.978836800266793,-4.568719026452743,-6.758417645690115,-24.563758392633915,2.9372522419548557,-9.589919986080982,-7.619282502320675,5.819809299022955,31.928398312421965,14.63121187241404,20.869468756034237,5.493150662652771,-6.1475775148297185,6.301118387407142,-5.204823753609018,-2.6915231798343746,-2.7299271373719867,1.9147042651975774,3.2884148717282433,5.094606625876797,2.5696811295914426,-2.806467488382895,11.737256320665523,-3.949783205015017,-2.2509363226832506,3.891702917464586,-14.492243271453871,1.115437916992551,-1.98150058731658,-4.3213375792810576,0.8960199135111471,-0.02818309695072357,5.215302657301183,-1.7687870292285444,-2.4787166318809484,-1.067748503708825,0.09864934202458343,-6.4410642893135615,-2.80851928363861,-3.103894058592392,0.9797731826264559,-0.45525087112238477,-0.7539292196131383,11.053697135361022,0.6298663168536937,-3.277294146193364,2.1324917309339297,4.5992031915577085,-4.859499532399228,4.9647336557435375,2.36863599278924,-1.709126849763101,-1.5804858876851964,-2.2360940895355643,1.4709710382921286,-1.1495998063506818,1.4236244920795817,-0.08262126757450224,-3.581642994838997,-0.6296400470503836
-17.1375659263176,-9.956580550623185,-8.822977005754618,0.11711482898960876,7.311506461701823,-2.6359641183044147,1.045603632152349,-3.1225343105046766,-1.3764861670640234,-0.9962623947430551,-2.620475405063201,-0.32649488925391773,-0.526801317724936,2.949023970218554,0.4251268882599824,-4.279220237878925,-1.3743272347421833,-3.754922857268713,-2.2132932133550396,-0.9427413686263244,-1.1179638858153198,1.0905691596824436,0.28996500798426705,2.0026514984116286,0.6143764490808157,-3.626094614040465,-4.8440204806862885,-1.0841688007137118,-2.6442772682274938,-2.0922632842426636,-4.79007093283616,-0.9725882403485716,4.190641826901271,-0.801411546351367,-1.2010384907707776,-4.733058631492389,-3.1127293858374294,-3.410865162102301,-1.1574068228315588,-6.264346447185345,0.9208065364896791,0.39673936198366017,0.1628880370783515,0.5164002932723514,-4.718397375729501,-2.662556660592305,-1.1919491141253389,-0.4197816411832835,0.5922366875603714,-1.5816788969867093,-2.9855006416642027,-1.003706906741321,-0.24357671686685947,-0.5384361650457999,4.810453579065932,-2.892102730887543,3.5059664422020353,-2.945086836162794,-0.8049495293329949,-0.9490032703967668,-1.0142976400920878,0.7092816483781106,-1.9133715506031248,8.126452046745593
19.723084529970368,-8.313014796215075,7.920620032732275,-5.707530790983081,-5.528746822941701,-2.6692026932920716,-6.266039374229618,-5.1877360168279365,0.09343930396260185,12.930407198784216,-20.339231137111987,11.920349219291857,2.519180872666094,-13.374263901433517,-4.47193998073244,9.827322503163156,4.542673018679036,6.472026598656572,-0.13138984061517733,0.510510113868422,-4.048972608513729,-6.392787690744499,2.6562571152528895,-5.153556235121701,2.55218206187455,5.606490545614956,-2.7141208431990327,4.305917928057397,-6.165541347015395,-5.892286104533173,-2.117614395688684,12.535511034931938,-6.526524750976437,6.488795952189022,0.5561735118595528,5.499088746336375,1.9356513193301024,3.8820503098835806,-1.452852536407103,-3.184022969551428,-2.6484696268397947,0.47858093629517967,0.5108590182100706,6.672019479140716,-0.729014109161555,-1.1980097871675817,2.2206965199460003,0.7896404624400737,0.4522796645570618,9.773456372802338,6.222069125980802,1.582078912177745,0.22067042244409882,3.3258138759873703,4.137681810547493,0.7168137079274771,-10.185178123765118,-9.15908765776238,9.335163474413067,3.8919042418963787,10.647193449069398,-5.210953537359928,-1.9411081667003467,10.737089961263814
-17.13549729828478,-10.365427060231069,-8.417310755855636,-0.7208191307050453,7.870517372452312,-3.3748493782154534,2.484576158651112,-3.1948099466820845,-2.1016667750084124,0.4472256432531231,-3.5480000874946462,-0.788032235643981,-0.6839431466508803,0.897742609630252,0.09182962422638015,-2.391941295427497,-1.7339763122783254,-2.502944465629213,-1.6583820574506127,-1.3468375275089266,-0.5306509950274867,1.390939095104235,0.6426874719311886,1.5863388292866056,0.9037719702371697,-0.9542950876546044,-2.0891367167781887,-1.0637438246141515,-2.128310000732159,-1.9220270510993513,-3.313379640727612,-2.8285227988860786,3.803007868418139,1.0690641225553197,-0.30150445934525394,-5.912403351401244,-1.6102845742795495,-2.3885646348501393,-0.9614151092632648,-5.157528976052762,-0.8495226797322168,1.6534817382721025,-0.6813648651735675,-1.7915572884565047,-3.6546908416295905,-2.7757517601153587,0.047181770633721185,-1.2573725710222985,-0.6683112175842602,-2.0178661885777838,-2.11599541615413,-2.0680547901336057,0.05484166602730566,0.13071986591851573,6.05037252286374,-1.7320048055673496,3.01543009329538,-3.1056057849382652,1.0260177801999832,0.27507053265563897,-2.4541640852511932,1.5960238162267335,-1.4463833750328496,10.181836635125554
-18.34207992453428,-8.792841426950151,-9.145768588651821,-0.4707138314244769,4.28332752970526,-6.434104329242733,0.018489411467522993,-1.9179620835805782,3.9321457569235307,2.776773501815619,-2.939362051729615,-4.252391436159621,-0.4379195429296768,-0.9571978423870824,-2.3479293290629046,1.5593448897698696,-3.007446663342912,-5.781531053311443,0.18468200962459386,7.0694754432691935,9.417014705923158,2.2771281672708454,4.686839733615977,-5.101661588064935,-2.110942597164379,3.555542983256364,-2.2272210687530656,8.293731174116072,-4.317572815936175,-0.6957078770738828,-6.3692373467667895,13.092282047577198,-8.285290309508506,-3.7099433006988916,0.8119848465405185,-10.816678493095926,-8.481965125062208,4.767656865087721,4.068553605566667,-7.701524876035807,-3.8860228681344475,2.249392463822015,2.604308926858143,-11.11968393777825,11.684630457570508,-6.219279653212515,-10.606132000427499,4.47600686948652,13.684519403764835,-3.84299018424212,-7.6981284439021,-10.090225015780206,1.4440351106073535,-10.757917037616293,0.9395170400979175,2.684063024039524,1.0725166136256967,-1.3494079320144399,-5.621441381262457,-4.689321197747202,-14.79504889760631,5.981966146249446,-0.23448396069092992,-3.303896272326624
7.97221232744811,21.166494739290556,8.88000952251035,-21.351619970856557,-2.934926200907161,-7.414749346880381,-0.00799506465699575,-2.6615769452566234,-5.25932328772483,5.754917270948462,-3.704738862343962,1.661452957627805,-1.1113980651836652,-6.289626765751049,-4.425757019646982,-4.674837579652193,-5.880271796484373,-19.755423506183806,8.51718615289438,-6.245623696576976,6.743658991503489,4.214337651884677,5.227663530979615,3.6536761085754543,0.1902473720975727,15.036955447118023,10.914787763070288,6.188316009104799,3.3017149054236468,1.1338300217780772,3.6682546697035963,-0.289736453136345,-10.041942283319623,3.162082120663831,-8.019737664006568,7.555648726144132,2.1005558436945244,0.5010236799556773,-5.323884119169686,4.738153548416511,-3.1170383445573684,-9.122875867549311,2.1186124991301676,-1.433951182874147,3.3834180429915253,4.884251551265602,-8.984312134591493,-1.465837221530543,4.206262020526681,3.924129144017319,8.72915384709828,-9.095878537687792,6.341652272982608,0.2878717233049375,-1.0011512113618855,3.5109896175476583,-5.51238656554556,5.037331961292202,0.22800765499426465,-4.235322508209665,3.109341664085287,-0.30157864529775763,-4.685190172792914,1.8900723163292192
-1.7581639688604407,-8.979425795641632,10.805510837829313,-7.0560941578208975,-0.4377663404800867,5.826796163654747,5.490252829622555,2.7927045131091397,-6.142659980749643,1.8143210887792895,9.974254437963872,-1.386411363820964,1.418564187675832,2.344473737754679,12.635564129854373,12.199468910953563,4.647488498586906,-2.811761593547309,3.017882325015497,-7.70394371055736,-0.3343851220791552,-2.4168376724095584,2.7371494982993494,11.196739049029516,-23.500135386618965,8.014812013257114,-10.223431977481,-6.935666034957448,-3.5486949205664344,-6.049989513334805,-3.3018259079466907,15.83676360642866,26.366266581526986,-4.342221276899693,7.830476096637555,18.263738552836816,-7.553487305021622,-7.480077476000505,-0.14337146950740579,6.89420544445633,-0.6577235486281934,9.61836539562404,9.302494915153769,-9.782512428555897,-3.486430651641175,-8.582616202741727,6.629486031827675,0.655348123866304,6.086668272970123,-6.159278221751594,-2.2367616422118743,1.1410330131818998,4.975246411967179,-11.135680709039983,-7.440912883465914,9.232379893467716,-5.863945509950422,0.28484607265048517,-1.8849642023340558,1.9662190042439438,4.813585302170912,-3.5294386765734784,-16.605909127513,5.125998807970793
-15.554926361160941,-8.278096929423452,-2.273673115121659,-0.652618223975299,-6.81894909842811,10.730821283447849,-11.776636305930225,11.626181565640794,-19.306384905982735,2.042944889913117,-4.555127222700677,7.33983357176904,-10.217952543817646,23.918623452079192,9.370399382877956,-6.59515829678775,-12.907363329096773,14.139135220680794,-17.655612080233215,1.2400673455854452,7.649045369418326,10.510382697167172,-4.728882711009379,-2.0812552269739073,-1.4062471842802213,5.094569222386344,-3.0380337022398334,2.2191807226585736,9.419923470822935,2.9918693252897612,-6.736019050110708,-8.145073124522643,-2.9785323299800073,2.4300656492036405,-6.6728440924386705,7.944065697333213,8.50801250423779,1.258673689685685,-15.419854321266712,-7.787634030030393,-5.220164229554865,4.211752854183851,0.051468142976781935,5.1584966508277965,-11.717624869261074,2.980699810923403,-2.2107037084814434,-4.403151417188904,-7.483528664260203,13.458221175716023,16.319175420157926,-13.838557975160843,-2.3049331607510766,-10.665660547501611,-4.269982467194416,5.429466103909878,2.093604092244992,-2.204542313418886,0.8227033083683825,8.107657377841159,-9.094018991496517,-1.0245164655027872,-3.5661453571382427,3.49589361865937
-1.4372930577550074,-10.186038380866597,12.07362957653687,-6.150951137588463,-9.57566190297691,0.23051435465797473,-10.424966307337913,16.160301645117997,-18.245520250326763,-6.859387302615654,-14.111350916148584,-1.599956790564984,-22.6547127869184,21.318417936459348,11.206177359634575,3.7497481558884234,-3.3815857771832785,11.638707284398283,4.71187173997997,-2.9409358904660325,1.175688217987056,-0.3364656933168626,-3.835294075106504,3.197997176531787,-5.041786720207758,4.830986581912609,8.351527297391431,1.7374307327944434,-3.6988452563301144,0.5244636239767904,-3.2329222183853936,-3.2315884429387336,0.622628042941792,-7.7635073124719325,1.594683524485967,6.013158111026597,-4.421427751292858,11.622850699247673,-1.8732016239676486,7.53071615364867,-4.820059031356466,-9.784559686988203,-0.2872077713379111,5.894462762016689,1.4024323548354913,0.06438055599646297,8.424589245386574,-6.1217143640775475,-0.7685274034610499,1.054645708296671,-5.402496332264737,5.166336521824743,1.583772091193102,0.32448966704509447,3.3590699951977725,4.400874894584167,0.45236550657546876,4.116308911071328,-2.7769867236108428,-4.979407144067354,-3.5744308157033418,-1.7096013122368594,7.432021871644732,-3.055778063235432
-17.884265891376437,-11.138436468426947,-6.979386558543797,-2.6767478537033558,6.214116015057079,5.347007124385958,3.7491869137604046,-2.0596191380958975,-6.1519487681228,-0.5322733164685102,5.163165744235453,1.2363724403541032,0.9124583558923977,1.0013391758855847,1.3854029189094037,-4.062097676322185,-8.693170015525203,0.6716553421591915,-0.4828020511527068,11.241740186355367,-1.4235452306613674,1.1640043576571786,1.0407835411044284,12.571845355302115,6.930453462125952,12.150038517665076,-12.446044174833258,-12.328982136087799,7.177403974369219,8.041867102622986,-1.5874383445696367,1.4939358646551346,4.408353280027582,7.057845009260111,6.843912865485701,5.484838577417594,7.543842906508499,-7.041423244417116,-2.2947998660622395,-11.406276155883829,-5.694865818608551,-2.6271851400527613,-4.348852214179808,11.626006298270525,0.2606948106597818,13.390825870506497,-6.074573760756961,6.209189200674291,-1.2612339442812817,15.188270620262411,-4.400013692065385,3.6489403518476027,-10.20274867936554,-3.404481219229768,4.165335081381647,2.619910318425719,0.6027143054360622,0.5839755207289928,-14.812482480350942,0.6757174897959719,-9.96797475153148,3.1780388136272606,5.3323773886829455,-0.7492610293747035
-16.171406721783697,-11.28266736392973,-7.158008222450552,-2.2279677663961803,8.085923517033976,-6.810620692758982,7.89449586233272,-2.958236919858759,-2.940712287610162,0.19641912384860863,-0.49610811624129714,-2.992844233577732,-2.035379519968492,1.741298279584619,-0.8981869414481491,-6.085477447959937,0.5285559537475724,3.5910378386423334,-2.122840204309141,-1.7993511207939246,-1.9022685922569784,-4.408239911691421,7.858101197430924,-4.387698783031609,4.198807162088007,-3.6730055978710787,5.278663683966042,0.27496053902150547,1.5636480739355423,-0.24568113590904794,2.9461066871860346,2.950777005069391,-0.9839770948504878,-2.1644410997877688,4.166936551405846,2.1686512122580117,2.3762241471617958,1.9670552332273796,2.2691106572058577,-3.7007579777806976,-2.901021261953684,5.624563682046483,-0.9244312028903566,5.525100025549416,-7.034749561258942,-1.9369358954514186,6.084019995966536,7.045174346989501,-1.428733293607184,-1.0048807200881562,-4.3880742491057925,-2.7154146161812305,-2.8578186176164415,-2.189208950526564,0.8532210549328856,7.006291924308675,-0.04525640604779728,-7.597971663521559,0.08123283484967572,-0.7715599834893431,1.7291875897878424,-6.607115739555284,-2.453645534508742,-7.510373258703229
-14.062994180918933,-11.1394353495223,-0.856837789345422,-4.169067479506032,7.490794660163044,-7.250939156926837,3.1335201421506045,6.283388974952546,-1.1574237221581156,-8.119900109172308,3.758990798437924,1.0287793873686304,4.430921709931977,-5.46558271638646,6.322155280807599,-5.3535971455526665,4.277892785947614,6.171365517788376,-6.020421891429916,7.240938291859191,-4.903306065105004,-1.8801797817390384,2.8232542591031815,4.479636373284926,-16.808030456964616,-1.8386839650093096,-4.935666287950246,19.215738995789913,-6.467910185462262,14.137060837356207,6.924142162351973,-7.7509175529177625,-1.5436405960107589,1.1153182689759866,-9.223811574261383,-0.22165165957600969,4.7888932562262925,8.27444026052613,4.374937937214879,-10.769464500689743,6.61847451267757,3.638818530420028,2.64240542193809,-2.2901022439023846,-2.062766716385492,-0.22530995917305469,-12.888904309263456,-1.6232508142272888,-1.8764596099126114,-0.7528569841833385,7.355083650863066,5.556819348583414,0.8194222250677761,7.057827901796209,4.28410503059298,-6.480664337735513,5.392988079519934,-4.284754734023661,5.583699332957113,3.7672570202927003,9.08931206588836,3.382004348611706,7.588966866531305,16.8618507624947
24.391271087406153,34.785872781582654,-2.70798730353493,-22.506446561477468,29.37330060674889,2.4460293885173243,-9.168595442038825,-1.51307366490622,-1.483607634708178,0.9557617867268288,-0.23629860804191186,-3.291021201535943,1.9694612247783247,2.3057591458728948,1.8770376693322124,1.310632258281592,-0.24086665246785385,2.2299619503173207,3.6133839579930593,-3.787400062530219,-1.5332106808087225,1.9142875673537545,-4.708241634765657,1.9971995065677783,-0.053096503809116034,-1.8665433057610041,6.269282580806933,2.6992164463643054,-1.3855996650252838,3.202332144621912,-5.2363668044823575,0.4603524333065486,-0.5224966462746918,-2.709291953003483,1.590468304630592,2.6697687721211394,2.5204255124300214,-2.64022270810242,-7.563571293902555,0.17291910828640292,-0.31503683676736793,-7.212726709660057,-0.7099569296703342,-8.097980209658434,1.5882122813453672,5.184197123037382,-6.535654976560999,13.687244132474396,-0.51806719561454,-0.5601867969905236,-1.3398817387592636,2.2859006584277766,1.6708433755619687,8.225398353824112,4.087550647501089,1.694398307467411,5.739775566790007,-8.638685125865704,7.010537202706823,6.2380249258883556,-6.273580167121786,-2.092749458275944,-2.1012308574798952,-5.601780298360381
21.546574876135374,-8.41219208788128,8.545997735813762,-3.7937921447318645,-4.900716734246605,1.4772074744254695,-15.152117443625977,18.256758635488925,2.0842994822424656,-17.165274174025658,0.13397826533019822,4.7448076956096745,16.5305660859236,-10.892797512979012,-12.122101729671035,1.5672774493790445,2.350517623163288,0.26056267681681106,-6.52342678196902,0.12375272226457404,-2.148709335618905,-0.3478564807229916,-3.3239617071828835,-8.957354972255835,11.99487049198166,-5.15160356673022,1.4520441666701467,3.27503469713164,6.167336120258927,-1.1357073003923028,4.2586753262847745,10.879939555910468,11.90842693753349,5.792400147705738,-0.32091299361869396,-8.141935734443548,4.363222362377409,-13.816446953607562,-5.833083302780604,2.434775414312333,-4.263253901609801,-7.981283218196335,-5.352732533642163,2.9165346358844886,-1.9845152931835024,-11.561409564056174,3.286861606458374,2.8210326749618604,-3.3141549721302526,1.1401711628905626,3.201309829924048,6.1561855995287385,7.707924269722937,-1.0430358229553214,-0.3674969943233924,5.6755540302124805,0.9187620958010183,-4.77856606509572,-2.4374035320993275,-9.386399406694448,0.40368146014797346,-3.0669949004629404,-0.39169928116403435,3.564479734801093
-10.448141887866663,-7.435580662431343,0.4215059104101303,-3.4393220230325747,3.103415528227287,-6.243855866025549,6.267487797584528,-2.730167828099264,-0.993820328529871,-2.351947941713024,2.268282911053277,-1.666338355200318,-4.844546141676047,1.9763681841530392,1.710990329732085,-1.91662001243917,4.603550513395578,4.4681229676911975,1.2942006838130555,-1.026164026109823,-0.6936395203588549,-3.2978336683296328,-1.0691316529798756,-6.651288552342825,1.7272505779033218,2.2862185461245508,2.8047121953593903,-0.37877512457629886,2.2081125740247916,1.4844094292182624,2.7496692328798207,1.5987809230496486,2.843127307344426,-2.1066262168519736,2.670167625106806,-1.5451556652896383,-3.424707670576416,0.5682054211883123,-2.1291147770496366,-2.776344728641444,-0.3228230279259007,-1.4936805977217587,-0.3205620808493988,3.076851393350271,-5.3584999519028695,-0.9448131704726219,0.7824263707820555,3.336080817000835,2.915894487833458,0.3804159202620918,-0.6006401844922237,-1.8484065953870727,-0.4725949109639192,-2.037760183742864,-3.483057462318919,2.521967117458904,-0.32571667799457343,0.9402594372923107,1.222532486538975,1.4585008137176527,5.647721538999735,-3.2350737664632487,-4.649390502772321,1.4681581334594223
-17.44621145827219,12.967376371865752,10.530186450549019,48.33478528971056,19.561226819405107,1.703136353025457,-8.6767023124718,-3.695658799816908,1.7160555911166795,-0.21647603228155954,0.33333609549483817,-3.9634899549868843,-7.099678068612595,-6.632318817264815,-13.067722932870517,1.066386812143837,2.1969494414118396,-0.9731393762945342,-0.0125262893195278,-2.1346354911880185,0.03978893749496851,0.6718387952684737,0.5285729519433859,1.6098912813088648,-3.857162578074786,0.9526874015990907,-0.5581186476315639,2.88314001753396,-1.728865800573106,-1.4587787959813765,2.681351904593453,-2.5114682960603223,1.9999750873027868,-7.194271245239239,2.925002474768785,5.704956057210694,-1.0851613068245944,2.080202761575975,-7.075141355993187,3.1349285620710154,-3.1888981431404146,-1.5440376753588745,-4.507684887063292,2.3093682248588303,1.430621875702956,-0.35203211692430375,-4.0721329336375405,-0.13895637750305923,-1.668501088721316,3.7659398441759793,-2.187071486795914,-1.070026560112638,3.2036793812852147,-2.9804220884224946,-3.1278592666077722,-2.062107885605432,0.6292390882000382,0.6510653558775289,-5.910285180653553,1.856507962371104,-3.440013037798053,0.7881732645164903,-3.681102447627981,-0.3605443235818025
-19.71953644897518,33.43359924202397,-13.231677909992777,-4.263049053135389,-18.966126757411743,-4.448251594308306,3.8697067786180863,1.4535022018152022,1.4594425273556957,6.276083876000909,-12.073510246968041,9.275095899069335,-4.131887771655393,-10.804624289179197,-6.3438647478500005,8.959883091754763,4.534947518685944,-2.1998087454459783,-3.0631923327655706,-7.943379887010388,-17.32411511181547,-2.262318069679639,1.8994312995327685,-11.580870961846237,5.755170016816592,7.237884396630231,-13.781674798941145,3.8877370993359253,-13.089407474718344,2.796552875098638,-5.723123755513983,1.4507877366437298,-8.67932802051721,-0.4090383978865834,-2.422748259619676,6.9066786715226405,5.7553483341259115,-0.9789000816014228,-3.6332238364605813,-4.448046644006168,-2.596943126611903,10.414724771606544,-0.22921487556114156,7.344545262676231,6.081777812148713,-9.426749466735425,-4.156544852001903,1.117893050870549,-4.930296294458865,2.998375697429247,0.8356643554380231,9.023759701201698,-8.851453878344001,-2.204385735226309,-1.9087305687271843,-2.8761149995733146,-5.556820505873467,1.6360804213967124,6.029131221944555,-5.822583991806058,-0.7392951243673975,-3.798126461906923,-4.589774804715596,-4.010113270869977
-23.43200025906608,28.99405524318606,-14.83843472716809,2.839195123850862,-19.64336514264903,-0.6360440991343387,0.05251542183335805,2.080775688669943,0.7825524532377088,2.0084541615814855,-7.942414316477591,-4.400958398409955,2.717614418915101,-1.1020516029643008,-8.46600805759684,-2.2473267490934,-0.5478284826206813,-4.955825913084151,-3.4094976595977093,1.4752907150850008,1.8861323698169297,-1.7662060784319535,-3.911796754592744,2.814919930021878,-1.0325954505552644,-6.461965800610507,-4.590727177791454,-2.774323863748132,-2.4141531973563968,-5.09723913311196,-2.8797374104495588,1.0583873480598143,3.5837448990249996,0.22725398588807547,-0.35612882758140907,1.1086723901697841,-2.1958724578737234,-6.603885482488809,2.0341246329491827,3.0738604087689287,-1.5251742350838058,-2.940062777375953,-1.563382173935933,-1.8439153066415024,-0.27630894023161284,-1.7853329897832266,-3.8439170185441593,2.4258788069427673,-6.3960244161392765,-2.834182670659058,0.8506213336158142,-2.5782725269429956,-0.5949246214540115,1.904241565632495,-0.8135051320833737,-2.4798251394449013,-2.1795358652049384,0.8821551646789064,-2.3207379288539864,-1.2842246056668372,4.467833419583564,4.174924094756093,0.9620374849980324,0.6269601024832621
-18.94314041222753,-8.895280795412441,-6.006472541762625,-0.768988388004179,5.8246041429303865,-8.19723492680934,-1.1731361913680882,11.208127801573537,-0.6174393180122656,-14.116148063106806,3.30703762111663,-0.4446933908612608,6.405347831904867,-11.33638575738878,6.795559623526316,1.6955711530791147,-0.2556721335850508,-11.941202084244395,-6.2155704976643715,5.935101527464194,-4.760334135270908,0.3781375813673588,-2.3695454059304244,-8.851967616334793,-11.061629363478843,1.7475579534548493,-0.9928966038495842,9.390461397258486,0.005657392328057559,0.5110704065856204,-6.382009102942698,-10.592303534002816,-13.343653058864838,-1.879562080951067,5.363458618583219,11.994405879260258,-14.257337131499026,4.954485877843436,7.233812422364995,-7.930125325151605,0.7949692794518194,-2.5417919225818286,4.087496036463593,-10.208257951707854,8.84744890840482,-0.23990213977459784,-18.31841302461296,1.9424104942192955,11.789205877209186,4.7345428059063,2.4730817733963546,-5.471213269312374,-6.404014535883301,-13.808060309384093,2.9468728964339808,1.104114693791643,1.727626411423755,-3.1507296366715303,1.516361092423967,1.7646240981226555,1.6921849035029557,-3.948507604428655,-0.4981709501973862,-4.022268289261945
-1.3432546625990605,0.27789364313956294,11.751408824832742,-10.531728148687746,-8.875499431112726,-8.515637537350651,7.612669173255949,4.341328344100481,5.706452774544123,-2.9863156569025393,7.1700952723574165,3.8355808869820853,1.6635747697493442,9.025322087568632,-10.83242581996328,2.4538707943882194,-1.6358026148496185,6.876286912789857,-1.2470860754206612,1.5921335648911965,0.21937907671789972,-6.8359031096152965,-8.305206980926924,-1.9315985125849275,4.4233159583865325,-0.2756482319086779,9.504053095322936,-4.464801353675193,-2.6559805196629256,-7.610813288235865,-3.6613948853748384,3.4283867926792033,4.4585140194036255,5.221244725368141,-2.186297784745155,-5.050321374626778,-4.238351147899514,7.079013401750369,2.592494613325505,8.919279516469581,-1.7318292217217055,2.2113440697278492,-4.407344146972932,-1.8335825653009583,-2.5704096480711365,-0.6475358456487912,1.086856740676283,-6.828464375896006,2.9728625336703,11.143565769040508,-2.4581397095900113,-0.09580028838092917,-7.676989869120581,4.374084649850244,-0.15815785397516355,-2.332238756307434,4.934939990133185,-0.13397122911005135,-2.692636620771901,3.3229114450944737,-1.0283652968191441,0.6974119316703595,-0.9334560154082445,-3.012522398750767
3.4195337010847373,27.654991399772733,25.10320807792102,11.831160461480488,-0.6204436992046627,-6.518235381582767,10.147463640083412,0.8560522555279224,-3.680945039507529,-2.009580815824723,-3.1210460902143926,5.788010486697936,8.391608271261369,0.1540029001875726,3.438212484750143,-8.370455667113696,-7.337871925457023,-5.447829768429643,-10.671234368904255,-0.20861429275755833,-1.7006877999792334,-0.9798309099556947,11.837049122426707,5.637813088170868,-3.6297310736860195,2.687731589600009,7.6771053436775585,-13.911775561309058,-10.717523443017889,-3.0504296486159133,6.1517465335944905,1.4423933525559482,-0.524082710849093,-1.462240323236937,2.9863440897677966,-1.3734381909589695,2.3158021823760886,5.980191683131173,-4.406716560171061,14.803137828013183,-4.265793561927446,2.031172574546181,-1.529330112588817,-7.89893583927574,2.0194353370433356,-4.0175622895338705,-1.7095526537321428,4.041257120370169,-6.324371031391523,2.1839546695742107,-2.172469737170689,-0.07528348098414117,1.2410913317590735,-9.378198038445454,4.931328268615547,-5.784862851468393,1.3000229692194878,2.638762388126153,1.867643997541434,-0.48776354967825075,1.5770638525721636,7.063314878311186,5.230068855741452,0.33908600868390987
3.5836822502385584,-6.4701535991890475,11.6204272533501,-9.146322941974075,-1.1821358415177419,-6.438472385958173,3.1739870720974093,-3.501030304632308,0.7239810202989635,7.849744136171315,-9.297788350054338,9.828166438596464,-5.233874275259086,-5.728183985492903,2.966521455931665,8.182860258458886,0.9795669584324982,6.120564929593555,-5.3619872998457625,-3.8149325340057163,-7.618869337036122,-6.420628816962647,-8.31265563737863,0.2783719743913154,3.780971861487452,1.0115261820626127,4.36058567557811,1.8616635570765598,-3.0409002651104373,-6.415145413992745,2.1627386637344506,2.8471527314928573,-1.6777074768713456,1.235936859046309,3.5520714860354023,1.2376512452085981,-0.5216350886476618,2.5357354961321783,-2.8812168506543188,2.859380885203308,3.0278817369235966,-0.6621684803236674,2.9801741702766615,-0.5061053527934106,-0.6876580587769782,3.483631427115303,2.6618279099389697,3.2149328096645378,0.024878624457282207,0.340806640061905,-2.1335046448838275,-6.228174254209247,5.366209315054111,2.7117569317395285,0.5446950847680941,-0.35999742633656345,4.995529103868393,-0.2566730175853167,-3.0492207026244533,-0.9380454977951997,-2.345915530631558,1.7277489580343564,0.15022506502018088,0.7758715008615727
33.50923846017676,15.466740887947752,-9.244946272200632,-19.94959943562123,16.0978760541405,4.651900641292632,-22.392001411597814,-16.16121281743779,-2.5361480675010966,-10.254720257027214,5.0016888412047384,-3.4158081951640735,-6.094263721883945,1.3895879371986737,-3.061183814330291,3.4161938608502207,2.761564884648333,4.423864604338189,-3.659198716870426,5.150409685724367,-3.229248128715791,-0.43599737159558527,2.27018887965792,-6.106505030885352,0.1980856548091751,3.0131206742151053,-0.26792929297026535,1.1069132500695273,0.10149093217849647,1.060282663304656,7.198225146029661,1.412836997097572,-0.7767543678697663,-1.2466446931615827,0.47253919745996203,2.1887204795981003,-1.7245036863664076,5.58490568249722,1.8865726022853142,1.2167086071851756,3.245725227081605,3.2067666233826597,-1.897342713710508,-0.2079317071286996,1.5951677800293704,0.5046791415452309,-0.5912754424831019,-5.235520515082655,-1.6617351380674472,1.0020160937973788,0.6211455494937099,-2.8941940743672774,6.437475476813463,0.7829306952965256,-3.6372067924166407,2.65133845074796,-0.5253745551302267,4.076147625530354,6.27653073343947,-5.555071507176522,-4.636331650955764,-6.467934635469738,-6.560597806988509,0.3153621742137322
-14.85766846814026,27.62343558029822,12.642827448295952,33.12104565461501,-10.319354962935035,-4.39733732209637,4.084451816785215,-9.762386562658453,4.041456429251544,-11.195777081837425,3.4038597046944794,4.672680309950337,6.996123554775536,6.96032143578567,12.051253001819331,3.9814007510462974,-2.631575376355302,0.3911303994888383,-16.52585692861226,7.397665385748099,1.4446161557946662,-0.48053146719947426,10.903419293938185,3.688927763586791,-1.5599251267548262,1.2923976488358746,1.32805243602893,-6.234076922080574,-7.674525799668873,1.2915799151347835,1.5112630748165838,5.0988486577711765,-5.793855977414353,-3.496293144995561,-2.42969836704529,-0.9484200785041146,3.8145878213566395,-4.156932002566971,8.675461233354582,-3.0749275913889607,-0.4518352097839454,-4.3585080712948425,-0.19818773443683305,1.5118998548381473,-3.034076523271041,-4.481815208126871,1.3720227485959844,-0.9703652137118991,3.2078507023017426,0.8009697580263174,-0.2993205578206212,1.3189531097337113,0.3461970058292762,-1.6091908314813896,-8.139796183581055,-0.5798625597421883,6.775620187467817,5.494658745519175,3.0094557015224335,-0.036327414236534905,-3.253133671535698,-6.461018997945663,2.6990545161857433,2.426327090710602
-16.80366685340558,-11.041662604548923,-7.950191931443369,-1.9015135319461134,4.841329637875337,-1.9712878153301385,-0.1923926858275405,-0.3196421107778376,-0.25432509158490707,4.8007306789795035,-3.5079418558012616,3.3662416272777924,-0.5410775000440439,0.7233169749690533,-4.549771096838324,2.287835550027575,-0.6843093693993026,-2.2545495258714388,-2.43281303586662,-2.222309891414289,0.05381762920926944,3.084028814391908,-2.2097937761816633,-12.510903887715877,4.133111489541684,2.2107427804977546,-7.629465558415381,-15.250375840457966,-7.615811182262921,6.694449438247524,0.054220846570512786,-13.523721233065812,15.100883998213753,-9.550934093155218,-35.17116725630683,6.6037086428348175,10.361345031777626,-0.24486708157229328,11.406592766892839,1.9929992556616984,-4.727541773259076,-9.158854649196243,-5.338593912940086,-11.335646682899451,6.39310362524383,6.871379940230682,9.662188884358903,2.908518502481546,6.035512670997228,-2.975156741537506,-9.474976325917563,-4.407581711946796,-0.3139934483645299,-4.433678531963934,4.424331586584382,3.9788766421862825,6.954022119201966,-6.8349085342657645,0.8517946389915279,5.626823945788583,-3.7752024297210367,3.0111821634321707,1.626525094240971,-0.7143507234218277
-17.823048660998882,-6.129696627534721,-4.819320364761037,11.304834969843588,2.651291600765418,2.3437926640252353,-15.803638499835401,-2.66004282161196,-11.476584648270485,-4.8086692483597915,-7.767739467801518,-0.7516911471264848,-14.802975588569211,4.416862118291296,-4.891355385053076,-14.164167022211101,-5.599627656026347,6.804202494529893,10.746405254218672,-12.123677432283705,-0.8964379051075899,13.548385950318659,-12.40766509644308,1.6694731704329873,-7.120168300644245,6.284819172641864,2.1563554988271005,-1.828936818342155,2.5289415187492885,-2.3135053438262165,-7.7806549016602355,-9.508150408877045,-6.300368352303576,4.602896899827486,2.791527717122998,-3.9159786756908557,13.333193394829646,7.95606617911227,-7.18626987997205,8.259804332954763,3.0395444576669606,5.074075468894913,-10.684292635752495,-6.315996208756754,-3.5006986689208643,-11.575691637857476,6.888815174881533,-1.6426755679251344,-10.922687794075635,3.816066678342372,1.378070577510289,-6.58084766528879,-4.101967166700257,-2.128177831512132,-5.99033074558854,4.43803085727825,4.80154398698467,-5.862497640365887,-9.294771394569032,6.04956520627084,-2.270385466334295,-10.197619834346836,0.13258804430608367,7.63324507543318
44.66162085139393,-10.261518060728656,-21.66628460889591,12.28600859444767,-11.41342734005561,-5.59310633182637,12.245381066381425,5.604271057203253,0.09297338607079358,1.6370961308569096,5.32591453779796,6.17528781883195,-7.138888802373512,-1.0571003941431263,1.6721961282682771,-5.933921557329194,-3.0396760477647855,-8.584761779231437,4.8197252937892054,-8.069059288738243,1.812905950782983,0.7539344933468203,-1.8494912777243715,4.310258255782067,-1.2432822864369197,4.283601956160967,8.25242150432545,4.23492160807443,0.5013141947245936,2.365531490260133,2.1060625712373673,-1.4656367206923802,-4.815630005815117,-1.5358658560904122,-1.225773264232582,7.010996617854437,0.7773618735894557,-2.0209552053146638,-3.791421330424157,0.9249502485223586,-2.599239900527908,-6.558537448054498,-1.2097357604638104,2.5175087605186643,2.3229525577064787,3.736301731721685,-3.859300803473986,-3.5047610645333553,3.701756835794081,3.9125582084587722,4.99791149198679,-2.0077086555721797,5.639542178725601,5.244775724205392,0.5845535943919222,2.750133069149711,-2.264115990767502,2.515508274151681,3.397557377628527,-2.0842928776800806,0.7978716389332828,5.442670070212425,-5.8105647677335455,-0.18170574023679512
-16.265707871476355,14.343637074881157,-0.8379048824428931,-0.9745255053389781,-15.984811881189614,-9.168148817954428,12.924808750403647,1.1807531900193022,0.9460920261350311,-0.5075920538712743,3.066613284731597,-4.407658703784012,-5.199449256225805,-1.1707897993908445,-3.8460925891608175,6.50602581006176,1.894292074204827,6.581073725611863,-3.8362112534330755,5.363257557666343,3.493811276341602,-4.053141886998829,-0.7614744676935273,0.8040753196380646,-0.352595189219927,4.176046538316522,-5.738471915694061,-0.9718095530484924,2.842587371544279,-2.468373176754142,-0.20647780012778472,2.6939431266466256,-6.423589793721706,0.15989475438229986,1.1186467072696775,-6.707981324238925,2.908733609443296,3.8259670587756367,-0.5553932226361943,-7.551259620592526,5.782916266611558,4.811181939562232,1.5060982367371603,-15.844716578403997,3.6955365063267793,-3.918740264178008,13.589696932841203,-0.908119054560968,-1.5462333296395008,-3.770473156432772,14.7803190694817,7.2672276239471945,4.108512349374462,2.564463584073482,5.222625662337686,6.328615383016321,5.46031435258186,-1.5887022685225898,-7.928371547409304,6.353084637824032,0.28138614525043887,-0.21012824106848402,1.8526738150258226,4.353131476515397
33.19572468060767,-5.496172775659745,-3.6276393530823725,5.322426464528776,-6.073930785906957,20.62869232055329,5.65110720120425,-2.478753612742861,7.012376416471273,-3.6778247978918177,-8.028992286907656,-3.2924535367492838,2.253513225139769,-1.5250625657910803,-2.940901984284382,-1.8590228257653905,-1.9733242731317453,-1.7392058665275343,2.250765367943337,3.444105468007861,-6.065055706437558,-1.884706290111894,10.774663549549325,-9.377028762558963,0.42904980142680915,1.7818837478348395,-1.902474322704214,3.1590312552933404,5.970770179068693,-2.7149861874801062,1.006165394558812,-3.420486045675457,-0.7715691810185885,-0.9602766977320695,3.243790626248349,-3.8851511988845653,-5.232193696523711,4.4086674781681525,5.605300648625034,-6.974309291169716,1.978158558632667,-2.9579914116605646,7.081050988951293,-2.3727200630960112,4.794725148884397,-1.970243747020273,4.090662637154255,-8.824377120602078,-9.40566719663604,11.500420110238698,-12.576641418641936,-3.554679975588653,13.038339219339997,5.715008932610231,-18.537083174045762,7.6274079097955685,-0.07145829608919564,-0.58937955356433,3.495990230627772,13.148005012557626,-1.139720301430861,3.527941649571392,8.46349167487245,0.3867557337705937
-22.190465624382725,8.990131993580068,-8.678569872905502,4.895201088427007,-19.55658909489341,-6.873441545893882,-2.4510502463704666,9.74594162214151,-8.554407287511868,-3.5881400997033697,-7.138458126018759,-11.892468041093503,-12.207726329863712,5.86171857085473,4.592979766585149,25.781741726877588,8.659939586833111,-4.226874300622524,11.214192292200147,12.86199648648449,-5.45874001406924,-15.013661037158109,8.850068493912724,4.589418520393225,-6.81930310739264,0.3029703267943709,12.983746222033943,-1.8262469366793894,8.958526519096905,2.705326162237109,1.237397777090098,3.3462504130024997,-8.138387442375178,1.4198078788811295,-8.69317808815259,-2.5929865733795707,-10.070428157933245,-1.1810264027542212,-4.405104318112719,6.575940081422354,-6.79522307770457,-5.893569376358521,-3.7753172906847503,15.492512913541454,9.482216271433225,-6.60130790701811,14.301174649637385,4.010865866833198,-1.8858520067527014,0.3897224771254044,-3.5495218374649844,2.449732901397637,-4.485365632710379,3.2108088522925664,8.275081656784344,0.006946057799041053,11.185791215013257,-0.4486584695934543,-0.6684029812364358,4.858492347708823,-3.134606561640965,3.732767198998433,-0.90091366173681,1.6120419643279906
-14.22571752518156,9.582798861571575,-1.7056350371266729,12.11162663495046,-16.3361763779465,-5.752679153275567,5.956926092003054,-20.905143306990812,5.126585991966947,-13.779500947736793,-2.997026493977665,-4.52764796310298,26.59074307244196,11.525345167442337,17.47147534263439,7.6471931392440196,0.6341585374005414,15.212731669440595,7.266036200673659,-6.009919131163193,-4.665627020088269,-0.12794153870184372,-2.5424977527591865,-8.398164337239816,0.2140925676074628,4.4425619829490035,10.867037606462082,5.078365552236991,2.8417725157794402,4.4993248750711095,0.9597903949110591,2.2077564957644604,-6.086165298567937,-0.9849711927833869,-0.03361400125629229,-0.33231731669460207,4.243781248359405,5.9297622805582515,7.2260742606254285,-2.7207254397634637,4.479108451823825,1.677053423106091,-6.006834572348839,5.240470103234188,0.7082231819806308,2.0425239848339114,3.280599295879739,-5.269983313102132,7.192046410727465,0.4187237021013979,1.1492176899665671,1.8527995130067085,-3.635755600145572,-3.253885948424544,4.847325387797206,-1.176403417530249,-9.206515092396685,1.8260031100753902,-6.987742580214215,-3.03164009573533,1.8732028224228527,4.845079672546146,-2.8472737256248015,-3.2602848541190674
1.485250251699707,-2.8829964498571066,14.402413439942926,-7.442882321359616,-8.24816728575468,-5.0353166972795,-2.185187400324161,3.4107373816038913,10.546366298217883,8.274990110653048,6.369904321664834,-13.057749440315028,-3.1664056189505256,-1.7586764415354808,14.872705145468078,-2.4953663736542424,-2.1314521233048715,-2.9776509396191675,-5.956420150368854,-3.788971413522304,-1.572535763272626,-7.4550754762731115,-7.4270306590546085,8.116752458709128,3.431864205032036,-1.633336902351904,-6.167572708884447,-6.212173972266311,2.3306113680343703,-10.216356722980475,-0.2766831999516784,-0.11536408683748281,1.4982287775228516,-1.0784627451981004,1.3448740060672268,-2.222067280930283,7.252240022177144,1.4531848931580196,-3.4944110637486063,-2.8108710145271205,-5.073414711993554,-5.0824215766895495,0.9685991229801449,-6.944095811381963,11.46255726899308,3.032021235386445,2.773292668004731,-7.8895488930970465,-3.3831880706205855,0.6806450236444236,12.439183649935492,6.71967286701368,8.064643726666405,7.852261365837977,-7.667760064112261,2.145302035068424,-5.593196614530395,-1.4180996841928846,-4.480301520529118,-11.028106044884208,-2.9908490237772294,-1.1104339937162435,1.503314288763048,-0.05464156096233653
2.7743252717045075,-7.792848978207682,13.295869214811855,-8.70850051691791,0.0994351326335828,-2.2621205706767733,4.268762621536155,0.8343219756535323,1.463990891407564,-1.967993459110062,0.03268957817760452,2.16875808775619,2.0093087281728756,-4.906787341522138,2.0082836553596195,0.43204114835386986,1.1915680905834445,0.9488313449392909,-2.0776677576717253,0.42427705902785495,3.6487719771412435,-0.14494840215309981,-10.471583436480348,12.788976750140591,-3.65711290029331,1.0503998207857854,-14.925079290392953,-3.082542705118567,6.939084200366792,-8.337515968540043,-4.39582869610821,-6.498423150550056,-9.46099440129533,-7.365137622884777,3.8844692801864333,-12.722811118737543,1.862743007350043,-5.168183150496231,1.6903579260112576,6.8993839507134735,-0.6706452634906267,3.0036080242646532,-15.294963382889105,4.706722096925013,6.38437956615284,5.128267658028875,4.993228484462914,3.9309014151550685,3.617255731221131,0.013110549949538286,4.837584504815642,5.4226332441991865,2.02024833990809,3.908069970720011,-14.830721083358343,8.936243940833895,-2.502588565385046,-10.289523256378311,-2.7907838392336037,-5.536757318888137,-0.6811319023216067,12.324041167505598,0.22426993729069206,3.823203207580387
20.730004196183124,-7.292966654610281,9.815154416565443,-3.3240482752518363,-12.087226896552275,-0.38967255807238405,-18.381133600078833,14.458159954472874,-13.5154504465075,-1.1380585472196731,-17.117349313134103,-9.380433218674984,-7.7082130353111085,11.379482211564973,4.298539978836,5.521798005158818,-5.906255711993999,12.789917056421396,2.493254733422882,1.183145289931112,1.51116134384424,8.615929423612194,3.0917573393827533,4.27366885358698,-10.706941891209839,-4.477107847190029,2.126421394105454,4.194627228652669,-4.579091539391324,6.29891059862559,-0.7962206147079771,-4.596531864229252,-5.09025969850989,0.6574662037274254,-3.66327006676784,4.519883986574398,1.6727775802193643,1.075205349079922,-3.6290718077227733,-2.758505573394775,-2.3305557407522817,-5.144689246407208,0.7497483326746043,7.304584399256282,-5.073313182489156,-1.9176352298057175,2.9622610080481317,-5.966178707461883,4.030406161435655,-2.9647898445547263,-4.992031379099896,6.089278859714912,-4.613233670569228,3.2223913870811915,5.308750471465593,4.144935239423828,8.732700003874465,-8.630835845693346,-9.29396580882183,-3.162638704443633,10.01095516816631,-3.617822473422911,5.019009312978406,10.720260255110418
-1.6324502009012014,9.552495694467718,29.52178197669057,36.40835564726223,15.994021958351407,1.965078491073517,-5.682644548160019,-3.5175010737774337,3.2938546124491106,-4.012103573637843,6.979844034076535,8.99913559728823,-14.072513869927473,-3.693447876326285,-2.612741577869418,-2.4038947978902137,1.0672880593880283,-3.6892548763058666,-0.8933442122194761,-0.06891450305143723,0.8106606034788284,-0.7646120632868584,3.854273728492908,0.11462379418808402,0.9192668318070527,1.3141346297680432,-6.487343121829719,-0.6073278963572141,0.13922413460809419,-0.5507343715962074,-3.61739706441948,-5.197069839648901,3.5945101365970342,-3.063751038519246,-1.6883228550219496,2.445600487664251,-2.2697341971517297,-2.0940428467395567,-6.159834420027876,2.8307639634656896,-1.910215921506492,-0.3422271069336803,-1.1412160863543288,1.5069465899923875,-2.262258324361708,-4.339820702809655,-3.9288009986328243,3.1552595877214977,-0.5274758480685525,-2.9945133166391757,-1.9280888056470429,-11.207205542919251,-1.5308637330942476,10.863990844049926,5.384926794021869,1.9000828620878878,-14.644425641087002,10.095502770203419,-6.000139949487322,-1.3562014157327884,7.561703749347347,2.288442428020273,3.1432838009010777,-1.7096903348842005
-15.794180911308437,-11.631065972845038,-3.890151941252208,-2.1240801653287416,8.527934342389903,-7.008065914105693,5.576787915109379,2.8124403005199694,-4.160073023642187,-9.40826657201004,4.090825084083343,1.0343270016542025,-0.38985986646352716,-0.7424295723654759,3.2805220958995283,-8.910032098352437,2.808897820327648,3.8370740850031555,-1.9852068867012986,0.7206354802503656,-4.107361784366501,-7.128510831313292,9.713390666569289,-1.1566463626291834,-1.4281928493507612,-5.134164171100696,-7.659361766203604,15.267818087446848,5.757658094227855,1.6121229604468037,0.39553935212441926,1.5985270600076609,-6.41575034574843,1.671314785715135,1.4441165259540345,10.520637997196536,5.12263270404646,9.889795867480625,8.384308127594641,0.5665890676102951,-3.402934489603572,5.597636605551367,0.1483214669701558,-5.966086926751021,-2.5265104997899903,-3.490264708698534,-2.5314549171341603,3.940054750199421,-6.311413289919699,-1.7463240777527724,1.1400295071231814,0.21349905397307217,-1.1053426096098367,4.80473552388163,1.468092069229919,-7.438203419448832,2.2971431527376214,-0.3616721005487426,1.9160969126305412,4.278906961387233,-2.170061238960765,1.4483561314653874,2.0423141829941214,1.514670505148175
26.380691402330307,-1.5422860186826495,3.264691087647858,-2.5856868964419624,-5.403281773111777,2.3722560208304624,-17.57054555024521,9.299801197044616,-7.075629344881793,-11.46186999777439,-12.64584913864624,-0.5420293488597164,0.4590177130567548,3.263681612039996,-1.1736373748754008,6.697071207629754,12.692517533413811,-13.559207803726416,17.807503080505427,0.4477934754399443,-6.905508983929422,-17.340839981352985,13.71788081248712,0.1891218568392197,7.725075452581231,-10.836408919791548,-4.075693959471219,-10.456020791292012,2.9596562826373196,6.031355186226724,5.854596168851003,4.997265667353065,-5.519250880778031,-1.8787556866424096,-1.792414194926536,-11.772715881987933,9.49856172302898,-14.04264912519259,-0.26306801289825854,-5.0290390449170586,5.76525391145403,7.25603985783894,1.4450348237409314,-4.703249853453936,-8.145281392368272,16.74862802917859,-10.684874151877542,-1.8030767614071388,-5.827882607944143,-0.4065169510352091,3.9044319882342555,-6.481008881611595,-4.917817624461491,-9.786269340614798,-2.588810952796978,-1.1069625813931554,-2.035082009769453,0.2519589780626987,-0.4333095116630969,6.313775999848607,4.426219858677756,-3.890982799449306,-4.672347598278932,0.27652062933508853
45.33610965658991,-2.0491118844214555,-22.836417828518915,6.720087612977517,2.895528458679983,-1.6774572684998172,1.5833426801040427,-4.775553772184241,3.7274164827587013,-5.8729406752798345,8.526300192141855,1.6766096555897907,-5.027360686228129,3.4335575290870297,4.965304224924596,4.654129244969486,-0.29681962975099074,4.54743613446181,-6.802310724842233,5.449392558504184,1.4133936227089259,1.171406655826869,-0.8685883950055643,0.650432566730546,-2.2076644420103255,-0.5953364424520885,5.551663115981074,-4.830324688831969,-5.029611410830747,-4.093385776088512,2.3446642881248208,2.4987688702377078,-2.058740979399756,-2.23371373647638,3.312078944669847,2.1017769212789807,-0.8236641842535797,5.211132768047278,-10.563323299138343,5.141159388698572,-2.494896734877286,-5.058111582781309,-4.053047575463564,-9.841893723627843,2.9209761128676086,1.9908495330198572,-7.8839778481590645,16.47364109896074,-10.247951274122624,-1.4748040405664478,-4.461266115118094,3.2670575791028025,-1.2880169000703687,4.171454384779222,5.174611326230344,4.913992773463228,1.2453277787192276,-6.338595907896026,4.775131155673019,4.732946079489058,-3.2682778828003016,-2.0659172169703357,-1.4323614327630037,-3.0400035631904583
25.332388448122558,-6.814253281107874,3.1732743539436727,-2.826004949049058,-4.551553338703582,-1.2606628687756014,-5.233562129725,-3.864884037347755,-3.3639154479953297,3.4613056762589984,-10.950828163139265,-2.9395099720605224,2.183173082366253,-8.280785148571582,-7.315380803176446,3.8541331350299104,2.3085887532342464,1.8359001057179485,0.3750598282968211,-0.2161562196696612,-3.4581677242003552,-0.6847213724760918,3.974373187432532,-6.310236473927859,0.43045964318379615,-0.3912599928099827,-2.5267396902906345,-6.62893379956506,0.3610930797013426,-0.0055345075520764125,-2.992298735603014,-4.187318483998392,-3.431238693846253,0.7157946320190236,-3.1035603436850403,6.233738496856243,0.6185019623213951,0.11231404134086237,2.5906502209797537,-5.978709267983545,-5.0027240910087425,8.103330281832406,-8.153323394712913,2.935298201413939,6.823494869049827,-11.743806664918772,-6.973621980925964,-4.528317262556723,0.8043474651321061,3.2303118055528905,3.8353824002157255,14.372833242744377,-13.33981307874897,-1.6789702253098753,-7.957029847427607,-0.033644758058891534,-0.5109603219272372,7.564638910281709,2.7985549978993816,-4.913299049687157,-1.2364466496549869,-5.64426655478921,-2.7602299118330293,-9.470883246998017
-4.241986126802747,-9.639595642629782,12.745065809103293,-10.24454604890398,-3.7559893025149536,43.16975751338821,18.217126192163665,-0.7511197164624571,17.311386288111915,-11.983909558476938,-3.6732824902783445,-4.66294206621876,-8.308853052011616,-8.514723911681031,2.3861531336438806,-3.3415710759531674,-19.151031670734362,8.599423507134558,13.488640057661977,4.462332842707126,-11.210790401187065,-1.9166879687074754,3.4527617018911085,-5.150275582182117,-0.43901164439699863,-0.12139093730733001,9.814670475278788,3.1230658606579933,-2.752209707497014,-9.134199092567908,1.322341879875189,3.5814882163793276,-3.6560591030641674,-10.594524140162983,-4.153167786405002,2.9404851682977164,-1.317893383020743,0.6943811107334465,1.113573585071957,1.168661158105891,0.9054355042390743,-1.749135348718239,-1.314193437343076,1.24946919466468,-1.6178602684184904,3.1828945456788635,0.6532677217701817,-1.506714410665394,-4.462197695407383,-4.895135634282197,3.000174768853081,-3.25353339586535,-4.755472073392361,0.06833102134318579,2.864584160442595,-1.0773523971308072,-0.43519046488488267,0.9481553208275216,4.021344761877196,-1.3151543110677453,-1.2471994129805006,1.294898569994741,-2.2692634259210314,-3.1060941900235908
-1.8452398967476558,-8.101278283879317,11.081136971470746,-7.798518055090845,-2.759030736776936,16.491603687354946,-5.4509768736114514,19.849997445211294,10.406610855082333,-16.424965983161457,10.844534300907966,15.624515078670132,10.976476890600047,-6.59576047449335,-6.508905297159693,1.532551192480942,-8.584830482527398,0.2677458346974284,-5.09667208283265,-1.7299288664967212,4.509694788531716,-5.379915317239486,-3.928321820018159,-14.345513136574384,14.957484641007943,-4.76846505972049,3.4166053855857568,5.347188096091045,0.5361773971037257,0.09694935695445811,1.5330457714003198,10.388214783237501,12.148686346092196,2.1700702188450234,1.7929531967902312,-9.999449790601057,-3.082104963333906,3.7005245805989264,-8.65517267155864,4.369335126175599,-5.221622046353083,-3.4351939405376286,-13.364614239357007,8.027716520743722,1.793823801303333,-4.058098052253656,5.618606545851869,-10.608046332315693,4.491549171117163,-13.945485328393671,1.5077730355436643,1.217791869904354,-3.0289612333776597,-6.210629602441268,-2.0086921451141437,2.219371928579086,6.869278130490244,-1.302240461599119,-13.87466968574963,-0.6091973411190433,-6.2947426518186935,8.44739137299095,-1.50577343289634,4.813921630092248
40.80737036411154,4.65383212683537,-15.079530713603482,2.568636969733011,7.417792474121325,1.641318742183748,-6.560885010050593,-11.320057267202012,4.533339651728992,-8.07532245040435,3.000138422086423,0.7657643119168598,5.693583839846518,7.6412226590228585,10.125177944887364,7.876043269429925,-2.0752662082859668,5.628162152164451,-10.435389751278118,8.262146074036632,0.6468741203840773,1.643743123722428,8.059862117111402,0.967736841307336,-0.33152317133962417,-0.15962063446894323,2.660795266200917,-7.720666636532806,-0.4837770341804435,-2.25694970760008,-7.009332987815989,-1.5686016361210222,2.562964445090801,-3.2385357970399316,3.947086030343499,-3.8950664574456466,-0.5832102375729733,7.012695606662892,-12.879559872043995,9.398979525566803,-0.8421065437141838,-3.313601730427458,1.1594220638987949,-12.892356757751843,3.0984852994547247,4.238220990877041,-7.981989907154918,18.827496888200344,-9.90261022805053,-2.8591032520945587,-1.1472101673100754,2.485380646187427,-3.9068221957593456,9.265188372004188,-0.1322344908537546,0.24183198012241788,3.2964516367858145,-11.591425203981109,6.7533996842042345,1.7205948922861636,-2.7447016852483466,-3.507309868696924,2.2390018475947664,-3.076945024150441
3.6066005812755124,-7.661263393318071,11.836395741784694,-7.640945430127348,2.789617993467835,-7.51079082382924,8.523102202272158,-3.936907823921354,-3.211719623078022,-2.2659926244415156,-0.6338240635626845,-2.110272558010998,-1.2061431793060717,0.18713560282626907,0.8377733433103951,-4.608323253620559,-1.6286615747683402,1.9877879167033898,-4.401655140439199,4.333966199270468,-0.8477737004505375,-5.948072233562339,-2.5497923279385826,9.47714084759105,0.03957911691157063,-4.257261328078817,-8.1544155898343,6.697792021120711,-1.6903616682941351,0.3320527238654461,-3.5098050642021583,2.896760646658627,0.37664437941457357,1.021859522913774,-3.190917783113569,-8.095970697259053,0.4322617373668549,1.8589875743018744,-1.4468716427174766,-8.64212824389733,3.662823581226991,10.10006680238611,2.8791370242312824,-7.348885014399694,9.275416910324957,-1.7345758724680918,-2.762056048327726,-0.7900950674417564,-4.315674843421203,-0.3995066291810458,11.091378659901482,8.75259974323587,8.908055772403822,10.843326070819748,4.8722771735064665,-0.3720897683634678,2.340859435093786,0.2730247033168613,0.5220961572439294,3.990774528989814,-2.0881108425103703,10.405307092678141,3.201437392522113,10.74499939940429
-19.266594663402596,-11.696967624935871,-9.621515417505057,-1.3578020360255563,8.686946864726401,-6.300041001172781,3.8580135364091923,-5.548245769614496,-2.0759931626811494,3.003012477977876,-6.599694934467115,4.999712721487354,-1.6953667088181847,-2.4607377952252283,-3.051595095434203,-2.0072316635515137,-2.274523457718521,3.9447016144155085,-4.716225888036633,-2.282104312931771,-4.688768475638368,0.5224610126582263,3.61031980420991,2.2833361442572584,3.4675196429478006,-1.6396977698623572,2.8092656725746967,-1.3814847596266633,-3.2165813116639175,0.6009743414871265,0.30056575315137063,2.2345641366761146,1.4538161088482555,4.016068118330981,4.431879207708527,-5.778035521509199,-1.1348391441396257,-2.7961718952307324,-1.6911974229573095,-4.935085976744325,4.378014884579409,-1.2246983570351904,0.5195351275158622,1.9173168481005147,-7.736907760604916,7.0204478721498385,2.481792231209482,0.004617770488526626,-2.519312392162155,1.8431928937717528,-6.947659825507426,-0.5206650957322349,-2.6105362173528834,-1.3740911022407614,0.28226404100337726,-2.123276866836342,-1.1718673854780142,5.582603885293428,-8.660742452467133,-3.018854270412889,-4.240334144210229,-6.290961105159331,3.896083981883231,-1.0617665292466048
3.779866331423176,6.363676068426308,13.231066562299361,9.533751783146338,-11.412395930522402,-4.543612010931327,-2.531000102673341,-24.668975583613243,4.059693201624965,-14.519770730934573,-1.1068579018512823,7.288266052173718,29.804631577807715,16.70764333876136,25.587032721235484,2.2639180101072975,-6.752311640098865,4.781046498505874,2.2898250250985273,-6.531142367386414,-3.718720319736223,1.2086437747662162,-2.4599190566167213,2.4475486181715214,5.720272911711858,-1.3103736612993973,8.055758422109351,-1.9861030759174936,0.9738557460468883,2.755636936274107,-8.841862480723309,2.347549602293798,0.4160899696260519,-0.2293056427577624,-3.3857066602216292,-0.45525440697423447,3.0219125098164676,4.468322943118561,3.733739211243525,2.9874966920194854,3.0949339237334534,4.027009685280655,-1.5460861858706645,1.054868568788405,4.899557149080611,-0.5410214998740233,1.2304081528030035,-0.11959220586831566,-2.5918066086103586,-2.176801323922579,0.8095274933320253,-1.517912554113094,-0.2849566064976542,-1.3922646468546087,-1.7924358228484327,-1.2053521434036656,-1.937180340343203,4.200085851348495,0.48912557433200166,-6.005289691898332,-0.29338610644313273,-1.0975863122260543,-3.13282523153081,2.659161903782696
11.540235801663371,-9.041141015750386,13.941424377425957,-8.029459617805482,-3.53564046260874,-4.619586783090345,-3.0104739287636444,6.6272500216215064,-9.279434727269328,0.2995509517950744,-6.640896643973155,-6.728824070542188,-2.60683649530691,0.5956721230577412,4.457729834546479,7.685003200175142,6.226963853847788,-0.3148909101861292,6.978564344471076,9.432463379757406,-4.599803973280797,-4.94102803791925,-1.5223879902969373,21.824015269013405,-8.3759478594462,-9.97602829375185,8.362055877178381,16.879942139519073,-22.118434766340876,18.317831915692768,9.512651402260058,0.862566966188718,15.94607751801887,-0.2823941473561183,-0.9648017533474085,-4.81657753344144,-1.7180452334829253,11.959267099160623,8.18969382183084,8.125905954974675,0.5877641789482896,-0.16687178034507866,-8.088583390608344,9.117397850966979,7.453849994929133,-4.024361690249469,4.005051454771589,3.447878526610587,-3.74735228069886,4.327784684880269,6.440155078282622,-8.899286493115659,-3.9318491626788363,9.77820475206569,-3.199340081358067,3.6934434789655053,-9.121170583255703,-0.36168390983583437,-4.554190953376465,0.3487483670428167,-13.764169299896706,1.5960233054849413,1.5564081836427444,-10.663857913605167
-17.23680848121186,-9.359900032265022,-9.896480005821555,1.6476038433971905,7.931671711881275,-3.0726180999043358,1.3356125367961218,-4.344415095024959,-2.0201040772969168,0.09162062044858281,-2.156520100638673,-3.0032200472603297,2.2628018324300294,-0.6093657048874188,-3.490365151134131,-6.767682700338512,-0.5730037139390448,0.4784331438720028,-1.0270275607303574,-2.4702584067827025,0.7931407140816166,-0.5920499023631571,0.8121522999460905,-0.11009938984407519,1.0847121949170109,-0.5726904449801943,7.331222700925919,-7.487675383894638,-6.0705454565893335,-2.461633552174721,4.5141242561766255,0.5530020061618954,2.284713790161519,4.862026251454284,-1.7794632409819011,-1.8242560343851137,-2.438750181259236,1.0650091771030192,2.6670047998131796,-2.56947316679028,-3.0164263758975682,-1.4141027266893964,-0.8213550462776079,2.0970893433672204,-3.2142179534878963,1.1907155820800317,3.5846894375669147,0.8651995930637278,0.43374445549555385,1.4598584179012617,0.6839874988419454,-0.7635316288779802,-1.9915106726209735,2.535778413951894,-2.2606225561459055,2.212494322213892,-0.3353648001526068,-2.273382383390104,1.1973028780565893,-3.0467991098239735,0.6055027721168561,-2.7397549129318275,-0.4521782320049905,-1.5199595551089038
-13.98789837800735,-4.262501099604308,-9.609097138734551,7.884564507147075,3.775517408583229,-1.8078076910598693,-1.7299738808219935,-11.24019140283162,-1.3357694304499663,-3.338291692908948,-3.3724743146873952,-0.7150077998327822,11.339295040215687,5.997985828739224,3.7079807141673125,-5.291940161561013,2.9138061893413245,-2.5427798437485922,12.567490906924688,-8.582353903190675,-2.2774236480491137,6.535023239825044,-10.181785806127937,-1.373532024101203,1.5369996285653218,3.2531045215775443,-3.6240554222412857,1.8001369324845813,3.0039875687397393,-5.253122685110336,19.67264689432264,-0.5266950270839659,-2.8361022370452362,4.212070171611183,-5.727695598024919,-1.9601828611087497,1.3484816991907038,6.9684041199310744,-0.05482886991905452,4.716227961704204,-4.815748803625852,7.02808794383089,0.8370914487260478,-0.4585081301053403,-3.2901066450353444,-12.884782108893198,-7.3031439941463345,-5.744805640169142,-7.797602197691579,-2.132199584718695,-3.279400127033679,1.3920589224140383,-0.04185849263520141,-1.349880379406206,12.350994678272006,-1.1764054704190317,2.3625268035763547,-11.264664624179632,-5.295855912093667,1.0675994443768981,-3.8409852652292313,12.515597210822868,-8.084550352281225,-11.489227113192008
-15.73148900409786,-12.512746375189536,-1.893436701975283,-5.663580434363432,1.3031117364013403,33.09730684220476,12.654836772945846,0.22751441672689232,5.170568464395666,-1.399482671814086,0.38973105795291385,-3.010266720685257,-3.374264985807298,-2.3619769701045104,6.313326859265838,-0.7855841638533769,-7.289546551199766,5.5358466849279315,6.382067448823445,-2.4267190409875057,-8.487017567223338,3.395670656131521,10.700103759769263,-2.338725399962312,-11.393536672620606,4.95707138451016,1.6867037589633813,-0.23203950406166554,1.821998367428331,-5.276778168971625,3.3677655848691384,8.94965325572888,1.640295067969701,-4.457723118173376,-3.5248603742499225,2.042899609874898,10.1144077745647,-12.473307160432416,-1.348553437240867,7.728345069949524,17.559888158872706,0.44098253481811933,0.06505332740274077,-3.1189865737782445,4.285371567221128,-4.4876590072006275,-4.0150760736599915,-2.31305546545305,-0.8008792258862968,10.420304832692759,2.252513926012571,1.6105911798688346,-2.8550796465749135,1.8962863126085798,8.348015551060955,1.717950294157716,-1.4243780973801563,0.8191066240873904,7.844303194755695,3.0583154251679243,-1.4125420415050312,-7.046016904380432,4.6664627881538765,-1.4059207762396748
-18.391972970411626,-11.184912823776317,-9.596111543286147,-1.5965383011825347,7.553442789817763,-4.9779808046434155,3.145130944662976,-2.4999199174207765,-2.9785990282574617,1.6663823337270074,-2.462264336616067,-0.6396176030698896,0.15024001743794432,-0.9574147698848225,-2.207622200665428,-4.974059849651389,-0.823454308917082,0.053251699583751026,-2.4150195929983203,0.3357778064202271,-2.1223855964679137,-0.5072472752531766,0.675580963807251,-4.735745249488689,0.7134922769219675,-0.5370889889835981,4.101542672410371,-8.125603103758198,-5.360946509289813,-1.1294720933139146,1.709152239130473,-0.8543356789593889,4.292145796995018,-4.140661618753575,-9.642481358363376,-0.7624997681672979,1.2709743530464397,1.3448314453598023,2.5510551819149,-3.40578554605473,-3.3035843326338634,-0.7371821475466052,-4.100167038581095,0.2139905837965085,-1.91233391677833,1.1254130918900027,4.245489647865384,-0.4080684017052774,2.515950047207974,-1.617380726657666,0.5335649416548921,-2.5906178607238504,3.4829894498312286,0.7683366846605358,1.4394557416678155,2.3293833781307924,1.0127903298477432,-5.5599408635777126,2.192851203523058,4.440839206293918,1.3538986923314253,2.7339485108850776,8.323760775334922,-1.8384042448183084
-11.46769845222702,41.31470890992918,3.740730722919498,6.530333658344492,-8.26074958211722,0.9770269253601352,10.90974824182457,2.9633019823005964,1.8537097566800218,-3.4134862719281425,-2.9799615884654194,3.6958530466646398,5.192028831085921,0.5975864389101244,1.1022259125540754,-6.241690660511813,0.2890010698513112,-8.744803044195493,1.1145993832910486,-4.141938295370014,-0.997164899361901,-0.4988722541843964,9.506126571149043,-5.0700569481916995,-0.16655716335158233,1.7774630766928705,-8.491398807285137,5.659855461504136,0.7352622349393021,-1.6512313498665196,13.696099751398949,-0.8403566168482459,1.7417614765998217,-3.863938691638128,-0.606447099193861,-0.4014243552056332,-8.781495973028806,6.698507092885076,-11.32305836047687,-3.6605362961147216,1.1329792407286425,-0.51724390578133,-4.027293802792955,-1.073539199715056,-2.5258381372198717,3.7749996974727114,5.391124379944123,-5.119433510279327,-0.35932827039978205,5.6641731799844734,-5.469797515975867,0.009563835800882015,2.581134470270731,-2.507244733913379,-8.875258616017524,7.690206461776283,2.4390908007745966,8.504337577359749,-0.05632285335039035,7.514336013798536,2.522630277318202,-2.5345404072078113,13.198118124610943,2.1057317369770456
-20.51742662524354,-8.02364873135995,-7.320586854068577,6.539479679903902,1.0575148033646922,10.743447859884373,-4.946204680895214,-1.156226875517082,1.005034459554272,-2.338360528842113,-0.5816679377677603,-7.872487897353674,0.7318542657903483,-4.9004349781237515,-1.1910531685137788,6.827836304543168,-4.258853757373561,-0.7019612414164889,13.180824950849026,-2.3493493578325673,-2.5930375800089682,3.8100349384386227,-4.344378707039058,10.840344064375474,-17.8553621037973,0.609279536362805,-6.6384414480387965,-5.653579478868365,-5.34708042559222,-10.588018323204018,-9.384863420115458,10.222948002108769,19.10739962403405,-8.047890626593945,4.459415304093538,18.392268651285512,-6.720381918997371,-4.542531547493909,-1.7598228615472142,10.254774513982044,-6.1737347519768555,8.283708645250416,11.047599819632884,-7.270384393437684,-4.4664692590512765,-11.392881259600003,1.7323278998511193,3.633744492358733,2.4312816299876365,-7.9822851244114315,1.736424447162311,-3.3048435673211203,8.901248587221898,-18.5818010328721,-11.960396081588177,6.58862599519737,0.32404188769571973,1.9866714181101308,3.8959588807995518,2.9823750907492226,2.4441880016668387,4.910842505643044,-15.550597149202114,7.4941518538667475
15.423402303130905,-7.374119411149148,11.867885872315211,-6.319323652676659,-2.289191463010482,-2.483771985633863,-2.235966371541302,-2.361139288112064,1.266419603331746,7.644337893752744,-8.789035773502107,1.90493798280804,3.7183548435416585,-0.8492100172150476,-6.2189139633891495,0.8372217487780946,1.176334766364796,2.7229755483341624,-3.0541690791277025,8.020050859210736,7.8156882418337705,-4.968052791792461,-5.680988053521813,6.756158794866512,-8.694223441415115,-4.99983519974273,-11.410043773784334,3.7918828644812868,0.9249598894708243,-3.6587414170826715,-0.46720991373095416,0.9961558035409589,-5.102233267272871,-1.5465735922943118,-2.033062798798855,-3.7825486531035146,9.484234335818652,-2.740570102741168,-5.222031854183739,-6.76133280424258,4.512661622527678,-10.861290605310831,0.6433575818777788,-13.191243704234791,5.262655724054196,0.5637644308805356,7.016717412809625,-1.8886974804540626,-1.6452236494590522,-3.693116339695475,14.87582408945526,1.6396828046505896,8.010741360169197,0.28256053220887084,-3.4817629810461,6.196196014306215,12.202163587692665,-0.5478268210605436,-12.961838933660086,-0.21569956758554992,7.691755204246497,-0.5351579025758552,-0.9788593571649993,-4.432135389853306
25.313381662520925,-1.1100449010719158,10.638562756802825,2.2701141303228125,-4.960077722457666,6.262553781642551,0.27315679363672385,-0.6712846815716439,-3.627843709725711,1.6835282704870687,-9.385293245194724,-5.966485750103024,2.4510658825114726,-5.609632108263197,-5.009518727620153,-9.517235712887747,34.618492020671994,-1.449534694997125,-2.982671754581883,16.545572857992912,-0.8910159256563527,23.920676044400434,7.850222717768286,5.753468878109365,10.78378782886708,-2.1820969275597344,13.298721130204237,4.077330829999114,-6.090086498190529,0.0596802486079315,6.376484927662206,0.183192935091844,2.963328691537163,4.108552609085412,1.1245272228781116,7.123038362058473,1.5691062178606237,6.584324723181863,4.03057244871887,-2.395002704404127,0.901403257219429,4.463420280836188,-3.487423903596546,-0.7176735088621321,1.797017455009454,2.0213293596007795,1.3942653534107061,-2.5638770634738863,2.1672268693175605,0.7470991460218771,2.066805456401762,-3.87913300788343,-1.6644467407235302,-1.4568153853454398,-1.8719236105232435,3.775230720051306,-1.9086927591561296,2.4260317243997913,-1.288521432552438,2.0337246829900706,2.854638042100675,-1.4559296525380108,-2.961319394685481,-8.502225819821426
0.4820279110641504,20.611576454548075,24.935183222528806,17.58260217801068,-1.3574208696570613,-2.6872340742990937,9.53689556765928,2.2858734225963273,-2.303845086497182,-1.6974776414136343,2.496422313683023,5.167089469030439,-9.600585616957545,-2.1035295051435137,-2.638878310237371,-6.363550786276105,-1.717161825330976,-2.3527467493190333,-9.767484335737889,2.6355310717753686,0.8766014063577665,-2.963796275232255,1.3798965648651051,0.9406828536245058,1.0551074209837632,4.161697417665133,0.2619723535892185,-8.98937153669553,-4.564572480974707,-8.294572590909468,14.029121837865672,0.017079364992698905,-1.5458808235679629,-0.872416844229395,-1.7189159230447302,-0.7920375163613647,-4.348662898914627,2.239612915559677,15.241106290567062,12.723320157784684,-2.9126459033223013,5.9342850631592015,16.2252271332587,6.0554086566598295,-0.1767764506785687,2.439297473890637,-8.857715855483987,-4.129257929160371,-0.1603849749258389,1.966273458616616,2.864837616996055,7.270203618735286,5.569132976193278,2.5263140766469445,7.001637182205522,-8.597796543831963,1.7257964625253621,-1.790655272812494,-13.504277769820941,4.007434692014849,-0.4193206308392164,-11.10320354817047,-1.3479989996844537,4.778448491477797
-15.102684654225195,10.994919559064414,10.86983859458908,34.418127655065184,-7.942775086782628,-3.883571838008971,-8.797332148686463,-19.556652696899697,5.9981690277238675,-17.226860863424314,4.269355441292293,0.852103782235315,7.734823016857997,1.85597722070285,7.203464361211044,6.494615463409484,1.4391802636406132,8.748549258316046,-1.3070346303722853,0.43796937323952584,-3.2243954748809154,-1.932408504607851,4.878343409008402,-1.2068383637191156,1.6183269631618016,1.0821977975429757,13.067196984072844,3.1733399407124154,-2.926914685412133,12.524157445028933,-8.155683278585935,5.960458505086267,-2.155308659060738,-3.2773416392250487,0.6734816057621996,1.0041921773679987,10.367243738954093,-10.694159544130875,7.622433496678178,-4.872307807251561,2.4478161896652124,-4.38777656991793,-0.0904643459931258,-1.7367080244276472,-0.8675692885176548,1.889343191289621,4.2858523599049985,3.4372267506739367,9.2275652921307,2.523506100577621,6.029725184634527,-1.777646874564053,2.8415744437406936,-5.0038081101417635,-5.911418304753536,-3.146652366188461,1.0468845455838685,8.618142669053485,4.7101517138648745,2.5862343960828027,-7.666286325539028,2.1413754688881403,-0.6665945363588461,4.636255730909928
45.18114083916936,-7.72056471766301,-23.381537351533602,14.959378176974274,-9.81680186553147,-2.3641046491891893,12.685880165295854,4.381513107611738,5.134119583746411,0.152697800798986,6.903222015898891,9.289173013740978,-4.494207580547379,2.088432409738994,3.6264828566739022,-6.025698006491081,-2.1065787542320984,-7.243350314083199,3.4591514511081023,-8.57191036096776,2.3232714590171684,0.7562028075032847,-6.825366482839532,9.811650362637014,-1.8268563128829922,-3.4482623296919743,-0.44849730056541853,4.029523572884933,-4.186477764551232,0.09091411292736379,1.024300803597623,1.8084392794768758,-2.446227789108257,-4.457463284481141,-0.9182683098102818,5.113421166772156,-0.6005204513573834,-3.523076176592486,-8.040011218738316,-2.733278699506177,0.26788197955853194,-4.6610943247092145,-3.3755591261357623,2.3780064142155566,-4.217484533321069,2.4737454202354,1.0579641471773236,-1.9963205686762266,5.5175470144824885,-0.08070013751547822,0.7645206547578338,0.48820444923861983,-1.3793141545454977,0.9702924202158282,1.3259198761532593,-1.169898881881959,2.102186226017391,-2.2773834558696064,1.3381508875190073,-1.646694687677257,1.6896436774901575,-1.5663815988338923,2.030520305721337,-2.5578089995209172
-17.79930993589678,-11.17681001548636,-9.118277240846801,1.8358964905484,-0.45440402629331184,8.844145071798097,-22.61344418065996,13.29610418255018,-21.716029447380766,-1.4612607693358706,-9.134985489958282,2.85593329664919,-10.3255495013373,17.689688058794925,11.317245527260631,10.480973952508386,6.202961660272439,-10.571829088523735,18.803299349360966,4.007421780582086,-5.672420075161604,-15.818993023543904,9.018025643833798,13.189815062121372,7.173114377011591,-10.450094617051734,0.20806387828690856,-11.04768890635319,-9.029247903280405,6.223326876555731,-0.4096307127162709,0.011713989017359575,-4.681040735035943,-1.602730426760809,-3.7704342958459702,-3.1943133358219797,-8.775781389815664,9.064226977286129,4.4443860850319385,1.5064980925622675,3.0371323219309696,-2.5299811532288157,-4.60104696054802,-0.6277828883581326,-6.399405000150939,1.6320942999736316,4.7610512365451045,-8.716518484021293,-1.5088593584720722,1.9716049606857031,-6.764830258450904,7.519967908867859,8.695499223852051,6.007556632898348,0.0666190729183657,4.7609923014347135,1.547443787881044,7.726912500730459,3.6650231591249645,-15.374831482066138,-6.388662588442777,-2.4433264885391663,2.2623326599866993,-0.4686879095149952
-17.865305771866048,54.79871480910793,-12.2259053049312,20.37331253892093,19.694352285408442,2.9764145351633675,11.21275029786819,25.550818352715822,0.8491832921457151,13.861088394919141,-11.784411074229098,-6.647198172878404,10.363783064478868,3.1902199230934616,-0.5760295940806216,1.6866130805141422,-2.675340176989497,0.7705918426207572,4.301229694499113,0.9741505307225586,1.7308103152840275,0.5301870241644397,-8.442369392922403,4.278122490960497,1.2165350652849043,-6.242548903682348,-2.025161894224014,-3.0106025191853236,-0.6831134015060185,-4.47834489679634,-3.4929587017797314,1.3606074181397663,1.0382552212625606,4.332332053388807,-1.5949132237542445,0.898049534581255,-0.535830264206892,-4.96749338278233,5.323527791516526,0.10473010242272549,-0.8304924279936123,2.1521966808915756,-1.7157903448068073,1.4151015053747558,2.32858159694698,0.04119272444774695,1.2502302392028035,-0.3900931349249135,-4.280223336918301,-2.1046859809895717,0.6686258957479569,-3.9202739170112344,0.1012277050903838,-2.3553631455165225,-2.4673977533236866,-1.1699278321261484,-2.235178645984054,5.098105230883319,-2.0458477942292412,-0.16731118735027342,4.806592793659343,-0.3271847111286322,0.305806126536082,-0.5411502581797331
-18.11468036399952,-8.829058581532903,-8.675791856529333,-3.585917110068716,1.399010218149121,2.538636178695361,-10.692101096003825,-5.417235184979539,9.67681916074563,17.92651542570296,-16.85009016106604,36.473985595960606,3.6357797772745566,-8.337244718785017,0.6618534213032495,-1.9877930056686293,0.09967054615158376,14.239001384419796,-3.650112474115283,9.08420783370562,10.823977815280658,-4.205380853452614,1.621869959507458,15.25198451282059,-13.524110059971855,-14.312209598562236,10.995030797791271,-9.909660706797858,25.910486127385074,-4.372913228833824,11.268416100480941,-16.579139705013368,4.0951647424038065,-7.503931747146412,3.374555703049362,-0.5178368978177369,1.0221098818412653,-6.696871969306678,-0.1768246040906037,-3.922439648798207,-0.8519444912901494,-4.017014232029711,-0.8956535172450127,-9.143497263622459,-1.4228584692198276,-2.4321817452264716,-1.3569263765735926,-2.0206181445818907,6.1918421213890635,-12.365018985168305,-4.236149877855441,3.5285486933503214,-1.8646617481416394,3.4134909350718057,-2.596140387667568,-1.6159968078398796,3.629981522601799,8.568307182409614,0.011825420960356908,-2.9902380920020524,-1.9418003816609355,1.6179788741524528,-4.322798840080777,-8.579315212437693
5.935915998528804,2.3833941201625897,25.29446807019585,21.460673270609668,-3.4391875321844276,-2.1571916625481524,-14.309738717329132,-20.517672956256398,8.801183775008424,-5.251607059184757,4.749624291591246,5.123381093191962,5.3815662811820815,-0.30906265947062944,13.183480293549318,-4.512229460353179,-2.6721315469136546,2.4923222078700302,-3.876147836249638,-5.864308830570857,-0.8879897926872362,-3.193582661160818,-0.42616173746937897,5.0268619047373635,3.6385298195584594,2.5245914462158443,7.869827248084371,4.068009638618439,2.0016953718276453,9.842957777067355,-16.09182799517179,1.9960698008341269,1.6011335951468355,2.513691905211763,-1.9071376675271032,-0.7552102759993226,-4.8029715791092125,-10.469339377584365,14.71619954113291,-1.7415476886969847,6.984887081615092,-4.101589157720467,3.836806076368885,5.53158715101053,-4.390704169664427,3.8519158812188405,10.338180796262955,0.5344256894666533,3.2845076412379846,7.087543115769041,2.793000192467745,1.1894890866372825,-2.0323329757222863,-6.919208692539541,9.498025515523828,1.2721446348810985,2.092059406616735,4.6057657641515375,1.8821281582691125,1.5085480653927381,-7.208537543967663,6.682158708675966,0.655737479176979,-0.6279958137875642
-18.699817078058143,-11.878655436355103,-7.590081295683852,-2.8233159281184115,1.3489566343454862,-5.899167708946012,-12.271625677718582,11.345811385690817,15.937978809057915,8.179452565439906,9.795307200356833,-14.891938306860318,3.243938706830022,-1.0087113258007672,3.80329858815902,11.166293060967885,-12.33255742417856,-7.220108101802024,-4.868387666960486,-14.603428582273109,7.004714564740274,10.607904543846058,10.911868191230754,8.984891920423411,13.283881742345091,-4.986951867306739,-0.08387470914800314,-13.16814798756134,1.378688749436569,-14.775149878688083,11.553627609012525,-5.575533943818834,3.203566246343328,-13.346062078518765,12.01410313737875,4.192154377706396,16.299635786914976,14.276118749786624,2.7066511227105976,-13.93029761871722,5.584092662368226,-0.5237450787939135,9.027665508681721,2.5978547812575288,-1.1351350350459697,-9.971934473084435,14.167956157216697,2.1226049204155504,3.9458465680555523,4.800676589304974,13.278137720108235,-3.9183126710015994,1.6161773054232964,11.307121187893468,7.493254131533625,-1.7022005145605659,-5.822948438180863,1.6011795254603356,0.8398670461566848,0.6002914953406099,-5.371771492860634,-2.2864242326985886,4.197028299736549,-0.6099437309704292
-18.586884600328297,-6.841458795506457,-5.7327013765008195,-0.8279174979391826,-1.0679056241420295,-2.3318318980366524,-2.1705197424404434,8.50070599241455,15.069545533957534,5.711403823148515,8.259851448067293,4.117074113647919,6.351048164940576,21.77653952191046,-19.248113232043394,8.831964197942002,0.19878119098392305,2.4684712449693493,1.901647573442803,6.415779716578096,-4.719705487066074,2.5676399512231862,-2.385285080587588,-2.136195274518749,-0.32772196284157523,0.6123754417934384,-1.5055046595056978,7.74499978786441,-5.3753436197354185,-0.7302400593388669,-5.879870003751225,-0.007102404975147022,5.205013962494358,-3.111724515417257,3.2019576700119003,-5.918867550145439,-4.488493409035885,3.6806258282619098,-1.3066379709260676,0.7411929780899823,-3.7964460258132076,-0.31485223625010633,-6.708906386978961,-3.899194280029589,-2.8785518305509012,-4.078534449246824,-9.035005992496382,-7.354758892679482,7.620503251747839,16.23703373095683,-9.69090204673458,-0.08018783695223661,-11.741729676695048,-1.0221641479717856,0.21563175142299024,-10.461956915708095,10.319030354946346,6.61526413179813,3.839464983696319,10.253725625548428,2.1968960379760154,6.404972181390908,-8.070136215594092,0.7329341168359594
41.15821182170602,-8.639821180834186,-13.295891197227599,11.392398020167052,-9.071097971862416,0.16169994694172055,-0.7827128661614996,7.990944778340663,6.601229064252266,-3.7244806023719295,5.208159902454201,8.297459773299789,2.19417978695938,-0.12015894076114228,-6.38599650588411,-4.357712539366621,2.533221578044809,-2.960490841861568,-0.4589367888859434,-2.394171891436018,-3.51563666910483,-1.1140175046167224,2.3478905556404035,-5.110006548260471,5.525940195780687,-0.3247148212793769,-3.060455729022988,1.4972618810305365,6.010056914664662,-0.320755601822321,-0.7550383499295668,4.4252736520584515,9.61214385038331,3.6822389128318114,2.8667281488082548,-6.644727730021892,-1.079184578302064,-8.620975333306669,0.5414243237818691,0.31233066677513205,-1.2952165899634485,-2.766768805585636,-1.347178892902387,-0.6271151538074573,-1.9619557484290402,-4.956210331216665,-0.4070828121275345,2.9920149018399775,-1.9168432266081044,3.278773741482141,6.055009764680258,6.286884201786934,7.454955215046843,3.090932022433737,5.2252938484291915,1.008159901512403,-1.9724771954564688,-2.84137406063231,2.207794346929648,-4.882116520329281,4.0433680325181545,-1.747721626850938,-5.755233136446406,9.177521798727348
42.686032462467715,-10.444305387963345,-18.418924229567,11.424321328539747,-9.782323197049354,-4.967153769052489,11.036921561621396,4.936832562723732,0.46592583352516853,0.2706112956249491,4.0765393321829615,3.8616769890373366,-2.483769997143354,-5.497509382196582,-0.17762833456482288,-4.559833012965392,1.1374289603181218,-2.653231777979056,4.704365815250855,-0.5134629849693468,-0.8029078129489621,-0.38908219130218974,-0.8865186638960834,9.481228782277316,-4.008905806120678,-1.2889958568993396,6.538125695339665,8.123076824675506,-9.3021666544009,10.352386093593589,4.7010810501567875,-1.2126880081600562,5.568453708739992,-0.4014724800385714,0.7876943278011721,-1.0735703519972115,2.6711361402294136,5.124280514664419,2.445642970722414,3.276913301103938,1.2787420845660658,1.3294065836321745,-0.9037432797122849,2.014727735531829,1.5285443918733879,0.32366647041030266,0.29962030177756843,-0.14899534658122524,0.04212647455528876,1.6934528590966331,4.084210718221794,-6.012291621291889,-0.1276458026919355,2.818182138713576,-2.0920689939769037,1.5353615095050896,-3.7861086145228886,-0.2682942498568232,3.1624055308921233,-1.5169685161099142,-5.7280742001178435,-2.5714454859219615,-0.9845137537275902,-3.7456893400978344
-19.995398897497164,-12.507376868116149,-10.40343074206191,1.6119942236341345,10.098036854713488,-3.3888233041754603,1.3155738770044558,-7.404971939780277,-5.428791236065328,1.2069252473862844,-6.040096358671432,-3.149445666652531,-2.7038289448014186,-0.5406016451579516,-5.049151946694052,-7.371108744858951,-5.444656374130638,-8.424123083339982,1.9847457313693468,-0.1989169923673033,-0.07132717342211121,3.861574978337717,-3.7285292506796206,-3.5191277132334373,-3.488884160022612,-5.568249606312657,10.546645903510601,-8.569995148825543,-1.674662161049169,5.190642143728573,-2.7052474730297167,7.002196000971159,1.619072180804167,3.2876010036864662,6.89608391532937,-6.126560591568372,1.9687994354603016,5.149881699455214,4.40634042656919,3.7209951778694186,1.3406299427979655,5.757904225375681,-6.7900033187383215,-4.4462852512877555,-3.199927170275278,-2.0932065260832737,1.8698769904505275,0.738687463558769,-1.956145476831244,-2.53297230931351,-1.3702861353851505,4.746512740815243,-2.261191251715736,-2.732714716138698,-1.432023347712218,5.2338927204408,-0.2460214830743915,-2.2370453736475286,-6.539316459899351,-1.4278360499578995,8.923234599337952,-15.033493994309302,5.660862836112722,-1.4723401084456735
-18.227675792151164,-11.01546716114693,-8.8487992482734,-0.02728244811368865,7.788386575508695,-2.1292528659164054,2.260112576964379,-4.768277838122223,-2.892513150914683,-0.9399998128279745,-2.0717001288787067,-2.338204832802133,-0.148120959591703,2.429395995158598,-1.5765636744202167,-6.548866343076211,-0.25900866478188767,-0.8402254178612282,-1.7251313216368704,0.19980681130228725,-0.009426637908894142,-1.108614394727229,0.4137481297810513,1.089059036513711,1.6466551971364896,-2.415470629435207,-0.6684831399531354,-2.5626837778755402,-2.1819683153182483,-0.5059743519484458,0.7320490923418448,-0.951796566528602,2.82587318439582,-2.3872653290382764,0.6330141751948138,-3.560851177846678,-2.782023980787074,-2.6848395970457473,-2.1226307986581245,-6.91946840162837,0.3230033670763429,-2.7219173961503143,1.831228708614115,-0.7487864199934411,-2.975553910076521,-2.381120426748869,-1.1211779404343725,-2.673734452468324,-6.440149505946217,-0.9564244094047637,-2.8767934728899096,-3.30173932695251,-3.4139239121154805,-0.8687356580617844,1.301121491156751,1.446793557405254,3.7951825931046694,-1.2062024769522153,2.7464582280283723,-11.612502105267849,0.3400978555293404,0.7553753311753644,1.3449465495755104,6.766181441102102
-6.199073278332023,-8.607098654208604,6.488623007610216,-5.257626889741538,4.694993271307031,-8.701088875126594,9.132189840447046,-3.809796408310303,-1.506346529472928,-2.5632456815937354,3.4455321362136404,-1.9852358311718628,-3.7685553401991827,0.18955022725127568,1.5691256938475118,-1.9900439415993756,2.921437578342202,3.210639891264035,2.916849451643362,-2.111599667508866,0.1973720977771119,-3.227806368247272,-4.33570615133254,-3.0275394267427185,1.1898457924324697,1.9992524438882433,2.399158714958488,-4.043021916098634,0.5315681655576086,-0.3614692173359876,-1.7540313953584306,-2.5633025343208544,2.115633179580801,-4.447015087907091,1.0579535878467359,-4.351343039372674,-4.727323434951513,0.818452082215491,0.682245978571906,-0.5363547995009488,-2.6276444452193743,3.548538661884868,1.0025245875682296,4.623267195031469,-6.599929726322003,3.0493183634371377,-0.11538173564032296,1.709140348904994,0.897641373381626,-4.90537638870303,-3.527164081926542,2.077025134862698,-1.453294894032055,-0.6786398354641788,-4.310180482206538,1.7844323555604589,1.7840125169799703,1.477094515033476,11.908049085203878,-0.49789263499384023,6.860722465473412,1.975141271851147,5.14567871186073,9.199729993987653
27.84401815168426,27.524932894583685,-7.885784289486982,-27.195315631397616,20.00864989924883,3.6973971160850327,-19.54784365324438,-17.24104987274724,0.2580246638324227,-10.606396287592425,10.579964001615306,-0.19676299058743107,-10.540354828442924,1.747668201869966,-1.556836952533848,1.9155086597699886,-0.380823314033369,-0.5651853177583677,-8.217187621128286,2.7844772158039652,-0.7487286517441992,3.0445579431066214,-4.005501272186876,3.134505810118757,-2.8314847198356516,-3.7775316766310003,-0.20914965867789434,0.849177786010406,-7.92427134076335,-4.395140488752637,9.987483460591063,4.715803113553674,-6.482811305120362,-3.3362965321643294,-0.6684878510712355,4.65499341502014,0.35474639094549315,-2.118317737906262,-4.272743325293467,0.18962239841349496,-1.0345887795015958,-6.830635673025179,-7.459961493649406,4.966136575818984,-2.1601265433561876,-3.673442733797413,-2.6823593521024467,-0.7952265871141807,-1.5910804872319333,1.5641142239943697,-2.596642130587666,1.0434306182187247,2.786957534752067,-6.030861294091433,3.5959927786663624,3.725505547436479,-1.6784804069760408,3.8012844568063,-4.313110427830609,1.6991859052593685,5.41458964359642,4.454910746941526,-1.923462529642818,0.5197873190513936
-19.925941640100262,-9.092068688140088,-9.571559295567587,1.2984450743249951,-3.93156538307884,19.907931633526317,-9.743706125352649,2.0671900166084023,-39.801934709925,29.312779419187546,29.463379216669512,8.384786311452315,13.574986317684195,-2.3458712294221904,1.4973868390273701,-4.395545749952538,-9.69488748992056,2.290271910348843,-2.5987771016374586,5.6337865620389795,-3.191674701431066,3.8554562079423227,3.1433636067737236,-2.27073904402015,6.178912815163403,-9.510711868777058,2.3657833765917884,0.8966985597432581,-1.282625579414891,-8.697442725272593,-4.775595507630737,-5.561881525568556,-0.20491024405274655,-0.14611888328244643,-9.010523178789784,-6.6909421447896475,1.9841324235443558,-1.3207770360229363,-3.99684080250037,-5.6562656482357765,-4.970257638116907,0.6286384753092892,5.2494605317744245,-1.790313989811948,-8.715519813178549,12.178845089625947,1.2750533461082125,5.463846527061812,-4.835584230013582,13.076724503452876,5.318205216882108,3.344165237531564,-4.396495414904122,-7.739893411204456,-6.241956874021075,-1.2751328977315706,-4.5261945733323445,3.2958294425987313,-5.917927756414466,-0.3304186423516562,-1.2077545808264887,7.628164036008777,-3.5867142588219654,-2.0174898170027307
-14.681694241485985,-9.272661549228781,0.4228382463364247,-3.269620741492447,-2.227888641219425,46.9813126389401,12.447031398403968,-0.9315130252520425,15.559004277732523,-1.4116157552558481,-6.955166146620319,-0.3918806444943262,-5.174128914581063,10.665866665311885,0.20579868229909096,1.1861404941686864,9.474845124229974,-7.665121125424174,-11.267445144767679,-6.955992627639011,6.828075530034201,-2.6244030792446695,-1.0052061731576551,-1.8375117222924913,5.658173901140212,-5.487893652515151,3.824216479268146,4.649655308129182,4.017901119356884,10.477872872575139,3.161481761186742,-5.918859527876926,-9.259920630395879,7.294173889568952,-2.098292190602007,-4.246760912057507,-1.1504690312768588,4.306896060453091,4.045450437976853,-4.618610577205811,-2.305791152782536,-4.330679350959248,6.913385904856485,-10.548285944428692,1.6255234598230732,-5.156148789017536,3.238256207091489,10.007849909667545,-0.70266876907392,12.042876651525763,-6.653047017365219,8.678878178065961,1.938933143842772,0.8063698446571791,-4.094036478974263,0.978509652114464,-5.539348932292532,-3.14579956504975,-4.1864327393888034,-2.581199718646794,3.8267120431017116,-2.192730921561808,2.6413334132442605,-3.641384097197412
-18.59794968144407,-11.39844331855317,-7.075148298926223,-2.475728603682171,9.031525459023788,-6.632952923227893,5.765297826271941,-3.1739690529536397,-1.6009168203506683,-2.4536023835271292,-1.0389118766802057,-2.3603912244673815,-0.9314865448353292,0.0996801847576753,-1.6824834666772552,-8.652803618007635,-3.2109698492889986,3.8681679043625343,-4.834958826238455,5.578702023460714,-1.831745426820284,1.7401896560650802,5.517376169277654,2.804245324009577,-3.5260159377442637,-5.61213841532465,-1.3177912685291373,0.9152273763758045,-2.1239080764174276,10.319777595115047,-1.441907186990704,0.37189333123467383,-3.907208431876893,3.6264489231637818,-9.575897792261499,-8.032499571197489,7.535841259709156,-7.034841211886212,-18.710539133088396,-2.071964229195414,8.769644370906958,20.331325542379734,2.0295030213348553,1.8164820568575037,0.653614708765108,-2.799370617355458,1.6485495341666705,-4.661377337490678,5.143372324298717,3.054752362431851,-10.571852916743993,11.593804119349796,22.433146732336915,2.1956625837987196,12.38820400352074,-6.665651352492398,-9.484397156645924,6.541032198909408,7.586538174492447,9.681267046694117,-5.645250004625313,-3.473346085013155,8.671456031006905,-10.645003289598186
23.929397399838287,-8.015328970917768,7.78512228241473,-3.6233017602129953,-3.2061022736356835,2.501070786810258,-1.4368159256021993,-0.5755307572738063,-2.6700827435208585,-2.345077829079554,-8.171928358383935,-11.404174316252307,6.55247449862759,-6.7634919610586115,-7.738612084575452,3.8230139462834654,-1.4878264976382924,4.031836949693232,4.077194251478685,9.454134322106002,-5.911239779750924,-0.2817681342570235,3.806919541168638,1.812245842102675,-10.033043513102937,3.548761165297113,3.9043428230337214,-5.324258065495397,-3.648808371897959,-1.6779916621606392,2.5760107832565526,5.729714869814568,4.887184314548576,5.843499341994231,4.085002589522969,7.416785301214994,3.9297721615328998,-5.370910652146754,-4.857039329935329,12.254368008202073,-0.3135846990918003,2.3096636546673146,3.4231877195588014,-15.465681676421577,-4.137355283812351,-9.829949932048414,8.083553500650329,-0.19922058975181686,8.662179239867704,4.5450833775842785,9.57641599134555,-5.744709759523221,-1.1568655245176391,-11.493744429525787,1.01905973667246,-19.574014623995836,0.5853227782680013,2.4790618433192724,7.7967941309868785,-4.754759995359934,-2.2576453064231674,10.902987297500461,10.341635210240373,-2.372019614803262
16.295866288439285,31.96086058924248,4.478030094395863,-21.56182276865803,6.7553642706099515,0.42274332097218376,-9.886983797322436,-13.151366127428018,-2.078185856387741,-6.933896719991148,0.7572724410129944,2.629414098548573,5.491211940155488,3.9359985333642107,1.3452307787685625,-7.8013828275978065,-3.5282710383554012,-10.423021517908676,-1.2968843980395066,-8.64602839915002,-2.3009956757106016,3.0154463189401643,2.9100866776032825,6.531409204057133,-0.2000108227596218,-0.9597585947942222,-2.673006988174627,1.9832331993322045,-5.320777139789319,2.960702640491641,1.985862735869807,-0.20866795559590504,-1.3668277201873278,-6.175774601960708,-1.804564591995153,2.2160606413407753,-2.4269125237752176,-2.387591899410189,-3.8656668692295026,-2.135806852130535,1.3228715869971819,-3.728557267581305,0.10150243299566968,0.2322258673315555,-1.5768545813242403,1.2669844643075034,2.0462193384162646,4.5394235000567225,6.1724272245831155,2.5202445319775695,-0.7152479286154061,-0.5157951978071541,2.149028704678665,-0.7925793926833958,-9.054233887037986,-2.1075863781609376,10.758176502021238,8.542588010584929,0.09543352576201074,3.8038230493273635,-1.1910084050433671,-6.726911428387958,7.640653143479184,4.465864775591255
-16.110531148782247,-7.331707866023645,-9.030623497801754,2.184008706083337,5.528510595694535,1.5196365532208833,-2.7729700383900924,-3.110178109411242,-0.8105603996097797,0.4668670057111676,-2.8747369865537498,1.8289867178462857,2.2152838840747444,3.544827787244611,0.2341254140713575,-4.29391207227709,-1.9399493075660355,-4.03265444989966,-2.000318029644948,0.26084140858714927,0.7588313333613882,2.326789753885076,0.04863136161192864,4.20952737349447,1.7842283653046185,-3.800170205032664,-3.128217783310432,-3.6836558528405674,-2.2028686768336665,-2.5749197059929836,-1.235449087047249,-1.1179136827316432,2.709200881293616,2.317920089251443,-2.409306033244344,-2.507081663577503,-2.032962975429892,-2.8608632136654766,-0.13519920699637197,-1.619548575605606,-0.4619586716386361,-0.06006146874340412,0.6690715839717207,1.1450021204794862,-2.329886195006663,-1.0441964948650828,1.999186241984391,-0.10661559918007404,-0.5862293142560997,-2.2021076766889798,1.8185347745692892,-1.5151316825899186,-1.932932650867321,2.7267019629831997,-1.5947768153537005,-0.04570273503026087,0.7497778356439172,-1.294282747913308,0.4465575236236535,-2.6760241961735263,2.3797898235239727,-1.692580817521248,-0.2826458857743786,-0.18228219911431492
21.788295878697575,-0.20842421987822898,8.507408793409578,6.316520102081451,-6.434752675228828,-2.25775525574672,-5.424060862921095,-17.532118380109733,-0.6007364278407104,-6.412437090652836,-10.29692361166074,-2.6561110279793674,27.17113308015275,11.25409030164116,9.179777311438965,1.5487489494227746,-4.502686876419728,-0.870220420435535,4.460410656351528,-5.867063682519153,-2.6642730392482985,3.7709541695404547,-6.08354298079177,1.202327791604611,0.7113364975318726,-2.831195673782583,-3.7562563631648738,7.749768736284225,2.311924541538376,-1.7111928118917854,9.584984494455135,2.210527091716141,-0.611399189766095,-0.9216323135205449,-4.83789539370422,4.27329821493457,-4.382912945150839,-3.707667811833446,-4.124340526381907,-6.198135371762429,2.2132018654959844,0.17109991477706862,-2.95922960974248,0.6620212753578559,-2.5015507571974624,3.9908965750536165,9.577007076763584,1.9938570089618604,9.755230205211777,3.111270557490901,0.618026762587685,3.48283237825253,-8.277131589448452,-0.14915331156075606,-0.07314013803468845,0.5036992593025067,-2.2011058814701894,6.715702721672661,-4.014129645440568,-0.3874123731004459,1.0845789806506756,-5.720928112473726,7.7713168023888155,2.2836385289396257
24.080904803303085,-8.889971825299533,8.015124210839742,-3.6297725111317516,-5.190183907484211,1.0246434602542458,-10.882575293297366,15.300106938344124,0.5370977966927377,-14.450717786692206,-2.1261797503491615,-1.2168637990601285,15.77438625579423,-13.14186574978803,-9.397796966456482,4.221975842523018,-1.0741287133024122,3.1603034692008265,-5.112113542527154,5.338467606571109,-1.465519128876115,1.8094821907690615,-0.9722622210394247,-4.608839158960812,2.8118496275832023,-2.2452855439231802,4.858005668062163,-0.6020326820118259,0.44945704054139807,0.9509249846944418,3.0687258486517326,9.184541940418246,9.925071317984647,6.109379794571679,1.0125180838803787,-2.6476857387456207,6.457288862783589,-9.765197122271616,-10.43107053854,9.446592461599213,-5.876807250458076,0.6713879397019133,-0.3258328112939077,-2.4473588064232943,-2.67585890958233,-11.75753163850508,7.818357291851943,-2.1825677931373897,2.387966158291565,2.1207058755560464,-2.2348450721262347,0.48926281258308124,6.068065689557206,-5.068359225663345,-0.27924694532714683,-3.6435473404676593,3.937703771516603,-0.9571936099538544,0.6426907272377552,-10.234708811364662,-3.0515795896413698,3.3575113497850237,10.573721526689175,-4.08573862716276
7.693588140443069,-1.1777967792984905,21.286602261092597,5.418459817123537,-1.9001379134685301,-7.622666369457577,2.060168167824887,-3.4558971263573204,-3.5208611120239817,-2.089779798440609,7.760454047779485,-7.667245294685619,-3.700869666942965,-7.698464643635723,-13.511054195410562,10.431926994485867,-9.666997378631818,8.684620995278172,0.5911176991912697,-10.069696019383429,6.3829457627576875,12.488651228673975,3.687558338421802,4.906807918453997,5.820878971167555,-3.4430800413878053,-1.852089339911881,-15.24481219174372,-0.6286745863537561,8.88404142226388,8.87710701322922,1.291352521047298,-9.939497999160901,-0.012969145382271398,8.270846469539496,6.610397014598739,-6.3967657078250335,-0.08857240718561481,9.735310442263772,-7.12351588165322,6.500236645220886,-8.796847979941134,3.1812942427220934,1.2036467168613298,-1.6230353178970571,1.1868994608059997,7.135445945849309,1.6028344202330551,3.263202613781983,3.8114769780694475,5.8047911426174466,-2.878729066178897,2.798029899866965,10.23554346917694,7.3422741782622385,-1.0162271201047466,2.5553652712782635,-6.107360182670285,4.5658221049865215,-1.418042044793717,-6.216577289435715,-0.061460117632679785,0.03138884423021281,-6.074195026054522
-21.541712780089203,-3.186153718743607,-11.852948385978808,1.855033378640479,-6.217006844898751,-3.7101619034189524,-11.111852339000313,13.591774818129906,15.371183744823016,-3.2222790425639585,5.602378508385589,-9.573378612363248,9.412107254052525,-0.27874480650528893,-19.987970033500503,24.319079455967003,-10.956575203585066,-7.721515027554993,-5.808542208272743,-4.707902670518504,15.857786245467029,1.9361857739629562,-0.9667180891195856,10.747579393237398,14.037115487635695,0.3088508268399367,6.715118664235943,4.86834858540844,2.4832466328991116,-16.094433096224506,0.5291894706575451,-2.6845862965034435,9.279682140427079,-20.654227814364372,7.616500131948057,2.928523546705688,18.491653017156104,11.966792975830684,2.4717797910229984,-5.6226685968346315,11.528038747451857,5.450970481211276,10.123612085848254,5.785164068678103,-2.930923356841573,-6.779561954203869,7.313149110604432,4.290637574517451,-0.32732752131781523,7.161821863142265,-0.4704433408254181,-1.330948601512701,-5.536162586665209,0.7027082524455746,4.08369049672282,5.7598288015014605,5.577681511123066,9.073290221082893,-1.3280923511317746,-0.07356915895420921,1.2627944374695481,5.040680984564343,-0.9671290948595352,1.174338700147749
29.45491725181123,-6.249718789354853,0.8562195959580796,2.764189277529685,-4.4591692829554574,1.0324911192898134,-4.160282978701141,-2.225021036842178,-0.19039732835298565,0.3256950502973076,-6.618371274333621,-2.631541898643246,3.3380898818458546,0.3401774521949295,-3.770048740420758,1.9761208953089173,2.6203371302585796,-1.174440168605754,-1.6273336027916878,4.709927440461055,-0.7441495424631158,-1.1721423066460057,4.78138934370165,-4.323444861813568,2.0917002504821225,0.9781431824432121,-9.001460839696497,-3.283663724512153,4.526536161769054,-1.9008524014713832,-6.445298991020222,-2.6136147439709676,1.0492315238941066,3.411915461749321,-0.4307006955165301,-2.2452937470609955,-1.2362597053688895,-3.932936600107297,0.07764403418390653,1.2994353280245075,0.009748395927838167,-1.3639689358949847,1.540934169630016,-0.5887906685898877,-4.6629349408371485,-9.17619180497285,-2.4143311871851703,1.0553172751169122,-0.8198194984897407,-5.264908723189687,-1.0942062566738715,-15.475710022219454,-4.898648970265961,12.482325516956617,2.9600488537196195,2.7839745932688684,-16.862982617923265,11.954534235854883,-7.713176628639717,-0.16280920901460755,4.959101573333099,-0.930377337637466,7.350531231038201,-0.04787902512722302
-17.942272161589113,-9.205163135125765,-7.499083261200591,-0.12674701104874037,2.912759468770384,0.10162893291061623,-12.008595662543598,-6.0905064300702065,4.219393480481059,10.75005099378236,-11.933609122002112,12.626791074893852,5.546025007754252,-8.943886562253526,2.7089985004314463,-10.534399544601989,-1.65785005009939,-5.462038021888318,23.330856087614634,11.165040961966527,44.69072737547958,0.34316413113582456,3.1492344234388367,-8.861452309686014,-2.476475789497156,5.2858389776423635,-9.017271479298252,1.7779261990454363,-12.66899862986535,-7.282592977667218,0.8314165733881824,26.21926359025024,-10.265551575227569,8.395137595197252,-10.098088684849962,1.4994133014441409,6.108859013604543,10.23247960142778,0.7907908050357394,2.185550127458261,-6.533700723737055,-4.474949609723648,0.24589817243437895,5.8346079502688415,2.977179285067388,0.4112106194217067,2.44042821213416,-1.6460880899929866,-5.278967735299897,6.943611577761025,3.991851699037531,-2.260249845667508,1.8021080661868734,3.220500000883459,3.3169099653631235,-4.840427446927856,-6.451841994820499,-9.378658101785616,2.492283830454368,0.19028351594908766,2.3396635844679645,-5.037173387520525,-3.0810252773208324,3.806135959239125
-15.925627796613485,-9.429420391216938,-2.799965725692048,-1.3858148718652372,7.960063537638818,-2.244860516195782,2.838282634047433,2.6287799570255648,-0.755108069082535,-7.992153840394353,2.981857016838221,2.9895968146054672,1.5651666254819179,1.299771190809187,6.081017170027434,-7.145421981971605,3.6179726300964266,-0.5425425153082636,-6.571600145833904,3.3770649695910415,-2.9167740992995217,-1.7535174361000379,2.6022932995599906,2.9773448833966043,-3.3619142248029377,-0.9148637510840663,-7.883318071401316,6.923766039223667,1.8644052436877625,1.2057723278899355,-5.640453205392236,-1.6340565956790685,-7.62548740626527,0.39283213710469933,-4.893776077916133,-1.36586471527428,-3.8239844663742515,-0.43252441282837106,-1.691322440895801,-8.391536552778017,6.81743753025833,8.100844230440712,2.8316656532326405,-4.746635007612661,-8.37272179733741,-5.002873448058783,-3.5851374782581638,-0.2342090437012615,-1.0391298491597014,-1.6525693158420625,-0.8847003457852168,5.048268090891709,2.466488075921125,4.775841652725,6.159045871822293,-8.790834874628768,-2.2867013906438043,2.171779319682453,6.943514178410809,-2.5910771603607654,2.2952194188118344,-2.792955586546834,2.060666205803093,1.4119997425544197
2.8749592825979566,35.622866027488826,3.99863336797341,-19.46932370914261,-8.609513494566341,7.363612825491314,-5.670803992497376,-3.7677406694934814,-26.417219697085706,13.113074931469844,23.55989102974205,11.251674371133218,0.6637071266509357,-7.103774561185803,-1.4524584568742294,-10.10737786581801,-8.30095153595861,-3.4374359482236803,6.8419077280773335,-0.6076449844707332,-5.893629272787029,-4.022251566493343,3.5385390633519926,-2.3048312173383394,9.738635824994216,-7.347307847433318,3.898609500632301,4.436509567352681,-4.88851528675461,-2.9179799893298877,-5.946425595797365,-8.786620650997383,-0.8988915857129256,-2.554738541893504,0.1047179182202242,-11.60098316062079,-3.157440516696753,12.793891175663182,2.2650703861136874,0.8625357383609715,1.7441134575713375,-1.4367212377230663,6.112052249275733,-2.1082431669022443,-0.3415525490623257,0.7189468035772213,5.390737307013902,4.166130319880051,5.193527639174675,-2.0013697387048475,-2.2502243441074716,4.60247143574391,6.839283260868472,-6.114771128650754,2.10261827397491,-3.31404737387716,-2.7714854233893225,2.3168321162119607,3.480434157832338,-4.070736469258435,3.2261669189271736,-0.56846159139808,-1.9658473061529673,1.3457188169558365
